#
# A fatal error has been detected by the Java Runtime Environment:
#
#  SIGILL (0x4) at pc=0x00007f1ad0640b96, pid=54440, tid=54607
#
# JRE version: OpenJDK Runtime Environment (11.0.1+13) (build 11.0.1+13-LTS)
# Java VM: OpenJDK 64-Bit Server VM (11.0.1+13-LTS, mixed mode, tiered, compressed oops, g1 gc, linux-amd64)
# Problematic frame:
# J 470 c2 org.usadellab.trimmomatic.trim.IlluminaClippingTrimmer.processRecords([Lorg/usadellab/trimmomatic/fastq/FastqRecord;)[Lorg/usadellab/trimmomatic/fastq/FastqRecord; (462 bytes) @ 0x00007f1ad0640b96 [0x00007f1ad063bfc0+0x0000000000004bd6]
#
# Core dump will be written. Default location: Core dumps may be processed with "/usr/share/apport/apport -p%p -s%s -c%c -d%d -P%P -u%u -g%g -F%F -- %E" (or dumping to /disks/home/carter/ntm_reads/core.54440)
#
# If you would like to submit a bug report, please visit:
#   http://www.azulsystems.com/support/
#

---------------  S U M M A R Y ------------

Command Line: -Xms512m -Xmx1g /disks/home/carter/miniconda3/envs/sunbeam_env/lib/python3.12/site-packages/.snakemake/18046089d56456cc33fbaf0d3e93b761_/share/trimmomatic-0.40-0/trimmomatic.jar PE -threads 4 -phred33 /disks/home/carter/ntm_reads/ntm_sunbeam/sunbeam_output/qc/01_cutadapt/IDDLNTM2.C_1.fastq.gz /disks/home/carter/ntm_reads/ntm_sunbeam/sunbeam_output/qc/01_cutadapt/IDDLNTM2.C_2.fastq.gz /disks/home/carter/ntm_reads/ntm_sunbeam/sunbeam_output/qc/02_trimmomatic/IDDLNTM2.C_1.fastq.gz /disks/home/carter/ntm_reads/ntm_sunbeam/sunbeam_output/qc/02_trimmomatic/unpaired/IDDLNTM2.C_1_unpaired.fastq.gz /disks/home/carter/ntm_reads/ntm_sunbeam/sunbeam_output/qc/02_trimmomatic/IDDLNTM2.C_2.fastq.gz /disks/home/carter/ntm_reads/ntm_sunbeam/sunbeam_output/qc/02_trimmomatic/unpaired/IDDLNTM2.C_2_unpaired.fastq.gz ILLUMINACLIP:/disks/home/carter/miniconda3/envs/sunbeam_env/lib/python3.12/site-packages/.snakemake/18046089d56456cc33fbaf0d3e93b761_/share/trimmomatic/adapters/NexteraPE-PE.fa:2:30:10:8:true LEADING:3 TRAILING:3 SLIDINGWINDOW:4:15 MINLEN:36

Host: Intel(R) Xeon(R) Gold 6240 CPU @ 2.60GHz, 72 cores, 377G, Ubuntu 18.04.6 LTS
Time: Thu Sep 17 17:33:03 2026 EDT elapsed time: 1 seconds (0d 0h 0m 1s)

---------------  T H R E A D  ---------------

Current thread (0x00007f1ae05c0800):  JavaThread "pool-2-thread-1" daemon [_thread_in_Java, id=54607, stack(0x00007f1ab0a02000,0x00007f1ab0b03000)]

Stack: [0x00007f1ab0a02000,0x00007f1ab0b03000],  sp=0x00007f1ab0b014a0,  free space=1021k
Native frames: (J=compiled Java code, A=aot compiled Java code, j=interpreted, Vv=VM code, C=native code)
J 470 c2 org.usadellab.trimmomatic.trim.IlluminaClippingTrimmer.processRecords([Lorg/usadellab/trimmomatic/fastq/FastqRecord;)[Lorg/usadellab/trimmomatic/fastq/FastqRecord; (462 bytes) @ 0x00007f1ad0640b96 [0x00007f1ad063bfc0+0x0000000000004bd6]
J 506% c2 org.usadellab.trimmomatic.threading.BlockOfWork.processPE()V (668 bytes) @ 0x00007f1ad0638274 [0x00007f1ad0637ee0+0x0000000000000394]
j  org.usadellab.trimmomatic.threading.BlockOfWork.process()Lorg/usadellab/trimmomatic/threading/BlockOfRecords;+8
j  org.usadellab.trimmomatic.threading.BlockOfWork.call()Lorg/usadellab/trimmomatic/threading/BlockOfRecords;+1
j  org.usadellab.trimmomatic.threading.BlockOfWork.call()Ljava/lang/Object;+1
j  java.util.concurrent.FutureTask.run()V+39 java.base@11.0.1
j  java.util.concurrent.ThreadPoolExecutor.runWorker(Ljava/util/concurrent/ThreadPoolExecutor$Worker;)V+92 java.base@11.0.1
j  java.util.concurrent.ThreadPoolExecutor$Worker.run()V+5 java.base@11.0.1
j  java.lang.Thread.run()V+11 java.base@11.0.1
v  ~StubRoutines::call_stub
V  [libjvm.so+0x8c0a52]  JavaCalls::call_helper(JavaValue*, methodHandle const&, JavaCallArguments*, Thread*)+0x3c2
V  [libjvm.so+0x8beb50]  JavaCalls::call_virtual(JavaValue*, Handle, Klass*, Symbol*, Symbol*, Thread*)+0x1d0
V  [libjvm.so+0x96846a]  thread_entry(JavaThread*, Thread*)+0x8a
V  [libjvm.so+0xdd0e28]  JavaThread::thread_main_inner()+0x108
V  [libjvm.so+0xdd10e0]  JavaThread::run()+0x270
V  [libjvm.so+0xc37082]  thread_native_entry(Thread*)+0xf2


siginfo: si_signo: 4 (SIGILL), si_code: 2 (ILL_ILLOPN), si_addr: 0x00007f1ad0640b96

Register to memory mapping:

RAX=0x0000000000000043 is an unknown value
RBX=0x0 is NULL
RCX=0x0 is NULL
RDX=0x0000000000000097 is an unknown value
RSP=0x00007f1ab0b014a0 is pointing into the stack for thread: 0x00007f1ae05c0800
RBP=0x0000000000000097 is an unknown value
RSI=0x00000000c3895678 is an oop
org.usadellab.trimmomatic.fastq.FastqRecord 
{0x00000000c3895678} - klass: 'org/usadellab/trimmomatic/fastq/FastqRecord'
RDI=0x00000000e93f4d08 is pointing into object: 0x00000000e9324cb8

[error occurred during error reporting (printing register info), id 0xb, SIGSEGV (0xb) at pc=0x00007f1ae84bcd7a]

Registers:
RAX=0x0000000000000043, RBX=0x0000000000000000, RCX=0x0000000000000000, RDX=0x0000000000000097
RSP=0x00007f1ab0b014a0, RBP=0x0000000000000097, RSI=0x00000000c3895678, RDI=0x00000000e93f4d08
R8 =0x0000000000000005, R9 =0x0000000000000001, R10=0x0000000000000100, R11=0x0000000000000004
R12=0x0000000000000000, R13=0x0000000000000002, R14=0x00000000c37201d0, R15=0x00007f1ae05c0800
RIP=0x00007f1ad0640b96, EFLAGS=0x0000000000010246, CSGSFS=0x002b000000000033, ERR=0x0000000000000000
  TRAPNO=0x0000000000000006

Top of Stack: (sp=0x00007f1ab0b014a0)
0x00007f1ab0b014a0:   0000009700000005 00000000c0d87720
0x00007f1ab0b014b0:   00000000c5547078 0000000100000002
0x00007f1ab0b014c0:   00000000c37201d0 00000000c0d87208
0x00007f1ab0b014d0:   00000000c3895678 0000000000000000 

Instructions: (pc=0x00007f1ad0640b96)
0x00007f1ad0640b76:   6c 24 28 66 90 e8 80 15 37 f8 44 8b 9c 24 80 00
0x00007f1ad0640b86:   00 00 45 0f be 43 14 45 8b 4b 0c e9 67 cb ff ff
0x00007f1ad0640b96:   0f 0b 48 be 48 95 09 00 01 00 00 00 90 e8 d8 bc
0x00007f1ad0640ba6:   43 f8 48 8b d8 e9 71 d0 ff ff be e4 ff ff ff 48 



---------------  P R O C E S S  ---------------

Threads class SMR info:
_java_thread_list=0x00007f1a5c02e160, length=21, elements={
0x00007f1ae0013000, 0x00007f1ae0380800, 0x00007f1ae0384800, 0x00007f1ae0397000,
0x00007f1ae0399800, 0x00007f1ae039b800, 0x00007f1ae039d800, 0x00007f1a8c07d000,
0x00007f1ae0414000, 0x00007f1ae041f800, 0x00007f1ae04d1000, 0x00007f1ae04d3000,
0x00007f1ae04d9000, 0x00007f1ae04e2800, 0x00007f1ae04e4000, 0x00007f1ae04e6000,
0x00007f1ae0472000, 0x00007f1ae05be800, 0x00007f1ae05c0800, 0x00007f1ae0600000,
0x00007f1ae0602800
}

Java Threads: ( => current thread )
  0x00007f1ae0013000 JavaThread "main" [_thread_blocked, id=54443, stack(0x00007f1ae98b7000,0x00007f1ae99b8000)]
  0x00007f1ae0380800 JavaThread "Reference Handler" daemon [_thread_blocked, id=54485, stack(0x00007f1ab30f6000,0x00007f1ab31f7000)]
  0x00007f1ae0384800 JavaThread "Finalizer" daemon [_thread_blocked, id=54487, stack(0x00007f1ab2ff5000,0x00007f1ab30f6000)]
  0x00007f1ae0397000 JavaThread "Signal Dispatcher" daemon [_thread_blocked, id=54495, stack(0x00007f1ab2d59000,0x00007f1ab2e5a000)]
  0x00007f1ae0399800 JavaThread "C2 CompilerThread0" daemon [_thread_blocked, id=54496, stack(0x00007f1ab2c58000,0x00007f1ab2d59000)]
  0x00007f1ae039b800 JavaThread "C1 CompilerThread0" daemon [_thread_blocked, id=54497, stack(0x00007f1ab2b57000,0x00007f1ab2c58000)]
  0x00007f1ae039d800 JavaThread "Sweeper thread" daemon [_thread_blocked, id=54498, stack(0x00007f1ab2a56000,0x00007f1ab2b57000)]
  0x00007f1a8c07d000 JavaThread "C1 CompilerThread1" daemon [_thread_blocked, id=54518, stack(0x00007f1ab2955000,0x00007f1ab2a56000)]
  0x00007f1ae0414000 JavaThread "Service Thread" daemon [_thread_blocked, id=54523, stack(0x00007f1ab2854000,0x00007f1ab2955000)]
  0x00007f1ae041f800 JavaThread "Common-Cleaner" daemon [_thread_blocked, id=54528, stack(0x00007f1ab2651000,0x00007f1ab2752000)]
  0x00007f1ae04d1000 JavaThread "Thread-0" daemon [_thread_blocked, id=54569, stack(0x00007f1ab2124000,0x00007f1ab2225000)]
  0x00007f1ae04d3000 JavaThread "Thread-1" daemon [_thread_blocked, id=54570, stack(0x00007f1ab2023000,0x00007f1ab2124000)]
  0x00007f1ae04d9000 JavaThread "Thread-2" daemon [_thread_blocked, id=54573, stack(0x00007f1ab1f22000,0x00007f1ab2023000)]
  0x00007f1ae04e2800 JavaThread "Thread-3" daemon [_thread_blocked, id=54574, stack(0x00007f1ab1e21000,0x00007f1ab1f22000)]
  0x00007f1ae04e4000 JavaThread "Thread-4" daemon [_thread_blocked, id=54575, stack(0x00007f1ab1d20000,0x00007f1ab1e21000)]
  0x00007f1ae04e6000 JavaThread "Thread-5" daemon [_thread_blocked, id=54576, stack(0x00007f1ab1c1f000,0x00007f1ab1d20000)]
  0x00007f1ae0472000 JavaThread "Thread-6" daemon [_thread_blocked, id=54588, stack(0x00007f1ab1a1d000,0x00007f1ab1b1e000)]
  0x00007f1ae05be800 JavaThread "pool-1-thread-1" daemon [_thread_in_Java, id=54605, stack(0x00007f1ab0c04000,0x00007f1ab0d05000)]
=>0x00007f1ae05c0800 JavaThread "pool-2-thread-1" daemon [_thread_in_Java, id=54607, stack(0x00007f1ab0a02000,0x00007f1ab0b03000)]
  0x00007f1ae0600000 JavaThread "pool-3-thread-1" daemon [_thread_in_Java, id=54609, stack(0x00007f1ab0901000,0x00007f1ab0a02000)]
  0x00007f1ae0602800 JavaThread "pool-4-thread-1" daemon [_thread_in_Java, id=54639, stack(0x00007f1ab0800000,0x00007f1ab0901000)]

Other Threads:
  0x00007f1ae0378800 VMThread "VM Thread" [stack: 0x00007f1ab31f9000,0x00007f1ab32f9000] [id=54476]
  0x00007f1ae0416800 WatcherThread [stack: 0x00007f1ab2754000,0x00007f1ab2854000] [id=54524]
  0x00007f1ae002d000 GCTaskThread "GC Thread#0" [stack: 0x00007f1ae5f74000,0x00007f1ae6074000] [id=54447]
  0x00007f1aa8001000 GCTaskThread "GC Thread#1" [stack: 0x00007f1ab191d000,0x00007f1ab1a1d000] [id=54590]
  0x00007f1aa8002800 GCTaskThread "GC Thread#2" [stack: 0x00007f1ab181b000,0x00007f1ab191b000] [id=54591]
  0x00007f1aa8004000 GCTaskThread "GC Thread#3" [stack: 0x00007f1ab1719000,0x00007f1ab1819000] [id=54592]
  0x00007f1aa8005800 GCTaskThread "GC Thread#4" [stack: 0x00007f1ab1617000,0x00007f1ab1717000] [id=54593]
  0x00007f1aa8007000 GCTaskThread "GC Thread#5" [stack: 0x00007f1ab1515000,0x00007f1ab1615000] [id=54594]
  0x00007f1aa8008800 GCTaskThread "GC Thread#6" [stack: 0x00007f1ab1413000,0x00007f1ab1513000] [id=54595]
  0x00007f1aa800a800 GCTaskThread "GC Thread#7" [stack: 0x00007f1ab1311000,0x00007f1ab1411000] [id=54596]
  0x00007f1aa800c000 GCTaskThread "GC Thread#8" [stack: 0x00007f1ab120f000,0x00007f1ab130f000] [id=54597]
  0x00007f1aa800d800 GCTaskThread "GC Thread#9" [stack: 0x00007f1ab110d000,0x00007f1ab120d000] [id=54598]
  0x00007f1aa800f000 GCTaskThread "GC Thread#10" [stack: 0x00007f1ab100b000,0x00007f1ab110b000] [id=54599]
  0x00007f1aa8010800 GCTaskThread "GC Thread#11" [stack: 0x00007f1ab0f09000,0x00007f1ab1009000] [id=54600]
  0x00007f1aa804a000 GCTaskThread "GC Thread#12" [stack: 0x00007f1ab0700000,0x00007f1ab0800000] [id=54930]
  0x00007f1aa808e000 GCTaskThread "GC Thread#13" [stack: 0x00007f19fb9f6000,0x00007f19fbaf6000] [id=55211]
  0x00007f1aa808f800 GCTaskThread "GC Thread#14" [stack: 0x00007f19fb8f4000,0x00007f19fb9f4000] [id=55212]
  0x00007f1ae004a800 ConcurrentGCThread "G1 Main Marker" [stack: 0x00007f1ac0f95000,0x00007f1ac1095000] [id=54448]
  0x00007f1ae004c800 ConcurrentGCThread "G1 Conc#0" [stack: 0x00007f1ac0e93000,0x00007f1ac0f93000] [id=54449]
  0x00007f1abc001000 ConcurrentGCThread "G1 Conc#1" [stack: 0x00007f1ab05fe000,0x00007f1ab06fe000] [id=55056]
  0x00007f1abc002000 ConcurrentGCThread "G1 Conc#2" [stack: 0x00007f1ab04fc000,0x00007f1ab05fc000] [id=55058]
  0x00007f1abc003800 ConcurrentGCThread "G1 Conc#3" [stack: 0x00007f1ab03fa000,0x00007f1ab04fa000] [id=55059]
  0x00007f1abc005000 ConcurrentGCThread "G1 Conc#4" [stack: 0x00007f1ab02f8000,0x00007f1ab03f8000] [id=55060]
  0x00007f1abc006800 ConcurrentGCThread "G1 Conc#5" [stack: 0x00007f1ab01f6000,0x00007f1ab02f6000] [id=55061]
  0x00007f1abc008000 ConcurrentGCThread "G1 Conc#6" [stack: 0x00007f1ab00f4000,0x00007f1ab01f4000] [id=55062]
  0x00007f1abc00a000 ConcurrentGCThread "G1 Conc#7" [stack: 0x00007f19fbf00000,0x00007f19fc000000] [id=55065]
  0x00007f1abc00b800 ConcurrentGCThread "G1 Conc#8" [stack: 0x00007f19fbdfe000,0x00007f19fbefe000] [id=55066]
  0x00007f1abc00d000 ConcurrentGCThread "G1 Conc#9" [stack: 0x00007f19fbcfc000,0x00007f19fbdfc000] [id=55068]
  0x00007f1abc00e800 ConcurrentGCThread "G1 Conc#10" [stack: 0x00007f19fbbfa000,0x00007f19fbcfa000] [id=55069]
  0x00007f1abc010000 ConcurrentGCThread "G1 Conc#11" [stack: 0x00007f19fbaf8000,0x00007f19fbbf8000] [id=55070]
  0x00007f1ae02ab000 ConcurrentGCThread "G1 Refine#0" [stack: 0x00007f1ab3bfd000,0x00007f1ab3cfd000] [id=54455]
  0x00007f1ae02ac800 ConcurrentGCThread "G1 Young RemSet Sampling" [stack: 0x00007f1ab3afb000,0x00007f1ab3bfb000] [id=54456]

Threads with active compile tasks:

VM state:not at safepoint (normal execution)

VM Mutex/Monitor currently owned by a thread: None

Heap address: 0x00000000c0000000, size: 1024 MB, Compressed Oops mode: 32-bit
Narrow klass base: 0x0000000000000000, Narrow klass shift: 3
Compressed class space size: 1073741824 Address: 0x0000000100000000

Heap:
 garbage-first heap   total 680960K, used 433578K [0x00000000c0000000, 0x0000000100000000)
  region size 1024K, 17 young (17408K), 10 survivors (10240K)
 Metaspace       used 6940K, capacity 7066K, committed 7296K, reserved 1056768K
  class space    used 593K, capacity 630K, committed 640K, reserved 1048576K
Heap Regions: E=young(eden), S=young(survivor), O=old, HS=humongous(starts), HC=humongous(continues), CS=collection set, F=free, A=archive, TAMS=top-at-mark-start (previous, next)
|   0|0x00000000c0000000, 0x00000000c0100000, 0x00000000c0100000|100%| O|  |TAMS 0x00000000c0100000, 0x00000000c0000000| Untracked 
|   1|0x00000000c0100000, 0x00000000c0200000, 0x00000000c0200000|100%| O|  |TAMS 0x00000000c0200000, 0x00000000c0100000| Untracked 
|   2|0x00000000c0200000, 0x00000000c0300000, 0x00000000c0300000|100%| O|  |TAMS 0x00000000c0300000, 0x00000000c0200000| Untracked 
|   3|0x00000000c0300000, 0x00000000c0400000, 0x00000000c0400000|100%| O|  |TAMS 0x00000000c0400000, 0x00000000c0300000| Untracked 
|   4|0x00000000c0400000, 0x00000000c0500000, 0x00000000c0500000|100%| O|  |TAMS 0x00000000c0500000, 0x00000000c0400000| Untracked 
|   5|0x00000000c0500000, 0x00000000c0600000, 0x00000000c0600000|100%| O|  |TAMS 0x00000000c0600000, 0x00000000c0500000| Untracked 
|   6|0x00000000c0600000, 0x00000000c0700000, 0x00000000c0700000|100%| O|  |TAMS 0x00000000c0700000, 0x00000000c0600000| Untracked 
|   7|0x00000000c0700000, 0x00000000c0800000, 0x00000000c0800000|100%| O|  |TAMS 0x00000000c0800000, 0x00000000c0700000| Untracked 
|   8|0x00000000c0800000, 0x00000000c0900000, 0x00000000c0900000|100%| O|  |TAMS 0x00000000c0900000, 0x00000000c0800000| Untracked 
|   9|0x00000000c0900000, 0x00000000c0a00000, 0x00000000c0a00000|100%| O|  |TAMS 0x00000000c0a00000, 0x00000000c0900000| Untracked 
|  10|0x00000000c0a00000, 0x00000000c0b00000, 0x00000000c0b00000|100%| O|  |TAMS 0x00000000c0b00000, 0x00000000c0a00000| Untracked 
|  11|0x00000000c0b00000, 0x00000000c0c00000, 0x00000000c0c00000|100%| O|  |TAMS 0x00000000c0c00000, 0x00000000c0b00000| Untracked 
|  12|0x00000000c0c00000, 0x00000000c0d00000, 0x00000000c0d00000|100%| O|  |TAMS 0x00000000c0d00000, 0x00000000c0c00000| Untracked 
|  13|0x00000000c0d00000, 0x00000000c0e00000, 0x00000000c0e00000|100%| O|  |TAMS 0x00000000c0e00000, 0x00000000c0d00000| Untracked 
|  14|0x00000000c0e00000, 0x00000000c0f00000, 0x00000000c0f00000|100%| O|  |TAMS 0x00000000c0f00000, 0x00000000c0e00000| Untracked 
|  15|0x00000000c0f00000, 0x00000000c1000000, 0x00000000c1000000|100%| O|  |TAMS 0x00000000c1000000, 0x00000000c0f00000| Untracked 
|  16|0x00000000c1000000, 0x00000000c1100000, 0x00000000c1100000|100%| O|  |TAMS 0x00000000c1100000, 0x00000000c1000000| Untracked 
|  17|0x00000000c1100000, 0x00000000c1200000, 0x00000000c1200000|100%| O|  |TAMS 0x00000000c1200000, 0x00000000c1100000| Untracked 
|  18|0x00000000c1200000, 0x00000000c1300000, 0x00000000c1300000|100%| O|  |TAMS 0x00000000c1300000, 0x00000000c1200000| Untracked 
|  19|0x00000000c1300000, 0x00000000c1400000, 0x00000000c1400000|100%| O|  |TAMS 0x00000000c1400000, 0x00000000c1300000| Untracked 
|  20|0x00000000c1400000, 0x00000000c1500000, 0x00000000c1500000|100%| O|  |TAMS 0x00000000c1500000, 0x00000000c1400000| Untracked 
|  21|0x00000000c1500000, 0x00000000c1600000, 0x00000000c1600000|100%| O|  |TAMS 0x00000000c1600000, 0x00000000c1500000| Untracked 
|  22|0x00000000c1600000, 0x00000000c1700000, 0x00000000c1700000|100%| O|  |TAMS 0x00000000c1700000, 0x00000000c1600000| Untracked 
|  23|0x00000000c1700000, 0x00000000c1800000, 0x00000000c1800000|100%| O|  |TAMS 0x00000000c1800000, 0x00000000c1700000| Untracked 
|  24|0x00000000c1800000, 0x00000000c1900000, 0x00000000c1900000|100%| O|  |TAMS 0x00000000c1900000, 0x00000000c1800000| Untracked 
|  25|0x00000000c1900000, 0x00000000c1a00000, 0x00000000c1a00000|100%| O|  |TAMS 0x00000000c1a00000, 0x00000000c1900000| Untracked 
|  26|0x00000000c1a00000, 0x00000000c1b00000, 0x00000000c1b00000|100%| O|  |TAMS 0x00000000c1b00000, 0x00000000c1a00000| Untracked 
|  27|0x00000000c1b00000, 0x00000000c1c00000, 0x00000000c1c00000|100%| O|  |TAMS 0x00000000c1c00000, 0x00000000c1b00000| Untracked 
|  28|0x00000000c1c00000, 0x00000000c1d00000, 0x00000000c1d00000|100%| O|  |TAMS 0x00000000c1d00000, 0x00000000c1c00000| Untracked 
|  29|0x00000000c1d00000, 0x00000000c1e00000, 0x00000000c1e00000|100%| O|  |TAMS 0x00000000c1e00000, 0x00000000c1d00000| Untracked 
|  30|0x00000000c1e00000, 0x00000000c1f00000, 0x00000000c1f00000|100%| O|  |TAMS 0x00000000c1f00000, 0x00000000c1e00000| Untracked 
|  31|0x00000000c1f00000, 0x00000000c2000000, 0x00000000c2000000|100%| O|  |TAMS 0x00000000c2000000, 0x00000000c1f00000| Untracked 
|  32|0x00000000c2000000, 0x00000000c2100000, 0x00000000c2100000|100%| O|  |TAMS 0x00000000c2100000, 0x00000000c2000000| Untracked 
|  33|0x00000000c2100000, 0x00000000c2200000, 0x00000000c2200000|100%| O|  |TAMS 0x00000000c2200000, 0x00000000c2100000| Untracked 
|  34|0x00000000c2200000, 0x00000000c2300000, 0x00000000c2300000|100%| O|  |TAMS 0x00000000c2300000, 0x00000000c2200000| Untracked 
|  35|0x00000000c2300000, 0x00000000c2400000, 0x00000000c2400000|100%| O|  |TAMS 0x00000000c2400000, 0x00000000c2300000| Untracked 
|  36|0x00000000c2400000, 0x00000000c2500000, 0x00000000c2500000|100%| O|  |TAMS 0x00000000c2500000, 0x00000000c2400000| Untracked 
|  37|0x00000000c2500000, 0x00000000c2600000, 0x00000000c2600000|100%| O|  |TAMS 0x00000000c2600000, 0x00000000c2500000| Untracked 
|  38|0x00000000c2600000, 0x00000000c2700000, 0x00000000c2700000|100%| O|  |TAMS 0x00000000c2700000, 0x00000000c2600000| Untracked 
|  39|0x00000000c2700000, 0x00000000c2800000, 0x00000000c2800000|100%| O|  |TAMS 0x00000000c2800000, 0x00000000c2700000| Untracked 
|  40|0x00000000c2800000, 0x00000000c2900000, 0x00000000c2900000|100%| O|  |TAMS 0x00000000c2900000, 0x00000000c2800000| Untracked 
|  41|0x00000000c2900000, 0x00000000c2a00000, 0x00000000c2a00000|100%| O|  |TAMS 0x00000000c2a00000, 0x00000000c2900000| Untracked 
|  42|0x00000000c2a00000, 0x00000000c2b00000, 0x00000000c2b00000|100%| O|  |TAMS 0x00000000c2b00000, 0x00000000c2a00000| Untracked 
|  43|0x00000000c2b00000, 0x00000000c2c00000, 0x00000000c2c00000|100%| O|  |TAMS 0x00000000c2c00000, 0x00000000c2b00000| Untracked 
|  44|0x00000000c2c00000, 0x00000000c2d00000, 0x00000000c2d00000|100%| O|  |TAMS 0x00000000c2d00000, 0x00000000c2c00000| Untracked 
|  45|0x00000000c2d00000, 0x00000000c2e00000, 0x00000000c2e00000|100%| O|  |TAMS 0x00000000c2e00000, 0x00000000c2d00000| Untracked 
|  46|0x00000000c2e00000, 0x00000000c2f00000, 0x00000000c2f00000|100%| O|  |TAMS 0x00000000c2f00000, 0x00000000c2e00000| Untracked 
|  47|0x00000000c2f00000, 0x00000000c3000000, 0x00000000c3000000|100%| O|  |TAMS 0x00000000c3000000, 0x00000000c2f00000| Untracked 
|  48|0x00000000c3000000, 0x00000000c3100000, 0x00000000c3100000|100%| O|  |TAMS 0x00000000c3100000, 0x00000000c3000000| Untracked 
|  49|0x00000000c3100000, 0x00000000c3200000, 0x00000000c3200000|100%| O|  |TAMS 0x00000000c3200000, 0x00000000c3100000| Untracked 
|  50|0x00000000c3200000, 0x00000000c3300000, 0x00000000c3300000|100%| O|  |TAMS 0x00000000c3300000, 0x00000000c3200000| Untracked 
|  51|0x00000000c3300000, 0x00000000c3400000, 0x00000000c3400000|100%| O|  |TAMS 0x00000000c3400000, 0x00000000c3300000| Untracked 
|  52|0x00000000c3400000, 0x00000000c3500000, 0x00000000c3500000|100%| O|  |TAMS 0x00000000c3500000, 0x00000000c3400000| Untracked 
|  53|0x00000000c3500000, 0x00000000c3600000, 0x00000000c3600000|100%| O|  |TAMS 0x00000000c3600000, 0x00000000c3500000| Untracked 
|  54|0x00000000c3600000, 0x00000000c3700000, 0x00000000c3700000|100%| O|  |TAMS 0x00000000c3700000, 0x00000000c3600000| Untracked 
|  55|0x00000000c3700000, 0x00000000c3800000, 0x00000000c3800000|100%| O|  |TAMS 0x00000000c3800000, 0x00000000c3700000| Untracked 
|  56|0x00000000c3800000, 0x00000000c3900000, 0x00000000c3900000|100%| O|  |TAMS 0x00000000c3900000, 0x00000000c3800000| Untracked 
|  57|0x00000000c3900000, 0x00000000c3a00000, 0x00000000c3a00000|100%| O|  |TAMS 0x00000000c3a00000, 0x00000000c3900000| Untracked 
|  58|0x00000000c3a00000, 0x00000000c3b00000, 0x00000000c3b00000|100%| O|  |TAMS 0x00000000c3b00000, 0x00000000c3a00000| Untracked 
|  59|0x00000000c3b00000, 0x00000000c3c00000, 0x00000000c3c00000|100%| O|  |TAMS 0x00000000c3c00000, 0x00000000c3b00000| Untracked 
|  60|0x00000000c3c00000, 0x00000000c3d00000, 0x00000000c3d00000|100%| O|  |TAMS 0x00000000c3d00000, 0x00000000c3c00000| Untracked 
|  61|0x00000000c3d00000, 0x00000000c3e00000, 0x00000000c3e00000|100%| O|  |TAMS 0x00000000c3e00000, 0x00000000c3d00000| Untracked 
|  62|0x00000000c3e00000, 0x00000000c3f00000, 0x00000000c3f00000|100%| O|  |TAMS 0x00000000c3f00000, 0x00000000c3e00000| Untracked 
|  63|0x00000000c3f00000, 0x00000000c4000000, 0x00000000c4000000|100%| O|  |TAMS 0x00000000c4000000, 0x00000000c3f00000| Untracked 
|  64|0x00000000c4000000, 0x00000000c4100000, 0x00000000c4100000|100%| O|  |TAMS 0x00000000c4100000, 0x00000000c4000000| Untracked 
|  65|0x00000000c4100000, 0x00000000c4200000, 0x00000000c4200000|100%| O|  |TAMS 0x00000000c4200000, 0x00000000c4100000| Untracked 
|  66|0x00000000c4200000, 0x00000000c4300000, 0x00000000c4300000|100%| O|  |TAMS 0x00000000c4300000, 0x00000000c4200000| Untracked 
|  67|0x00000000c4300000, 0x00000000c4400000, 0x00000000c4400000|100%| O|  |TAMS 0x00000000c4400000, 0x00000000c4300000| Untracked 
|  68|0x00000000c4400000, 0x00000000c4500000, 0x00000000c4500000|100%| O|  |TAMS 0x00000000c4500000, 0x00000000c4400000| Untracked 
|  69|0x00000000c4500000, 0x00000000c4600000, 0x00000000c4600000|100%| O|  |TAMS 0x00000000c4600000, 0x00000000c4500000| Untracked 
|  70|0x00000000c4600000, 0x00000000c4700000, 0x00000000c4700000|100%| O|  |TAMS 0x00000000c4700000, 0x00000000c4600000| Untracked 
|  71|0x00000000c4700000, 0x00000000c4800000, 0x00000000c4800000|100%| O|  |TAMS 0x00000000c4800000, 0x00000000c4700000| Untracked 
|  72|0x00000000c4800000, 0x00000000c4900000, 0x00000000c4900000|100%| O|  |TAMS 0x00000000c4900000, 0x00000000c4800000| Untracked 
|  73|0x00000000c4900000, 0x00000000c4a00000, 0x00000000c4a00000|100%| O|  |TAMS 0x00000000c4a00000, 0x00000000c4900000| Untracked 
|  74|0x00000000c4a00000, 0x00000000c4b00000, 0x00000000c4b00000|100%| O|  |TAMS 0x00000000c4b00000, 0x00000000c4a00000| Untracked 
|  75|0x00000000c4b00000, 0x00000000c4c00000, 0x00000000c4c00000|100%| O|  |TAMS 0x00000000c4c00000, 0x00000000c4b00000| Untracked 
|  76|0x00000000c4c00000, 0x00000000c4d00000, 0x00000000c4d00000|100%| O|  |TAMS 0x00000000c4d00000, 0x00000000c4c00000| Untracked 
|  77|0x00000000c4d00000, 0x00000000c4e00000, 0x00000000c4e00000|100%| O|  |TAMS 0x00000000c4e00000, 0x00000000c4d00000| Untracked 
|  78|0x00000000c4e00000, 0x00000000c4f00000, 0x00000000c4f00000|100%| O|  |TAMS 0x00000000c4f00000, 0x00000000c4e00000| Untracked 
|  79|0x00000000c4f00000, 0x00000000c5000000, 0x00000000c5000000|100%| O|  |TAMS 0x00000000c5000000, 0x00000000c4f00000| Untracked 
|  80|0x00000000c5000000, 0x00000000c5100000, 0x00000000c5100000|100%| O|  |TAMS 0x00000000c5100000, 0x00000000c5000000| Untracked 
|  81|0x00000000c5100000, 0x00000000c5200000, 0x00000000c5200000|100%| O|  |TAMS 0x00000000c5200000, 0x00000000c5100000| Untracked 
|  82|0x00000000c5200000, 0x00000000c5300000, 0x00000000c5300000|100%| O|  |TAMS 0x00000000c5300000, 0x00000000c5200000| Untracked 
|  83|0x00000000c5300000, 0x00000000c5400000, 0x00000000c5400000|100%| O|  |TAMS 0x00000000c5400000, 0x00000000c5300000| Untracked 
|  84|0x00000000c5400000, 0x00000000c5500000, 0x00000000c5500000|100%| O|  |TAMS 0x00000000c5500000, 0x00000000c5400000| Untracked 
|  85|0x00000000c5500000, 0x00000000c5600000, 0x00000000c5600000|100%| O|  |TAMS 0x00000000c5600000, 0x00000000c5500000| Untracked 
|  86|0x00000000c5600000, 0x00000000c5700000, 0x00000000c5700000|100%| O|  |TAMS 0x00000000c5700000, 0x00000000c5600000| Untracked 
|  87|0x00000000c5700000, 0x00000000c5800000, 0x00000000c5800000|100%| O|  |TAMS 0x00000000c5800000, 0x00000000c5700000| Untracked 
|  88|0x00000000c5800000, 0x00000000c5900000, 0x00000000c5900000|100%| O|  |TAMS 0x00000000c5900000, 0x00000000c5800000| Untracked 
|  89|0x00000000c5900000, 0x00000000c5a00000, 0x00000000c5a00000|100%| O|  |TAMS 0x00000000c5a00000, 0x00000000c5900000| Untracked 
|  90|0x00000000c5a00000, 0x00000000c5b00000, 0x00000000c5b00000|100%| O|  |TAMS 0x00000000c5b00000, 0x00000000c5a00000| Untracked 
|  91|0x00000000c5b00000, 0x00000000c5c00000, 0x00000000c5c00000|100%| O|  |TAMS 0x00000000c5c00000, 0x00000000c5b00000| Untracked 
|  92|0x00000000c5c00000, 0x00000000c5d00000, 0x00000000c5d00000|100%| O|  |TAMS 0x00000000c5d00000, 0x00000000c5c00000| Untracked 
|  93|0x00000000c5d00000, 0x00000000c5e00000, 0x00000000c5e00000|100%| O|  |TAMS 0x00000000c5e00000, 0x00000000c5d00000| Untracked 
|  94|0x00000000c5e00000, 0x00000000c5f00000, 0x00000000c5f00000|100%| O|  |TAMS 0x00000000c5f00000, 0x00000000c5e00000| Untracked 
|  95|0x00000000c5f00000, 0x00000000c6000000, 0x00000000c6000000|100%| O|  |TAMS 0x00000000c6000000, 0x00000000c5f00000| Untracked 
|  96|0x00000000c6000000, 0x00000000c6100000, 0x00000000c6100000|100%| O|  |TAMS 0x00000000c6100000, 0x00000000c6000000| Untracked 
|  97|0x00000000c6100000, 0x00000000c6200000, 0x00000000c6200000|100%| O|  |TAMS 0x00000000c6200000, 0x00000000c6100000| Untracked 
|  98|0x00000000c6200000, 0x00000000c6300000, 0x00000000c6300000|100%| O|  |TAMS 0x00000000c6300000, 0x00000000c6200000| Untracked 
|  99|0x00000000c6300000, 0x00000000c6400000, 0x00000000c6400000|100%| O|  |TAMS 0x00000000c6400000, 0x00000000c6300000| Untracked 
| 100|0x00000000c6400000, 0x00000000c6500000, 0x00000000c6500000|100%| O|  |TAMS 0x00000000c6500000, 0x00000000c6400000| Untracked 
| 101|0x00000000c6500000, 0x00000000c6600000, 0x00000000c6600000|100%| O|  |TAMS 0x00000000c6600000, 0x00000000c6500000| Untracked 
| 102|0x00000000c6600000, 0x00000000c6700000, 0x00000000c6700000|100%| O|  |TAMS 0x00000000c6700000, 0x00000000c6600000| Untracked 
| 103|0x00000000c6700000, 0x00000000c6800000, 0x00000000c6800000|100%| O|  |TAMS 0x00000000c6800000, 0x00000000c6700000| Untracked 
| 104|0x00000000c6800000, 0x00000000c6900000, 0x00000000c6900000|100%| O|  |TAMS 0x00000000c6900000, 0x00000000c6800000| Untracked 
| 105|0x00000000c6900000, 0x00000000c6a00000, 0x00000000c6a00000|100%| O|  |TAMS 0x00000000c6a00000, 0x00000000c6900000| Untracked 
| 106|0x00000000c6a00000, 0x00000000c6b00000, 0x00000000c6b00000|100%| O|  |TAMS 0x00000000c6b00000, 0x00000000c6a00000| Untracked 
| 107|0x00000000c6b00000, 0x00000000c6c00000, 0x00000000c6c00000|100%| O|  |TAMS 0x00000000c6c00000, 0x00000000c6b00000| Untracked 
| 108|0x00000000c6c00000, 0x00000000c6d00000, 0x00000000c6d00000|100%| O|  |TAMS 0x00000000c6d00000, 0x00000000c6c00000| Untracked 
| 109|0x00000000c6d00000, 0x00000000c6e00000, 0x00000000c6e00000|100%| O|  |TAMS 0x00000000c6e00000, 0x00000000c6d00000| Untracked 
| 110|0x00000000c6e00000, 0x00000000c6f00000, 0x00000000c6f00000|100%| O|  |TAMS 0x00000000c6f00000, 0x00000000c6e00000| Untracked 
| 111|0x00000000c6f00000, 0x00000000c7000000, 0x00000000c7000000|100%| O|  |TAMS 0x00000000c7000000, 0x00000000c6f00000| Untracked 
| 112|0x00000000c7000000, 0x00000000c7100000, 0x00000000c7100000|100%| O|  |TAMS 0x00000000c7100000, 0x00000000c7000000| Untracked 
| 113|0x00000000c7100000, 0x00000000c7200000, 0x00000000c7200000|100%| O|  |TAMS 0x00000000c7200000, 0x00000000c7100000| Untracked 
| 114|0x00000000c7200000, 0x00000000c7300000, 0x00000000c7300000|100%| O|  |TAMS 0x00000000c7300000, 0x00000000c7200000| Untracked 
| 115|0x00000000c7300000, 0x00000000c7400000, 0x00000000c7400000|100%| O|  |TAMS 0x00000000c7400000, 0x00000000c7300000| Untracked 
| 116|0x00000000c7400000, 0x00000000c7500000, 0x00000000c7500000|100%| O|  |TAMS 0x00000000c7500000, 0x00000000c7400000| Untracked 
| 117|0x00000000c7500000, 0x00000000c7600000, 0x00000000c7600000|100%| O|  |TAMS 0x00000000c7600000, 0x00000000c7500000| Untracked 
| 118|0x00000000c7600000, 0x00000000c7700000, 0x00000000c7700000|100%| O|  |TAMS 0x00000000c7700000, 0x00000000c7600000| Untracked 
| 119|0x00000000c7700000, 0x00000000c7800000, 0x00000000c7800000|100%| O|  |TAMS 0x00000000c7800000, 0x00000000c7700000| Untracked 
| 120|0x00000000c7800000, 0x00000000c7900000, 0x00000000c7900000|100%| O|  |TAMS 0x00000000c7900000, 0x00000000c7800000| Untracked 
| 121|0x00000000c7900000, 0x00000000c7a00000, 0x00000000c7a00000|100%| O|  |TAMS 0x00000000c7a00000, 0x00000000c7900000| Untracked 
| 122|0x00000000c7a00000, 0x00000000c7b00000, 0x00000000c7b00000|100%| O|  |TAMS 0x00000000c7b00000, 0x00000000c7a00000| Untracked 
| 123|0x00000000c7b00000, 0x00000000c7c00000, 0x00000000c7c00000|100%| O|  |TAMS 0x00000000c7c00000, 0x00000000c7b00000| Untracked 
| 124|0x00000000c7c00000, 0x00000000c7d00000, 0x00000000c7d00000|100%| O|  |TAMS 0x00000000c7d00000, 0x00000000c7c00000| Untracked 
| 125|0x00000000c7d00000, 0x00000000c7e00000, 0x00000000c7e00000|100%| O|  |TAMS 0x00000000c7e00000, 0x00000000c7d00000| Untracked 
| 126|0x00000000c7e00000, 0x00000000c7f00000, 0x00000000c7f00000|100%| O|  |TAMS 0x00000000c7f00000, 0x00000000c7e00000| Untracked 
| 127|0x00000000c7f00000, 0x00000000c8000000, 0x00000000c8000000|100%| O|  |TAMS 0x00000000c8000000, 0x00000000c7f00000| Untracked 
| 128|0x00000000c8000000, 0x00000000c8100000, 0x00000000c8100000|100%| O|  |TAMS 0x00000000c8100000, 0x00000000c8000000| Untracked 
| 129|0x00000000c8100000, 0x00000000c8200000, 0x00000000c8200000|100%| O|  |TAMS 0x00000000c8200000, 0x00000000c8100000| Untracked 
| 130|0x00000000c8200000, 0x00000000c8300000, 0x00000000c8300000|100%| O|  |TAMS 0x00000000c8300000, 0x00000000c8200000| Untracked 
| 131|0x00000000c8300000, 0x00000000c8400000, 0x00000000c8400000|100%| O|  |TAMS 0x00000000c8400000, 0x00000000c8300000| Untracked 
| 132|0x00000000c8400000, 0x00000000c8500000, 0x00000000c8500000|100%| O|  |TAMS 0x00000000c8500000, 0x00000000c8400000| Untracked 
| 133|0x00000000c8500000, 0x00000000c8600000, 0x00000000c8600000|100%| O|  |TAMS 0x00000000c8600000, 0x00000000c8500000| Untracked 
| 134|0x00000000c8600000, 0x00000000c8700000, 0x00000000c8700000|100%| O|  |TAMS 0x00000000c8700000, 0x00000000c8600000| Untracked 
| 135|0x00000000c8700000, 0x00000000c8800000, 0x00000000c8800000|100%| O|  |TAMS 0x00000000c8800000, 0x00000000c8700000| Untracked 
| 136|0x00000000c8800000, 0x00000000c8900000, 0x00000000c8900000|100%| O|  |TAMS 0x00000000c8900000, 0x00000000c8800000| Untracked 
| 137|0x00000000c8900000, 0x00000000c8a00000, 0x00000000c8a00000|100%| O|  |TAMS 0x00000000c8a00000, 0x00000000c8900000| Untracked 
| 138|0x00000000c8a00000, 0x00000000c8b00000, 0x00000000c8b00000|100%| O|  |TAMS 0x00000000c8b00000, 0x00000000c8a00000| Untracked 
| 139|0x00000000c8b00000, 0x00000000c8c00000, 0x00000000c8c00000|100%| O|  |TAMS 0x00000000c8c00000, 0x00000000c8b00000| Untracked 
| 140|0x00000000c8c00000, 0x00000000c8d00000, 0x00000000c8d00000|100%| O|  |TAMS 0x00000000c8d00000, 0x00000000c8c00000| Untracked 
| 141|0x00000000c8d00000, 0x00000000c8e00000, 0x00000000c8e00000|100%| O|  |TAMS 0x00000000c8e00000, 0x00000000c8d00000| Untracked 
| 142|0x00000000c8e00000, 0x00000000c8f00000, 0x00000000c8f00000|100%| O|  |TAMS 0x00000000c8f00000, 0x00000000c8e00000| Untracked 
| 143|0x00000000c8f00000, 0x00000000c9000000, 0x00000000c9000000|100%| O|  |TAMS 0x00000000c9000000, 0x00000000c8f00000| Untracked 
| 144|0x00000000c9000000, 0x00000000c9100000, 0x00000000c9100000|100%| O|  |TAMS 0x00000000c9100000, 0x00000000c9000000| Untracked 
| 145|0x00000000c9100000, 0x00000000c9200000, 0x00000000c9200000|100%| O|  |TAMS 0x00000000c9200000, 0x00000000c9100000| Untracked 
| 146|0x00000000c9200000, 0x00000000c9300000, 0x00000000c9300000|100%| O|  |TAMS 0x00000000c9300000, 0x00000000c9200000| Untracked 
| 147|0x00000000c9300000, 0x00000000c9400000, 0x00000000c9400000|100%| O|  |TAMS 0x00000000c9400000, 0x00000000c9300000| Untracked 
| 148|0x00000000c9400000, 0x00000000c9500000, 0x00000000c9500000|100%| O|  |TAMS 0x00000000c9500000, 0x00000000c9400000| Untracked 
| 149|0x00000000c9500000, 0x00000000c9600000, 0x00000000c9600000|100%| O|  |TAMS 0x00000000c9600000, 0x00000000c9500000| Untracked 
| 150|0x00000000c9600000, 0x00000000c9700000, 0x00000000c9700000|100%| O|  |TAMS 0x00000000c9700000, 0x00000000c9600000| Untracked 
| 151|0x00000000c9700000, 0x00000000c9800000, 0x00000000c9800000|100%| O|  |TAMS 0x00000000c9800000, 0x00000000c9700000| Untracked 
| 152|0x00000000c9800000, 0x00000000c9900000, 0x00000000c9900000|100%| O|  |TAMS 0x00000000c9900000, 0x00000000c9800000| Untracked 
| 153|0x00000000c9900000, 0x00000000c9a00000, 0x00000000c9a00000|100%| O|  |TAMS 0x00000000c9a00000, 0x00000000c9900000| Untracked 
| 154|0x00000000c9a00000, 0x00000000c9b00000, 0x00000000c9b00000|100%| O|  |TAMS 0x00000000c9b00000, 0x00000000c9a00000| Untracked 
| 155|0x00000000c9b00000, 0x00000000c9c00000, 0x00000000c9c00000|100%| O|  |TAMS 0x00000000c9c00000, 0x00000000c9b00000| Untracked 
| 156|0x00000000c9c00000, 0x00000000c9d00000, 0x00000000c9d00000|100%| O|  |TAMS 0x00000000c9d00000, 0x00000000c9c00000| Untracked 
| 157|0x00000000c9d00000, 0x00000000c9e00000, 0x00000000c9e00000|100%| O|  |TAMS 0x00000000c9e00000, 0x00000000c9d00000| Untracked 
| 158|0x00000000c9e00000, 0x00000000c9f00000, 0x00000000c9f00000|100%| O|  |TAMS 0x00000000c9f00000, 0x00000000c9e00000| Untracked 
| 159|0x00000000c9f00000, 0x00000000ca000000, 0x00000000ca000000|100%| O|  |TAMS 0x00000000ca000000, 0x00000000c9f00000| Untracked 
| 160|0x00000000ca000000, 0x00000000ca100000, 0x00000000ca100000|100%| O|  |TAMS 0x00000000ca100000, 0x00000000ca000000| Untracked 
| 161|0x00000000ca100000, 0x00000000ca200000, 0x00000000ca200000|100%| O|  |TAMS 0x00000000ca200000, 0x00000000ca100000| Untracked 
| 162|0x00000000ca200000, 0x00000000ca300000, 0x00000000ca300000|100%| O|  |TAMS 0x00000000ca300000, 0x00000000ca200000| Untracked 
| 163|0x00000000ca300000, 0x00000000ca400000, 0x00000000ca400000|100%| O|  |TAMS 0x00000000ca400000, 0x00000000ca300000| Untracked 
| 164|0x00000000ca400000, 0x00000000ca500000, 0x00000000ca500000|100%| O|  |TAMS 0x00000000ca500000, 0x00000000ca400000| Untracked 
| 165|0x00000000ca500000, 0x00000000ca600000, 0x00000000ca600000|100%| O|  |TAMS 0x00000000ca600000, 0x00000000ca500000| Untracked 
| 166|0x00000000ca600000, 0x00000000ca700000, 0x00000000ca700000|100%| O|  |TAMS 0x00000000ca700000, 0x00000000ca600000| Untracked 
| 167|0x00000000ca700000, 0x00000000ca800000, 0x00000000ca800000|100%| O|  |TAMS 0x00000000ca800000, 0x00000000ca700000| Untracked 
| 168|0x00000000ca800000, 0x00000000ca900000, 0x00000000ca900000|100%| O|  |TAMS 0x00000000ca900000, 0x00000000ca800000| Untracked 
| 169|0x00000000ca900000, 0x00000000caa00000, 0x00000000caa00000|100%| O|  |TAMS 0x00000000caa00000, 0x00000000ca900000| Untracked 
| 170|0x00000000caa00000, 0x00000000cab00000, 0x00000000cab00000|100%| O|  |TAMS 0x00000000cab00000, 0x00000000caa00000| Untracked 
| 171|0x00000000cab00000, 0x00000000cac00000, 0x00000000cac00000|100%| O|  |TAMS 0x00000000cac00000, 0x00000000cab00000| Untracked 
| 172|0x00000000cac00000, 0x00000000cad00000, 0x00000000cad00000|100%| O|  |TAMS 0x00000000cad00000, 0x00000000cac00000| Untracked 
| 173|0x00000000cad00000, 0x00000000cae00000, 0x00000000cae00000|100%| O|  |TAMS 0x00000000cae00000, 0x00000000cad00000| Untracked 
| 174|0x00000000cae00000, 0x00000000caf00000, 0x00000000caf00000|100%| O|  |TAMS 0x00000000caf00000, 0x00000000cae00000| Untracked 
| 175|0x00000000caf00000, 0x00000000cb000000, 0x00000000cb000000|100%| O|  |TAMS 0x00000000cb000000, 0x00000000caf00000| Untracked 
| 176|0x00000000cb000000, 0x00000000cb100000, 0x00000000cb100000|100%| O|  |TAMS 0x00000000cb100000, 0x00000000cb000000| Untracked 
| 177|0x00000000cb100000, 0x00000000cb200000, 0x00000000cb200000|100%| O|  |TAMS 0x00000000cb200000, 0x00000000cb100000| Untracked 
| 178|0x00000000cb200000, 0x00000000cb300000, 0x00000000cb300000|100%| O|  |TAMS 0x00000000cb300000, 0x00000000cb200000| Untracked 
| 179|0x00000000cb300000, 0x00000000cb400000, 0x00000000cb400000|100%| O|  |TAMS 0x00000000cb400000, 0x00000000cb300000| Untracked 
| 180|0x00000000cb400000, 0x00000000cb500000, 0x00000000cb500000|100%| O|  |TAMS 0x00000000cb500000, 0x00000000cb400000| Untracked 
| 181|0x00000000cb500000, 0x00000000cb600000, 0x00000000cb600000|100%| O|  |TAMS 0x00000000cb600000, 0x00000000cb500000| Untracked 
| 182|0x00000000cb600000, 0x00000000cb700000, 0x00000000cb700000|100%| O|  |TAMS 0x00000000cb700000, 0x00000000cb600000| Untracked 
| 183|0x00000000cb700000, 0x00000000cb800000, 0x00000000cb800000|100%| O|  |TAMS 0x00000000cb800000, 0x00000000cb700000| Untracked 
| 184|0x00000000cb800000, 0x00000000cb900000, 0x00000000cb900000|100%| O|  |TAMS 0x00000000cb900000, 0x00000000cb800000| Untracked 
| 185|0x00000000cb900000, 0x00000000cba00000, 0x00000000cba00000|100%| O|  |TAMS 0x00000000cba00000, 0x00000000cb900000| Untracked 
| 186|0x00000000cba00000, 0x00000000cbb00000, 0x00000000cbb00000|100%| O|  |TAMS 0x00000000cbb00000, 0x00000000cba00000| Untracked 
| 187|0x00000000cbb00000, 0x00000000cbc00000, 0x00000000cbc00000|100%| O|  |TAMS 0x00000000cbc00000, 0x00000000cbb00000| Untracked 
| 188|0x00000000cbc00000, 0x00000000cbd00000, 0x00000000cbd00000|100%| O|  |TAMS 0x00000000cbd00000, 0x00000000cbc00000| Untracked 
| 189|0x00000000cbd00000, 0x00000000cbe00000, 0x00000000cbe00000|100%| O|  |TAMS 0x00000000cbe00000, 0x00000000cbd00000| Untracked 
| 190|0x00000000cbe00000, 0x00000000cbf00000, 0x00000000cbf00000|100%| O|  |TAMS 0x00000000cbf00000, 0x00000000cbe00000| Untracked 
| 191|0x00000000cbf00000, 0x00000000cc000000, 0x00000000cc000000|100%| O|  |TAMS 0x00000000cc000000, 0x00000000cbf00000| Untracked 
| 192|0x00000000cc000000, 0x00000000cc100000, 0x00000000cc100000|100%| O|  |TAMS 0x00000000cc100000, 0x00000000cc000000| Untracked 
| 193|0x00000000cc100000, 0x00000000cc200000, 0x00000000cc200000|100%| O|  |TAMS 0x00000000cc200000, 0x00000000cc100000| Untracked 
| 194|0x00000000cc200000, 0x00000000cc300000, 0x00000000cc300000|100%| O|  |TAMS 0x00000000cc300000, 0x00000000cc200000| Untracked 
| 195|0x00000000cc300000, 0x00000000cc400000, 0x00000000cc400000|100%| O|  |TAMS 0x00000000cc400000, 0x00000000cc300000| Untracked 
| 196|0x00000000cc400000, 0x00000000cc500000, 0x00000000cc500000|100%| O|  |TAMS 0x00000000cc500000, 0x00000000cc400000| Untracked 
| 197|0x00000000cc500000, 0x00000000cc600000, 0x00000000cc600000|100%| O|  |TAMS 0x00000000cc600000, 0x00000000cc500000| Untracked 
| 198|0x00000000cc600000, 0x00000000cc700000, 0x00000000cc700000|100%| O|  |TAMS 0x00000000cc700000, 0x00000000cc600000| Untracked 
| 199|0x00000000cc700000, 0x00000000cc800000, 0x00000000cc800000|100%| O|  |TAMS 0x00000000cc800000, 0x00000000cc700000| Untracked 
| 200|0x00000000cc800000, 0x00000000cc900000, 0x00000000cc900000|100%| O|  |TAMS 0x00000000cc900000, 0x00000000cc800000| Untracked 
| 201|0x00000000cc900000, 0x00000000cca00000, 0x00000000cca00000|100%| O|  |TAMS 0x00000000cca00000, 0x00000000cc900000| Untracked 
| 202|0x00000000cca00000, 0x00000000ccb00000, 0x00000000ccb00000|100%| O|  |TAMS 0x00000000ccb00000, 0x00000000cca00000| Untracked 
| 203|0x00000000ccb00000, 0x00000000ccc00000, 0x00000000ccc00000|100%| O|  |TAMS 0x00000000ccc00000, 0x00000000ccb00000| Untracked 
| 204|0x00000000ccc00000, 0x00000000ccd00000, 0x00000000ccd00000|100%| O|  |TAMS 0x00000000ccd00000, 0x00000000ccc00000| Untracked 
| 205|0x00000000ccd00000, 0x00000000cce00000, 0x00000000cce00000|100%| O|  |TAMS 0x00000000cce00000, 0x00000000ccd00000| Untracked 
| 206|0x00000000cce00000, 0x00000000ccf00000, 0x00000000ccf00000|100%| O|  |TAMS 0x00000000ccf00000, 0x00000000cce00000| Untracked 
| 207|0x00000000ccf00000, 0x00000000cd000000, 0x00000000cd000000|100%| O|  |TAMS 0x00000000cd000000, 0x00000000ccf00000| Untracked 
| 208|0x00000000cd000000, 0x00000000cd100000, 0x00000000cd100000|100%| O|  |TAMS 0x00000000cd100000, 0x00000000cd000000| Untracked 
| 209|0x00000000cd100000, 0x00000000cd200000, 0x00000000cd200000|100%| O|  |TAMS 0x00000000cd200000, 0x00000000cd100000| Untracked 
| 210|0x00000000cd200000, 0x00000000cd300000, 0x00000000cd300000|100%| O|  |TAMS 0x00000000cd300000, 0x00000000cd200000| Untracked 
| 211|0x00000000cd300000, 0x00000000cd400000, 0x00000000cd400000|100%| O|  |TAMS 0x00000000cd400000, 0x00000000cd300000| Untracked 
| 212|0x00000000cd400000, 0x00000000cd500000, 0x00000000cd500000|100%| O|  |TAMS 0x00000000cd500000, 0x00000000cd400000| Untracked 
| 213|0x00000000cd500000, 0x00000000cd600000, 0x00000000cd600000|100%| O|  |TAMS 0x00000000cd600000, 0x00000000cd500000| Untracked 
| 214|0x00000000cd600000, 0x00000000cd700000, 0x00000000cd700000|100%| O|  |TAMS 0x00000000cd700000, 0x00000000cd600000| Untracked 
| 215|0x00000000cd700000, 0x00000000cd800000, 0x00000000cd800000|100%| O|  |TAMS 0x00000000cd800000, 0x00000000cd700000| Untracked 
| 216|0x00000000cd800000, 0x00000000cd900000, 0x00000000cd900000|100%| O|  |TAMS 0x00000000cd900000, 0x00000000cd800000| Untracked 
| 217|0x00000000cd900000, 0x00000000cda00000, 0x00000000cda00000|100%| O|  |TAMS 0x00000000cda00000, 0x00000000cd900000| Untracked 
| 218|0x00000000cda00000, 0x00000000cdb00000, 0x00000000cdb00000|100%| O|  |TAMS 0x00000000cdb00000, 0x00000000cda00000| Untracked 
| 219|0x00000000cdb00000, 0x00000000cdc00000, 0x00000000cdc00000|100%| O|  |TAMS 0x00000000cdc00000, 0x00000000cdb00000| Untracked 
| 220|0x00000000cdc00000, 0x00000000cdd00000, 0x00000000cdd00000|100%| O|  |TAMS 0x00000000cdd00000, 0x00000000cdc00000| Untracked 
| 221|0x00000000cdd00000, 0x00000000cde00000, 0x00000000cde00000|100%| O|  |TAMS 0x00000000cde00000, 0x00000000cdd00000| Untracked 
| 222|0x00000000cde00000, 0x00000000cdf00000, 0x00000000cdf00000|100%| O|  |TAMS 0x00000000cdf00000, 0x00000000cde00000| Untracked 
| 223|0x00000000cdf00000, 0x00000000ce000000, 0x00000000ce000000|100%| O|  |TAMS 0x00000000ce000000, 0x00000000cdf00000| Untracked 
| 224|0x00000000ce000000, 0x00000000ce100000, 0x00000000ce100000|100%| O|  |TAMS 0x00000000ce100000, 0x00000000ce000000| Untracked 
| 225|0x00000000ce100000, 0x00000000ce200000, 0x00000000ce200000|100%| O|  |TAMS 0x00000000ce200000, 0x00000000ce100000| Untracked 
| 226|0x00000000ce200000, 0x00000000ce300000, 0x00000000ce300000|100%| O|  |TAMS 0x00000000ce300000, 0x00000000ce200000| Untracked 
| 227|0x00000000ce300000, 0x00000000ce400000, 0x00000000ce400000|100%| O|  |TAMS 0x00000000ce400000, 0x00000000ce300000| Untracked 
| 228|0x00000000ce400000, 0x00000000ce500000, 0x00000000ce500000|100%| O|  |TAMS 0x00000000ce500000, 0x00000000ce400000| Untracked 
| 229|0x00000000ce500000, 0x00000000ce600000, 0x00000000ce600000|100%| O|  |TAMS 0x00000000ce600000, 0x00000000ce500000| Untracked 
| 230|0x00000000ce600000, 0x00000000ce700000, 0x00000000ce700000|100%| O|  |TAMS 0x00000000ce700000, 0x00000000ce600000| Untracked 
| 231|0x00000000ce700000, 0x00000000ce800000, 0x00000000ce800000|100%| O|  |TAMS 0x00000000ce800000, 0x00000000ce700000| Untracked 
| 232|0x00000000ce800000, 0x00000000ce900000, 0x00000000ce900000|100%| O|  |TAMS 0x00000000ce900000, 0x00000000ce800000| Untracked 
| 233|0x00000000ce900000, 0x00000000cea00000, 0x00000000cea00000|100%| O|  |TAMS 0x00000000cea00000, 0x00000000ce900000| Untracked 
| 234|0x00000000cea00000, 0x00000000ceb00000, 0x00000000ceb00000|100%| O|  |TAMS 0x00000000ceb00000, 0x00000000cea00000| Untracked 
| 235|0x00000000ceb00000, 0x00000000cec00000, 0x00000000cec00000|100%| O|  |TAMS 0x00000000cec00000, 0x00000000ceb00000| Untracked 
| 236|0x00000000cec00000, 0x00000000ced00000, 0x00000000ced00000|100%| O|  |TAMS 0x00000000ced00000, 0x00000000cec00000| Untracked 
| 237|0x00000000ced00000, 0x00000000cee00000, 0x00000000cee00000|100%| O|  |TAMS 0x00000000cee00000, 0x00000000ced00000| Untracked 
| 238|0x00000000cee00000, 0x00000000cef00000, 0x00000000cef00000|100%| O|  |TAMS 0x00000000cef00000, 0x00000000cee00000| Untracked 
| 239|0x00000000cef00000, 0x00000000cf000000, 0x00000000cf000000|100%| O|  |TAMS 0x00000000cf000000, 0x00000000cef00000| Untracked 
| 240|0x00000000cf000000, 0x00000000cf100000, 0x00000000cf100000|100%| O|  |TAMS 0x00000000cf100000, 0x00000000cf000000| Untracked 
| 241|0x00000000cf100000, 0x00000000cf200000, 0x00000000cf200000|100%| O|  |TAMS 0x00000000cf200000, 0x00000000cf100000| Untracked 
| 242|0x00000000cf200000, 0x00000000cf300000, 0x00000000cf300000|100%| O|  |TAMS 0x00000000cf300000, 0x00000000cf200000| Untracked 
| 243|0x00000000cf300000, 0x00000000cf400000, 0x00000000cf400000|100%| O|  |TAMS 0x00000000cf400000, 0x00000000cf300000| Untracked 
| 244|0x00000000cf400000, 0x00000000cf500000, 0x00000000cf500000|100%| O|  |TAMS 0x00000000cf500000, 0x00000000cf400000| Untracked 
| 245|0x00000000cf500000, 0x00000000cf600000, 0x00000000cf600000|100%| O|  |TAMS 0x00000000cf600000, 0x00000000cf500000| Untracked 
| 246|0x00000000cf600000, 0x00000000cf700000, 0x00000000cf700000|100%| O|  |TAMS 0x00000000cf700000, 0x00000000cf600000| Untracked 
| 247|0x00000000cf700000, 0x00000000cf800000, 0x00000000cf800000|100%| O|  |TAMS 0x00000000cf800000, 0x00000000cf700000| Untracked 
| 248|0x00000000cf800000, 0x00000000cf900000, 0x00000000cf900000|100%| O|  |TAMS 0x00000000cf900000, 0x00000000cf800000| Untracked 
| 249|0x00000000cf900000, 0x00000000cfa00000, 0x00000000cfa00000|100%| O|  |TAMS 0x00000000cfa00000, 0x00000000cf900000| Untracked 
| 250|0x00000000cfa00000, 0x00000000cfb00000, 0x00000000cfb00000|100%| O|  |TAMS 0x00000000cfb00000, 0x00000000cfa00000| Untracked 
| 251|0x00000000cfb00000, 0x00000000cfc00000, 0x00000000cfc00000|100%| O|  |TAMS 0x00000000cfc00000, 0x00000000cfb00000| Untracked 
| 252|0x00000000cfc00000, 0x00000000cfd00000, 0x00000000cfd00000|100%| O|  |TAMS 0x00000000cfd00000, 0x00000000cfc00000| Untracked 
| 253|0x00000000cfd00000, 0x00000000cfe00000, 0x00000000cfe00000|100%| O|  |TAMS 0x00000000cfe00000, 0x00000000cfd00000| Untracked 
| 254|0x00000000cfe00000, 0x00000000cff00000, 0x00000000cff00000|100%| O|  |TAMS 0x00000000cff00000, 0x00000000cfe00000| Untracked 
| 255|0x00000000cff00000, 0x00000000d0000000, 0x00000000d0000000|100%| O|  |TAMS 0x00000000d0000000, 0x00000000cff00000| Untracked 
| 256|0x00000000d0000000, 0x00000000d0100000, 0x00000000d0100000|100%| O|  |TAMS 0x00000000d0100000, 0x00000000d0000000| Untracked 
| 257|0x00000000d0100000, 0x00000000d0200000, 0x00000000d0200000|100%| O|  |TAMS 0x00000000d0200000, 0x00000000d0100000| Untracked 
| 258|0x00000000d0200000, 0x00000000d0300000, 0x00000000d0300000|100%| O|  |TAMS 0x00000000d0300000, 0x00000000d0200000| Untracked 
| 259|0x00000000d0300000, 0x00000000d0400000, 0x00000000d0400000|100%| O|  |TAMS 0x00000000d0400000, 0x00000000d0300000| Untracked 
| 260|0x00000000d0400000, 0x00000000d0500000, 0x00000000d0500000|100%| O|  |TAMS 0x00000000d0500000, 0x00000000d0400000| Untracked 
| 261|0x00000000d0500000, 0x00000000d0600000, 0x00000000d0600000|100%| O|  |TAMS 0x00000000d0600000, 0x00000000d0500000| Untracked 
| 262|0x00000000d0600000, 0x00000000d0700000, 0x00000000d0700000|100%| O|  |TAMS 0x00000000d0700000, 0x00000000d0600000| Untracked 
| 263|0x00000000d0700000, 0x00000000d0800000, 0x00000000d0800000|100%| O|  |TAMS 0x00000000d0800000, 0x00000000d0700000| Untracked 
| 264|0x00000000d0800000, 0x00000000d0900000, 0x00000000d0900000|100%| O|  |TAMS 0x00000000d0900000, 0x00000000d0800000| Untracked 
| 265|0x00000000d0900000, 0x00000000d0a00000, 0x00000000d0a00000|100%| O|  |TAMS 0x00000000d0a00000, 0x00000000d0900000| Untracked 
| 266|0x00000000d0a00000, 0x00000000d0b00000, 0x00000000d0b00000|100%| O|  |TAMS 0x00000000d0b00000, 0x00000000d0a00000| Untracked 
| 267|0x00000000d0b00000, 0x00000000d0c00000, 0x00000000d0c00000|100%| O|  |TAMS 0x00000000d0c00000, 0x00000000d0b00000| Untracked 
| 268|0x00000000d0c00000, 0x00000000d0d00000, 0x00000000d0d00000|100%| O|  |TAMS 0x00000000d0d00000, 0x00000000d0c00000| Untracked 
| 269|0x00000000d0d00000, 0x00000000d0e00000, 0x00000000d0e00000|100%| O|  |TAMS 0x00000000d0e00000, 0x00000000d0d00000| Untracked 
| 270|0x00000000d0e00000, 0x00000000d0f00000, 0x00000000d0f00000|100%| O|  |TAMS 0x00000000d0f00000, 0x00000000d0e00000| Untracked 
| 271|0x00000000d0f00000, 0x00000000d1000000, 0x00000000d1000000|100%| O|  |TAMS 0x00000000d1000000, 0x00000000d0f00000| Untracked 
| 272|0x00000000d1000000, 0x00000000d1100000, 0x00000000d1100000|100%| O|  |TAMS 0x00000000d1100000, 0x00000000d1000000| Untracked 
| 273|0x00000000d1100000, 0x00000000d1200000, 0x00000000d1200000|100%| O|  |TAMS 0x00000000d1200000, 0x00000000d1100000| Untracked 
| 274|0x00000000d1200000, 0x00000000d1300000, 0x00000000d1300000|100%| O|  |TAMS 0x00000000d1300000, 0x00000000d1200000| Untracked 
| 275|0x00000000d1300000, 0x00000000d1400000, 0x00000000d1400000|100%| O|  |TAMS 0x00000000d1400000, 0x00000000d1300000| Untracked 
| 276|0x00000000d1400000, 0x00000000d1500000, 0x00000000d1500000|100%| O|  |TAMS 0x00000000d1500000, 0x00000000d1400000| Untracked 
| 277|0x00000000d1500000, 0x00000000d1600000, 0x00000000d1600000|100%| O|  |TAMS 0x00000000d1600000, 0x00000000d1500000| Untracked 
| 278|0x00000000d1600000, 0x00000000d1700000, 0x00000000d1700000|100%| O|  |TAMS 0x00000000d1700000, 0x00000000d1600000| Untracked 
| 279|0x00000000d1700000, 0x00000000d1800000, 0x00000000d1800000|100%| O|  |TAMS 0x00000000d1800000, 0x00000000d1700000| Untracked 
| 280|0x00000000d1800000, 0x00000000d1900000, 0x00000000d1900000|100%| O|  |TAMS 0x00000000d1900000, 0x00000000d1800000| Untracked 
| 281|0x00000000d1900000, 0x00000000d1a00000, 0x00000000d1a00000|100%| O|  |TAMS 0x00000000d1a00000, 0x00000000d1900000| Untracked 
| 282|0x00000000d1a00000, 0x00000000d1b00000, 0x00000000d1b00000|100%| O|  |TAMS 0x00000000d1b00000, 0x00000000d1a00000| Untracked 
| 283|0x00000000d1b00000, 0x00000000d1c00000, 0x00000000d1c00000|100%| O|  |TAMS 0x00000000d1c00000, 0x00000000d1b00000| Untracked 
| 284|0x00000000d1c00000, 0x00000000d1d00000, 0x00000000d1d00000|100%| O|  |TAMS 0x00000000d1d00000, 0x00000000d1c00000| Untracked 
| 285|0x00000000d1d00000, 0x00000000d1e00000, 0x00000000d1e00000|100%| O|  |TAMS 0x00000000d1e00000, 0x00000000d1d00000| Untracked 
| 286|0x00000000d1e00000, 0x00000000d1f00000, 0x00000000d1f00000|100%| O|  |TAMS 0x00000000d1f00000, 0x00000000d1e00000| Untracked 
| 287|0x00000000d1f00000, 0x00000000d2000000, 0x00000000d2000000|100%| O|  |TAMS 0x00000000d2000000, 0x00000000d1f00000| Untracked 
| 288|0x00000000d2000000, 0x00000000d2100000, 0x00000000d2100000|100%| O|  |TAMS 0x00000000d2100000, 0x00000000d2000000| Untracked 
| 289|0x00000000d2100000, 0x00000000d2200000, 0x00000000d2200000|100%| O|  |TAMS 0x00000000d2200000, 0x00000000d2100000| Untracked 
| 290|0x00000000d2200000, 0x00000000d2300000, 0x00000000d2300000|100%| O|  |TAMS 0x00000000d2300000, 0x00000000d2200000| Untracked 
| 291|0x00000000d2300000, 0x00000000d2400000, 0x00000000d2400000|100%| O|  |TAMS 0x00000000d2400000, 0x00000000d2300000| Untracked 
| 292|0x00000000d2400000, 0x00000000d2500000, 0x00000000d2500000|100%| O|  |TAMS 0x00000000d2500000, 0x00000000d2400000| Untracked 
| 293|0x00000000d2500000, 0x00000000d2600000, 0x00000000d2600000|100%| O|  |TAMS 0x00000000d2600000, 0x00000000d2500000| Untracked 
| 294|0x00000000d2600000, 0x00000000d2700000, 0x00000000d2700000|100%| O|  |TAMS 0x00000000d2700000, 0x00000000d2600000| Untracked 
| 295|0x00000000d2700000, 0x00000000d2800000, 0x00000000d2800000|100%| O|  |TAMS 0x00000000d2800000, 0x00000000d2700000| Untracked 
| 296|0x00000000d2800000, 0x00000000d2900000, 0x00000000d2900000|100%| O|  |TAMS 0x00000000d2900000, 0x00000000d2800000| Untracked 
| 297|0x00000000d2900000, 0x00000000d2a00000, 0x00000000d2a00000|100%| O|  |TAMS 0x00000000d2a00000, 0x00000000d2900000| Untracked 
| 298|0x00000000d2a00000, 0x00000000d2b00000, 0x00000000d2b00000|100%| O|  |TAMS 0x00000000d2b00000, 0x00000000d2a00000| Untracked 
| 299|0x00000000d2b00000, 0x00000000d2c00000, 0x00000000d2c00000|100%| O|  |TAMS 0x00000000d2c00000, 0x00000000d2b00000| Untracked 
| 300|0x00000000d2c00000, 0x00000000d2d00000, 0x00000000d2d00000|100%| O|  |TAMS 0x00000000d2d00000, 0x00000000d2c00000| Untracked 
| 301|0x00000000d2d00000, 0x00000000d2e00000, 0x00000000d2e00000|100%| O|  |TAMS 0x00000000d2e00000, 0x00000000d2d00000| Untracked 
| 302|0x00000000d2e00000, 0x00000000d2f00000, 0x00000000d2f00000|100%| O|  |TAMS 0x00000000d2f00000, 0x00000000d2e00000| Untracked 
| 303|0x00000000d2f00000, 0x00000000d3000000, 0x00000000d3000000|100%| O|  |TAMS 0x00000000d3000000, 0x00000000d2f00000| Untracked 
| 304|0x00000000d3000000, 0x00000000d3100000, 0x00000000d3100000|100%| O|  |TAMS 0x00000000d3100000, 0x00000000d3000000| Untracked 
| 305|0x00000000d3100000, 0x00000000d3200000, 0x00000000d3200000|100%| O|  |TAMS 0x00000000d3200000, 0x00000000d3100000| Untracked 
| 306|0x00000000d3200000, 0x00000000d3300000, 0x00000000d3300000|100%| O|  |TAMS 0x00000000d3300000, 0x00000000d3200000| Untracked 
| 307|0x00000000d3300000, 0x00000000d3400000, 0x00000000d3400000|100%| O|  |TAMS 0x00000000d3400000, 0x00000000d3300000| Untracked 
| 308|0x00000000d3400000, 0x00000000d3500000, 0x00000000d3500000|100%| O|  |TAMS 0x00000000d3500000, 0x00000000d3400000| Untracked 
| 309|0x00000000d3500000, 0x00000000d3600000, 0x00000000d3600000|100%| O|  |TAMS 0x00000000d3600000, 0x00000000d3500000| Untracked 
| 310|0x00000000d3600000, 0x00000000d3700000, 0x00000000d3700000|100%| O|  |TAMS 0x00000000d3700000, 0x00000000d3600000| Untracked 
| 311|0x00000000d3700000, 0x00000000d3800000, 0x00000000d3800000|100%| O|  |TAMS 0x00000000d3800000, 0x00000000d3700000| Untracked 
| 312|0x00000000d3800000, 0x00000000d3900000, 0x00000000d3900000|100%| O|  |TAMS 0x00000000d3900000, 0x00000000d3800000| Untracked 
| 313|0x00000000d3900000, 0x00000000d3a00000, 0x00000000d3a00000|100%| O|  |TAMS 0x00000000d3a00000, 0x00000000d3900000| Untracked 
| 314|0x00000000d3a00000, 0x00000000d3b00000, 0x00000000d3b00000|100%| O|  |TAMS 0x00000000d3b00000, 0x00000000d3a00000| Untracked 
| 315|0x00000000d3b00000, 0x00000000d3c00000, 0x00000000d3c00000|100%| O|  |TAMS 0x00000000d3c00000, 0x00000000d3b00000| Untracked 
| 316|0x00000000d3c00000, 0x00000000d3d00000, 0x00000000d3d00000|100%| O|  |TAMS 0x00000000d3d00000, 0x00000000d3c00000| Untracked 
| 317|0x00000000d3d00000, 0x00000000d3e00000, 0x00000000d3e00000|100%| O|  |TAMS 0x00000000d3e00000, 0x00000000d3d00000| Untracked 
| 318|0x00000000d3e00000, 0x00000000d3f00000, 0x00000000d3f00000|100%| O|  |TAMS 0x00000000d3f00000, 0x00000000d3e00000| Untracked 
| 319|0x00000000d3f00000, 0x00000000d4000000, 0x00000000d4000000|100%| O|  |TAMS 0x00000000d4000000, 0x00000000d3f00000| Untracked 
| 320|0x00000000d4000000, 0x00000000d4100000, 0x00000000d4100000|100%| O|  |TAMS 0x00000000d4100000, 0x00000000d4000000| Untracked 
| 321|0x00000000d4100000, 0x00000000d4200000, 0x00000000d4200000|100%| O|  |TAMS 0x00000000d4200000, 0x00000000d4100000| Untracked 
| 322|0x00000000d4200000, 0x00000000d4300000, 0x00000000d4300000|100%| O|  |TAMS 0x00000000d4300000, 0x00000000d4200000| Untracked 
| 323|0x00000000d4300000, 0x00000000d4400000, 0x00000000d4400000|100%| O|  |TAMS 0x00000000d4400000, 0x00000000d4300000| Untracked 
| 324|0x00000000d4400000, 0x00000000d4500000, 0x00000000d4500000|100%| O|  |TAMS 0x00000000d4500000, 0x00000000d4400000| Untracked 
| 325|0x00000000d4500000, 0x00000000d4600000, 0x00000000d4600000|100%| O|  |TAMS 0x00000000d4600000, 0x00000000d4500000| Untracked 
| 326|0x00000000d4600000, 0x00000000d4700000, 0x00000000d4700000|100%| O|  |TAMS 0x00000000d4700000, 0x00000000d4600000| Untracked 
| 327|0x00000000d4700000, 0x00000000d4800000, 0x00000000d4800000|100%| O|  |TAMS 0x00000000d4800000, 0x00000000d4700000| Untracked 
| 328|0x00000000d4800000, 0x00000000d4900000, 0x00000000d4900000|100%| O|  |TAMS 0x00000000d4900000, 0x00000000d4800000| Untracked 
| 329|0x00000000d4900000, 0x00000000d4a00000, 0x00000000d4a00000|100%| O|  |TAMS 0x00000000d4a00000, 0x00000000d4900000| Untracked 
| 330|0x00000000d4a00000, 0x00000000d4b00000, 0x00000000d4b00000|100%| O|  |TAMS 0x00000000d4b00000, 0x00000000d4a00000| Untracked 
| 331|0x00000000d4b00000, 0x00000000d4c00000, 0x00000000d4c00000|100%| O|  |TAMS 0x00000000d4c00000, 0x00000000d4b00000| Untracked 
| 332|0x00000000d4c00000, 0x00000000d4d00000, 0x00000000d4d00000|100%| O|  |TAMS 0x00000000d4d00000, 0x00000000d4c00000| Untracked 
| 333|0x00000000d4d00000, 0x00000000d4e00000, 0x00000000d4e00000|100%| O|  |TAMS 0x00000000d4e00000, 0x00000000d4d00000| Untracked 
| 334|0x00000000d4e00000, 0x00000000d4f00000, 0x00000000d4f00000|100%| O|  |TAMS 0x00000000d4f00000, 0x00000000d4e00000| Untracked 
| 335|0x00000000d4f00000, 0x00000000d5000000, 0x00000000d5000000|100%| O|  |TAMS 0x00000000d5000000, 0x00000000d4f00000| Untracked 
| 336|0x00000000d5000000, 0x00000000d5100000, 0x00000000d5100000|100%| O|  |TAMS 0x00000000d5100000, 0x00000000d5000000| Untracked 
| 337|0x00000000d5100000, 0x00000000d5200000, 0x00000000d5200000|100%| O|  |TAMS 0x00000000d5200000, 0x00000000d5100000| Untracked 
| 338|0x00000000d5200000, 0x00000000d5300000, 0x00000000d5300000|100%| O|  |TAMS 0x00000000d5300000, 0x00000000d5200000| Untracked 
| 339|0x00000000d5300000, 0x00000000d5400000, 0x00000000d5400000|100%| O|  |TAMS 0x00000000d5400000, 0x00000000d5300000| Untracked 
| 340|0x00000000d5400000, 0x00000000d5500000, 0x00000000d5500000|100%| O|  |TAMS 0x00000000d5500000, 0x00000000d5400000| Untracked 
| 341|0x00000000d5500000, 0x00000000d5600000, 0x00000000d5600000|100%| O|  |TAMS 0x00000000d5600000, 0x00000000d5500000| Untracked 
| 342|0x00000000d5600000, 0x00000000d5700000, 0x00000000d5700000|100%| O|  |TAMS 0x00000000d5700000, 0x00000000d5600000| Untracked 
| 343|0x00000000d5700000, 0x00000000d5800000, 0x00000000d5800000|100%| O|  |TAMS 0x00000000d5800000, 0x00000000d5700000| Untracked 
| 344|0x00000000d5800000, 0x00000000d5900000, 0x00000000d5900000|100%| O|  |TAMS 0x00000000d5900000, 0x00000000d5800000| Untracked 
| 345|0x00000000d5900000, 0x00000000d5a00000, 0x00000000d5a00000|100%| O|  |TAMS 0x00000000d5a00000, 0x00000000d5900000| Untracked 
| 346|0x00000000d5a00000, 0x00000000d5b00000, 0x00000000d5b00000|100%| O|  |TAMS 0x00000000d5b00000, 0x00000000d5a00000| Untracked 
| 347|0x00000000d5b00000, 0x00000000d5c00000, 0x00000000d5c00000|100%| O|  |TAMS 0x00000000d5c00000, 0x00000000d5b00000| Untracked 
| 348|0x00000000d5c00000, 0x00000000d5d00000, 0x00000000d5d00000|100%| O|  |TAMS 0x00000000d5d00000, 0x00000000d5c00000| Untracked 
| 349|0x00000000d5d00000, 0x00000000d5e00000, 0x00000000d5e00000|100%| O|  |TAMS 0x00000000d5e00000, 0x00000000d5d00000| Untracked 
| 350|0x00000000d5e00000, 0x00000000d5f00000, 0x00000000d5f00000|100%| O|  |TAMS 0x00000000d5f00000, 0x00000000d5e00000| Untracked 
| 351|0x00000000d5f00000, 0x00000000d6000000, 0x00000000d6000000|100%| O|  |TAMS 0x00000000d6000000, 0x00000000d5f00000| Untracked 
| 352|0x00000000d6000000, 0x00000000d6100000, 0x00000000d6100000|100%| O|  |TAMS 0x00000000d6100000, 0x00000000d6000000| Untracked 
| 353|0x00000000d6100000, 0x00000000d6200000, 0x00000000d6200000|100%| O|  |TAMS 0x00000000d6200000, 0x00000000d6100000| Untracked 
| 354|0x00000000d6200000, 0x00000000d6300000, 0x00000000d6300000|100%| O|  |TAMS 0x00000000d6300000, 0x00000000d6200000| Untracked 
| 355|0x00000000d6300000, 0x00000000d6400000, 0x00000000d6400000|100%| O|  |TAMS 0x00000000d6400000, 0x00000000d6300000| Untracked 
| 356|0x00000000d6400000, 0x00000000d6500000, 0x00000000d6500000|100%| O|  |TAMS 0x00000000d6500000, 0x00000000d6400000| Untracked 
| 357|0x00000000d6500000, 0x00000000d6600000, 0x00000000d6600000|100%| O|  |TAMS 0x00000000d6600000, 0x00000000d6500000| Untracked 
| 358|0x00000000d6600000, 0x00000000d6700000, 0x00000000d6700000|100%| O|  |TAMS 0x00000000d6700000, 0x00000000d6600000| Untracked 
| 359|0x00000000d6700000, 0x00000000d6800000, 0x00000000d6800000|100%| O|  |TAMS 0x00000000d6800000, 0x00000000d6700000| Untracked 
| 360|0x00000000d6800000, 0x00000000d6900000, 0x00000000d6900000|100%| O|  |TAMS 0x00000000d6900000, 0x00000000d6800000| Untracked 
| 361|0x00000000d6900000, 0x00000000d6a00000, 0x00000000d6a00000|100%| O|  |TAMS 0x00000000d6a00000, 0x00000000d6900000| Untracked 
| 362|0x00000000d6a00000, 0x00000000d6b00000, 0x00000000d6b00000|100%| O|  |TAMS 0x00000000d6b00000, 0x00000000d6a00000| Untracked 
| 363|0x00000000d6b00000, 0x00000000d6c00000, 0x00000000d6c00000|100%| O|  |TAMS 0x00000000d6c00000, 0x00000000d6b00000| Untracked 
| 364|0x00000000d6c00000, 0x00000000d6d00000, 0x00000000d6d00000|100%| O|  |TAMS 0x00000000d6d00000, 0x00000000d6c00000| Untracked 
| 365|0x00000000d6d00000, 0x00000000d6e00000, 0x00000000d6e00000|100%| O|  |TAMS 0x00000000d6e00000, 0x00000000d6d00000| Untracked 
| 366|0x00000000d6e00000, 0x00000000d6f00000, 0x00000000d6f00000|100%| O|  |TAMS 0x00000000d6f00000, 0x00000000d6e00000| Untracked 
| 367|0x00000000d6f00000, 0x00000000d7000000, 0x00000000d7000000|100%| O|  |TAMS 0x00000000d7000000, 0x00000000d6f00000| Untracked 
| 368|0x00000000d7000000, 0x00000000d7100000, 0x00000000d7100000|100%| O|  |TAMS 0x00000000d7100000, 0x00000000d7000000| Untracked 
| 369|0x00000000d7100000, 0x00000000d7200000, 0x00000000d7200000|100%| O|  |TAMS 0x00000000d7200000, 0x00000000d7100000| Untracked 
| 370|0x00000000d7200000, 0x00000000d7300000, 0x00000000d7300000|100%| O|  |TAMS 0x00000000d7300000, 0x00000000d7200000| Untracked 
| 371|0x00000000d7300000, 0x00000000d7400000, 0x00000000d7400000|100%| O|  |TAMS 0x00000000d7400000, 0x00000000d7300000| Untracked 
| 372|0x00000000d7400000, 0x00000000d7500000, 0x00000000d7500000|100%| O|  |TAMS 0x00000000d7500000, 0x00000000d7400000| Untracked 
| 373|0x00000000d7500000, 0x00000000d7600000, 0x00000000d7600000|100%| O|  |TAMS 0x00000000d7600000, 0x00000000d7500000| Untracked 
| 374|0x00000000d7600000, 0x00000000d7700000, 0x00000000d7700000|100%| O|  |TAMS 0x00000000d7700000, 0x00000000d7600000| Untracked 
| 375|0x00000000d7700000, 0x00000000d7800000, 0x00000000d7800000|100%| O|  |TAMS 0x00000000d7800000, 0x00000000d7700000| Untracked 
| 376|0x00000000d7800000, 0x00000000d7900000, 0x00000000d7900000|100%| O|  |TAMS 0x00000000d7900000, 0x00000000d7800000| Untracked 
| 377|0x00000000d7900000, 0x00000000d7a00000, 0x00000000d7a00000|100%| O|  |TAMS 0x00000000d7a00000, 0x00000000d7900000| Untracked 
| 378|0x00000000d7a00000, 0x00000000d7b00000, 0x00000000d7b00000|100%| O|  |TAMS 0x00000000d7b00000, 0x00000000d7a00000| Untracked 
| 379|0x00000000d7b00000, 0x00000000d7c00000, 0x00000000d7c00000|100%| O|  |TAMS 0x00000000d7c00000, 0x00000000d7b00000| Untracked 
| 380|0x00000000d7c00000, 0x00000000d7d00000, 0x00000000d7d00000|100%| O|  |TAMS 0x00000000d7d00000, 0x00000000d7c00000| Untracked 
| 381|0x00000000d7d00000, 0x00000000d7e00000, 0x00000000d7e00000|100%| O|  |TAMS 0x00000000d7e00000, 0x00000000d7d00000| Untracked 
| 382|0x00000000d7e00000, 0x00000000d7f00000, 0x00000000d7f00000|100%| O|  |TAMS 0x00000000d7f00000, 0x00000000d7e00000| Untracked 
| 383|0x00000000d7f00000, 0x00000000d8000000, 0x00000000d8000000|100%| O|  |TAMS 0x00000000d8000000, 0x00000000d7f00000| Untracked 
| 384|0x00000000d8000000, 0x00000000d8100000, 0x00000000d8100000|100%| O|  |TAMS 0x00000000d8100000, 0x00000000d8000000| Untracked 
| 385|0x00000000d8100000, 0x00000000d8200000, 0x00000000d8200000|100%| O|  |TAMS 0x00000000d8200000, 0x00000000d8100000| Untracked 
| 386|0x00000000d8200000, 0x00000000d8300000, 0x00000000d8300000|100%| O|  |TAMS 0x00000000d8300000, 0x00000000d8200000| Untracked 
| 387|0x00000000d8300000, 0x00000000d8400000, 0x00000000d8400000|100%| O|  |TAMS 0x00000000d8400000, 0x00000000d8300000| Untracked 
| 388|0x00000000d8400000, 0x00000000d8500000, 0x00000000d8500000|100%| O|  |TAMS 0x00000000d8500000, 0x00000000d8400000| Untracked 
| 389|0x00000000d8500000, 0x00000000d8600000, 0x00000000d8600000|100%| O|  |TAMS 0x00000000d8600000, 0x00000000d8500000| Untracked 
| 390|0x00000000d8600000, 0x00000000d8700000, 0x00000000d8700000|100%| O|  |TAMS 0x00000000d8700000, 0x00000000d8600000| Untracked 
| 391|0x00000000d8700000, 0x00000000d8800000, 0x00000000d8800000|100%| O|  |TAMS 0x00000000d8800000, 0x00000000d8700000| Untracked 
| 392|0x00000000d8800000, 0x00000000d8900000, 0x00000000d8900000|100%| O|  |TAMS 0x00000000d8900000, 0x00000000d8800000| Untracked 
| 393|0x00000000d8900000, 0x00000000d8a00000, 0x00000000d8a00000|100%| O|  |TAMS 0x00000000d8a00000, 0x00000000d8900000| Untracked 
| 394|0x00000000d8a00000, 0x00000000d8b00000, 0x00000000d8b00000|100%| O|  |TAMS 0x00000000d8b00000, 0x00000000d8a00000| Untracked 
| 395|0x00000000d8b00000, 0x00000000d8c00000, 0x00000000d8c00000|100%| O|  |TAMS 0x00000000d8beaa00, 0x00000000d8b00000| Untracked 
| 396|0x00000000d8c00000, 0x00000000d8d00000, 0x00000000d8d00000|100%| O|  |TAMS 0x00000000d8c00000, 0x00000000d8c00000| Untracked 
| 397|0x00000000d8d00000, 0x00000000d8e00000, 0x00000000d8e00000|100%| O|  |TAMS 0x00000000d8d00000, 0x00000000d8d00000| Untracked 
| 398|0x00000000d8e00000, 0x00000000d8f00000, 0x00000000d8f00000|100%| O|  |TAMS 0x00000000d8e00000, 0x00000000d8e00000| Untracked 
| 399|0x00000000d8f00000, 0x00000000d9000000, 0x00000000d9000000|100%| O|  |TAMS 0x00000000d8f00000, 0x00000000d8f00000| Untracked 
| 400|0x00000000d9000000, 0x00000000d9100000, 0x00000000d9100000|100%| O|  |TAMS 0x00000000d9000000, 0x00000000d9000000| Untracked 
| 401|0x00000000d9100000, 0x00000000d9200000, 0x00000000d9200000|100%| O|  |TAMS 0x00000000d9100000, 0x00000000d9100000| Untracked 
| 402|0x00000000d9200000, 0x00000000d9300000, 0x00000000d9300000|100%| O|  |TAMS 0x00000000d9200000, 0x00000000d9200000| Untracked 
| 403|0x00000000d9300000, 0x00000000d9400000, 0x00000000d9400000|100%| O|  |TAMS 0x00000000d9300000, 0x00000000d9300000| Untracked 
| 404|0x00000000d9400000, 0x00000000d9500000, 0x00000000d9500000|100%| O|  |TAMS 0x00000000d9400000, 0x00000000d9400000| Untracked 
| 405|0x00000000d9500000, 0x00000000d9600000, 0x00000000d9600000|100%| O|  |TAMS 0x00000000d9500000, 0x00000000d9500000| Untracked 
| 406|0x00000000d9600000, 0x00000000d9700000, 0x00000000d9700000|100%| O|  |TAMS 0x00000000d9600000, 0x00000000d9600000| Untracked 
| 407|0x00000000d9700000, 0x00000000d9800000, 0x00000000d9800000|100%| O|  |TAMS 0x00000000d9700000, 0x00000000d9700000| Untracked 
| 408|0x00000000d9800000, 0x00000000d9800000, 0x00000000d9900000|  0%| F|  |TAMS 0x00000000d9800000, 0x00000000d9800000| Untracked 
| 409|0x00000000d9900000, 0x00000000d9900000, 0x00000000d9a00000|  0%| F|  |TAMS 0x00000000d9900000, 0x00000000d9900000| Untracked 
| 410|0x00000000d9a00000, 0x00000000d9a00000, 0x00000000d9b00000|  0%| F|  |TAMS 0x00000000d9a00000, 0x00000000d9a00000| Untracked 
| 411|0x00000000d9b00000, 0x00000000d9b00000, 0x00000000d9c00000|  0%| F|  |TAMS 0x00000000d9b00000, 0x00000000d9b00000| Untracked 
| 412|0x00000000d9c00000, 0x00000000d9c00000, 0x00000000d9d00000|  0%| F|  |TAMS 0x00000000d9c00000, 0x00000000d9c00000| Untracked 
| 413|0x00000000d9d00000, 0x00000000d9d00000, 0x00000000d9e00000|  0%| F|  |TAMS 0x00000000d9d00000, 0x00000000d9d00000| Untracked 
| 414|0x00000000d9e00000, 0x00000000d9e00000, 0x00000000d9f00000|  0%| F|  |TAMS 0x00000000d9e00000, 0x00000000d9e00000| Untracked 
| 415|0x00000000d9f00000, 0x00000000d9f00000, 0x00000000da000000|  0%| F|  |TAMS 0x00000000d9f00000, 0x00000000d9f00000| Untracked 
| 416|0x00000000da000000, 0x00000000da000000, 0x00000000da100000|  0%| F|  |TAMS 0x00000000da000000, 0x00000000da000000| Untracked 
| 417|0x00000000da100000, 0x00000000da100000, 0x00000000da200000|  0%| F|  |TAMS 0x00000000da100000, 0x00000000da100000| Untracked 
| 418|0x00000000da200000, 0x00000000da200000, 0x00000000da300000|  0%| F|  |TAMS 0x00000000da200000, 0x00000000da200000| Untracked 
| 419|0x00000000da300000, 0x00000000da300000, 0x00000000da400000|  0%| F|  |TAMS 0x00000000da300000, 0x00000000da300000| Untracked 
| 420|0x00000000da400000, 0x00000000da400000, 0x00000000da500000|  0%| F|  |TAMS 0x00000000da400000, 0x00000000da400000| Untracked 
| 421|0x00000000da500000, 0x00000000da500000, 0x00000000da600000|  0%| F|  |TAMS 0x00000000da500000, 0x00000000da500000| Untracked 
| 422|0x00000000da600000, 0x00000000da600000, 0x00000000da700000|  0%| F|  |TAMS 0x00000000da600000, 0x00000000da600000| Untracked 
| 423|0x00000000da700000, 0x00000000da700000, 0x00000000da800000|  0%| F|  |TAMS 0x00000000da700000, 0x00000000da700000| Untracked 
| 424|0x00000000da800000, 0x00000000da800000, 0x00000000da900000|  0%| F|  |TAMS 0x00000000da800000, 0x00000000da800000| Untracked 
| 425|0x00000000da900000, 0x00000000da900000, 0x00000000daa00000|  0%| F|  |TAMS 0x00000000da900000, 0x00000000da900000| Untracked 
| 426|0x00000000daa00000, 0x00000000daa00000, 0x00000000dab00000|  0%| F|  |TAMS 0x00000000daa00000, 0x00000000daa00000| Untracked 
| 427|0x00000000dab00000, 0x00000000dab00000, 0x00000000dac00000|  0%| F|  |TAMS 0x00000000dab00000, 0x00000000dab00000| Untracked 
| 428|0x00000000dac00000, 0x00000000dac00000, 0x00000000dad00000|  0%| F|  |TAMS 0x00000000dac00000, 0x00000000dac00000| Untracked 
| 429|0x00000000dad00000, 0x00000000dad00000, 0x00000000dae00000|  0%| F|  |TAMS 0x00000000dad00000, 0x00000000dad00000| Untracked 
| 430|0x00000000dae00000, 0x00000000dae00000, 0x00000000daf00000|  0%| F|  |TAMS 0x00000000dae00000, 0x00000000dae00000| Untracked 
| 431|0x00000000daf00000, 0x00000000daf00000, 0x00000000db000000|  0%| F|  |TAMS 0x00000000daf00000, 0x00000000daf00000| Untracked 
| 432|0x00000000db000000, 0x00000000db000000, 0x00000000db100000|  0%| F|  |TAMS 0x00000000db000000, 0x00000000db000000| Untracked 
| 433|0x00000000db100000, 0x00000000db100000, 0x00000000db200000|  0%| F|  |TAMS 0x00000000db100000, 0x00000000db100000| Untracked 
| 434|0x00000000db200000, 0x00000000db200000, 0x00000000db300000|  0%| F|  |TAMS 0x00000000db200000, 0x00000000db200000| Untracked 
| 435|0x00000000db300000, 0x00000000db300000, 0x00000000db400000|  0%| F|  |TAMS 0x00000000db300000, 0x00000000db300000| Untracked 
| 436|0x00000000db400000, 0x00000000db400000, 0x00000000db500000|  0%| F|  |TAMS 0x00000000db400000, 0x00000000db400000| Untracked 
| 437|0x00000000db500000, 0x00000000db500000, 0x00000000db600000|  0%| F|  |TAMS 0x00000000db500000, 0x00000000db500000| Untracked 
| 438|0x00000000db600000, 0x00000000db600000, 0x00000000db700000|  0%| F|  |TAMS 0x00000000db600000, 0x00000000db600000| Untracked 
| 439|0x00000000db700000, 0x00000000db700000, 0x00000000db800000|  0%| F|  |TAMS 0x00000000db700000, 0x00000000db700000| Untracked 
| 440|0x00000000db800000, 0x00000000db800000, 0x00000000db900000|  0%| F|  |TAMS 0x00000000db800000, 0x00000000db800000| Untracked 
| 441|0x00000000db900000, 0x00000000db900000, 0x00000000dba00000|  0%| F|  |TAMS 0x00000000db900000, 0x00000000db900000| Untracked 
| 442|0x00000000dba00000, 0x00000000dba00000, 0x00000000dbb00000|  0%| F|  |TAMS 0x00000000dba00000, 0x00000000dba00000| Untracked 
| 443|0x00000000dbb00000, 0x00000000dbb00000, 0x00000000dbc00000|  0%| F|  |TAMS 0x00000000dbb00000, 0x00000000dbb00000| Untracked 
| 444|0x00000000dbc00000, 0x00000000dbc00000, 0x00000000dbd00000|  0%| F|  |TAMS 0x00000000dbc00000, 0x00000000dbc00000| Untracked 
| 445|0x00000000dbd00000, 0x00000000dbd00000, 0x00000000dbe00000|  0%| F|  |TAMS 0x00000000dbd00000, 0x00000000dbd00000| Untracked 
| 446|0x00000000dbe00000, 0x00000000dbe00000, 0x00000000dbf00000|  0%| F|  |TAMS 0x00000000dbe00000, 0x00000000dbe00000| Untracked 
| 447|0x00000000dbf00000, 0x00000000dbf00000, 0x00000000dc000000|  0%| F|  |TAMS 0x00000000dbf00000, 0x00000000dbf00000| Untracked 
| 448|0x00000000dc000000, 0x00000000dc000000, 0x00000000dc100000|  0%| F|  |TAMS 0x00000000dc000000, 0x00000000dc000000| Untracked 
| 449|0x00000000dc100000, 0x00000000dc100000, 0x00000000dc200000|  0%| F|  |TAMS 0x00000000dc100000, 0x00000000dc100000| Untracked 
| 450|0x00000000dc200000, 0x00000000dc200000, 0x00000000dc300000|  0%| F|  |TAMS 0x00000000dc200000, 0x00000000dc200000| Untracked 
| 451|0x00000000dc300000, 0x00000000dc300000, 0x00000000dc400000|  0%| F|  |TAMS 0x00000000dc300000, 0x00000000dc300000| Untracked 
| 452|0x00000000dc400000, 0x00000000dc400000, 0x00000000dc500000|  0%| F|  |TAMS 0x00000000dc400000, 0x00000000dc400000| Untracked 
| 453|0x00000000dc500000, 0x00000000dc500000, 0x00000000dc600000|  0%| F|  |TAMS 0x00000000dc500000, 0x00000000dc500000| Untracked 
| 454|0x00000000dc600000, 0x00000000dc600000, 0x00000000dc700000|  0%| F|  |TAMS 0x00000000dc600000, 0x00000000dc600000| Untracked 
| 455|0x00000000dc700000, 0x00000000dc700000, 0x00000000dc800000|  0%| F|  |TAMS 0x00000000dc700000, 0x00000000dc700000| Untracked 
| 456|0x00000000dc800000, 0x00000000dc800000, 0x00000000dc900000|  0%| F|  |TAMS 0x00000000dc800000, 0x00000000dc800000| Untracked 
| 457|0x00000000dc900000, 0x00000000dc900000, 0x00000000dca00000|  0%| F|  |TAMS 0x00000000dc900000, 0x00000000dc900000| Untracked 
| 458|0x00000000dca00000, 0x00000000dca00000, 0x00000000dcb00000|  0%| F|  |TAMS 0x00000000dca00000, 0x00000000dca00000| Untracked 
| 459|0x00000000dcb00000, 0x00000000dcb00000, 0x00000000dcc00000|  0%| F|  |TAMS 0x00000000dcb00000, 0x00000000dcb00000| Untracked 
| 460|0x00000000dcc00000, 0x00000000dcc00000, 0x00000000dcd00000|  0%| F|  |TAMS 0x00000000dcc00000, 0x00000000dcc00000| Untracked 
| 461|0x00000000dcd00000, 0x00000000dcd00000, 0x00000000dce00000|  0%| F|  |TAMS 0x00000000dcd00000, 0x00000000dcd00000| Untracked 
| 462|0x00000000dce00000, 0x00000000dce00000, 0x00000000dcf00000|  0%| F|  |TAMS 0x00000000dce00000, 0x00000000dce00000| Untracked 
| 463|0x00000000dcf00000, 0x00000000dcf00000, 0x00000000dd000000|  0%| F|  |TAMS 0x00000000dcf00000, 0x00000000dcf00000| Untracked 
| 464|0x00000000dd000000, 0x00000000dd000000, 0x00000000dd100000|  0%| F|  |TAMS 0x00000000dd000000, 0x00000000dd000000| Untracked 
| 465|0x00000000dd100000, 0x00000000dd100000, 0x00000000dd200000|  0%| F|  |TAMS 0x00000000dd100000, 0x00000000dd100000| Untracked 
| 466|0x00000000dd200000, 0x00000000dd200000, 0x00000000dd300000|  0%| F|  |TAMS 0x00000000dd200000, 0x00000000dd200000| Untracked 
| 467|0x00000000dd300000, 0x00000000dd300000, 0x00000000dd400000|  0%| F|  |TAMS 0x00000000dd300000, 0x00000000dd300000| Untracked 
| 468|0x00000000dd400000, 0x00000000dd400000, 0x00000000dd500000|  0%| F|  |TAMS 0x00000000dd400000, 0x00000000dd400000| Untracked 
| 469|0x00000000dd500000, 0x00000000dd500000, 0x00000000dd600000|  0%| F|  |TAMS 0x00000000dd500000, 0x00000000dd500000| Untracked 
| 470|0x00000000dd600000, 0x00000000dd600000, 0x00000000dd700000|  0%| F|  |TAMS 0x00000000dd600000, 0x00000000dd600000| Untracked 
| 471|0x00000000dd700000, 0x00000000dd700000, 0x00000000dd800000|  0%| F|  |TAMS 0x00000000dd700000, 0x00000000dd700000| Untracked 
| 472|0x00000000dd800000, 0x00000000dd800000, 0x00000000dd900000|  0%| F|  |TAMS 0x00000000dd800000, 0x00000000dd800000| Untracked 
| 473|0x00000000dd900000, 0x00000000dd900000, 0x00000000dda00000|  0%| F|  |TAMS 0x00000000dd900000, 0x00000000dd900000| Untracked 
| 474|0x00000000dda00000, 0x00000000dda00000, 0x00000000ddb00000|  0%| F|  |TAMS 0x00000000dda00000, 0x00000000dda00000| Untracked 
| 475|0x00000000ddb00000, 0x00000000ddb00000, 0x00000000ddc00000|  0%| F|  |TAMS 0x00000000ddb00000, 0x00000000ddb00000| Untracked 
| 476|0x00000000ddc00000, 0x00000000ddc00000, 0x00000000ddd00000|  0%| F|  |TAMS 0x00000000ddc00000, 0x00000000ddc00000| Untracked 
| 477|0x00000000ddd00000, 0x00000000ddd00000, 0x00000000dde00000|  0%| F|  |TAMS 0x00000000ddd00000, 0x00000000ddd00000| Untracked 
| 478|0x00000000dde00000, 0x00000000dde00000, 0x00000000ddf00000|  0%| F|  |TAMS 0x00000000dde00000, 0x00000000dde00000| Untracked 
| 479|0x00000000ddf00000, 0x00000000ddf00000, 0x00000000de000000|  0%| F|  |TAMS 0x00000000ddf00000, 0x00000000ddf00000| Untracked 
| 480|0x00000000de000000, 0x00000000de000000, 0x00000000de100000|  0%| F|  |TAMS 0x00000000de000000, 0x00000000de000000| Untracked 
| 481|0x00000000de100000, 0x00000000de100000, 0x00000000de200000|  0%| F|  |TAMS 0x00000000de100000, 0x00000000de100000| Untracked 
| 482|0x00000000de200000, 0x00000000de200000, 0x00000000de300000|  0%| F|  |TAMS 0x00000000de200000, 0x00000000de200000| Untracked 
| 483|0x00000000de300000, 0x00000000de300000, 0x00000000de400000|  0%| F|  |TAMS 0x00000000de300000, 0x00000000de300000| Untracked 
| 484|0x00000000de400000, 0x00000000de400000, 0x00000000de500000|  0%| F|  |TAMS 0x00000000de400000, 0x00000000de400000| Untracked 
| 485|0x00000000de500000, 0x00000000de500000, 0x00000000de600000|  0%| F|  |TAMS 0x00000000de500000, 0x00000000de500000| Untracked 
| 486|0x00000000de600000, 0x00000000de600000, 0x00000000de700000|  0%| F|  |TAMS 0x00000000de600000, 0x00000000de600000| Untracked 
| 487|0x00000000de700000, 0x00000000de700000, 0x00000000de800000|  0%| F|  |TAMS 0x00000000de700000, 0x00000000de700000| Untracked 
| 488|0x00000000de800000, 0x00000000de800000, 0x00000000de900000|  0%| F|  |TAMS 0x00000000de800000, 0x00000000de800000| Untracked 
| 489|0x00000000de900000, 0x00000000de900000, 0x00000000dea00000|  0%| F|  |TAMS 0x00000000de900000, 0x00000000de900000| Untracked 
| 490|0x00000000dea00000, 0x00000000dea00000, 0x00000000deb00000|  0%| F|  |TAMS 0x00000000dea00000, 0x00000000dea00000| Untracked 
| 491|0x00000000deb00000, 0x00000000deb00000, 0x00000000dec00000|  0%| F|  |TAMS 0x00000000deb00000, 0x00000000deb00000| Untracked 
| 492|0x00000000dec00000, 0x00000000dec00000, 0x00000000ded00000|  0%| F|  |TAMS 0x00000000dec00000, 0x00000000dec00000| Untracked 
| 493|0x00000000ded00000, 0x00000000ded00000, 0x00000000dee00000|  0%| F|  |TAMS 0x00000000ded00000, 0x00000000ded00000| Untracked 
| 494|0x00000000dee00000, 0x00000000dee00000, 0x00000000def00000|  0%| F|  |TAMS 0x00000000dee00000, 0x00000000dee00000| Untracked 
| 495|0x00000000def00000, 0x00000000def00000, 0x00000000df000000|  0%| F|  |TAMS 0x00000000def00000, 0x00000000def00000| Untracked 
| 496|0x00000000df000000, 0x00000000df000000, 0x00000000df100000|  0%| F|  |TAMS 0x00000000df000000, 0x00000000df000000| Untracked 
| 497|0x00000000df100000, 0x00000000df100000, 0x00000000df200000|  0%| F|  |TAMS 0x00000000df100000, 0x00000000df100000| Untracked 
| 498|0x00000000df200000, 0x00000000df200000, 0x00000000df300000|  0%| F|  |TAMS 0x00000000df200000, 0x00000000df200000| Untracked 
| 499|0x00000000df300000, 0x00000000df300000, 0x00000000df400000|  0%| F|  |TAMS 0x00000000df300000, 0x00000000df300000| Untracked 
| 500|0x00000000df400000, 0x00000000df400000, 0x00000000df500000|  0%| F|  |TAMS 0x00000000df400000, 0x00000000df400000| Untracked 
| 501|0x00000000df500000, 0x00000000df500000, 0x00000000df600000|  0%| F|  |TAMS 0x00000000df500000, 0x00000000df500000| Untracked 
| 502|0x00000000df600000, 0x00000000df600000, 0x00000000df700000|  0%| F|  |TAMS 0x00000000df600000, 0x00000000df600000| Untracked 
| 503|0x00000000df700000, 0x00000000df700000, 0x00000000df800000|  0%| F|  |TAMS 0x00000000df700000, 0x00000000df700000| Untracked 
| 504|0x00000000df800000, 0x00000000df800000, 0x00000000df900000|  0%| F|  |TAMS 0x00000000df800000, 0x00000000df800000| Untracked 
| 505|0x00000000df900000, 0x00000000df900000, 0x00000000dfa00000|  0%| F|  |TAMS 0x00000000df900000, 0x00000000df900000| Untracked 
| 506|0x00000000dfa00000, 0x00000000dfa00000, 0x00000000dfb00000|  0%| F|  |TAMS 0x00000000dfa00000, 0x00000000dfa00000| Untracked 
| 507|0x00000000dfb00000, 0x00000000dfb00000, 0x00000000dfc00000|  0%| F|  |TAMS 0x00000000dfb00000, 0x00000000dfb00000| Untracked 
| 508|0x00000000dfc00000, 0x00000000dfc00000, 0x00000000dfd00000|  0%| F|  |TAMS 0x00000000dfc00000, 0x00000000dfc00000| Untracked 
| 509|0x00000000dfd00000, 0x00000000dfd00000, 0x00000000dfe00000|  0%| F|  |TAMS 0x00000000dfd00000, 0x00000000dfd00000| Untracked 
| 510|0x00000000dfe00000, 0x00000000dfe00000, 0x00000000dff00000|  0%| F|  |TAMS 0x00000000dfe00000, 0x00000000dfe00000| Untracked 
| 511|0x00000000dff00000, 0x00000000dff00000, 0x00000000e0000000|  0%| F|  |TAMS 0x00000000dff00000, 0x00000000dff00000| Untracked 
| 512|0x00000000e0000000, 0x00000000e0000000, 0x00000000e0100000|  0%| F|  |TAMS 0x00000000e0000000, 0x00000000e0000000| Untracked 
| 513|0x00000000e0100000, 0x00000000e0100000, 0x00000000e0200000|  0%| F|  |TAMS 0x00000000e0100000, 0x00000000e0100000| Untracked 
| 514|0x00000000e0200000, 0x00000000e0200000, 0x00000000e0300000|  0%| F|  |TAMS 0x00000000e0200000, 0x00000000e0200000| Untracked 
| 515|0x00000000e0300000, 0x00000000e0300000, 0x00000000e0400000|  0%| F|  |TAMS 0x00000000e0300000, 0x00000000e0300000| Untracked 
| 516|0x00000000e0400000, 0x00000000e0400000, 0x00000000e0500000|  0%| F|  |TAMS 0x00000000e0400000, 0x00000000e0400000| Untracked 
| 517|0x00000000e0500000, 0x00000000e0500000, 0x00000000e0600000|  0%| F|  |TAMS 0x00000000e0500000, 0x00000000e0500000| Untracked 
| 518|0x00000000e0600000, 0x00000000e0600000, 0x00000000e0700000|  0%| F|  |TAMS 0x00000000e0600000, 0x00000000e0600000| Untracked 
| 519|0x00000000e0700000, 0x00000000e0700000, 0x00000000e0800000|  0%| F|  |TAMS 0x00000000e0700000, 0x00000000e0700000| Untracked 
| 520|0x00000000e0800000, 0x00000000e0800000, 0x00000000e0900000|  0%| F|  |TAMS 0x00000000e0800000, 0x00000000e0800000| Untracked 
| 521|0x00000000e0900000, 0x00000000e0900000, 0x00000000e0a00000|  0%| F|  |TAMS 0x00000000e0900000, 0x00000000e0900000| Untracked 
| 522|0x00000000e0a00000, 0x00000000e0a00000, 0x00000000e0b00000|  0%| F|  |TAMS 0x00000000e0a00000, 0x00000000e0a00000| Untracked 
| 523|0x00000000e0b00000, 0x00000000e0b00000, 0x00000000e0c00000|  0%| F|  |TAMS 0x00000000e0b00000, 0x00000000e0b00000| Untracked 
| 524|0x00000000e0c00000, 0x00000000e0c00000, 0x00000000e0d00000|  0%| F|  |TAMS 0x00000000e0c00000, 0x00000000e0c00000| Untracked 
| 525|0x00000000e0d00000, 0x00000000e0d00000, 0x00000000e0e00000|  0%| F|  |TAMS 0x00000000e0d00000, 0x00000000e0d00000| Untracked 
| 526|0x00000000e0e00000, 0x00000000e0e00000, 0x00000000e0f00000|  0%| F|  |TAMS 0x00000000e0e00000, 0x00000000e0e00000| Untracked 
| 527|0x00000000e0f00000, 0x00000000e0f00000, 0x00000000e1000000|  0%| F|  |TAMS 0x00000000e0f00000, 0x00000000e0f00000| Untracked 
| 528|0x00000000e1000000, 0x00000000e1000000, 0x00000000e1100000|  0%| F|  |TAMS 0x00000000e1000000, 0x00000000e1000000| Untracked 
| 529|0x00000000e1100000, 0x00000000e1100000, 0x00000000e1200000|  0%| F|  |TAMS 0x00000000e1100000, 0x00000000e1100000| Untracked 
| 530|0x00000000e1200000, 0x00000000e1200000, 0x00000000e1300000|  0%| F|  |TAMS 0x00000000e1200000, 0x00000000e1200000| Untracked 
| 531|0x00000000e1300000, 0x00000000e1300000, 0x00000000e1400000|  0%| F|  |TAMS 0x00000000e1300000, 0x00000000e1300000| Untracked 
| 532|0x00000000e1400000, 0x00000000e1400000, 0x00000000e1500000|  0%| F|  |TAMS 0x00000000e1400000, 0x00000000e1400000| Untracked 
| 533|0x00000000e1500000, 0x00000000e1500000, 0x00000000e1600000|  0%| F|  |TAMS 0x00000000e1500000, 0x00000000e1500000| Untracked 
| 534|0x00000000e1600000, 0x00000000e1600000, 0x00000000e1700000|  0%| F|  |TAMS 0x00000000e1600000, 0x00000000e1600000| Untracked 
| 535|0x00000000e1700000, 0x00000000e1700000, 0x00000000e1800000|  0%| F|  |TAMS 0x00000000e1700000, 0x00000000e1700000| Untracked 
| 536|0x00000000e1800000, 0x00000000e1800000, 0x00000000e1900000|  0%| F|  |TAMS 0x00000000e1800000, 0x00000000e1800000| Untracked 
| 537|0x00000000e1900000, 0x00000000e196a9a0, 0x00000000e1a00000| 41%| S|CS|TAMS 0x00000000e1900000, 0x00000000e1900000| Complete 
| 538|0x00000000e1a00000, 0x00000000e1b00000, 0x00000000e1b00000|100%| S|CS|TAMS 0x00000000e1a00000, 0x00000000e1a00000| Complete 
| 539|0x00000000e1b00000, 0x00000000e1c00000, 0x00000000e1c00000|100%| S|CS|TAMS 0x00000000e1b00000, 0x00000000e1b00000| Complete 
| 540|0x00000000e1c00000, 0x00000000e1d00000, 0x00000000e1d00000|100%| S|CS|TAMS 0x00000000e1c00000, 0x00000000e1c00000| Complete 
| 541|0x00000000e1d00000, 0x00000000e1e00000, 0x00000000e1e00000|100%| S|CS|TAMS 0x00000000e1d00000, 0x00000000e1d00000| Complete 
| 542|0x00000000e1e00000, 0x00000000e1f00000, 0x00000000e1f00000|100%| S|CS|TAMS 0x00000000e1e00000, 0x00000000e1e00000| Complete 
| 543|0x00000000e1f00000, 0x00000000e2000000, 0x00000000e2000000|100%| S|CS|TAMS 0x00000000e1f00000, 0x00000000e1f00000| Complete 
| 544|0x00000000e2000000, 0x00000000e2100000, 0x00000000e2100000|100%| S|CS|TAMS 0x00000000e2000000, 0x00000000e2000000| Complete 
| 545|0x00000000e2100000, 0x00000000e2200000, 0x00000000e2200000|100%| S|CS|TAMS 0x00000000e2100000, 0x00000000e2100000| Complete 
| 546|0x00000000e2200000, 0x00000000e2300000, 0x00000000e2300000|100%| S|CS|TAMS 0x00000000e2200000, 0x00000000e2200000| Complete 
| 547|0x00000000e2300000, 0x00000000e2300000, 0x00000000e2400000|  0%| F|  |TAMS 0x00000000e2300000, 0x00000000e2300000| Untracked 
| 548|0x00000000e2400000, 0x00000000e2400000, 0x00000000e2500000|  0%| F|  |TAMS 0x00000000e2400000, 0x00000000e2400000| Untracked 
| 549|0x00000000e2500000, 0x00000000e2500000, 0x00000000e2600000|  0%| F|  |TAMS 0x00000000e2500000, 0x00000000e2500000| Untracked 
| 550|0x00000000e2600000, 0x00000000e2600000, 0x00000000e2700000|  0%| F|  |TAMS 0x00000000e2600000, 0x00000000e2600000| Untracked 
| 551|0x00000000e2700000, 0x00000000e2700000, 0x00000000e2800000|  0%| F|  |TAMS 0x00000000e2700000, 0x00000000e2700000| Untracked 
| 552|0x00000000e2800000, 0x00000000e2800000, 0x00000000e2900000|  0%| F|  |TAMS 0x00000000e2800000, 0x00000000e2800000| Untracked 
| 553|0x00000000e2900000, 0x00000000e2900000, 0x00000000e2a00000|  0%| F|  |TAMS 0x00000000e2900000, 0x00000000e2900000| Untracked 
| 554|0x00000000e2a00000, 0x00000000e2a00000, 0x00000000e2b00000|  0%| F|  |TAMS 0x00000000e2a00000, 0x00000000e2a00000| Untracked 
| 555|0x00000000e2b00000, 0x00000000e2b00000, 0x00000000e2c00000|  0%| F|  |TAMS 0x00000000e2b00000, 0x00000000e2b00000| Untracked 
| 556|0x00000000e2c00000, 0x00000000e2c00000, 0x00000000e2d00000|  0%| F|  |TAMS 0x00000000e2c00000, 0x00000000e2c00000| Untracked 
| 557|0x00000000e2d00000, 0x00000000e2d00000, 0x00000000e2e00000|  0%| F|  |TAMS 0x00000000e2d00000, 0x00000000e2d00000| Untracked 
| 558|0x00000000e2e00000, 0x00000000e2e00000, 0x00000000e2f00000|  0%| F|  |TAMS 0x00000000e2e00000, 0x00000000e2e00000| Untracked 
| 559|0x00000000e2f00000, 0x00000000e2f00000, 0x00000000e3000000|  0%| F|  |TAMS 0x00000000e2f00000, 0x00000000e2f00000| Untracked 
| 560|0x00000000e3000000, 0x00000000e3000000, 0x00000000e3100000|  0%| F|  |TAMS 0x00000000e3000000, 0x00000000e3000000| Untracked 
| 561|0x00000000e3100000, 0x00000000e3100000, 0x00000000e3200000|  0%| F|  |TAMS 0x00000000e3100000, 0x00000000e3100000| Untracked 
| 562|0x00000000e3200000, 0x00000000e3200000, 0x00000000e3300000|  0%| F|  |TAMS 0x00000000e3200000, 0x00000000e3200000| Untracked 
| 563|0x00000000e3300000, 0x00000000e3300000, 0x00000000e3400000|  0%| F|  |TAMS 0x00000000e3300000, 0x00000000e3300000| Untracked 
| 564|0x00000000e3400000, 0x00000000e3400000, 0x00000000e3500000|  0%| F|  |TAMS 0x00000000e3400000, 0x00000000e3400000| Untracked 
| 565|0x00000000e3500000, 0x00000000e3500000, 0x00000000e3600000|  0%| F|  |TAMS 0x00000000e3500000, 0x00000000e3500000| Untracked 
| 566|0x00000000e3600000, 0x00000000e3600000, 0x00000000e3700000|  0%| F|  |TAMS 0x00000000e3600000, 0x00000000e3600000| Untracked 
| 567|0x00000000e3700000, 0x00000000e3700000, 0x00000000e3800000|  0%| F|  |TAMS 0x00000000e3700000, 0x00000000e3700000| Untracked 
| 568|0x00000000e3800000, 0x00000000e3800000, 0x00000000e3900000|  0%| F|  |TAMS 0x00000000e3800000, 0x00000000e3800000| Untracked 
| 569|0x00000000e3900000, 0x00000000e3900000, 0x00000000e3a00000|  0%| F|  |TAMS 0x00000000e3900000, 0x00000000e3900000| Untracked 
| 570|0x00000000e3a00000, 0x00000000e3a00000, 0x00000000e3b00000|  0%| F|  |TAMS 0x00000000e3a00000, 0x00000000e3a00000| Untracked 
| 571|0x00000000e3b00000, 0x00000000e3b00000, 0x00000000e3c00000|  0%| F|  |TAMS 0x00000000e3b00000, 0x00000000e3b00000| Untracked 
| 572|0x00000000e3c00000, 0x00000000e3c00000, 0x00000000e3d00000|  0%| F|  |TAMS 0x00000000e3c00000, 0x00000000e3c00000| Untracked 
| 573|0x00000000e3d00000, 0x00000000e3d00000, 0x00000000e3e00000|  0%| F|  |TAMS 0x00000000e3d00000, 0x00000000e3d00000| Untracked 
| 574|0x00000000e3e00000, 0x00000000e3e00000, 0x00000000e3f00000|  0%| F|  |TAMS 0x00000000e3e00000, 0x00000000e3e00000| Untracked 
| 575|0x00000000e3f00000, 0x00000000e3f00000, 0x00000000e4000000|  0%| F|  |TAMS 0x00000000e3f00000, 0x00000000e3f00000| Untracked 
| 576|0x00000000e4000000, 0x00000000e4000000, 0x00000000e4100000|  0%| F|  |TAMS 0x00000000e4000000, 0x00000000e4000000| Untracked 
| 577|0x00000000e4100000, 0x00000000e4100000, 0x00000000e4200000|  0%| F|  |TAMS 0x00000000e4100000, 0x00000000e4100000| Untracked 
| 578|0x00000000e4200000, 0x00000000e4200000, 0x00000000e4300000|  0%| F|  |TAMS 0x00000000e4200000, 0x00000000e4200000| Untracked 
| 579|0x00000000e4300000, 0x00000000e4300000, 0x00000000e4400000|  0%| F|  |TAMS 0x00000000e4300000, 0x00000000e4300000| Untracked 
| 580|0x00000000e4400000, 0x00000000e4400000, 0x00000000e4500000|  0%| F|  |TAMS 0x00000000e4400000, 0x00000000e4400000| Untracked 
| 581|0x00000000e4500000, 0x00000000e4500000, 0x00000000e4600000|  0%| F|  |TAMS 0x00000000e4500000, 0x00000000e4500000| Untracked 
| 582|0x00000000e4600000, 0x00000000e4600000, 0x00000000e4700000|  0%| F|  |TAMS 0x00000000e4600000, 0x00000000e4600000| Untracked 
| 583|0x00000000e4700000, 0x00000000e4700000, 0x00000000e4800000|  0%| F|  |TAMS 0x00000000e4700000, 0x00000000e4700000| Untracked 
| 584|0x00000000e4800000, 0x00000000e4800000, 0x00000000e4900000|  0%| F|  |TAMS 0x00000000e4800000, 0x00000000e4800000| Untracked 
| 585|0x00000000e4900000, 0x00000000e4900000, 0x00000000e4a00000|  0%| F|  |TAMS 0x00000000e4900000, 0x00000000e4900000| Untracked 
| 586|0x00000000e4a00000, 0x00000000e4a00000, 0x00000000e4b00000|  0%| F|  |TAMS 0x00000000e4a00000, 0x00000000e4a00000| Untracked 
| 587|0x00000000e4b00000, 0x00000000e4b00000, 0x00000000e4c00000|  0%| F|  |TAMS 0x00000000e4b00000, 0x00000000e4b00000| Untracked 
| 588|0x00000000e4c00000, 0x00000000e4c00000, 0x00000000e4d00000|  0%| F|  |TAMS 0x00000000e4c00000, 0x00000000e4c00000| Untracked 
| 589|0x00000000e4d00000, 0x00000000e4d00000, 0x00000000e4e00000|  0%| F|  |TAMS 0x00000000e4d00000, 0x00000000e4d00000| Untracked 
| 590|0x00000000e4e00000, 0x00000000e4e00000, 0x00000000e4f00000|  0%| F|  |TAMS 0x00000000e4e00000, 0x00000000e4e00000| Untracked 
| 591|0x00000000e4f00000, 0x00000000e4f00000, 0x00000000e5000000|  0%| F|  |TAMS 0x00000000e4f00000, 0x00000000e4f00000| Untracked 
| 592|0x00000000e5000000, 0x00000000e5000000, 0x00000000e5100000|  0%| F|  |TAMS 0x00000000e5000000, 0x00000000e5000000| Untracked 
| 593|0x00000000e5100000, 0x00000000e5100000, 0x00000000e5200000|  0%| F|  |TAMS 0x00000000e5100000, 0x00000000e5100000| Untracked 
| 594|0x00000000e5200000, 0x00000000e5200000, 0x00000000e5300000|  0%| F|  |TAMS 0x00000000e5200000, 0x00000000e5200000| Untracked 
| 595|0x00000000e5300000, 0x00000000e5300000, 0x00000000e5400000|  0%| F|  |TAMS 0x00000000e5300000, 0x00000000e5300000| Untracked 
| 596|0x00000000e5400000, 0x00000000e5400000, 0x00000000e5500000|  0%| F|  |TAMS 0x00000000e5400000, 0x00000000e5400000| Untracked 
| 597|0x00000000e5500000, 0x00000000e5500000, 0x00000000e5600000|  0%| F|  |TAMS 0x00000000e5500000, 0x00000000e5500000| Untracked 
| 598|0x00000000e5600000, 0x00000000e5600000, 0x00000000e5700000|  0%| F|  |TAMS 0x00000000e5600000, 0x00000000e5600000| Untracked 
| 599|0x00000000e5700000, 0x00000000e5700000, 0x00000000e5800000|  0%| F|  |TAMS 0x00000000e5700000, 0x00000000e5700000| Untracked 
| 600|0x00000000e5800000, 0x00000000e5800000, 0x00000000e5900000|  0%| F|  |TAMS 0x00000000e5800000, 0x00000000e5800000| Untracked 
| 601|0x00000000e5900000, 0x00000000e5900000, 0x00000000e5a00000|  0%| F|  |TAMS 0x00000000e5900000, 0x00000000e5900000| Untracked 
| 602|0x00000000e5a00000, 0x00000000e5a00000, 0x00000000e5b00000|  0%| F|  |TAMS 0x00000000e5a00000, 0x00000000e5a00000| Untracked 
| 603|0x00000000e5b00000, 0x00000000e5b00000, 0x00000000e5c00000|  0%| F|  |TAMS 0x00000000e5b00000, 0x00000000e5b00000| Untracked 
| 604|0x00000000e5c00000, 0x00000000e5c00000, 0x00000000e5d00000|  0%| F|  |TAMS 0x00000000e5c00000, 0x00000000e5c00000| Untracked 
| 605|0x00000000e5d00000, 0x00000000e5d00000, 0x00000000e5e00000|  0%| F|  |TAMS 0x00000000e5d00000, 0x00000000e5d00000| Untracked 
| 606|0x00000000e5e00000, 0x00000000e5e00000, 0x00000000e5f00000|  0%| F|  |TAMS 0x00000000e5e00000, 0x00000000e5e00000| Untracked 
| 607|0x00000000e5f00000, 0x00000000e5f00000, 0x00000000e6000000|  0%| F|  |TAMS 0x00000000e5f00000, 0x00000000e5f00000| Untracked 
| 608|0x00000000e6000000, 0x00000000e6000000, 0x00000000e6100000|  0%| F|  |TAMS 0x00000000e6000000, 0x00000000e6000000| Untracked 
| 609|0x00000000e6100000, 0x00000000e6100000, 0x00000000e6200000|  0%| F|  |TAMS 0x00000000e6100000, 0x00000000e6100000| Untracked 
| 610|0x00000000e6200000, 0x00000000e6200000, 0x00000000e6300000|  0%| F|  |TAMS 0x00000000e6200000, 0x00000000e6200000| Untracked 
| 611|0x00000000e6300000, 0x00000000e6300000, 0x00000000e6400000|  0%| F|  |TAMS 0x00000000e6300000, 0x00000000e6300000| Untracked 
| 612|0x00000000e6400000, 0x00000000e6400000, 0x00000000e6500000|  0%| F|  |TAMS 0x00000000e6400000, 0x00000000e6400000| Untracked 
| 613|0x00000000e6500000, 0x00000000e6500000, 0x00000000e6600000|  0%| F|  |TAMS 0x00000000e6500000, 0x00000000e6500000| Untracked 
| 614|0x00000000e6600000, 0x00000000e6600000, 0x00000000e6700000|  0%| F|  |TAMS 0x00000000e6600000, 0x00000000e6600000| Untracked 
| 615|0x00000000e6700000, 0x00000000e6700000, 0x00000000e6800000|  0%| F|  |TAMS 0x00000000e6700000, 0x00000000e6700000| Untracked 
| 616|0x00000000e6800000, 0x00000000e6800000, 0x00000000e6900000|  0%| F|  |TAMS 0x00000000e6800000, 0x00000000e6800000| Untracked 
| 617|0x00000000e6900000, 0x00000000e6900000, 0x00000000e6a00000|  0%| F|  |TAMS 0x00000000e6900000, 0x00000000e6900000| Untracked 
| 618|0x00000000e6a00000, 0x00000000e6a00000, 0x00000000e6b00000|  0%| F|  |TAMS 0x00000000e6a00000, 0x00000000e6a00000| Untracked 
| 619|0x00000000e6b00000, 0x00000000e6b00000, 0x00000000e6c00000|  0%| F|  |TAMS 0x00000000e6b00000, 0x00000000e6b00000| Untracked 
| 620|0x00000000e6c00000, 0x00000000e6c00000, 0x00000000e6d00000|  0%| F|  |TAMS 0x00000000e6c00000, 0x00000000e6c00000| Untracked 
| 621|0x00000000e6d00000, 0x00000000e6d00000, 0x00000000e6e00000|  0%| F|  |TAMS 0x00000000e6d00000, 0x00000000e6d00000| Untracked 
| 622|0x00000000e6e00000, 0x00000000e6e00000, 0x00000000e6f00000|  0%| F|  |TAMS 0x00000000e6e00000, 0x00000000e6e00000| Untracked 
| 623|0x00000000e6f00000, 0x00000000e6f00000, 0x00000000e7000000|  0%| F|  |TAMS 0x00000000e6f00000, 0x00000000e6f00000| Untracked 
| 624|0x00000000e7000000, 0x00000000e7000000, 0x00000000e7100000|  0%| F|  |TAMS 0x00000000e7000000, 0x00000000e7000000| Untracked 
| 625|0x00000000e7100000, 0x00000000e7100000, 0x00000000e7200000|  0%| F|  |TAMS 0x00000000e7100000, 0x00000000e7100000| Untracked 
| 626|0x00000000e7200000, 0x00000000e7200000, 0x00000000e7300000|  0%| F|  |TAMS 0x00000000e7200000, 0x00000000e7200000| Untracked 
| 627|0x00000000e7300000, 0x00000000e7300000, 0x00000000e7400000|  0%| F|  |TAMS 0x00000000e7300000, 0x00000000e7300000| Untracked 
| 628|0x00000000e7400000, 0x00000000e7400000, 0x00000000e7500000|  0%| F|  |TAMS 0x00000000e7400000, 0x00000000e7400000| Untracked 
| 629|0x00000000e7500000, 0x00000000e7500000, 0x00000000e7600000|  0%| F|  |TAMS 0x00000000e7500000, 0x00000000e7500000| Untracked 
| 630|0x00000000e7600000, 0x00000000e7600000, 0x00000000e7700000|  0%| F|  |TAMS 0x00000000e7600000, 0x00000000e7600000| Untracked 
| 631|0x00000000e7700000, 0x00000000e7700000, 0x00000000e7800000|  0%| F|  |TAMS 0x00000000e7700000, 0x00000000e7700000| Untracked 
| 632|0x00000000e7800000, 0x00000000e7800000, 0x00000000e7900000|  0%| F|  |TAMS 0x00000000e7800000, 0x00000000e7800000| Untracked 
| 633|0x00000000e7900000, 0x00000000e7900000, 0x00000000e7a00000|  0%| F|  |TAMS 0x00000000e7900000, 0x00000000e7900000| Untracked 
| 634|0x00000000e7a00000, 0x00000000e7a00000, 0x00000000e7b00000|  0%| F|  |TAMS 0x00000000e7a00000, 0x00000000e7a00000| Untracked 
| 635|0x00000000e7b00000, 0x00000000e7b00000, 0x00000000e7c00000|  0%| F|  |TAMS 0x00000000e7b00000, 0x00000000e7b00000| Untracked 
| 636|0x00000000e7c00000, 0x00000000e7c00000, 0x00000000e7d00000|  0%| F|  |TAMS 0x00000000e7c00000, 0x00000000e7c00000| Untracked 
| 637|0x00000000e7d00000, 0x00000000e7d00000, 0x00000000e7e00000|  0%| F|  |TAMS 0x00000000e7d00000, 0x00000000e7d00000| Untracked 
| 638|0x00000000e7e00000, 0x00000000e7e00000, 0x00000000e7f00000|  0%| F|  |TAMS 0x00000000e7e00000, 0x00000000e7e00000| Untracked 
| 639|0x00000000e7f00000, 0x00000000e7f00000, 0x00000000e8000000|  0%| F|  |TAMS 0x00000000e7f00000, 0x00000000e7f00000| Untracked 
| 640|0x00000000e8000000, 0x00000000e8000000, 0x00000000e8100000|  0%| F|  |TAMS 0x00000000e8000000, 0x00000000e8000000| Untracked 
| 641|0x00000000e8100000, 0x00000000e8100000, 0x00000000e8200000|  0%| F|  |TAMS 0x00000000e8100000, 0x00000000e8100000| Untracked 
| 642|0x00000000e8200000, 0x00000000e8200000, 0x00000000e8300000|  0%| F|  |TAMS 0x00000000e8200000, 0x00000000e8200000| Untracked 
| 643|0x00000000e8300000, 0x00000000e8300000, 0x00000000e8400000|  0%| F|  |TAMS 0x00000000e8300000, 0x00000000e8300000| Untracked 
| 644|0x00000000e8400000, 0x00000000e8400000, 0x00000000e8500000|  0%| F|  |TAMS 0x00000000e8400000, 0x00000000e8400000| Untracked 
| 645|0x00000000e8500000, 0x00000000e8500000, 0x00000000e8600000|  0%| F|  |TAMS 0x00000000e8500000, 0x00000000e8500000| Untracked 
| 646|0x00000000e8600000, 0x00000000e8600000, 0x00000000e8700000|  0%| F|  |TAMS 0x00000000e8600000, 0x00000000e8600000| Untracked 
| 647|0x00000000e8700000, 0x00000000e8700000, 0x00000000e8800000|  0%| F|  |TAMS 0x00000000e8700000, 0x00000000e8700000| Untracked 
| 648|0x00000000e8800000, 0x00000000e8800000, 0x00000000e8900000|  0%| F|  |TAMS 0x00000000e8800000, 0x00000000e8800000| Untracked 
| 649|0x00000000e8900000, 0x00000000e8900000, 0x00000000e8a00000|  0%| F|  |TAMS 0x00000000e8900000, 0x00000000e8900000| Untracked 
| 650|0x00000000e8a00000, 0x00000000e8a00000, 0x00000000e8b00000|  0%| F|  |TAMS 0x00000000e8a00000, 0x00000000e8a00000| Untracked 
| 651|0x00000000e8b00000, 0x00000000e8b00000, 0x00000000e8c00000|  0%| F|  |TAMS 0x00000000e8b00000, 0x00000000e8b00000| Untracked 
| 652|0x00000000e8c00000, 0x00000000e8c00000, 0x00000000e8d00000|  0%| F|  |TAMS 0x00000000e8c00000, 0x00000000e8c00000| Untracked 
| 653|0x00000000e8d00000, 0x00000000e8d00000, 0x00000000e8e00000|  0%| F|  |TAMS 0x00000000e8d00000, 0x00000000e8d00000| Untracked 
| 654|0x00000000e8e00000, 0x00000000e8e00000, 0x00000000e8f00000|  0%| F|  |TAMS 0x00000000e8e00000, 0x00000000e8e00000| Untracked 
| 655|0x00000000e8f00000, 0x00000000e8f00000, 0x00000000e9000000|  0%| F|  |TAMS 0x00000000e8f00000, 0x00000000e8f00000| Untracked 
| 656|0x00000000e9000000, 0x00000000e9000000, 0x00000000e9100000|  0%| F|  |TAMS 0x00000000e9000000, 0x00000000e9000000| Untracked 
| 657|0x00000000e9100000, 0x00000000e9100000, 0x00000000e9200000|  0%| F|  |TAMS 0x00000000e9100000, 0x00000000e9100000| Untracked 
| 658|0x00000000e9200000, 0x00000000e92829c8, 0x00000000e9300000| 51%| E|  |TAMS 0x00000000e9200000, 0x00000000e9200000| Complete 
| 659|0x00000000e9300000, 0x00000000e9400000, 0x00000000e9400000|100%| E|CS|TAMS 0x00000000e9300000, 0x00000000e9300000| Complete 
| 660|0x00000000e9400000, 0x00000000e9500000, 0x00000000e9500000|100%| E|CS|TAMS 0x00000000e9400000, 0x00000000e9400000| Complete 
| 661|0x00000000e9500000, 0x00000000e9600000, 0x00000000e9600000|100%| E|CS|TAMS 0x00000000e9500000, 0x00000000e9500000| Complete 
| 662|0x00000000e9600000, 0x00000000e9700000, 0x00000000e9700000|100%| E|CS|TAMS 0x00000000e9600000, 0x00000000e9600000| Complete 
| 663|0x00000000e9700000, 0x00000000e9800000, 0x00000000e9800000|100%| E|CS|TAMS 0x00000000e9700000, 0x00000000e9700000| Complete 
| 664|0x00000000e9800000, 0x00000000e9900000, 0x00000000e9900000|100%| E|CS|TAMS 0x00000000e9800000, 0x00000000e9800000| Complete 

Card table byte_map: [0x00007f1ac33f8000,0x00007f1ac35f8000] _byte_map_base: 0x00007f1ac2df8000

Marking Bits (Prev, Next): (CMBitMap*) 0x00007f1ae00458f0, (CMBitMap*) 0x00007f1ae00458b8
 Prev Bits: [0x00007f1ac11f8000, 0x00007f1ac21f8000)
 Next Bits: [0x00007f1ac21f8000, 0x00007f1ac31f8000)

Polling page: 0x00007f1ae99d2000

Metaspace:

Usage:
  Non-class:      6.29 MB capacity,     6.20 MB ( 99%) used,    86.03 KB (  1%) free+waste,     3.25 KB ( <1%) overhead. 
      Class:    630.00 KB capacity,   593.40 KB ( 94%) used,    35.29 KB (  6%) free+waste,     1.31 KB ( <1%) overhead. 
       Both:      6.90 MB capacity,     6.78 MB ( 98%) used,   121.32 KB (  2%) free+waste,     4.56 KB ( <1%) overhead. 

Virtual space:
  Non-class space:        8.00 MB reserved,       6.50 MB ( 81%) committed 
      Class space:        1.00 GB reserved,     640.00 KB ( <1%) committed 
             Both:        1.01 GB reserved,       7.12 MB ( <1%) committed 

Chunk freelists:
   Non-Class:  7.00 KB
       Class:  1.25 KB
        Both:  8.25 KB

CodeHeap 'non-profiled nmethods': size=118600Kb used=587Kb max_used=587Kb free=118012Kb
 bounds [0x00007f1ad05b9000, 0x00007f1ad0829000, 0x00007f1ad798b000]
CodeHeap 'profiled nmethods': size=118596Kb used=932Kb max_used=932Kb free=117663Kb
 bounds [0x00007f1ac91e8000, 0x00007f1ac9458000, 0x00007f1ad05b9000]
CodeHeap 'non-nmethods': size=8564Kb used=1609Kb max_used=1649Kb free=6954Kb
 bounds [0x00007f1ac898b000, 0x00007f1ac8bfb000, 0x00007f1ac91e8000]
 total_blobs=1171 nmethods=507 adapters=261
 compilation: enabled
              stopped_count=0, restarted_count=0
 full_count=0

Compilation events (10 events):
Event: 0.894 Thread 0x00007f1a8c07d000 nmethod 502% 0x00007f1ac92b5610 code [0x00007f1ac92b5ec0, 0x00007f1ac92bc158]
Event: 0.895 Thread 0x00007f1ae039b800  503 % !   3       org.usadellab.trimmomatic.threading.BlockOfWork::processPE @ 219 (668 bytes)
Event: 0.899 Thread 0x00007f1ae039b800 nmethod 503% 0x00007f1ac92be310 code [0x00007f1ac92bebc0, 0x00007f1ac92c4bf8]
Event: 0.901 Thread 0x00007f1a8c07d000  504   !   3       org.usadellab.trimmomatic.threading.BlockOfWork::processPE (668 bytes)
Event: 0.906 Thread 0x00007f1a8c07d000 nmethod 504 0x00007f1ac92c6d10 code [0x00007f1ac92c7700, 0x00007f1ac92ce578]
Event: 0.969 Thread 0x00007f1a8c19a800  506 % !   4       org.usadellab.trimmomatic.threading.BlockOfWork::processPE @ 263 (668 bytes)
Event: 1.039 Thread 0x00007f1a8c19a800 nmethod 506% 0x00007f1ad0637c90 code [0x00007f1ad0637ee0, 0x00007f1ad063a7f8]
Event: 1.245 Thread 0x00007f1ae039b800  507       3       java.lang.invoke.VarForm::getMemberName (21 bytes)
Event: 1.245 Thread 0x00007f1ae039b800 nmethod 507 0x00007f1ac92d0e10 code [0x00007f1ac92d0fe0, 0x00007f1ac92d1228]
Event: 1.430 Thread 0x00007f1ae0399800 nmethod 470 0x00007f1ad063b990 code [0x00007f1ad063bfc0, 0x00007f1ad0644f20]

GC Heap History (10 events):
Event: 1.182 GC heap before
{Heap before GC invocations=15 (full 0):
 garbage-first heap   total 647168K, used 481536K [0x00000000c0000000, 0x0000000100000000)
  region size 1024K, 130 young (133120K), 14 survivors (14336K)
 Metaspace       used 6940K, capacity 7066K, committed 7296K, reserved 1056768K
  class space    used 593K, capacity 630K, committed 640K, reserved 1048576K
}
Event: 1.188 GC heap after
{Heap after GC invocations=16 (full 0):
 garbage-first heap   total 647168K, used 383632K [0x00000000c0000000, 0x0000000100000000)
  region size 1024K, 17 young (17408K), 17 survivors (17408K)
 Metaspace       used 6940K, capacity 7066K, committed 7296K, reserved 1056768K
  class space    used 593K, capacity 630K, committed 640K, reserved 1048576K
}
Event: 1.236 GC heap before
{Heap before GC invocations=17 (full 0):
 garbage-first heap   total 647168K, used 501392K [0x00000000c0000000, 0x0000000100000000)
  region size 1024K, 133 young (136192K), 17 survivors (17408K)
 Metaspace       used 6940K, capacity 7066K, committed 7296K, reserved 1056768K
  class space    used 593K, capacity 630K, committed 640K, reserved 1048576K
}
Event: 1.244 GC heap after
{Heap after GC invocations=18 (full 0):
 garbage-first heap   total 647168K, used 403660K [0x00000000c0000000, 0x0000000100000000)
  region size 1024K, 17 young (17408K), 17 survivors (17408K)
 Metaspace       used 6940K, capacity 7066K, committed 7296K, reserved 1056768K
  class space    used 593K, capacity 630K, committed 640K, reserved 1048576K
}
Event: 1.292 GC heap before
{Heap before GC invocations=18 (full 0):
 garbage-first heap   total 647168K, used 515276K [0x00000000c0000000, 0x0000000100000000)
  region size 1024K, 126 young (129024K), 17 survivors (17408K)
 Metaspace       used 6940K, capacity 7066K, committed 7296K, reserved 1056768K
  class space    used 593K, capacity 630K, committed 640K, reserved 1048576K
}
Event: 1.299 GC heap after
{Heap after GC invocations=19 (full 0):
 garbage-first heap   total 647168K, used 418158K [0x00000000c0000000, 0x0000000100000000)
  region size 1024K, 13 young (13312K), 13 survivors (13312K)
 Metaspace       used 6940K, capacity 7066K, committed 7296K, reserved 1056768K
  class space    used 593K, capacity 630K, committed 640K, reserved 1048576K
}
Event: 1.358 GC heap before
{Heap before GC invocations=19 (full 0):
 garbage-first heap   total 647168K, used 525678K [0x00000000c0000000, 0x0000000100000000)
  region size 1024K, 118 young (120832K), 13 survivors (13312K)
 Metaspace       used 6940K, capacity 7066K, committed 7296K, reserved 1056768K
  class space    used 593K, capacity 630K, committed 640K, reserved 1048576K
}
Event: 1.363 GC heap after
{Heap after GC invocations=20 (full 0):
 garbage-first heap   total 680960K, used 425798K [0x00000000c0000000, 0x0000000100000000)
  region size 1024K, 8 young (8192K), 8 survivors (8192K)
 Metaspace       used 6940K, capacity 7066K, committed 7296K, reserved 1056768K
  class space    used 593K, capacity 630K, committed 640K, reserved 1048576K
}
Event: 1.424 GC heap before
{Heap before GC invocations=21 (full 0):
 garbage-first heap   total 680960K, used 546630K [0x00000000c0000000, 0x0000000100000000)
  region size 1024K, 126 young (129024K), 8 survivors (8192K)
 Metaspace       used 6940K, capacity 7066K, committed 7296K, reserved 1056768K
  class space    used 593K, capacity 630K, committed 640K, reserved 1048576K
}
Event: 1.428 GC heap after
{Heap after GC invocations=22 (full 0):
 garbage-first heap   total 680960K, used 427434K [0x00000000c0000000, 0x0000000100000000)
  region size 1024K, 10 young (10240K), 10 survivors (10240K)
 Metaspace       used 6940K, capacity 7066K, committed 7296K, reserved 1056768K
  class space    used 593K, capacity 630K, committed 640K, reserved 1048576K
}

Deoptimization events (10 events):
Event: 0.563 Thread 0x00007f1ae05c0800 Uncommon trap: reason=profile_predicate action=maybe_recompile pc=0x00007f1ad06230c4 method=org.usadellab.trimmomatic.trim.IlluminaClippingTrimmer.packSeqInternal(Ljava/lang/String;Z)[J @ 27 c2
Event: 0.563 Thread 0x00007f1ae0600000 Uncommon trap: reason=profile_predicate action=maybe_recompile pc=0x00007f1ad06230c4 method=org.usadellab.trimmomatic.trim.IlluminaClippingTrimmer.packSeqInternal(Ljava/lang/String;Z)[J @ 27 c2
Event: 0.563 Thread 0x00007f1ae05be800 Uncommon trap: reason=profile_predicate action=maybe_recompile pc=0x00007f1ad06230c4 method=org.usadellab.trimmomatic.trim.IlluminaClippingTrimmer.packSeqInternal(Ljava/lang/String;Z)[J @ 27 c2
Event: 0.564 Thread 0x00007f1ae05be800 Uncommon trap: reason=profile_predicate action=maybe_recompile pc=0x00007f1ad06230c4 method=org.usadellab.trimmomatic.trim.IlluminaClippingTrimmer.packSeqInternal(Ljava/lang/String;Z)[J @ 27 c2
Event: 0.570 Thread 0x00007f1ae0600000 Uncommon trap: reason=profile_predicate action=maybe_recompile pc=0x00007f1ad0613694 method=org.usadellab.trimmomatic.trim.IlluminaClippingTrimmer$IlluminaPrefixPair.calculatePalindromeDifferenceQuality(Lorg/usadellab/trimmomatic/fastq/FastqRecord;Lorg/us
Event: 0.598 Thread 0x00007f1ae05be800 Uncommon trap: reason=profile_predicate action=maybe_recompile pc=0x00007f1ad06273ac method=org.usadellab.trimmomatic.trim.IlluminaClippingTrimmer.packSeqInternal(Ljava/lang/String;Z)[J @ 95 c2
Event: 0.598 Thread 0x00007f1ae05c0800 Uncommon trap: reason=profile_predicate action=maybe_recompile pc=0x00007f1ad06273ac method=org.usadellab.trimmomatic.trim.IlluminaClippingTrimmer.packSeqInternal(Ljava/lang/String;Z)[J @ 95 c2
Event: 0.619 Thread 0x00007f1ae0600000 Uncommon trap: reason=unstable_if action=reinterpret pc=0x00007f1ad0607c0c method=java.lang.Integer.compare(II)I @ 11 c2
Event: 0.675 Thread 0x00007f1ae05c0800 Uncommon trap: reason=unstable_if action=reinterpret pc=0x00007f1ad062c05c method=java.lang.Integer.compare(II)I @ 11 c2
Event: 0.750 Thread 0x00007f1ae05be800 Uncommon trap: reason=unstable_if action=reinterpret pc=0x00007f1ad06093b4 method=org.usadellab.trimmomatic.trim.SlidingWindowTrimmer.processRecord(Lorg/usadellab/trimmomatic/fastq/FastqRecord;)Lorg/usadellab/trimmomatic/fastq/FastqRecord; @ 51 c2

Classes redefined (0 events):
No events

Internal exceptions (0 events):
No events

Events (10 events):
Event: 1.292 Executing VM operation: G1CollectForAllocation
Event: 1.299 Executing VM operation: G1CollectForAllocation done
Event: 1.357 Executing VM operation: G1CollectForAllocation
Event: 1.363 Executing VM operation: G1CollectForAllocation done
Event: 1.364 Executing VM operation: CGC_Operation
Event: 1.367 Executing VM operation: CGC_Operation done
Event: 1.393 Executing VM operation: CGC_Operation
Event: 1.393 Executing VM operation: CGC_Operation done
Event: 1.424 Executing VM operation: G1CollectForAllocation
Event: 1.428 Executing VM operation: G1CollectForAllocation done


Dynamic libraries:
00400000-00401000 r-xp 00000000 08:01 88103908400                        /disks/home/carter/miniconda3/envs/sunbeam_env/lib/python3.12/site-packages/.snakemake/18046089d56456cc33fbaf0d3e93b761_/bin/java
00601000-00602000 rw-p 00001000 08:01 88103908400                        /disks/home/carter/miniconda3/envs/sunbeam_env/lib/python3.12/site-packages/.snakemake/18046089d56456cc33fbaf0d3e93b761_/bin/java
00ee8000-00f09000 rw-p 00000000 00:00 0                                  [heap]
c0000000-e9900000 rw-p 00000000 00:00 0 
e9900000-100000000 ---p 00000000 00:00 0 
100000000-1000a0000 rw-p 00000000 00:00 0 
1000a0000-140000000 ---p 00000000 00:00 0 
7f19dc000000-7f19dc021000 rw-p 00000000 00:00 0 
7f19dc021000-7f19e0000000 ---p 00000000 00:00 0 
7f19e0000000-7f19e0021000 rw-p 00000000 00:00 0 
7f19e0021000-7f19e4000000 ---p 00000000 00:00 0 
7f19e4000000-7f19e4021000 rw-p 00000000 00:00 0 
7f19e4021000-7f19e8000000 ---p 00000000 00:00 0 
7f19e8000000-7f19e8021000 rw-p 00000000 00:00 0 
7f19e8021000-7f19ec000000 ---p 00000000 00:00 0 
7f19ec000000-7f19ec021000 rw-p 00000000 00:00 0 
7f19ec021000-7f19f0000000 ---p 00000000 00:00 0 
7f19f0000000-7f19f0021000 rw-p 00000000 00:00 0 
7f19f0021000-7f19f4000000 ---p 00000000 00:00 0 
7f19f4000000-7f19f4021000 rw-p 00000000 00:00 0 
7f19f4021000-7f19f8000000 ---p 00000000 00:00 0 
7f19fb698000-7f19fb8f2000 rw-p 00000000 00:00 0 
7f19fb8f2000-7f19fb8f3000 ---p 00000000 00:00 0 
7f19fb8f3000-7f19fb9f4000 rw-p 00000000 00:00 0 
7f19fb9f4000-7f19fb9f5000 ---p 00000000 00:00 0 
7f19fb9f5000-7f19fbaf6000 rw-p 00000000 00:00 0 
7f19fbaf6000-7f19fbaf7000 ---p 00000000 00:00 0 
7f19fbaf7000-7f19fbbf8000 rw-p 00000000 00:00 0 
7f19fbbf8000-7f19fbbf9000 ---p 00000000 00:00 0 
7f19fbbf9000-7f19fbcfa000 rw-p 00000000 00:00 0 
7f19fbcfa000-7f19fbcfb000 ---p 00000000 00:00 0 
7f19fbcfb000-7f19fbdfc000 rw-p 00000000 00:00 0 
7f19fbdfc000-7f19fbdfd000 ---p 00000000 00:00 0 
7f19fbdfd000-7f19fbefe000 rw-p 00000000 00:00 0 
7f19fbefe000-7f19fbeff000 ---p 00000000 00:00 0 
7f19fbeff000-7f19fc000000 rw-p 00000000 00:00 0 
7f19fc000000-7f19fc033000 rw-p 00000000 00:00 0 
7f19fc033000-7f1a00000000 ---p 00000000 00:00 0 
7f1a00000000-7f1a00021000 rw-p 00000000 00:00 0 
7f1a00021000-7f1a04000000 ---p 00000000 00:00 0 
7f1a04000000-7f1a04021000 rw-p 00000000 00:00 0 
7f1a04021000-7f1a08000000 ---p 00000000 00:00 0 
7f1a08000000-7f1a08021000 rw-p 00000000 00:00 0 
7f1a08021000-7f1a0c000000 ---p 00000000 00:00 0 
7f1a0c000000-7f1a0c021000 rw-p 00000000 00:00 0 
7f1a0c021000-7f1a10000000 ---p 00000000 00:00 0 
7f1a10000000-7f1a10021000 rw-p 00000000 00:00 0 
7f1a10021000-7f1a14000000 ---p 00000000 00:00 0 
7f1a14000000-7f1a14032000 rw-p 00000000 00:00 0 
7f1a14032000-7f1a18000000 ---p 00000000 00:00 0 
7f1a18000000-7f1a18021000 rw-p 00000000 00:00 0 
7f1a18021000-7f1a1c000000 ---p 00000000 00:00 0 
7f1a1c000000-7f1a1c3ad000 rw-p 00000000 00:00 0 
7f1a1c3ad000-7f1a20000000 ---p 00000000 00:00 0 
7f1a20000000-7f1a20192000 rw-p 00000000 00:00 0 
7f1a20192000-7f1a24000000 ---p 00000000 00:00 0 
7f1a24000000-7f1a2445f000 rw-p 00000000 00:00 0 
7f1a2445f000-7f1a28000000 ---p 00000000 00:00 0 
7f1a28000000-7f1a28068000 rw-p 00000000 00:00 0 
7f1a28068000-7f1a2c000000 ---p 00000000 00:00 0 
7f1a2c000000-7f1a2c021000 rw-p 00000000 00:00 0 
7f1a2c021000-7f1a30000000 ---p 00000000 00:00 0 
7f1a30000000-7f1a303a0000 rw-p 00000000 00:00 0 
7f1a303a0000-7f1a34000000 ---p 00000000 00:00 0 
7f1a34000000-7f1a34021000 rw-p 00000000 00:00 0 
7f1a34021000-7f1a38000000 ---p 00000000 00:00 0 
7f1a38000000-7f1a38021000 rw-p 00000000 00:00 0 
7f1a38021000-7f1a3c000000 ---p 00000000 00:00 0 
7f1a3c000000-7f1a3c021000 rw-p 00000000 00:00 0 
7f1a3c021000-7f1a40000000 ---p 00000000 00:00 0 
7f1a40000000-7f1a40021000 rw-p 00000000 00:00 0 
7f1a40021000-7f1a44000000 ---p 00000000 00:00 0 
7f1a44000000-7f1a44021000 rw-p 00000000 00:00 0 
7f1a44021000-7f1a48000000 ---p 00000000 00:00 0 
7f1a48000000-7f1a48021000 rw-p 00000000 00:00 0 
7f1a48021000-7f1a4c000000 ---p 00000000 00:00 0 
7f1a4c000000-7f1a4c021000 rw-p 00000000 00:00 0 
7f1a4c021000-7f1a50000000 ---p 00000000 00:00 0 
7f1a50000000-7f1a50021000 rw-p 00000000 00:00 0 
7f1a50021000-7f1a54000000 ---p 00000000 00:00 0 
7f1a54000000-7f1a54021000 rw-p 00000000 00:00 0 
7f1a54021000-7f1a58000000 ---p 00000000 00:00 0 
7f1a58000000-7f1a58021000 rw-p 00000000 00:00 0 
7f1a58021000-7f1a5c000000 ---p 00000000 00:00 0 
7f1a5c000000-7f1a5c6a9000 rw-p 00000000 00:00 0 
7f1a5c6a9000-7f1a60000000 ---p 00000000 00:00 0 
7f1a60000000-7f1a60021000 rw-p 00000000 00:00 0 
7f1a60021000-7f1a64000000 ---p 00000000 00:00 0 
7f1a64000000-7f1a64021000 rw-p 00000000 00:00 0 
7f1a64021000-7f1a68000000 ---p 00000000 00:00 0 
7f1a68000000-7f1a68021000 rw-p 00000000 00:00 0 
7f1a68021000-7f1a6c000000 ---p 00000000 00:00 0 
7f1a6c000000-7f1a6c021000 rw-p 00000000 00:00 0 
7f1a6c021000-7f1a70000000 ---p 00000000 00:00 0 
7f1a70000000-7f1a70021000 rw-p 00000000 00:00 0 
7f1a70021000-7f1a74000000 ---p 00000000 00:00 0 
7f1a74000000-7f1a74021000 rw-p 00000000 00:00 0 
7f1a74021000-7f1a78000000 ---p 00000000 00:00 0 
7f1a78000000-7f1a78021000 rw-p 00000000 00:00 0 
7f1a78021000-7f1a7c000000 ---p 00000000 00:00 0 
7f1a7c000000-7f1a7c021000 rw-p 00000000 00:00 0 
7f1a7c021000-7f1a80000000 ---p 00000000 00:00 0 
7f1a80000000-7f1a80021000 rw-p 00000000 00:00 0 
7f1a80021000-7f1a84000000 ---p 00000000 00:00 0 
7f1a84000000-7f1a841b9000 rw-p 00000000 00:00 0 
7f1a841b9000-7f1a88000000 ---p 00000000 00:00 0 
7f1a88000000-7f1a88021000 rw-p 00000000 00:00 0 
7f1a88021000-7f1a8c000000 ---p 00000000 00:00 0 
7f1a8c000000-7f1a8c217000 rw-p 00000000 00:00 0 
7f1a8c217000-7f1a90000000 ---p 00000000 00:00 0 
7f1a90000000-7f1a90021000 rw-p 00000000 00:00 0 
7f1a90021000-7f1a94000000 ---p 00000000 00:00 0 
7f1a94000000-7f1a94021000 rw-p 00000000 00:00 0 
7f1a94021000-7f1a98000000 ---p 00000000 00:00 0 
7f1a98000000-7f1a991b3000 rw-p 00000000 00:00 0 
7f1a991b3000-7f1a9c000000 ---p 00000000 00:00 0 
7f1a9c000000-7f1a9c021000 rw-p 00000000 00:00 0 
7f1a9c021000-7f1aa0000000 ---p 00000000 00:00 0 
7f1aa0000000-7f1aa0021000 rw-p 00000000 00:00 0 
7f1aa0021000-7f1aa4000000 ---p 00000000 00:00 0 
7f1aa4000000-7f1aa4021000 rw-p 00000000 00:00 0 
7f1aa4021000-7f1aa8000000 ---p 00000000 00:00 0 
7f1aa8000000-7f1aa80af000 rw-p 00000000 00:00 0 
7f1aa80af000-7f1aac000000 ---p 00000000 00:00 0 
7f1aac000000-7f1aac021000 rw-p 00000000 00:00 0 
7f1aac021000-7f1ab0000000 ---p 00000000 00:00 0 
7f1ab00f2000-7f1ab00f3000 ---p 00000000 00:00 0 
7f1ab00f3000-7f1ab01f4000 rw-p 00000000 00:00 0 
7f1ab01f4000-7f1ab01f5000 ---p 00000000 00:00 0 
7f1ab01f5000-7f1ab02f6000 rw-p 00000000 00:00 0 
7f1ab02f6000-7f1ab02f7000 ---p 00000000 00:00 0 
7f1ab02f7000-7f1ab03f8000 rw-p 00000000 00:00 0 
7f1ab03f8000-7f1ab03f9000 ---p 00000000 00:00 0 
7f1ab03f9000-7f1ab04fa000 rw-p 00000000 00:00 0 
7f1ab04fa000-7f1ab04fb000 ---p 00000000 00:00 0 
7f1ab04fb000-7f1ab05fc000 rw-p 00000000 00:00 0 
7f1ab05fc000-7f1ab05fd000 ---p 00000000 00:00 0 
7f1ab05fd000-7f1ab06fe000 rw-p 00000000 00:00 0 
7f1ab06fe000-7f1ab06ff000 ---p 00000000 00:00 0 
7f1ab06ff000-7f1ab0800000 rw-p 00000000 00:00 0 
7f1ab0800000-7f1ab0804000 ---p 00000000 00:00 0 
7f1ab0804000-7f1ab0901000 rw-p 00000000 00:00 0 
7f1ab0901000-7f1ab0905000 ---p 00000000 00:00 0 
7f1ab0905000-7f1ab0a02000 rw-p 00000000 00:00 0 
7f1ab0a02000-7f1ab0a06000 ---p 00000000 00:00 0 
7f1ab0a06000-7f1ab0b03000 rw-p 00000000 00:00 0 
7f1ab0b03000-7f1ab0b07000 ---p 00000000 00:00 0 
7f1ab0b07000-7f1ab0c04000 rw-p 00000000 00:00 0 
7f1ab0c04000-7f1ab0c08000 ---p 00000000 00:00 0 
7f1ab0c08000-7f1ab0d05000 rw-p 00000000 00:00 0 
7f1ab0d05000-7f1ab0d09000 ---p 00000000 00:00 0 
7f1ab0d09000-7f1ab0e06000 rw-p 00000000 00:00 0 
7f1ab0e06000-7f1ab0e0a000 ---p 00000000 00:00 0 
7f1ab0e0a000-7f1ab0f07000 rw-p 00000000 00:00 0 
7f1ab0f07000-7f1ab0f08000 ---p 00000000 00:00 0 
7f1ab0f08000-7f1ab1009000 rw-p 00000000 00:00 0 
7f1ab1009000-7f1ab100a000 ---p 00000000 00:00 0 
7f1ab100a000-7f1ab110b000 rw-p 00000000 00:00 0 
7f1ab110b000-7f1ab110c000 ---p 00000000 00:00 0 
7f1ab110c000-7f1ab120d000 rw-p 00000000 00:00 0 
7f1ab120d000-7f1ab120e000 ---p 00000000 00:00 0 
7f1ab120e000-7f1ab130f000 rw-p 00000000 00:00 0 
7f1ab130f000-7f1ab1310000 ---p 00000000 00:00 0 
7f1ab1310000-7f1ab1411000 rw-p 00000000 00:00 0 
7f1ab1411000-7f1ab1412000 ---p 00000000 00:00 0 
7f1ab1412000-7f1ab1513000 rw-p 00000000 00:00 0 
7f1ab1513000-7f1ab1514000 ---p 00000000 00:00 0 
7f1ab1514000-7f1ab1615000 rw-p 00000000 00:00 0 
7f1ab1615000-7f1ab1616000 ---p 00000000 00:00 0 
7f1ab1616000-7f1ab1717000 rw-p 00000000 00:00 0 
7f1ab1717000-7f1ab1718000 ---p 00000000 00:00 0 
7f1ab1718000-7f1ab1819000 rw-p 00000000 00:00 0 
7f1ab1819000-7f1ab181a000 ---p 00000000 00:00 0 
7f1ab181a000-7f1ab191b000 rw-p 00000000 00:00 0 
7f1ab191b000-7f1ab191c000 ---p 00000000 00:00 0 
7f1ab191c000-7f1ab1a1d000 rw-p 00000000 00:00 0 
7f1ab1a1d000-7f1ab1a21000 ---p 00000000 00:00 0 
7f1ab1a21000-7f1ab1b1e000 rw-p 00000000 00:00 0 
7f1ab1b1e000-7f1ab1b22000 ---p 00000000 00:00 0 
7f1ab1b22000-7f1ab1c1f000 rw-p 00000000 00:00 0 
7f1ab1c1f000-7f1ab1c23000 ---p 00000000 00:00 0 
7f1ab1c23000-7f1ab1d20000 rw-p 00000000 00:00 0 
7f1ab1d20000-7f1ab1d24000 ---p 00000000 00:00 0 
7f1ab1d24000-7f1ab1e21000 rw-p 00000000 00:00 0 
7f1ab1e21000-7f1ab1e25000 ---p 00000000 00:00 0 
7f1ab1e25000-7f1ab1f22000 rw-p 00000000 00:00 0 
7f1ab1f22000-7f1ab1f26000 ---p 00000000 00:00 0 
7f1ab1f26000-7f1ab2023000 rw-p 00000000 00:00 0 
7f1ab2023000-7f1ab2027000 ---p 00000000 00:00 0 
7f1ab2027000-7f1ab2124000 rw-p 00000000 00:00 0 
7f1ab2124000-7f1ab2128000 ---p 00000000 00:00 0 
7f1ab2128000-7f1ab2225000 rw-p 00000000 00:00 0 
7f1ab2225000-7f1ab223b000 r-xp 00000000 08:01 19423288832                /disks/home/carter/miniconda3/envs/sunbeam_env/lib/python3.12/site-packages/.snakemake/18046089d56456cc33fbaf0d3e93b761_/lib/libnet.so
7f1ab223b000-7f1ab243b000 ---p 00016000 08:01 19423288832                /disks/home/carter/miniconda3/envs/sunbeam_env/lib/python3.12/site-packages/.snakemake/18046089d56456cc33fbaf0d3e93b761_/lib/libnet.so
7f1ab243b000-7f1ab243c000 rw-p 00016000 08:01 19423288832                /disks/home/carter/miniconda3/envs/sunbeam_env/lib/python3.12/site-packages/.snakemake/18046089d56456cc33fbaf0d3e93b761_/lib/libnet.so
7f1ab243c000-7f1ab243e000 rw-p 0001c000 08:01 19423288832                /disks/home/carter/miniconda3/envs/sunbeam_env/lib/python3.12/site-packages/.snakemake/18046089d56456cc33fbaf0d3e93b761_/lib/libnet.so
7f1ab243e000-7f1ab244e000 r-xp 00000000 08:01 19423302152                /disks/home/carter/miniconda3/envs/sunbeam_env/lib/python3.12/site-packages/.snakemake/18046089d56456cc33fbaf0d3e93b761_/lib/libnio.so
7f1ab244e000-7f1ab264d000 ---p 00010000 08:01 19423302152                /disks/home/carter/miniconda3/envs/sunbeam_env/lib/python3.12/site-packages/.snakemake/18046089d56456cc33fbaf0d3e93b761_/lib/libnio.so
7f1ab264d000-7f1ab264e000 rw-p 0000f000 08:01 19423302152                /disks/home/carter/miniconda3/envs/sunbeam_env/lib/python3.12/site-packages/.snakemake/18046089d56456cc33fbaf0d3e93b761_/lib/libnio.so
7f1ab264e000-7f1ab2651000 rw-p 00016000 08:01 19423302152                /disks/home/carter/miniconda3/envs/sunbeam_env/lib/python3.12/site-packages/.snakemake/18046089d56456cc33fbaf0d3e93b761_/lib/libnio.so
7f1ab2651000-7f1ab2655000 ---p 00000000 00:00 0 
7f1ab2655000-7f1ab2752000 rw-p 00000000 00:00 0 
7f1ab2752000-7f1ab2753000 ---p 00000000 00:00 0 
7f1ab2753000-7f1ab2854000 rw-p 00000000 00:00 0 
7f1ab2854000-7f1ab2858000 ---p 00000000 00:00 0 
7f1ab2858000-7f1ab2955000 rw-p 00000000 00:00 0 
7f1ab2955000-7f1ab2959000 ---p 00000000 00:00 0 
7f1ab2959000-7f1ab2a56000 rw-p 00000000 00:00 0 
7f1ab2a56000-7f1ab2a5a000 ---p 00000000 00:00 0 
7f1ab2a5a000-7f1ab2b57000 rw-p 00000000 00:00 0 
7f1ab2b57000-7f1ab2b5b000 ---p 00000000 00:00 0 
7f1ab2b5b000-7f1ab2c58000 rw-p 00000000 00:00 0 
7f1ab2c58000-7f1ab2c5c000 ---p 00000000 00:00 0 
7f1ab2c5c000-7f1ab2d59000 rw-p 00000000 00:00 0 
7f1ab2d59000-7f1ab2d5d000 ---p 00000000 00:00 0 
7f1ab2d5d000-7f1ab2e5a000 rw-p 00000000 00:00 0 
7f1ab2e5a000-7f1ab2ff5000 r--p 00000000 08:12 11802570                   /usr/lib/locale/locale-archive
7f1ab2ff5000-7f1ab2ff9000 ---p 00000000 00:00 0 
7f1ab2ff9000-7f1ab30f6000 rw-p 00000000 00:00 0 
7f1ab30f6000-7f1ab30fa000 ---p 00000000 00:00 0 
7f1ab30fa000-7f1ab31f7000 rw-p 00000000 00:00 0 
7f1ab31f7000-7f1ab31f8000 ---p 00000000 00:00 0 
7f1ab31f8000-7f1ab3979000 rw-p 00000000 00:00 0 
7f1ab3979000-7f1ab3af9000 ---p 00000000 00:00 0 
7f1ab3af9000-7f1ab3afa000 ---p 00000000 00:00 0 
7f1ab3afa000-7f1ab3bfb000 rw-p 00000000 00:00 0 
7f1ab3bfb000-7f1ab3bfc000 ---p 00000000 00:00 0 
7f1ab3bfc000-7f1ab4000000 rw-p 00000000 00:00 0 
7f1ab4000000-7f1ab4021000 rw-p 00000000 00:00 0 
7f1ab4021000-7f1ab8000000 ---p 00000000 00:00 0 
7f1ab80e1000-7f1abc000000 rw-p 00000000 00:00 0 
7f1abc000000-7f1abc021000 rw-p 00000000 00:00 0 
7f1abc021000-7f1ac0000000 ---p 00000000 00:00 0 
7f1ac0083000-7f1ac0e91000 rw-p 00000000 00:00 0 
7f1ac0e91000-7f1ac0e92000 ---p 00000000 00:00 0 
7f1ac0e92000-7f1ac0f93000 rw-p 00000000 00:00 0 
7f1ac0f93000-7f1ac0f94000 ---p 00000000 00:00 0 
7f1ac0f94000-7f1ac1c5c000 rw-p 00000000 00:00 0 
7f1ac1c5c000-7f1ac21f8000 ---p 00000000 00:00 0 
7f1ac21f8000-7f1ac2c5c000 rw-p 00000000 00:00 0 
7f1ac2c5c000-7f1ac31f8000 ---p 00000000 00:00 0 
7f1ac31f8000-7f1ac3345000 rw-p 00000000 00:00 0 
7f1ac3345000-7f1ac33f8000 ---p 00000000 00:00 0 
7f1ac33f8000-7f1ac3545000 rw-p 00000000 00:00 0 
7f1ac3545000-7f1ac35f8000 ---p 00000000 00:00 0 
7f1ac35f8000-7f1ac3745000 rw-p 00000000 00:00 0 
7f1ac3745000-7f1ac37f8000 ---p 00000000 00:00 0 
7f1ac37f8000-7f1ac4000000 rw-p 00000000 00:00 0 
7f1ac4000000-7f1ac4021000 rw-p 00000000 00:00 0 
7f1ac4021000-7f1ac8000000 ---p 00000000 00:00 0 
7f1ac8001000-7f1ac898b000 rw-p 00000000 00:00 0 
7f1ac898b000-7f1ac8bfb000 rwxp 00000000 00:00 0 
7f1ac8bfb000-7f1ac91e8000 ---p 00000000 00:00 0 
7f1ac91e8000-7f1ac9458000 rwxp 00000000 00:00 0 
7f1ac9458000-7f1ad05b9000 ---p 00000000 00:00 0 
7f1ad05b9000-7f1ad0829000 rwxp 00000000 00:00 0 
7f1ad0829000-7f1ad798b000 ---p 00000000 00:00 0 
7f1ad798b000-7f1ae0000000 r--s 00000000 08:01 19423288849                /disks/home/carter/miniconda3/envs/sunbeam_env/lib/python3.12/site-packages/.snakemake/18046089d56456cc33fbaf0d3e93b761_/lib/modules
7f1ae0000000-7f1ae0607000 rw-p 00000000 00:00 0 
7f1ae0607000-7f1ae4000000 ---p 00000000 00:00 0 
7f1ae4053000-7f1ae5f72000 rw-p 00000000 00:00 0 
7f1ae5f72000-7f1ae5f73000 ---p 00000000 00:00 0 
7f1ae5f73000-7f1ae6079000 rw-p 00000000 00:00 0 
7f1ae6079000-7f1ae615c000 ---p 00000000 00:00 0 
7f1ae615c000-7f1ae6161000 rw-p 00000000 00:00 0 
7f1ae6161000-7f1ae6244000 ---p 00000000 00:00 0 
7f1ae6244000-7f1ae625e000 r-xp 00000000 08:01 19423288833                /disks/home/carter/miniconda3/envs/sunbeam_env/lib/python3.12/site-packages/.snakemake/18046089d56456cc33fbaf0d3e93b761_/lib/libjimage.so
7f1ae625e000-7f1ae645d000 ---p 0001a000 08:01 19423288833                /disks/home/carter/miniconda3/envs/sunbeam_env/lib/python3.12/site-packages/.snakemake/18046089d56456cc33fbaf0d3e93b761_/lib/libjimage.so
7f1ae645d000-7f1ae645f000 rw-p 00019000 08:01 19423288833                /disks/home/carter/miniconda3/envs/sunbeam_env/lib/python3.12/site-packages/.snakemake/18046089d56456cc33fbaf0d3e93b761_/lib/libjimage.so
7f1ae645f000-7f1ae6471000 rw-p 00000000 00:00 0 
7f1ae6471000-7f1ae6472000 rw-p 00022000 08:01 19423288833                /disks/home/carter/miniconda3/envs/sunbeam_env/lib/python3.12/site-packages/.snakemake/18046089d56456cc33fbaf0d3e93b761_/lib/libjimage.so
7f1ae6472000-7f1ae6479000 r-xp 00000000 08:01 19423309501                /disks/home/carter/miniconda3/envs/sunbeam_env/lib/python3.12/site-packages/.snakemake/18046089d56456cc33fbaf0d3e93b761_/lib/libzip.so
7f1ae6479000-7f1ae6678000 ---p 00007000 08:01 19423309501                /disks/home/carter/miniconda3/envs/sunbeam_env/lib/python3.12/site-packages/.snakemake/18046089d56456cc33fbaf0d3e93b761_/lib/libzip.so
7f1ae6678000-7f1ae6679000 rw-p 00006000 08:01 19423309501                /disks/home/carter/miniconda3/envs/sunbeam_env/lib/python3.12/site-packages/.snakemake/18046089d56456cc33fbaf0d3e93b761_/lib/libzip.so
7f1ae6679000-7f1ae667a000 rw-p 0000a000 08:01 19423309501                /disks/home/carter/miniconda3/envs/sunbeam_env/lib/python3.12/site-packages/.snakemake/18046089d56456cc33fbaf0d3e93b761_/lib/libzip.so
7f1ae667a000-7f1ae6685000 r-xp 00000000 08:12 1838898                    /lib/x86_64-linux-gnu/libnss_files-2.27.so
7f1ae6685000-7f1ae6884000 ---p 0000b000 08:12 1838898                    /lib/x86_64-linux-gnu/libnss_files-2.27.so
7f1ae6884000-7f1ae6885000 r--p 0000a000 08:12 1838898                    /lib/x86_64-linux-gnu/libnss_files-2.27.so
7f1ae6885000-7f1ae6886000 rw-p 0000b000 08:12 1838898                    /lib/x86_64-linux-gnu/libnss_files-2.27.so
7f1ae6886000-7f1ae688c000 rw-p 00000000 00:00 0 
7f1ae688c000-7f1ae68a3000 r-xp 00000000 08:12 1838895                    /lib/x86_64-linux-gnu/libnsl-2.27.so
7f1ae68a3000-7f1ae6aa2000 ---p 00017000 08:12 1838895                    /lib/x86_64-linux-gnu/libnsl-2.27.so
7f1ae6aa2000-7f1ae6aa3000 r--p 00016000 08:12 1838895                    /lib/x86_64-linux-gnu/libnsl-2.27.so
7f1ae6aa3000-7f1ae6aa4000 rw-p 00017000 08:12 1838895                    /lib/x86_64-linux-gnu/libnsl-2.27.so
7f1ae6aa4000-7f1ae6aa6000 rw-p 00000000 00:00 0 
7f1ae6aa6000-7f1ae6ab1000 r-xp 00000000 08:12 1838900                    /lib/x86_64-linux-gnu/libnss_nis-2.27.so
7f1ae6ab1000-7f1ae6cb0000 ---p 0000b000 08:12 1838900                    /lib/x86_64-linux-gnu/libnss_nis-2.27.so
7f1ae6cb0000-7f1ae6cb1000 r--p 0000a000 08:12 1838900                    /lib/x86_64-linux-gnu/libnss_nis-2.27.so
7f1ae6cb1000-7f1ae6cb2000 rw-p 0000b000 08:12 1838900                    /lib/x86_64-linux-gnu/libnss_nis-2.27.so
7f1ae6cb2000-7f1ae6cba000 r-xp 00000000 08:12 1838896                    /lib/x86_64-linux-gnu/libnss_compat-2.27.so
7f1ae6cba000-7f1ae6eba000 ---p 00008000 08:12 1838896                    /lib/x86_64-linux-gnu/libnss_compat-2.27.so
7f1ae6eba000-7f1ae6ebb000 r--p 00008000 08:12 1838896                    /lib/x86_64-linux-gnu/libnss_compat-2.27.so
7f1ae6ebb000-7f1ae6ebc000 rw-p 00009000 08:12 1838896                    /lib/x86_64-linux-gnu/libnss_compat-2.27.so
7f1ae6ebc000-7f1ae6ee7000 r-xp 00000000 08:01 19423288835                /disks/home/carter/miniconda3/envs/sunbeam_env/lib/python3.12/site-packages/.snakemake/18046089d56456cc33fbaf0d3e93b761_/lib/libjava.so
7f1ae6ee7000-7f1ae70e7000 ---p 0002b000 08:01 19423288835                /disks/home/carter/miniconda3/envs/sunbeam_env/lib/python3.12/site-packages/.snakemake/18046089d56456cc33fbaf0d3e93b761_/lib/libjava.so
7f1ae70e7000-7f1ae70e9000 rw-p 0002b000 08:01 19423288835                /disks/home/carter/miniconda3/envs/sunbeam_env/lib/python3.12/site-packages/.snakemake/18046089d56456cc33fbaf0d3e93b761_/lib/libjava.so
7f1ae70e9000-7f1ae70ed000 rw-p 00038000 08:01 19423288835                /disks/home/carter/miniconda3/envs/sunbeam_env/lib/python3.12/site-packages/.snakemake/18046089d56456cc33fbaf0d3e93b761_/lib/libjava.so
7f1ae70ed000-7f1ae70fa000 r-xp 00000000 08:01 19423302146                /disks/home/carter/miniconda3/envs/sunbeam_env/lib/python3.12/site-packages/.snakemake/18046089d56456cc33fbaf0d3e93b761_/lib/libverify.so
7f1ae70fa000-7f1ae72f9000 ---p 0000d000 08:01 19423302146                /disks/home/carter/miniconda3/envs/sunbeam_env/lib/python3.12/site-packages/.snakemake/18046089d56456cc33fbaf0d3e93b761_/lib/libverify.so
7f1ae72f9000-7f1ae72fb000 rw-p 0000c000 08:01 19423302146                /disks/home/carter/miniconda3/envs/sunbeam_env/lib/python3.12/site-packages/.snakemake/18046089d56456cc33fbaf0d3e93b761_/lib/libverify.so
7f1ae72fb000-7f1ae72fc000 rw-p 00010000 08:01 19423302146                /disks/home/carter/miniconda3/envs/sunbeam_env/lib/python3.12/site-packages/.snakemake/18046089d56456cc33fbaf0d3e93b761_/lib/libverify.so
7f1ae72fc000-7f1ae7303000 r-xp 00000000 08:12 1838905                    /lib/x86_64-linux-gnu/librt-2.27.so
7f1ae7303000-7f1ae7502000 ---p 00007000 08:12 1838905                    /lib/x86_64-linux-gnu/librt-2.27.so
7f1ae7502000-7f1ae7503000 r--p 00006000 08:12 1838905                    /lib/x86_64-linux-gnu/librt-2.27.so
7f1ae7503000-7f1ae7504000 rw-p 00007000 08:12 1838905                    /lib/x86_64-linux-gnu/librt-2.27.so
7f1ae7504000-7f1ae76a1000 r-xp 00000000 08:12 1838771                    /lib/x86_64-linux-gnu/libm-2.27.so
7f1ae76a1000-7f1ae78a0000 ---p 0019d000 08:12 1838771                    /lib/x86_64-linux-gnu/libm-2.27.so
7f1ae78a0000-7f1ae78a1000 r--p 0019c000 08:12 1838771                    /lib/x86_64-linux-gnu/libm-2.27.so
7f1ae78a1000-7f1ae78a2000 rw-p 0019d000 08:12 1838771                    /lib/x86_64-linux-gnu/libm-2.27.so
7f1ae78a2000-7f1ae8a1c000 r-xp 00000000 08:01 64549844515                /disks/home/carter/miniconda3/envs/sunbeam_env/lib/python3.12/site-packages/.snakemake/18046089d56456cc33fbaf0d3e93b761_/lib/server/libjvm.so
7f1ae8a1c000-7f1ae8c1b000 ---p 0117a000 08:01 64549844515                /disks/home/carter/miniconda3/envs/sunbeam_env/lib/python3.12/site-packages/.snakemake/18046089d56456cc33fbaf0d3e93b761_/lib/server/libjvm.so
7f1ae8c1b000-7f1ae8cfb000 r--p 01179000 08:01 64549844515                /disks/home/carter/miniconda3/envs/sunbeam_env/lib/python3.12/site-packages/.snakemake/18046089d56456cc33fbaf0d3e93b761_/lib/server/libjvm.so
7f1ae8cfb000-7f1ae8d35000 rw-p 01259000 08:01 64549844515                /disks/home/carter/miniconda3/envs/sunbeam_env/lib/python3.12/site-packages/.snakemake/18046089d56456cc33fbaf0d3e93b761_/lib/server/libjvm.so
7f1ae8d35000-7f1ae8da0000 rw-p 00000000 00:00 0 
7f1ae8da0000-7f1ae8da3000 rw-p 01641000 08:01 64549844515                /disks/home/carter/miniconda3/envs/sunbeam_env/lib/python3.12/site-packages/.snakemake/18046089d56456cc33fbaf0d3e93b761_/lib/server/libjvm.so
7f1ae8da3000-7f1ae8f8a000 r-xp 00000000 08:12 1835347                    /lib/x86_64-linux-gnu/libc-2.27.so
7f1ae8f8a000-7f1ae918a000 ---p 001e7000 08:12 1835347                    /lib/x86_64-linux-gnu/libc-2.27.so
7f1ae918a000-7f1ae918e000 r--p 001e7000 08:12 1835347                    /lib/x86_64-linux-gnu/libc-2.27.so
7f1ae918e000-7f1ae9190000 rw-p 001eb000 08:12 1835347                    /lib/x86_64-linux-gnu/libc-2.27.so
7f1ae9190000-7f1ae9194000 rw-p 00000000 00:00 0 
7f1ae9194000-7f1ae9197000 r-xp 00000000 08:12 1835492                    /lib/x86_64-linux-gnu/libdl-2.27.so
7f1ae9197000-7f1ae9396000 ---p 00003000 08:12 1835492                    /lib/x86_64-linux-gnu/libdl-2.27.so
7f1ae9396000-7f1ae9397000 r--p 00002000 08:12 1835492                    /lib/x86_64-linux-gnu/libdl-2.27.so
7f1ae9397000-7f1ae9398000 rw-p 00003000 08:12 1835492                    /lib/x86_64-linux-gnu/libdl-2.27.so
7f1ae9398000-7f1ae93a7000 r-xp 00000000 08:01 19423302148                /disks/home/carter/miniconda3/envs/sunbeam_env/lib/python3.12/site-packages/.snakemake/18046089d56456cc33fbaf0d3e93b761_/lib/libjli.so
7f1ae93a7000-7f1ae95a7000 ---p 0000f000 08:01 19423302148                /disks/home/carter/miniconda3/envs/sunbeam_env/lib/python3.12/site-packages/.snakemake/18046089d56456cc33fbaf0d3e93b761_/lib/libjli.so
7f1ae95a7000-7f1ae95a8000 rw-p 0000f000 08:01 19423302148                /disks/home/carter/miniconda3/envs/sunbeam_env/lib/python3.12/site-packages/.snakemake/18046089d56456cc33fbaf0d3e93b761_/lib/libjli.so
7f1ae95a8000-7f1ae95a9000 rw-p 00013000 08:01 19423302148                /disks/home/carter/miniconda3/envs/sunbeam_env/lib/python3.12/site-packages/.snakemake/18046089d56456cc33fbaf0d3e93b761_/lib/libjli.so
7f1ae95a9000-7f1ae95c3000 r-xp 00000000 08:12 1838903                    /lib/x86_64-linux-gnu/libpthread-2.27.so
7f1ae95c3000-7f1ae97c2000 ---p 0001a000 08:12 1838903                    /lib/x86_64-linux-gnu/libpthread-2.27.so
7f1ae97c2000-7f1ae97c3000 r--p 00019000 08:12 1838903                    /lib/x86_64-linux-gnu/libpthread-2.27.so
7f1ae97c3000-7f1ae97c4000 rw-p 0001a000 08:12 1838903                    /lib/x86_64-linux-gnu/libpthread-2.27.so
7f1ae97c4000-7f1ae97c8000 rw-p 00000000 00:00 0 
7f1ae97c8000-7f1ae97f1000 r-xp 00000000 08:12 1835092                    /lib/x86_64-linux-gnu/ld-2.27.so
7f1ae984b000-7f1ae98ab000 rw-p 00000000 00:00 0 
7f1ae98ab000-7f1ae98b7000 ---p 00000000 00:00 0 
7f1ae98b7000-7f1ae98bb000 ---p 00000000 00:00 0 
7f1ae98bb000-7f1ae99ba000 rw-p 00000000 00:00 0 
7f1ae99ca000-7f1ae99d2000 rw-s 00000000 08:12 8931534                    /tmp/hsperfdata_carter/54440
7f1ae99d2000-7f1ae99d3000 ---p 00000000 00:00 0 
7f1ae99d3000-7f1ae99d4000 r--p 00000000 00:00 0 
7f1ae99d4000-7f1ae99d7000 r--p 00000000 08:01 64452974091                /disks/home/carter/miniconda3/envs/sunbeam_env/lib/python3.12/site-packages/.snakemake/18046089d56456cc33fbaf0d3e93b761_/lib/libz.so.1.3.2
7f1ae99d7000-7f1ae99e7000 r-xp 00003000 08:01 64452974091                /disks/home/carter/miniconda3/envs/sunbeam_env/lib/python3.12/site-packages/.snakemake/18046089d56456cc33fbaf0d3e93b761_/lib/libz.so.1.3.2
7f1ae99e7000-7f1ae99ed000 r--p 00013000 08:01 64452974091                /disks/home/carter/miniconda3/envs/sunbeam_env/lib/python3.12/site-packages/.snakemake/18046089d56456cc33fbaf0d3e93b761_/lib/libz.so.1.3.2
7f1ae99ed000-7f1ae99ee000 r--p 00019000 08:01 64452974091                /disks/home/carter/miniconda3/envs/sunbeam_env/lib/python3.12/site-packages/.snakemake/18046089d56456cc33fbaf0d3e93b761_/lib/libz.so.1.3.2
7f1ae99ee000-7f1ae99ef000 rw-p 0001a000 08:01 64452974091                /disks/home/carter/miniconda3/envs/sunbeam_env/lib/python3.12/site-packages/.snakemake/18046089d56456cc33fbaf0d3e93b761_/lib/libz.so.1.3.2
7f1ae99ef000-7f1ae99f1000 rw-p 00000000 00:00 0 
7f1ae99f1000-7f1ae99f2000 r--p 00029000 08:12 1835092                    /lib/x86_64-linux-gnu/ld-2.27.so
7f1ae99f2000-7f1ae99f3000 rw-p 0002a000 08:12 1835092                    /lib/x86_64-linux-gnu/ld-2.27.so
7f1ae99f3000-7f1ae99f4000 rw-p 00000000 00:00 0 
7fff1f1ea000-7fff1f20c000 rw-p 00000000 00:00 0                          [stack]
7fff1f228000-7fff1f22b000 r--p 00000000 00:00 0                          [vvar]
7fff1f22b000-7fff1f22d000 r-xp 00000000 00:00 0                          [vdso]
ffffffffff600000-ffffffffff601000 r-xp 00000000 00:00 0                  [vsyscall]


VM Arguments:
jvm_args: -Xms512m -Xmx1g 
java_command: /disks/home/carter/miniconda3/envs/sunbeam_env/lib/python3.12/site-packages/.snakemake/18046089d56456cc33fbaf0d3e93b761_/share/trimmomatic-0.40-0/trimmomatic.jar PE -threads 4 -phred33 /disks/home/carter/ntm_reads/ntm_sunbeam/sunbeam_output/qc/01_cutadapt/IDDLNTM2.C_1.fastq.gz /disks/home/carter/ntm_reads/ntm_sunbeam/sunbeam_output/qc/01_cutadapt/IDDLNTM2.C_2.fastq.gz /disks/home/carter/ntm_reads/ntm_sunbeam/sunbeam_output/qc/02_trimmomatic/IDDLNTM2.C_1.fastq.gz /disks/home/carter/ntm_reads/ntm_sunbeam/sunbeam_output/qc/02_trimmomatic/unpaired/IDDLNTM2.C_1_unpaired.fastq.gz /disks/home/carter/ntm_reads/ntm_sunbeam/sunbeam_output/qc/02_trimmomatic/IDDLNTM2.C_2.fastq.gz /disks/home/carter/ntm_reads/ntm_sunbeam/sunbeam_output/qc/02_trimmomatic/unpaired/IDDLNTM2.C_2_unpaired.fastq.gz ILLUMINACLIP:/disks/home/carter/miniconda3/envs/sunbeam_env/lib/python3.12/site-packages/.snakemake/18046089d56456cc33fbaf0d3e93b761_/share/trimmomatic/adapters/NexteraPE-PE.fa:2:30:10:8:true LEADING:3 TRAILING:3 SLIDINGWINDOW:4:15 MINLEN:36
java_class_path (initial): /disks/home/carter/miniconda3/envs/sunbeam_env/lib/python3.12/site-packages/.snakemake/18046089d56456cc33fbaf0d3e93b761_/share/trimmomatic-0.40-0/trimmomatic.jar
Launcher Type: SUN_STANDARD

[Global flags]
     intx CICompilerCount                          = 18                                        {product} {ergonomic}
     uint ConcGCThreads                            = 12                                        {product} {ergonomic}
     uint G1ConcRefinementThreads                  = 48                                        {product} {ergonomic}
   size_t G1HeapRegionSize                         = 1048576                                   {product} {ergonomic}
    uintx GCDrainStackTargetSize                   = 64                                        {product} {ergonomic}
   size_t InitialHeapSize                          = 536870912                                 {product} {command line}
   size_t MarkStackSize                            = 4194304                                   {product} {ergonomic}
   size_t MaxHeapSize                              = 1073741824                                {product} {command line}
   size_t MaxNewSize                               = 643825664                                 {product} {ergonomic}
   size_t MinHeapDeltaBytes                        = 1048576                                   {product} {ergonomic}
    uintx NonNMethodCodeHeapSize                   = 8766152                                {pd product} {ergonomic}
    uintx NonProfiledCodeHeapSize                  = 121446044                              {pd product} {ergonomic}
    uintx ProfiledCodeHeapSize                     = 121446044                              {pd product} {ergonomic}
    uintx ReservedCodeCacheSize                    = 251658240                              {pd product} {ergonomic}
     bool SegmentedCodeCache                       = true                                      {product} {ergonomic}
     bool UseCompressedClassPointers               = true                                 {lp64_product} {ergonomic}
     bool UseCompressedOops                        = true                                 {lp64_product} {ergonomic}
     bool UseG1GC                                  = true                                      {product} {ergonomic}

Logging:
Log output configuration:
 #0: stdout all=warning uptime,level,tags
 #1: stderr all=off uptime,level,tags

Environment Variables:
JAVA_HOME=/disks/home/carter/miniconda3/envs/sunbeam_env/lib/python3.12/site-packages/.snakemake/18046089d56456cc33fbaf0d3e93b761_
PATH=/disks/home/carter/miniconda3/envs/sunbeam_env/lib/python3.12/site-packages/.snakemake/18046089d56456cc33fbaf0d3e93b761_/bin:/disks/home/carter/miniconda3/condabin:/usr/local/sbin:/usr/local/bin:/usr/sbin:/usr/bin:/sbin:/bin:/usr/games:/usr/local/games:/snap/bin:/packages/local/bin
SHELL=/bin/bash

Signal Handlers:
SIGSEGV: [libjvm.so+0xe35970], sa_mask[0]=11111111011111111101111111111110, sa_flags=SA_RESTART|SA_SIGINFO
SIGBUS: [libjvm.so+0xe35970], sa_mask[0]=11111111011111111101111111111110, sa_flags=SA_RESTART|SA_SIGINFO
SIGFPE: [libjvm.so+0xe35970], sa_mask[0]=11111111011111111101111111111110, sa_flags=SA_RESTART|SA_SIGINFO
SIGPIPE: [libjvm.so+0xc2d970], sa_mask[0]=11111111011111111101111111111110, sa_flags=SA_RESTART|SA_SIGINFO
SIGXFSZ: [libjvm.so+0xc2d970], sa_mask[0]=11111111011111111101111111111110, sa_flags=SA_RESTART|SA_SIGINFO
SIGILL: [libjvm.so+0xe35970], sa_mask[0]=11111111011111111101111111111110, sa_flags=SA_RESTART|SA_SIGINFO
SIGUSR2: [libjvm.so+0xc2dc60], sa_mask[0]=00000000000000000000000000000000, sa_flags=SA_RESTART|SA_SIGINFO
SIGHUP: [libjvm.so+0xc2ddc0], sa_mask[0]=11111111011111111101111111111110, sa_flags=SA_RESTART|SA_SIGINFO
SIGINT: [libjvm.so+0xc2ddc0], sa_mask[0]=11111111011111111101111111111110, sa_flags=SA_RESTART|SA_SIGINFO
SIGTERM: [libjvm.so+0xc2ddc0], sa_mask[0]=11111111011111111101111111111110, sa_flags=SA_RESTART|SA_SIGINFO
SIGQUIT: [libjvm.so+0xc2ddc0], sa_mask[0]=11111111011111111101111111111110, sa_flags=SA_RESTART|SA_SIGINFO


---------------  S Y S T E M  ---------------

OS:DISTRIB_ID=Ubuntu
DISTRIB_RELEASE=18.04
DISTRIB_CODENAME=bionic
DISTRIB_DESCRIPTION="Ubuntu 18.04.6 LTS"
uname:Linux 4.15.0-213-generic #224-Ubuntu SMP Mon Jun 19 13:30:12 UTC 2023 x86_64
libc:glibc 2.27 NPTL 2.27 
rlimit: STACK 8192k, CORE 0k, NPROC 1545442, NOFILE 1048576, AS infinity, DATA infinity, FSIZE infinity
load average:37.20 41.15 36.10

/proc/meminfo:
MemTotal:       395805004 kB
MemFree:        49565892 kB
MemAvailable:   375233908 kB
Buffers:         2058228 kB
Cached:         318515716 kB
SwapCached:           32 kB
Active:         156774008 kB
Inactive:       175310284 kB
Active(anon):   11060588 kB
Inactive(anon):   576964 kB
Active(file):   145713420 kB
Inactive(file): 174733320 kB
Unevictable:           0 kB
Mlocked:               0 kB
SwapTotal:       8388604 kB
SwapFree:        8384508 kB
Dirty:            275264 kB
Writeback:             0 kB
AnonPages:      11512192 kB
Mapped:           387680 kB
Shmem:            136692 kB
Slab:            9062884 kB
SReclaimable:    7840804 kB
SUnreclaim:      1222080 kB
KernelStack:       44384 kB
PageTables:        74784 kB
NFS_Unstable:          0 kB
Bounce:                0 kB
WritebackTmp:          0 kB
CommitLimit:    206291104 kB
Committed_AS:   159384276 kB
VmallocTotal:   34359738367 kB
VmallocUsed:           0 kB
VmallocChunk:          0 kB
HardwareCorrupted:     0 kB
AnonHugePages:         0 kB
ShmemHugePages:        0 kB
ShmemPmdMapped:        0 kB
CmaTotal:              0 kB
CmaFree:               0 kB
HugePages_Total:       0
HugePages_Free:        0
HugePages_Rsvd:        0
HugePages_Surp:        0
Hugepagesize:       2048 kB
DirectMap4k:     1872896 kB
DirectMap2M:    140277760 kB
DirectMap1G:    260046848 kB


/proc/sys/kernel/threads-max (system-wide limit on the number of threads):
3090884


/proc/sys/vm/max_map_count (maximum number of memory map areas a process may have):
65530


/proc/sys/kernel/pid_max (system-wide limit on number of process identifiers):
73728


container (cgroup) information:
container_type: cgroupv1
cpu_cpuset_cpus: 0-71
cpu_memory_nodes: 0-1
active_processor_count: 72
cpu_quota: -1
cpu_period: 100000
cpu_shares: -1
memory_limit_in_bytes: -1
memory_and_swap_limit_in_bytes: -2
memory_soft_limit_in_bytes: -1
memory_usage_in_bytes: 334058704896
memory_max_usage_in_bytes: 383958228992


CPU:total 72 (initial active 72) (18 cores per cpu, 2 threads per core) family 6 model 85 stepping 7, cmov, cx8, fxsr, mmx, sse, sse2, sse3, ssse3, sse4.1, sse4.2, popcnt, avx, avx2, aes, clmul, erms, 3dnowpref, lzcnt, ht, tsc, tscinvbit, bmi1, bmi2, adx, fma
CPU Model and flags from /proc/cpuinfo:
model name	: Intel(R) Xeon(R) Gold 6240 CPU @ 2.60GHz
flags		: fpu vme de pse tsc msr pae mce cx8 apic sep mtrr pge mca cmov pat pse36 clflush dts acpi mmx fxsr sse sse2 ss ht tm pbe syscall nx pdpe1gb rdtscp lm constant_tsc art arch_perfmon pebs bts rep_good nopl xtopology nonstop_tsc cpuid aperfmperf pni pclmulqdq dtes64 monitor ds_cpl vmx smx est tm2 ssse3 sdbg fma cx16 xtpr pdcm pcid dca sse4_1 sse4_2 x2apic movbe popcnt tsc_deadline_timer aes xsave avx f16c rdrand lahf_lm abm 3dnowprefetch cpuid_fault epb cat_l3 cdp_l3 invpcid_single intel_ppin ssbd mba ibrs ibpb stibp ibrs_enhanced tpr_shadow vnmi flexpriority ept vpid fsgsbase tsc_adjust bmi1 avx2 smep bmi2 erms invpcid cqm mpx rdt_a avx512f avx512dq rdseed adx smap clflushopt clwb intel_pt avx512cd avx512bw avx512vl xsaveopt xsavec xgetbv1 xsaves cqm_llc cqm_occup_llc cqm_mbm_total cqm_mbm_local dtherm ida arat pln pts pku ospke avx512_vnni md_clear flush_l1d arch_capabilities

Memory: 4k page, physical 395805004k(49565768k free), swap 8388604k(8384508k free)

vm_info: OpenJDK 64-Bit Server VM (11.0.1+13-LTS) for linux-amd64 JRE (11.0.1+13-LTS), built on Oct 19 2018 11:38:45 by "tester" with gcc 4.9.2 20150212 (Red Hat 4.9.2-6)

END.
