#
# A fatal error has been detected by the Java Runtime Environment:
#
#  SIGILL (0x4) at pc=0x00007f196b34db6a, pid=29127, tid=29422
#
# JRE version: OpenJDK Runtime Environment (11.0.1+13) (build 11.0.1+13-LTS)
# Java VM: OpenJDK 64-Bit Server VM (11.0.1+13-LTS, mixed mode, tiered, compressed oops, g1 gc, linux-amd64)
# Problematic frame:
# J 446 c2 org.usadellab.trimmomatic.trim.IlluminaClippingTrimmer$IlluminaLongClippingSeq.readsSeqCompare(Lorg/usadellab/trimmomatic/fastq/FastqRecord;)Ljava/lang/Integer; (306 bytes) @ 0x00007f196b34db6a [0x00007f196b34c1e0+0x000000000000198a]
#
# Core dump will be written. Default location: Core dumps may be processed with "/usr/share/apport/apport -p%p -s%s -c%c -d%d -P%P -u%u -g%g -F%F -- %E" (or dumping to /disks/home/carter/ntm_reads/core.29127)
#
# If you would like to submit a bug report, please visit:
#   http://www.azulsystems.com/support/
#

---------------  S U M M A R Y ------------

Command Line: -Xms512m -Xmx1g /disks/home/carter/miniconda3/envs/sunbeam/lib/python3.12/site-packages/.snakemake/c9f3baa4fee625bd01c5858c83366e0c_/share/trimmomatic-0.40-0/trimmomatic.jar PE -threads 4 -phred33 /disks/home/carter/ntm_reads/ntm_sunbeam/sunbeam_output/qc/01_cutadapt/IDDLNTM90_1.fastq.gz /disks/home/carter/ntm_reads/ntm_sunbeam/sunbeam_output/qc/01_cutadapt/IDDLNTM90_2.fastq.gz /disks/home/carter/ntm_reads/ntm_sunbeam/sunbeam_output/qc/02_trimmomatic/IDDLNTM90_1.fastq.gz /disks/home/carter/ntm_reads/ntm_sunbeam/sunbeam_output/qc/02_trimmomatic/unpaired/IDDLNTM90_1_unpaired.fastq.gz /disks/home/carter/ntm_reads/ntm_sunbeam/sunbeam_output/qc/02_trimmomatic/IDDLNTM90_2.fastq.gz /disks/home/carter/ntm_reads/ntm_sunbeam/sunbeam_output/qc/02_trimmomatic/unpaired/IDDLNTM90_2_unpaired.fastq.gz ILLUMINACLIP:/disks/home/carter/miniconda3/envs/sunbeam/lib/python3.12/site-packages/.snakemake/c9f3baa4fee625bd01c5858c83366e0c_/share/trimmomatic/adapters/NexteraPE-PE.fa:2:30:10:8:true LEADING:3 TRAILING:3 SLIDINGWINDOW:4:15 MINLEN:36

Host: Intel(R) Xeon(R) Gold 6240 CPU @ 2.60GHz, 72 cores, 377G, Ubuntu 18.04.6 LTS
Time: Fri Sep 25 11:32:45 2026 EDT elapsed time: 0 seconds (0d 0h 0m 0s)

---------------  T H R E A D  ---------------

Current thread (0x00007f197c5c0800):  JavaThread "pool-2-thread-1" daemon [_thread_in_Java, id=29422, stack(0x00007f19453a8000,0x00007f19454a9000)]

Stack: [0x00007f19453a8000,0x00007f19454a9000],  sp=0x00007f19454a7420,  free space=1021k
Native frames: (J=compiled Java code, A=aot compiled Java code, j=interpreted, Vv=VM code, C=native code)
J 446 c2 org.usadellab.trimmomatic.trim.IlluminaClippingTrimmer$IlluminaLongClippingSeq.readsSeqCompare(Lorg/usadellab/trimmomatic/fastq/FastqRecord;)Ljava/lang/Integer; (306 bytes) @ 0x00007f196b34db6a [0x00007f196b34c1e0+0x000000000000198a]
J 424 c1 org.usadellab.trimmomatic.trim.IlluminaClippingTrimmer.processRecords([Lorg/usadellab/trimmomatic/fastq/FastqRecord;)[Lorg/usadellab/trimmomatic/fastq/FastqRecord; (462 bytes) @ 0x00007f1963fd6cc4 [0x00007f1963fd5880+0x0000000000001444]
j  org.usadellab.trimmomatic.threading.BlockOfWork.processPE()V+282
j  org.usadellab.trimmomatic.threading.BlockOfWork.process()Lorg/usadellab/trimmomatic/threading/BlockOfRecords;+8
j  org.usadellab.trimmomatic.threading.BlockOfWork.call()Lorg/usadellab/trimmomatic/threading/BlockOfRecords;+1
j  org.usadellab.trimmomatic.threading.BlockOfWork.call()Ljava/lang/Object;+1
j  java.util.concurrent.FutureTask.run()V+39 java.base@11.0.1
j  java.util.concurrent.ThreadPoolExecutor.runWorker(Ljava/util/concurrent/ThreadPoolExecutor$Worker;)V+92 java.base@11.0.1
j  java.util.concurrent.ThreadPoolExecutor$Worker.run()V+5 java.base@11.0.1
j  java.lang.Thread.run()V+11 java.base@11.0.1
v  ~StubRoutines::call_stub
V  [libjvm.so+0x8c0a52]  JavaCalls::call_helper(JavaValue*, methodHandle const&, JavaCallArguments*, Thread*)+0x3c2
V  [libjvm.so+0x8beb50]  JavaCalls::call_virtual(JavaValue*, Handle, Klass*, Symbol*, Symbol*, Thread*)+0x1d0
V  [libjvm.so+0x96846a]  thread_entry(JavaThread*, Thread*)+0x8a
V  [libjvm.so+0xdd0e28]  JavaThread::thread_main_inner()+0x108
V  [libjvm.so+0xdd10e0]  JavaThread::run()+0x270
V  [libjvm.so+0xc37082]  thread_native_entry(Thread*)+0xf2


siginfo: si_signo: 4 (SIGILL), si_code: 2 (ILL_ILLOPN), si_addr: 0x00007f196b34db6a

Register to memory mapping:

RAX=0x00000000c3153860 is an oop
[B 
{0x00000000c3153860} - klass: {type array byte}
 - length: 151
RBX=0x00000000c3153860 is an oop
[B 
{0x00000000c3153860} - klass: {type array byte}
 - length: 151
RCX=0x0000000000000004 is an unknown value
RDX=0x0000000000000097 is an unknown value
RSP=0x00007f19454a7420 is pointing into the stack for thread: 0x00007f197c5c0800
RBP=0x0000000000000097 is an unknown value
RSI=0x0000000000000097 is an unknown value
RDI=0x00000000df28d800 is an oop
[J 
{0x00000000df28d800} - klass: {type array long}
 - length: 151
R8 =0x3003c9c63909a639 is an unknown value
R9 =0x0000000000000005 is an unknown value
R10=0x0000000000000100 is an unknown value
R11=0x0000000000000004 is an unknown value
R12=0x0 is NULL
R13=0x0 is NULL
R14=0x00007f198259e000 points into unknown readable memory
R15=0x00007f197c5c0800 is a thread


Registers:
RAX=0x00000000c3153860, RBX=0x00000000c3153860, RCX=0x0000000000000004, RDX=0x0000000000000097
RSP=0x00007f19454a7420, RBP=0x0000000000000097, RSI=0x0000000000000097, RDI=0x00000000df28d800
R8 =0x3003c9c63909a639, R9 =0x0000000000000005, R10=0x0000000000000100, R11=0x0000000000000004
R12=0x0000000000000000, R13=0x0000000000000000, R14=0x00007f198259e000, R15=0x00007f197c5c0800
RIP=0x00007f196b34db6a, EFLAGS=0x0000000000010246, CSGSFS=0x002b000000000033, ERR=0x0000000000000000
  TRAPNO=0x0000000000000006

Top of Stack: (sp=0x00007f19454a7420)
0x00007f19454a7420:   0000000500000097 00000000c0d4b5e8
0x00007f19454a7430:   0000000100099548 00000001000139e8
0x00007f19454a7440:   0000000000000084 00000000df28d800
0x00007f19454a7450:   c0d4b5e800000088 0000000100000005 

Instructions: (pc=0x00007f196b34db6a)
0x00007f196b34db4a:   24 40 44 89 44 24 14 44 89 54 24 28 44 89 5c 24
0x00007f196b34db5a:   38 4c 89 4c 24 40 66 66 90 e8 98 5a 3a f8 0f 0b
0x00007f196b34db6a:   0f 0b 48 be 48 95 09 00 01 00 00 00 90 e8 04 ef
0x00007f196b34db7a:   46 f8 48 8b d8 e9 b9 ee ff ff 48 89 44 24 f8 8b 



---------------  P R O C E S S  ---------------

Threads class SMR info:
_java_thread_list=0x00007f197c5cbd20, length=27, elements={
0x00007f197c013000, 0x00007f197c380800, 0x00007f197c384800, 0x00007f197c397000,
0x00007f197c399000, 0x00007f197c39b800, 0x00007f197c39d800, 0x00007f192405d000,
0x00007f197c42c800, 0x00007f197c438000, 0x00007f197c4e9000, 0x00007f197c4eb000,
0x00007f197c4f1000, 0x00007f197c4f2800, 0x00007f197c4f4800, 0x00007f197c4f6000,
0x00007f19241ea800, 0x00007f197c48a000, 0x00007f19241ee000, 0x00007f19241ef800,
0x00007f19241f1800, 0x00007f19241f3800, 0x00007f19241f5800, 0x00007f197c5be800,
0x00007f197c5c0800, 0x00007f197c5c8000, 0x00007f197c5ca800
}

Java Threads: ( => current thread )
  0x00007f197c013000 JavaThread "main" [_thread_blocked, id=29130, stack(0x00007f1982482000,0x00007f1982583000)]
  0x00007f197c380800 JavaThread "Reference Handler" daemon [_thread_blocked, id=29156, stack(0x00007f19504e2000,0x00007f19505e3000)]
  0x00007f197c384800 JavaThread "Finalizer" daemon [_thread_blocked, id=29157, stack(0x00007f19503e1000,0x00007f19504e2000)]
  0x00007f197c397000 JavaThread "Signal Dispatcher" daemon [_thread_blocked, id=29165, stack(0x00007f1950145000,0x00007f1950246000)]
  0x00007f197c399000 JavaThread "C2 CompilerThread0" daemon [_thread_blocked, id=29166, stack(0x00007f1950044000,0x00007f1950145000)]
  0x00007f197c39b800 JavaThread "C1 CompilerThread0" daemon [_thread_blocked, id=29167, stack(0x00007f19476ff000,0x00007f1947800000)]
  0x00007f197c39d800 JavaThread "Sweeper thread" daemon [_thread_blocked, id=29169, stack(0x00007f19475fe000,0x00007f19476ff000)]
  0x00007f192405d000 JavaThread "C1 CompilerThread1" daemon [_thread_blocked, id=29193, stack(0x00007f19474fd000,0x00007f19475fe000)]
  0x00007f197c42c800 JavaThread "Service Thread" daemon [_thread_blocked, id=29198, stack(0x00007f19473fc000,0x00007f19474fd000)]
  0x00007f197c438000 JavaThread "Common-Cleaner" daemon [_thread_blocked, id=29203, stack(0x00007f19471f9000,0x00007f19472fa000)]
  0x00007f197c4e9000 JavaThread "Thread-0" daemon [_thread_in_native, id=29243, stack(0x00007f1946ccc000,0x00007f1946dcd000)]
  0x00007f197c4eb000 JavaThread "Thread-1" daemon [_thread_in_Java, id=29244, stack(0x00007f1946bcb000,0x00007f1946ccc000)]
  0x00007f197c4f1000 JavaThread "Thread-2" daemon [_thread_blocked, id=29248, stack(0x00007f1946aca000,0x00007f1946bcb000)]
  0x00007f197c4f2800 JavaThread "Thread-3" daemon [_thread_blocked, id=29249, stack(0x00007f19469c9000,0x00007f1946aca000)]
  0x00007f197c4f4800 JavaThread "Thread-4" daemon [_thread_blocked, id=29251, stack(0x00007f19468c8000,0x00007f19469c9000)]
  0x00007f197c4f6000 JavaThread "Thread-5" daemon [_thread_blocked, id=29252, stack(0x00007f19467c7000,0x00007f19468c8000)]
  0x00007f19241ea800 JavaThread "C2 CompilerThread1" daemon [_thread_blocked, id=29263, stack(0x00007f19466c6000,0x00007f19467c7000)]
  0x00007f197c48a000 JavaThread "Thread-6" daemon [_thread_blocked, id=29265, stack(0x00007f19465c5000,0x00007f19466c6000)]
  0x00007f19241ee000 JavaThread "C2 CompilerThread2" daemon [_thread_blocked, id=29349, stack(0x00007f19459ae000,0x00007f1945aaf000)]
  0x00007f19241ef800 JavaThread "C2 CompilerThread3" daemon [_thread_in_native, id=29350, stack(0x00007f19458ad000,0x00007f19459ae000)]
  0x00007f19241f1800 JavaThread "C2 CompilerThread4" daemon [_thread_blocked, id=29351, stack(0x00007f19457ac000,0x00007f19458ad000)]
  0x00007f19241f3800 JavaThread "C2 CompilerThread5" daemon [_thread_blocked, id=29352, stack(0x00007f19456ab000,0x00007f19457ac000)]
  0x00007f19241f5800 JavaThread "C2 CompilerThread6" daemon [_thread_blocked, id=29353, stack(0x00007f19455aa000,0x00007f19456ab000)]
  0x00007f197c5be800 JavaThread "pool-1-thread-1" daemon [_thread_in_Java, id=29370, stack(0x00007f19454a9000,0x00007f19455aa000)]
=>0x00007f197c5c0800 JavaThread "pool-2-thread-1" daemon [_thread_in_Java, id=29422, stack(0x00007f19453a8000,0x00007f19454a9000)]
  0x00007f197c5c8000 JavaThread "pool-3-thread-1" daemon [_thread_in_Java, id=29427, stack(0x00007f19452a7000,0x00007f19453a8000)]
  0x00007f197c5ca800 JavaThread "pool-4-thread-1" daemon [_thread_in_Java, id=29444, stack(0x00007f19451a6000,0x00007f19452a7000)]

Other Threads:
  0x00007f197c378800 VMThread "VM Thread" [stack: 0x00007f19505e5000,0x00007f19506e5000] [id=29151]
  0x00007f197c42f000 WatcherThread [stack: 0x00007f19472fc000,0x00007f19473fc000] [id=29199]
  0x00007f197c02d000 GCTaskThread "GC Thread#0" [stack: 0x00007f19633fb000,0x00007f19634fb000] [id=29133]
  0x00007f193c001000 GCTaskThread "GC Thread#1" [stack: 0x00007f19464c5000,0x00007f19465c5000] [id=29306]
  0x00007f193c002800 GCTaskThread "GC Thread#2" [stack: 0x00007f19463c3000,0x00007f19464c3000] [id=29307]
  0x00007f193c004000 GCTaskThread "GC Thread#3" [stack: 0x00007f19462c1000,0x00007f19463c1000] [id=29308]
  0x00007f193c005800 GCTaskThread "GC Thread#4" [stack: 0x00007f19461bf000,0x00007f19462bf000] [id=29310]
  0x00007f193c007000 GCTaskThread "GC Thread#5" [stack: 0x00007f19460bd000,0x00007f19461bd000] [id=29311]
  0x00007f193c008800 GCTaskThread "GC Thread#6" [stack: 0x00007f1945fbb000,0x00007f19460bb000] [id=29312]
  0x00007f193c00a800 GCTaskThread "GC Thread#7" [stack: 0x00007f1945eb9000,0x00007f1945fb9000] [id=29313]
  0x00007f193c00c800 GCTaskThread "GC Thread#8" [stack: 0x00007f1945db7000,0x00007f1945eb7000] [id=29314]
  0x00007f193c00e000 GCTaskThread "GC Thread#9" [stack: 0x00007f1945cb5000,0x00007f1945db5000] [id=29315]
  0x00007f193c010000 GCTaskThread "GC Thread#10" [stack: 0x00007f1945bb3000,0x00007f1945cb3000] [id=29316]
  0x00007f193c011800 GCTaskThread "GC Thread#11" [stack: 0x00007f1945ab1000,0x00007f1945bb1000] [id=29317]
  0x00007f197c04a800 ConcurrentGCThread "G1 Main Marker" [stack: 0x00007f1959b00000,0x00007f1959c00000] [id=29134]
  0x00007f197c04c800 ConcurrentGCThread "G1 Conc#0" [stack: 0x00007f19599fe000,0x00007f1959afe000] [id=29135]
  0x00007f197c2ab000 ConcurrentGCThread "G1 Refine#0" [stack: 0x00007f19507e9000,0x00007f19508e9000] [id=29139]
  0x00007f197c2ac800 ConcurrentGCThread "G1 Young RemSet Sampling" [stack: 0x00007f19506e7000,0x00007f19507e7000] [id=29140]

Threads with active compile tasks:
C2 CompilerThread3 449       4       org.usadellab.trimmomatic.trim.IlluminaClippingTrimmer$IlluminaPrefixPair::palindromeReadsCompare (384 bytes)

VM state:not at safepoint (normal execution)

VM Mutex/Monitor currently owned by a thread: None

Heap address: 0x00000000c0000000, size: 1024 MB, Compressed Oops mode: 32-bit
Narrow klass base: 0x0000000000000000, Narrow klass shift: 3
Compressed class space size: 1073741824 Address: 0x0000000100000000

Heap:
 garbage-first heap   total 524288K, used 215434K [0x00000000c0000000, 0x0000000100000000)
  region size 1024K, 68 young (69632K), 9 survivors (9216K)
 Metaspace       used 6924K, capacity 7066K, committed 7296K, reserved 1056768K
  class space    used 593K, capacity 630K, committed 640K, reserved 1048576K
Heap Regions: E=young(eden), S=young(survivor), O=old, HS=humongous(starts), HC=humongous(continues), CS=collection set, F=free, A=archive, TAMS=top-at-mark-start (previous, next)
|   0|0x00000000c0000000, 0x00000000c0100000, 0x00000000c0100000|100%| O|  |TAMS 0x00000000c0000000, 0x00000000c0000000| Untracked 
|   1|0x00000000c0100000, 0x00000000c0200000, 0x00000000c0200000|100%| O|  |TAMS 0x00000000c0100000, 0x00000000c0100000| Untracked 
|   2|0x00000000c0200000, 0x00000000c0300000, 0x00000000c0300000|100%| O|  |TAMS 0x00000000c0200000, 0x00000000c0200000| Untracked 
|   3|0x00000000c0300000, 0x00000000c0400000, 0x00000000c0400000|100%| O|  |TAMS 0x00000000c0300000, 0x00000000c0300000| Untracked 
|   4|0x00000000c0400000, 0x00000000c0500000, 0x00000000c0500000|100%| O|  |TAMS 0x00000000c0400000, 0x00000000c0400000| Untracked 
|   5|0x00000000c0500000, 0x00000000c0600000, 0x00000000c0600000|100%| O|  |TAMS 0x00000000c0500000, 0x00000000c0500000| Untracked 
|   6|0x00000000c0600000, 0x00000000c0700000, 0x00000000c0700000|100%| O|  |TAMS 0x00000000c0600000, 0x00000000c0600000| Untracked 
|   7|0x00000000c0700000, 0x00000000c0800000, 0x00000000c0800000|100%| O|  |TAMS 0x00000000c0700000, 0x00000000c0700000| Untracked 
|   8|0x00000000c0800000, 0x00000000c0900000, 0x00000000c0900000|100%| O|  |TAMS 0x00000000c0800000, 0x00000000c0800000| Untracked 
|   9|0x00000000c0900000, 0x00000000c0a00000, 0x00000000c0a00000|100%| O|  |TAMS 0x00000000c0900000, 0x00000000c0900000| Untracked 
|  10|0x00000000c0a00000, 0x00000000c0b00000, 0x00000000c0b00000|100%| O|  |TAMS 0x00000000c0a00000, 0x00000000c0a00000| Untracked 
|  11|0x00000000c0b00000, 0x00000000c0c00000, 0x00000000c0c00000|100%| O|  |TAMS 0x00000000c0b00000, 0x00000000c0b00000| Untracked 
|  12|0x00000000c0c00000, 0x00000000c0d00000, 0x00000000c0d00000|100%| O|  |TAMS 0x00000000c0c00000, 0x00000000c0c00000| Untracked 
|  13|0x00000000c0d00000, 0x00000000c0e00000, 0x00000000c0e00000|100%| O|  |TAMS 0x00000000c0d00000, 0x00000000c0d00000| Untracked 
|  14|0x00000000c0e00000, 0x00000000c0f00000, 0x00000000c0f00000|100%| O|  |TAMS 0x00000000c0e00000, 0x00000000c0e00000| Untracked 
|  15|0x00000000c0f00000, 0x00000000c1000000, 0x00000000c1000000|100%| O|  |TAMS 0x00000000c0f00000, 0x00000000c0f00000| Untracked 
|  16|0x00000000c1000000, 0x00000000c1100000, 0x00000000c1100000|100%| O|  |TAMS 0x00000000c1000000, 0x00000000c1000000| Untracked 
|  17|0x00000000c1100000, 0x00000000c1200000, 0x00000000c1200000|100%| O|  |TAMS 0x00000000c1100000, 0x00000000c1100000| Untracked 
|  18|0x00000000c1200000, 0x00000000c1300000, 0x00000000c1300000|100%| O|  |TAMS 0x00000000c1200000, 0x00000000c1200000| Untracked 
|  19|0x00000000c1300000, 0x00000000c1400000, 0x00000000c1400000|100%| O|  |TAMS 0x00000000c1300000, 0x00000000c1300000| Untracked 
|  20|0x00000000c1400000, 0x00000000c1500000, 0x00000000c1500000|100%| O|  |TAMS 0x00000000c1400000, 0x00000000c1400000| Untracked 
|  21|0x00000000c1500000, 0x00000000c1600000, 0x00000000c1600000|100%| O|  |TAMS 0x00000000c1500000, 0x00000000c1500000| Untracked 
|  22|0x00000000c1600000, 0x00000000c1700000, 0x00000000c1700000|100%| O|  |TAMS 0x00000000c1600000, 0x00000000c1600000| Untracked 
|  23|0x00000000c1700000, 0x00000000c1800000, 0x00000000c1800000|100%| O|  |TAMS 0x00000000c1700000, 0x00000000c1700000| Untracked 
|  24|0x00000000c1800000, 0x00000000c1900000, 0x00000000c1900000|100%| O|  |TAMS 0x00000000c1800000, 0x00000000c1800000| Untracked 
|  25|0x00000000c1900000, 0x00000000c1a00000, 0x00000000c1a00000|100%| O|  |TAMS 0x00000000c1900000, 0x00000000c1900000| Untracked 
|  26|0x00000000c1a00000, 0x00000000c1b00000, 0x00000000c1b00000|100%| O|  |TAMS 0x00000000c1a00000, 0x00000000c1a00000| Untracked 
|  27|0x00000000c1b00000, 0x00000000c1c00000, 0x00000000c1c00000|100%| O|  |TAMS 0x00000000c1b00000, 0x00000000c1b00000| Untracked 
|  28|0x00000000c1c00000, 0x00000000c1d00000, 0x00000000c1d00000|100%| O|  |TAMS 0x00000000c1c00000, 0x00000000c1c00000| Untracked 
|  29|0x00000000c1d00000, 0x00000000c1e00000, 0x00000000c1e00000|100%| O|  |TAMS 0x00000000c1d00000, 0x00000000c1d00000| Untracked 
|  30|0x00000000c1e00000, 0x00000000c1f00000, 0x00000000c1f00000|100%| O|  |TAMS 0x00000000c1e00000, 0x00000000c1e00000| Untracked 
|  31|0x00000000c1f00000, 0x00000000c2000000, 0x00000000c2000000|100%| O|  |TAMS 0x00000000c1f00000, 0x00000000c1f00000| Untracked 
|  32|0x00000000c2000000, 0x00000000c2100000, 0x00000000c2100000|100%| O|  |TAMS 0x00000000c2000000, 0x00000000c2000000| Untracked 
|  33|0x00000000c2100000, 0x00000000c2200000, 0x00000000c2200000|100%| O|  |TAMS 0x00000000c2100000, 0x00000000c2100000| Untracked 
|  34|0x00000000c2200000, 0x00000000c2300000, 0x00000000c2300000|100%| O|  |TAMS 0x00000000c2200000, 0x00000000c2200000| Untracked 
|  35|0x00000000c2300000, 0x00000000c2400000, 0x00000000c2400000|100%| O|  |TAMS 0x00000000c2300000, 0x00000000c2300000| Untracked 
|  36|0x00000000c2400000, 0x00000000c2500000, 0x00000000c2500000|100%| O|  |TAMS 0x00000000c2400000, 0x00000000c2400000| Untracked 
|  37|0x00000000c2500000, 0x00000000c2600000, 0x00000000c2600000|100%| O|  |TAMS 0x00000000c2500000, 0x00000000c2500000| Untracked 
|  38|0x00000000c2600000, 0x00000000c2700000, 0x00000000c2700000|100%| O|  |TAMS 0x00000000c2600000, 0x00000000c2600000| Untracked 
|  39|0x00000000c2700000, 0x00000000c2800000, 0x00000000c2800000|100%| O|  |TAMS 0x00000000c2700000, 0x00000000c2700000| Untracked 
|  40|0x00000000c2800000, 0x00000000c2900000, 0x00000000c2900000|100%| O|  |TAMS 0x00000000c2800000, 0x00000000c2800000| Untracked 
|  41|0x00000000c2900000, 0x00000000c2a00000, 0x00000000c2a00000|100%| O|  |TAMS 0x00000000c2900000, 0x00000000c2900000| Untracked 
|  42|0x00000000c2a00000, 0x00000000c2b00000, 0x00000000c2b00000|100%| O|  |TAMS 0x00000000c2a00000, 0x00000000c2a00000| Untracked 
|  43|0x00000000c2b00000, 0x00000000c2c00000, 0x00000000c2c00000|100%| O|  |TAMS 0x00000000c2b00000, 0x00000000c2b00000| Untracked 
|  44|0x00000000c2c00000, 0x00000000c2d00000, 0x00000000c2d00000|100%| O|  |TAMS 0x00000000c2c00000, 0x00000000c2c00000| Untracked 
|  45|0x00000000c2d00000, 0x00000000c2e00000, 0x00000000c2e00000|100%| O|  |TAMS 0x00000000c2d00000, 0x00000000c2d00000| Untracked 
|  46|0x00000000c2e00000, 0x00000000c2f00000, 0x00000000c2f00000|100%| O|  |TAMS 0x00000000c2e00000, 0x00000000c2e00000| Untracked 
|  47|0x00000000c2f00000, 0x00000000c3000000, 0x00000000c3000000|100%| O|  |TAMS 0x00000000c2f00000, 0x00000000c2f00000| Untracked 
|  48|0x00000000c3000000, 0x00000000c3100000, 0x00000000c3100000|100%| O|  |TAMS 0x00000000c3000000, 0x00000000c3000000| Untracked 
|  49|0x00000000c3100000, 0x00000000c3200000, 0x00000000c3200000|100%| O|  |TAMS 0x00000000c3100000, 0x00000000c3100000| Untracked 
|  50|0x00000000c3200000, 0x00000000c3300000, 0x00000000c3300000|100%| O|  |TAMS 0x00000000c3200000, 0x00000000c3200000| Untracked 
|  51|0x00000000c3300000, 0x00000000c3400000, 0x00000000c3400000|100%| O|  |TAMS 0x00000000c3300000, 0x00000000c3300000| Untracked 
|  52|0x00000000c3400000, 0x00000000c3500000, 0x00000000c3500000|100%| O|  |TAMS 0x00000000c3400000, 0x00000000c3400000| Untracked 
|  53|0x00000000c3500000, 0x00000000c3600000, 0x00000000c3600000|100%| O|  |TAMS 0x00000000c3500000, 0x00000000c3500000| Untracked 
|  54|0x00000000c3600000, 0x00000000c3700000, 0x00000000c3700000|100%| O|  |TAMS 0x00000000c3600000, 0x00000000c3600000| Untracked 
|  55|0x00000000c3700000, 0x00000000c3800000, 0x00000000c3800000|100%| O|  |TAMS 0x00000000c3700000, 0x00000000c3700000| Untracked 
|  56|0x00000000c3800000, 0x00000000c3900000, 0x00000000c3900000|100%| O|  |TAMS 0x00000000c3800000, 0x00000000c3800000| Untracked 
|  57|0x00000000c3900000, 0x00000000c3a00000, 0x00000000c3a00000|100%| O|  |TAMS 0x00000000c3900000, 0x00000000c3900000| Untracked 
|  58|0x00000000c3a00000, 0x00000000c3b00000, 0x00000000c3b00000|100%| O|  |TAMS 0x00000000c3a00000, 0x00000000c3a00000| Untracked 
|  59|0x00000000c3b00000, 0x00000000c3c00000, 0x00000000c3c00000|100%| O|  |TAMS 0x00000000c3b00000, 0x00000000c3b00000| Untracked 
|  60|0x00000000c3c00000, 0x00000000c3d00000, 0x00000000c3d00000|100%| O|  |TAMS 0x00000000c3c00000, 0x00000000c3c00000| Untracked 
|  61|0x00000000c3d00000, 0x00000000c3e00000, 0x00000000c3e00000|100%| O|  |TAMS 0x00000000c3d00000, 0x00000000c3d00000| Untracked 
|  62|0x00000000c3e00000, 0x00000000c3f00000, 0x00000000c3f00000|100%| O|  |TAMS 0x00000000c3e00000, 0x00000000c3e00000| Untracked 
|  63|0x00000000c3f00000, 0x00000000c4000000, 0x00000000c4000000|100%| O|  |TAMS 0x00000000c3f00000, 0x00000000c3f00000| Untracked 
|  64|0x00000000c4000000, 0x00000000c4100000, 0x00000000c4100000|100%| O|  |TAMS 0x00000000c4000000, 0x00000000c4000000| Untracked 
|  65|0x00000000c4100000, 0x00000000c4200000, 0x00000000c4200000|100%| O|  |TAMS 0x00000000c4100000, 0x00000000c4100000| Untracked 
|  66|0x00000000c4200000, 0x00000000c4300000, 0x00000000c4300000|100%| O|  |TAMS 0x00000000c4200000, 0x00000000c4200000| Untracked 
|  67|0x00000000c4300000, 0x00000000c4400000, 0x00000000c4400000|100%| O|  |TAMS 0x00000000c4300000, 0x00000000c4300000| Untracked 
|  68|0x00000000c4400000, 0x00000000c4500000, 0x00000000c4500000|100%| O|  |TAMS 0x00000000c4400000, 0x00000000c4400000| Untracked 
|  69|0x00000000c4500000, 0x00000000c4600000, 0x00000000c4600000|100%| O|  |TAMS 0x00000000c4500000, 0x00000000c4500000| Untracked 
|  70|0x00000000c4600000, 0x00000000c4700000, 0x00000000c4700000|100%| O|  |TAMS 0x00000000c4600000, 0x00000000c4600000| Untracked 
|  71|0x00000000c4700000, 0x00000000c4800000, 0x00000000c4800000|100%| O|  |TAMS 0x00000000c4700000, 0x00000000c4700000| Untracked 
|  72|0x00000000c4800000, 0x00000000c4900000, 0x00000000c4900000|100%| O|  |TAMS 0x00000000c4800000, 0x00000000c4800000| Untracked 
|  73|0x00000000c4900000, 0x00000000c4a00000, 0x00000000c4a00000|100%| O|  |TAMS 0x00000000c4900000, 0x00000000c4900000| Untracked 
|  74|0x00000000c4a00000, 0x00000000c4b00000, 0x00000000c4b00000|100%| O|  |TAMS 0x00000000c4a00000, 0x00000000c4a00000| Untracked 
|  75|0x00000000c4b00000, 0x00000000c4c00000, 0x00000000c4c00000|100%| O|  |TAMS 0x00000000c4b00000, 0x00000000c4b00000| Untracked 
|  76|0x00000000c4c00000, 0x00000000c4d00000, 0x00000000c4d00000|100%| O|  |TAMS 0x00000000c4c00000, 0x00000000c4c00000| Untracked 
|  77|0x00000000c4d00000, 0x00000000c4e00000, 0x00000000c4e00000|100%| O|  |TAMS 0x00000000c4d00000, 0x00000000c4d00000| Untracked 
|  78|0x00000000c4e00000, 0x00000000c4f00000, 0x00000000c4f00000|100%| O|  |TAMS 0x00000000c4e00000, 0x00000000c4e00000| Untracked 
|  79|0x00000000c4f00000, 0x00000000c5000000, 0x00000000c5000000|100%| O|  |TAMS 0x00000000c4f00000, 0x00000000c4f00000| Untracked 
|  80|0x00000000c5000000, 0x00000000c5100000, 0x00000000c5100000|100%| O|  |TAMS 0x00000000c5000000, 0x00000000c5000000| Untracked 
|  81|0x00000000c5100000, 0x00000000c5200000, 0x00000000c5200000|100%| O|  |TAMS 0x00000000c5100000, 0x00000000c5100000| Untracked 
|  82|0x00000000c5200000, 0x00000000c5300000, 0x00000000c5300000|100%| O|  |TAMS 0x00000000c5200000, 0x00000000c5200000| Untracked 
|  83|0x00000000c5300000, 0x00000000c5400000, 0x00000000c5400000|100%| O|  |TAMS 0x00000000c5300000, 0x00000000c5300000| Untracked 
|  84|0x00000000c5400000, 0x00000000c5500000, 0x00000000c5500000|100%| O|  |TAMS 0x00000000c5400000, 0x00000000c5400000| Untracked 
|  85|0x00000000c5500000, 0x00000000c5600000, 0x00000000c5600000|100%| O|  |TAMS 0x00000000c5500000, 0x00000000c5500000| Untracked 
|  86|0x00000000c5600000, 0x00000000c5700000, 0x00000000c5700000|100%| O|  |TAMS 0x00000000c5600000, 0x00000000c5600000| Untracked 
|  87|0x00000000c5700000, 0x00000000c5800000, 0x00000000c5800000|100%| O|  |TAMS 0x00000000c5700000, 0x00000000c5700000| Untracked 
|  88|0x00000000c5800000, 0x00000000c5900000, 0x00000000c5900000|100%| O|  |TAMS 0x00000000c5800000, 0x00000000c5800000| Untracked 
|  89|0x00000000c5900000, 0x00000000c5a00000, 0x00000000c5a00000|100%| O|  |TAMS 0x00000000c5900000, 0x00000000c5900000| Untracked 
|  90|0x00000000c5a00000, 0x00000000c5b00000, 0x00000000c5b00000|100%| O|  |TAMS 0x00000000c5a00000, 0x00000000c5a00000| Untracked 
|  91|0x00000000c5b00000, 0x00000000c5c00000, 0x00000000c5c00000|100%| O|  |TAMS 0x00000000c5b00000, 0x00000000c5b00000| Untracked 
|  92|0x00000000c5c00000, 0x00000000c5d00000, 0x00000000c5d00000|100%| O|  |TAMS 0x00000000c5c00000, 0x00000000c5c00000| Untracked 
|  93|0x00000000c5d00000, 0x00000000c5e00000, 0x00000000c5e00000|100%| O|  |TAMS 0x00000000c5d00000, 0x00000000c5d00000| Untracked 
|  94|0x00000000c5e00000, 0x00000000c5f00000, 0x00000000c5f00000|100%| O|  |TAMS 0x00000000c5e00000, 0x00000000c5e00000| Untracked 
|  95|0x00000000c5f00000, 0x00000000c6000000, 0x00000000c6000000|100%| O|  |TAMS 0x00000000c5f00000, 0x00000000c5f00000| Untracked 
|  96|0x00000000c6000000, 0x00000000c6100000, 0x00000000c6100000|100%| O|  |TAMS 0x00000000c6000000, 0x00000000c6000000| Untracked 
|  97|0x00000000c6100000, 0x00000000c6200000, 0x00000000c6200000|100%| O|  |TAMS 0x00000000c6100000, 0x00000000c6100000| Untracked 
|  98|0x00000000c6200000, 0x00000000c6300000, 0x00000000c6300000|100%| O|  |TAMS 0x00000000c6200000, 0x00000000c6200000| Untracked 
|  99|0x00000000c6300000, 0x00000000c6400000, 0x00000000c6400000|100%| O|  |TAMS 0x00000000c6300000, 0x00000000c6300000| Untracked 
| 100|0x00000000c6400000, 0x00000000c6500000, 0x00000000c6500000|100%| O|  |TAMS 0x00000000c6400000, 0x00000000c6400000| Untracked 
| 101|0x00000000c6500000, 0x00000000c6600000, 0x00000000c6600000|100%| O|  |TAMS 0x00000000c6500000, 0x00000000c6500000| Untracked 
| 102|0x00000000c6600000, 0x00000000c6700000, 0x00000000c6700000|100%| O|  |TAMS 0x00000000c6600000, 0x00000000c6600000| Untracked 
| 103|0x00000000c6700000, 0x00000000c6800000, 0x00000000c6800000|100%| O|  |TAMS 0x00000000c6700000, 0x00000000c6700000| Untracked 
| 104|0x00000000c6800000, 0x00000000c6900000, 0x00000000c6900000|100%| O|  |TAMS 0x00000000c6800000, 0x00000000c6800000| Untracked 
| 105|0x00000000c6900000, 0x00000000c6a00000, 0x00000000c6a00000|100%| O|  |TAMS 0x00000000c6900000, 0x00000000c6900000| Untracked 
| 106|0x00000000c6a00000, 0x00000000c6b00000, 0x00000000c6b00000|100%| O|  |TAMS 0x00000000c6a00000, 0x00000000c6a00000| Untracked 
| 107|0x00000000c6b00000, 0x00000000c6c00000, 0x00000000c6c00000|100%| O|  |TAMS 0x00000000c6b00000, 0x00000000c6b00000| Untracked 
| 108|0x00000000c6c00000, 0x00000000c6d00000, 0x00000000c6d00000|100%| O|  |TAMS 0x00000000c6c00000, 0x00000000c6c00000| Untracked 
| 109|0x00000000c6d00000, 0x00000000c6e00000, 0x00000000c6e00000|100%| O|  |TAMS 0x00000000c6d00000, 0x00000000c6d00000| Untracked 
| 110|0x00000000c6e00000, 0x00000000c6f00000, 0x00000000c6f00000|100%| O|  |TAMS 0x00000000c6e00000, 0x00000000c6e00000| Untracked 
| 111|0x00000000c6f00000, 0x00000000c7000000, 0x00000000c7000000|100%| O|  |TAMS 0x00000000c6f00000, 0x00000000c6f00000| Untracked 
| 112|0x00000000c7000000, 0x00000000c7100000, 0x00000000c7100000|100%| O|  |TAMS 0x00000000c7000000, 0x00000000c7000000| Untracked 
| 113|0x00000000c7100000, 0x00000000c7200000, 0x00000000c7200000|100%| O|  |TAMS 0x00000000c7100000, 0x00000000c7100000| Untracked 
| 114|0x00000000c7200000, 0x00000000c7300000, 0x00000000c7300000|100%| O|  |TAMS 0x00000000c7200000, 0x00000000c7200000| Untracked 
| 115|0x00000000c7300000, 0x00000000c7400000, 0x00000000c7400000|100%| O|  |TAMS 0x00000000c7300000, 0x00000000c7300000| Untracked 
| 116|0x00000000c7400000, 0x00000000c7500000, 0x00000000c7500000|100%| O|  |TAMS 0x00000000c7400000, 0x00000000c7400000| Untracked 
| 117|0x00000000c7500000, 0x00000000c7600000, 0x00000000c7600000|100%| O|  |TAMS 0x00000000c7500000, 0x00000000c7500000| Untracked 
| 118|0x00000000c7600000, 0x00000000c7700000, 0x00000000c7700000|100%| O|  |TAMS 0x00000000c7600000, 0x00000000c7600000| Untracked 
| 119|0x00000000c7700000, 0x00000000c7800000, 0x00000000c7800000|100%| O|  |TAMS 0x00000000c7700000, 0x00000000c7700000| Untracked 
| 120|0x00000000c7800000, 0x00000000c7900000, 0x00000000c7900000|100%| O|  |TAMS 0x00000000c7800000, 0x00000000c7800000| Untracked 
| 121|0x00000000c7900000, 0x00000000c7a00000, 0x00000000c7a00000|100%| O|  |TAMS 0x00000000c7900000, 0x00000000c7900000| Untracked 
| 122|0x00000000c7a00000, 0x00000000c7b00000, 0x00000000c7b00000|100%| O|  |TAMS 0x00000000c7a00000, 0x00000000c7a00000| Untracked 
| 123|0x00000000c7b00000, 0x00000000c7c00000, 0x00000000c7c00000|100%| O|  |TAMS 0x00000000c7b00000, 0x00000000c7b00000| Untracked 
| 124|0x00000000c7c00000, 0x00000000c7d00000, 0x00000000c7d00000|100%| O|  |TAMS 0x00000000c7c00000, 0x00000000c7c00000| Untracked 
| 125|0x00000000c7d00000, 0x00000000c7e00000, 0x00000000c7e00000|100%| O|  |TAMS 0x00000000c7d00000, 0x00000000c7d00000| Untracked 
| 126|0x00000000c7e00000, 0x00000000c7f00000, 0x00000000c7f00000|100%| O|  |TAMS 0x00000000c7e00000, 0x00000000c7e00000| Untracked 
| 127|0x00000000c7f00000, 0x00000000c8000000, 0x00000000c8000000|100%| O|  |TAMS 0x00000000c7f00000, 0x00000000c7f00000| Untracked 
| 128|0x00000000c8000000, 0x00000000c8100000, 0x00000000c8100000|100%| O|  |TAMS 0x00000000c8000000, 0x00000000c8000000| Untracked 
| 129|0x00000000c8100000, 0x00000000c8200000, 0x00000000c8200000|100%| O|  |TAMS 0x00000000c8100000, 0x00000000c8100000| Untracked 
| 130|0x00000000c8200000, 0x00000000c8300000, 0x00000000c8300000|100%| O|  |TAMS 0x00000000c8200000, 0x00000000c8200000| Untracked 
| 131|0x00000000c8300000, 0x00000000c8400000, 0x00000000c8400000|100%| O|  |TAMS 0x00000000c8300000, 0x00000000c8300000| Untracked 
| 132|0x00000000c8400000, 0x00000000c8500000, 0x00000000c8500000|100%| O|  |TAMS 0x00000000c8400000, 0x00000000c8400000| Untracked 
| 133|0x00000000c8500000, 0x00000000c8600000, 0x00000000c8600000|100%| O|  |TAMS 0x00000000c8500000, 0x00000000c8500000| Untracked 
| 134|0x00000000c8600000, 0x00000000c8700000, 0x00000000c8700000|100%| O|  |TAMS 0x00000000c8600000, 0x00000000c8600000| Untracked 
| 135|0x00000000c8700000, 0x00000000c8800000, 0x00000000c8800000|100%| O|  |TAMS 0x00000000c8700000, 0x00000000c8700000| Untracked 
| 136|0x00000000c8800000, 0x00000000c8900000, 0x00000000c8900000|100%| O|  |TAMS 0x00000000c8800000, 0x00000000c8800000| Untracked 
| 137|0x00000000c8900000, 0x00000000c8a00000, 0x00000000c8a00000|100%| O|  |TAMS 0x00000000c8900000, 0x00000000c8900000| Untracked 
| 138|0x00000000c8a00000, 0x00000000c8b00000, 0x00000000c8b00000|100%| O|  |TAMS 0x00000000c8a00000, 0x00000000c8a00000| Untracked 
| 139|0x00000000c8b00000, 0x00000000c8c00000, 0x00000000c8c00000|100%| O|  |TAMS 0x00000000c8b00000, 0x00000000c8b00000| Untracked 
| 140|0x00000000c8c00000, 0x00000000c8d00000, 0x00000000c8d00000|100%| O|  |TAMS 0x00000000c8c00000, 0x00000000c8c00000| Untracked 
| 141|0x00000000c8d00000, 0x00000000c8e00000, 0x00000000c8e00000|100%| O|  |TAMS 0x00000000c8d00000, 0x00000000c8d00000| Untracked 
| 142|0x00000000c8e00000, 0x00000000c8f00000, 0x00000000c8f00000|100%| O|  |TAMS 0x00000000c8e00000, 0x00000000c8e00000| Untracked 
| 143|0x00000000c8f00000, 0x00000000c8f62a00, 0x00000000c9000000| 38%| O|  |TAMS 0x00000000c8f00000, 0x00000000c8f00000| Untracked 
| 144|0x00000000c9000000, 0x00000000c9000000, 0x00000000c9100000|  0%| F|  |TAMS 0x00000000c9000000, 0x00000000c9000000| Untracked 
| 145|0x00000000c9100000, 0x00000000c9100000, 0x00000000c9200000|  0%| F|  |TAMS 0x00000000c9100000, 0x00000000c9100000| Untracked 
| 146|0x00000000c9200000, 0x00000000c9200000, 0x00000000c9300000|  0%| F|  |TAMS 0x00000000c9200000, 0x00000000c9200000| Untracked 
| 147|0x00000000c9300000, 0x00000000c9300000, 0x00000000c9400000|  0%| F|  |TAMS 0x00000000c9300000, 0x00000000c9300000| Untracked 
| 148|0x00000000c9400000, 0x00000000c9400000, 0x00000000c9500000|  0%| F|  |TAMS 0x00000000c9400000, 0x00000000c9400000| Untracked 
| 149|0x00000000c9500000, 0x00000000c9500000, 0x00000000c9600000|  0%| F|  |TAMS 0x00000000c9500000, 0x00000000c9500000| Untracked 
| 150|0x00000000c9600000, 0x00000000c9600000, 0x00000000c9700000|  0%| F|  |TAMS 0x00000000c9600000, 0x00000000c9600000| Untracked 
| 151|0x00000000c9700000, 0x00000000c9700000, 0x00000000c9800000|  0%| F|  |TAMS 0x00000000c9700000, 0x00000000c9700000| Untracked 
| 152|0x00000000c9800000, 0x00000000c9800000, 0x00000000c9900000|  0%| F|  |TAMS 0x00000000c9800000, 0x00000000c9800000| Untracked 
| 153|0x00000000c9900000, 0x00000000c9900000, 0x00000000c9a00000|  0%| F|  |TAMS 0x00000000c9900000, 0x00000000c9900000| Untracked 
| 154|0x00000000c9a00000, 0x00000000c9a00000, 0x00000000c9b00000|  0%| F|  |TAMS 0x00000000c9a00000, 0x00000000c9a00000| Untracked 
| 155|0x00000000c9b00000, 0x00000000c9b00000, 0x00000000c9c00000|  0%| F|  |TAMS 0x00000000c9b00000, 0x00000000c9b00000| Untracked 
| 156|0x00000000c9c00000, 0x00000000c9c00000, 0x00000000c9d00000|  0%| F|  |TAMS 0x00000000c9c00000, 0x00000000c9c00000| Untracked 
| 157|0x00000000c9d00000, 0x00000000c9d00000, 0x00000000c9e00000|  0%| F|  |TAMS 0x00000000c9d00000, 0x00000000c9d00000| Untracked 
| 158|0x00000000c9e00000, 0x00000000c9e00000, 0x00000000c9f00000|  0%| F|  |TAMS 0x00000000c9e00000, 0x00000000c9e00000| Untracked 
| 159|0x00000000c9f00000, 0x00000000c9f00000, 0x00000000ca000000|  0%| F|  |TAMS 0x00000000c9f00000, 0x00000000c9f00000| Untracked 
| 160|0x00000000ca000000, 0x00000000ca000000, 0x00000000ca100000|  0%| F|  |TAMS 0x00000000ca000000, 0x00000000ca000000| Untracked 
| 161|0x00000000ca100000, 0x00000000ca100000, 0x00000000ca200000|  0%| F|  |TAMS 0x00000000ca100000, 0x00000000ca100000| Untracked 
| 162|0x00000000ca200000, 0x00000000ca200000, 0x00000000ca300000|  0%| F|  |TAMS 0x00000000ca200000, 0x00000000ca200000| Untracked 
| 163|0x00000000ca300000, 0x00000000ca300000, 0x00000000ca400000|  0%| F|  |TAMS 0x00000000ca300000, 0x00000000ca300000| Untracked 
| 164|0x00000000ca400000, 0x00000000ca400000, 0x00000000ca500000|  0%| F|  |TAMS 0x00000000ca400000, 0x00000000ca400000| Untracked 
| 165|0x00000000ca500000, 0x00000000ca500000, 0x00000000ca600000|  0%| F|  |TAMS 0x00000000ca500000, 0x00000000ca500000| Untracked 
| 166|0x00000000ca600000, 0x00000000ca600000, 0x00000000ca700000|  0%| F|  |TAMS 0x00000000ca600000, 0x00000000ca600000| Untracked 
| 167|0x00000000ca700000, 0x00000000ca700000, 0x00000000ca800000|  0%| F|  |TAMS 0x00000000ca700000, 0x00000000ca700000| Untracked 
| 168|0x00000000ca800000, 0x00000000ca800000, 0x00000000ca900000|  0%| F|  |TAMS 0x00000000ca800000, 0x00000000ca800000| Untracked 
| 169|0x00000000ca900000, 0x00000000ca900000, 0x00000000caa00000|  0%| F|  |TAMS 0x00000000ca900000, 0x00000000ca900000| Untracked 
| 170|0x00000000caa00000, 0x00000000caa00000, 0x00000000cab00000|  0%| F|  |TAMS 0x00000000caa00000, 0x00000000caa00000| Untracked 
| 171|0x00000000cab00000, 0x00000000cab00000, 0x00000000cac00000|  0%| F|  |TAMS 0x00000000cab00000, 0x00000000cab00000| Untracked 
| 172|0x00000000cac00000, 0x00000000cac00000, 0x00000000cad00000|  0%| F|  |TAMS 0x00000000cac00000, 0x00000000cac00000| Untracked 
| 173|0x00000000cad00000, 0x00000000cad00000, 0x00000000cae00000|  0%| F|  |TAMS 0x00000000cad00000, 0x00000000cad00000| Untracked 
| 174|0x00000000cae00000, 0x00000000cae00000, 0x00000000caf00000|  0%| F|  |TAMS 0x00000000cae00000, 0x00000000cae00000| Untracked 
| 175|0x00000000caf00000, 0x00000000caf00000, 0x00000000cb000000|  0%| F|  |TAMS 0x00000000caf00000, 0x00000000caf00000| Untracked 
| 176|0x00000000cb000000, 0x00000000cb000000, 0x00000000cb100000|  0%| F|  |TAMS 0x00000000cb000000, 0x00000000cb000000| Untracked 
| 177|0x00000000cb100000, 0x00000000cb100000, 0x00000000cb200000|  0%| F|  |TAMS 0x00000000cb100000, 0x00000000cb100000| Untracked 
| 178|0x00000000cb200000, 0x00000000cb200000, 0x00000000cb300000|  0%| F|  |TAMS 0x00000000cb200000, 0x00000000cb200000| Untracked 
| 179|0x00000000cb300000, 0x00000000cb300000, 0x00000000cb400000|  0%| F|  |TAMS 0x00000000cb300000, 0x00000000cb300000| Untracked 
| 180|0x00000000cb400000, 0x00000000cb400000, 0x00000000cb500000|  0%| F|  |TAMS 0x00000000cb400000, 0x00000000cb400000| Untracked 
| 181|0x00000000cb500000, 0x00000000cb500000, 0x00000000cb600000|  0%| F|  |TAMS 0x00000000cb500000, 0x00000000cb500000| Untracked 
| 182|0x00000000cb600000, 0x00000000cb600000, 0x00000000cb700000|  0%| F|  |TAMS 0x00000000cb600000, 0x00000000cb600000| Untracked 
| 183|0x00000000cb700000, 0x00000000cb700000, 0x00000000cb800000|  0%| F|  |TAMS 0x00000000cb700000, 0x00000000cb700000| Untracked 
| 184|0x00000000cb800000, 0x00000000cb800000, 0x00000000cb900000|  0%| F|  |TAMS 0x00000000cb800000, 0x00000000cb800000| Untracked 
| 185|0x00000000cb900000, 0x00000000cb900000, 0x00000000cba00000|  0%| F|  |TAMS 0x00000000cb900000, 0x00000000cb900000| Untracked 
| 186|0x00000000cba00000, 0x00000000cba00000, 0x00000000cbb00000|  0%| F|  |TAMS 0x00000000cba00000, 0x00000000cba00000| Untracked 
| 187|0x00000000cbb00000, 0x00000000cbb00000, 0x00000000cbc00000|  0%| F|  |TAMS 0x00000000cbb00000, 0x00000000cbb00000| Untracked 
| 188|0x00000000cbc00000, 0x00000000cbc00000, 0x00000000cbd00000|  0%| F|  |TAMS 0x00000000cbc00000, 0x00000000cbc00000| Untracked 
| 189|0x00000000cbd00000, 0x00000000cbd00000, 0x00000000cbe00000|  0%| F|  |TAMS 0x00000000cbd00000, 0x00000000cbd00000| Untracked 
| 190|0x00000000cbe00000, 0x00000000cbe00000, 0x00000000cbf00000|  0%| F|  |TAMS 0x00000000cbe00000, 0x00000000cbe00000| Untracked 
| 191|0x00000000cbf00000, 0x00000000cbf00000, 0x00000000cc000000|  0%| F|  |TAMS 0x00000000cbf00000, 0x00000000cbf00000| Untracked 
| 192|0x00000000cc000000, 0x00000000cc000000, 0x00000000cc100000|  0%| F|  |TAMS 0x00000000cc000000, 0x00000000cc000000| Untracked 
| 193|0x00000000cc100000, 0x00000000cc100000, 0x00000000cc200000|  0%| F|  |TAMS 0x00000000cc100000, 0x00000000cc100000| Untracked 
| 194|0x00000000cc200000, 0x00000000cc200000, 0x00000000cc300000|  0%| F|  |TAMS 0x00000000cc200000, 0x00000000cc200000| Untracked 
| 195|0x00000000cc300000, 0x00000000cc300000, 0x00000000cc400000|  0%| F|  |TAMS 0x00000000cc300000, 0x00000000cc300000| Untracked 
| 196|0x00000000cc400000, 0x00000000cc400000, 0x00000000cc500000|  0%| F|  |TAMS 0x00000000cc400000, 0x00000000cc400000| Untracked 
| 197|0x00000000cc500000, 0x00000000cc500000, 0x00000000cc600000|  0%| F|  |TAMS 0x00000000cc500000, 0x00000000cc500000| Untracked 
| 198|0x00000000cc600000, 0x00000000cc600000, 0x00000000cc700000|  0%| F|  |TAMS 0x00000000cc600000, 0x00000000cc600000| Untracked 
| 199|0x00000000cc700000, 0x00000000cc700000, 0x00000000cc800000|  0%| F|  |TAMS 0x00000000cc700000, 0x00000000cc700000| Untracked 
| 200|0x00000000cc800000, 0x00000000cc800000, 0x00000000cc900000|  0%| F|  |TAMS 0x00000000cc800000, 0x00000000cc800000| Untracked 
| 201|0x00000000cc900000, 0x00000000cc900000, 0x00000000cca00000|  0%| F|  |TAMS 0x00000000cc900000, 0x00000000cc900000| Untracked 
| 202|0x00000000cca00000, 0x00000000cca00000, 0x00000000ccb00000|  0%| F|  |TAMS 0x00000000cca00000, 0x00000000cca00000| Untracked 
| 203|0x00000000ccb00000, 0x00000000ccb00000, 0x00000000ccc00000|  0%| F|  |TAMS 0x00000000ccb00000, 0x00000000ccb00000| Untracked 
| 204|0x00000000ccc00000, 0x00000000ccc00000, 0x00000000ccd00000|  0%| F|  |TAMS 0x00000000ccc00000, 0x00000000ccc00000| Untracked 
| 205|0x00000000ccd00000, 0x00000000ccd00000, 0x00000000cce00000|  0%| F|  |TAMS 0x00000000ccd00000, 0x00000000ccd00000| Untracked 
| 206|0x00000000cce00000, 0x00000000cce00000, 0x00000000ccf00000|  0%| F|  |TAMS 0x00000000cce00000, 0x00000000cce00000| Untracked 
| 207|0x00000000ccf00000, 0x00000000ccf00000, 0x00000000cd000000|  0%| F|  |TAMS 0x00000000ccf00000, 0x00000000ccf00000| Untracked 
| 208|0x00000000cd000000, 0x00000000cd000000, 0x00000000cd100000|  0%| F|  |TAMS 0x00000000cd000000, 0x00000000cd000000| Untracked 
| 209|0x00000000cd100000, 0x00000000cd100000, 0x00000000cd200000|  0%| F|  |TAMS 0x00000000cd100000, 0x00000000cd100000| Untracked 
| 210|0x00000000cd200000, 0x00000000cd200000, 0x00000000cd300000|  0%| F|  |TAMS 0x00000000cd200000, 0x00000000cd200000| Untracked 
| 211|0x00000000cd300000, 0x00000000cd300000, 0x00000000cd400000|  0%| F|  |TAMS 0x00000000cd300000, 0x00000000cd300000| Untracked 
| 212|0x00000000cd400000, 0x00000000cd400000, 0x00000000cd500000|  0%| F|  |TAMS 0x00000000cd400000, 0x00000000cd400000| Untracked 
| 213|0x00000000cd500000, 0x00000000cd500000, 0x00000000cd600000|  0%| F|  |TAMS 0x00000000cd500000, 0x00000000cd500000| Untracked 
| 214|0x00000000cd600000, 0x00000000cd600000, 0x00000000cd700000|  0%| F|  |TAMS 0x00000000cd600000, 0x00000000cd600000| Untracked 
| 215|0x00000000cd700000, 0x00000000cd700000, 0x00000000cd800000|  0%| F|  |TAMS 0x00000000cd700000, 0x00000000cd700000| Untracked 
| 216|0x00000000cd800000, 0x00000000cd800000, 0x00000000cd900000|  0%| F|  |TAMS 0x00000000cd800000, 0x00000000cd800000| Untracked 
| 217|0x00000000cd900000, 0x00000000cd900000, 0x00000000cda00000|  0%| F|  |TAMS 0x00000000cd900000, 0x00000000cd900000| Untracked 
| 218|0x00000000cda00000, 0x00000000cda00000, 0x00000000cdb00000|  0%| F|  |TAMS 0x00000000cda00000, 0x00000000cda00000| Untracked 
| 219|0x00000000cdb00000, 0x00000000cdb00000, 0x00000000cdc00000|  0%| F|  |TAMS 0x00000000cdb00000, 0x00000000cdb00000| Untracked 
| 220|0x00000000cdc00000, 0x00000000cdc00000, 0x00000000cdd00000|  0%| F|  |TAMS 0x00000000cdc00000, 0x00000000cdc00000| Untracked 
| 221|0x00000000cdd00000, 0x00000000cdd00000, 0x00000000cde00000|  0%| F|  |TAMS 0x00000000cdd00000, 0x00000000cdd00000| Untracked 
| 222|0x00000000cde00000, 0x00000000cde00000, 0x00000000cdf00000|  0%| F|  |TAMS 0x00000000cde00000, 0x00000000cde00000| Untracked 
| 223|0x00000000cdf00000, 0x00000000cdf00000, 0x00000000ce000000|  0%| F|  |TAMS 0x00000000cdf00000, 0x00000000cdf00000| Untracked 
| 224|0x00000000ce000000, 0x00000000ce000000, 0x00000000ce100000|  0%| F|  |TAMS 0x00000000ce000000, 0x00000000ce000000| Untracked 
| 225|0x00000000ce100000, 0x00000000ce100000, 0x00000000ce200000|  0%| F|  |TAMS 0x00000000ce100000, 0x00000000ce100000| Untracked 
| 226|0x00000000ce200000, 0x00000000ce200000, 0x00000000ce300000|  0%| F|  |TAMS 0x00000000ce200000, 0x00000000ce200000| Untracked 
| 227|0x00000000ce300000, 0x00000000ce300000, 0x00000000ce400000|  0%| F|  |TAMS 0x00000000ce300000, 0x00000000ce300000| Untracked 
| 228|0x00000000ce400000, 0x00000000ce400000, 0x00000000ce500000|  0%| F|  |TAMS 0x00000000ce400000, 0x00000000ce400000| Untracked 
| 229|0x00000000ce500000, 0x00000000ce500000, 0x00000000ce600000|  0%| F|  |TAMS 0x00000000ce500000, 0x00000000ce500000| Untracked 
| 230|0x00000000ce600000, 0x00000000ce600000, 0x00000000ce700000|  0%| F|  |TAMS 0x00000000ce600000, 0x00000000ce600000| Untracked 
| 231|0x00000000ce700000, 0x00000000ce700000, 0x00000000ce800000|  0%| F|  |TAMS 0x00000000ce700000, 0x00000000ce700000| Untracked 
| 232|0x00000000ce800000, 0x00000000ce800000, 0x00000000ce900000|  0%| F|  |TAMS 0x00000000ce800000, 0x00000000ce800000| Untracked 
| 233|0x00000000ce900000, 0x00000000ce900000, 0x00000000cea00000|  0%| F|  |TAMS 0x00000000ce900000, 0x00000000ce900000| Untracked 
| 234|0x00000000cea00000, 0x00000000cea00000, 0x00000000ceb00000|  0%| F|  |TAMS 0x00000000cea00000, 0x00000000cea00000| Untracked 
| 235|0x00000000ceb00000, 0x00000000ceb00000, 0x00000000cec00000|  0%| F|  |TAMS 0x00000000ceb00000, 0x00000000ceb00000| Untracked 
| 236|0x00000000cec00000, 0x00000000cec00000, 0x00000000ced00000|  0%| F|  |TAMS 0x00000000cec00000, 0x00000000cec00000| Untracked 
| 237|0x00000000ced00000, 0x00000000ced00000, 0x00000000cee00000|  0%| F|  |TAMS 0x00000000ced00000, 0x00000000ced00000| Untracked 
| 238|0x00000000cee00000, 0x00000000cee00000, 0x00000000cef00000|  0%| F|  |TAMS 0x00000000cee00000, 0x00000000cee00000| Untracked 
| 239|0x00000000cef00000, 0x00000000cef00000, 0x00000000cf000000|  0%| F|  |TAMS 0x00000000cef00000, 0x00000000cef00000| Untracked 
| 240|0x00000000cf000000, 0x00000000cf000000, 0x00000000cf100000|  0%| F|  |TAMS 0x00000000cf000000, 0x00000000cf000000| Untracked 
| 241|0x00000000cf100000, 0x00000000cf100000, 0x00000000cf200000|  0%| F|  |TAMS 0x00000000cf100000, 0x00000000cf100000| Untracked 
| 242|0x00000000cf200000, 0x00000000cf200000, 0x00000000cf300000|  0%| F|  |TAMS 0x00000000cf200000, 0x00000000cf200000| Untracked 
| 243|0x00000000cf300000, 0x00000000cf300000, 0x00000000cf400000|  0%| F|  |TAMS 0x00000000cf300000, 0x00000000cf300000| Untracked 
| 244|0x00000000cf400000, 0x00000000cf400000, 0x00000000cf500000|  0%| F|  |TAMS 0x00000000cf400000, 0x00000000cf400000| Untracked 
| 245|0x00000000cf500000, 0x00000000cf500000, 0x00000000cf600000|  0%| F|  |TAMS 0x00000000cf500000, 0x00000000cf500000| Untracked 
| 246|0x00000000cf600000, 0x00000000cf600000, 0x00000000cf700000|  0%| F|  |TAMS 0x00000000cf600000, 0x00000000cf600000| Untracked 
| 247|0x00000000cf700000, 0x00000000cf700000, 0x00000000cf800000|  0%| F|  |TAMS 0x00000000cf700000, 0x00000000cf700000| Untracked 
| 248|0x00000000cf800000, 0x00000000cf800000, 0x00000000cf900000|  0%| F|  |TAMS 0x00000000cf800000, 0x00000000cf800000| Untracked 
| 249|0x00000000cf900000, 0x00000000cf900000, 0x00000000cfa00000|  0%| F|  |TAMS 0x00000000cf900000, 0x00000000cf900000| Untracked 
| 250|0x00000000cfa00000, 0x00000000cfa00000, 0x00000000cfb00000|  0%| F|  |TAMS 0x00000000cfa00000, 0x00000000cfa00000| Untracked 
| 251|0x00000000cfb00000, 0x00000000cfb00000, 0x00000000cfc00000|  0%| F|  |TAMS 0x00000000cfb00000, 0x00000000cfb00000| Untracked 
| 252|0x00000000cfc00000, 0x00000000cfc00000, 0x00000000cfd00000|  0%| F|  |TAMS 0x00000000cfc00000, 0x00000000cfc00000| Untracked 
| 253|0x00000000cfd00000, 0x00000000cfd00000, 0x00000000cfe00000|  0%| F|  |TAMS 0x00000000cfd00000, 0x00000000cfd00000| Untracked 
| 254|0x00000000cfe00000, 0x00000000cfe00000, 0x00000000cff00000|  0%| F|  |TAMS 0x00000000cfe00000, 0x00000000cfe00000| Untracked 
| 255|0x00000000cff00000, 0x00000000cff00000, 0x00000000d0000000|  0%| F|  |TAMS 0x00000000cff00000, 0x00000000cff00000| Untracked 
| 256|0x00000000d0000000, 0x00000000d0000000, 0x00000000d0100000|  0%| F|  |TAMS 0x00000000d0000000, 0x00000000d0000000| Untracked 
| 257|0x00000000d0100000, 0x00000000d0100000, 0x00000000d0200000|  0%| F|  |TAMS 0x00000000d0100000, 0x00000000d0100000| Untracked 
| 258|0x00000000d0200000, 0x00000000d0200000, 0x00000000d0300000|  0%| F|  |TAMS 0x00000000d0200000, 0x00000000d0200000| Untracked 
| 259|0x00000000d0300000, 0x00000000d0300000, 0x00000000d0400000|  0%| F|  |TAMS 0x00000000d0300000, 0x00000000d0300000| Untracked 
| 260|0x00000000d0400000, 0x00000000d0400000, 0x00000000d0500000|  0%| F|  |TAMS 0x00000000d0400000, 0x00000000d0400000| Untracked 
| 261|0x00000000d0500000, 0x00000000d0500000, 0x00000000d0600000|  0%| F|  |TAMS 0x00000000d0500000, 0x00000000d0500000| Untracked 
| 262|0x00000000d0600000, 0x00000000d0600000, 0x00000000d0700000|  0%| F|  |TAMS 0x00000000d0600000, 0x00000000d0600000| Untracked 
| 263|0x00000000d0700000, 0x00000000d0700000, 0x00000000d0800000|  0%| F|  |TAMS 0x00000000d0700000, 0x00000000d0700000| Untracked 
| 264|0x00000000d0800000, 0x00000000d0800000, 0x00000000d0900000|  0%| F|  |TAMS 0x00000000d0800000, 0x00000000d0800000| Untracked 
| 265|0x00000000d0900000, 0x00000000d0900000, 0x00000000d0a00000|  0%| F|  |TAMS 0x00000000d0900000, 0x00000000d0900000| Untracked 
| 266|0x00000000d0a00000, 0x00000000d0a00000, 0x00000000d0b00000|  0%| F|  |TAMS 0x00000000d0a00000, 0x00000000d0a00000| Untracked 
| 267|0x00000000d0b00000, 0x00000000d0b00000, 0x00000000d0c00000|  0%| F|  |TAMS 0x00000000d0b00000, 0x00000000d0b00000| Untracked 
| 268|0x00000000d0c00000, 0x00000000d0c00000, 0x00000000d0d00000|  0%| F|  |TAMS 0x00000000d0c00000, 0x00000000d0c00000| Untracked 
| 269|0x00000000d0d00000, 0x00000000d0d00000, 0x00000000d0e00000|  0%| F|  |TAMS 0x00000000d0d00000, 0x00000000d0d00000| Untracked 
| 270|0x00000000d0e00000, 0x00000000d0e00000, 0x00000000d0f00000|  0%| F|  |TAMS 0x00000000d0e00000, 0x00000000d0e00000| Untracked 
| 271|0x00000000d0f00000, 0x00000000d0f00000, 0x00000000d1000000|  0%| F|  |TAMS 0x00000000d0f00000, 0x00000000d0f00000| Untracked 
| 272|0x00000000d1000000, 0x00000000d1000000, 0x00000000d1100000|  0%| F|  |TAMS 0x00000000d1000000, 0x00000000d1000000| Untracked 
| 273|0x00000000d1100000, 0x00000000d1100000, 0x00000000d1200000|  0%| F|  |TAMS 0x00000000d1100000, 0x00000000d1100000| Untracked 
| 274|0x00000000d1200000, 0x00000000d1200000, 0x00000000d1300000|  0%| F|  |TAMS 0x00000000d1200000, 0x00000000d1200000| Untracked 
| 275|0x00000000d1300000, 0x00000000d1300000, 0x00000000d1400000|  0%| F|  |TAMS 0x00000000d1300000, 0x00000000d1300000| Untracked 
| 276|0x00000000d1400000, 0x00000000d1400000, 0x00000000d1500000|  0%| F|  |TAMS 0x00000000d1400000, 0x00000000d1400000| Untracked 
| 277|0x00000000d1500000, 0x00000000d1500000, 0x00000000d1600000|  0%| F|  |TAMS 0x00000000d1500000, 0x00000000d1500000| Untracked 
| 278|0x00000000d1600000, 0x00000000d1600000, 0x00000000d1700000|  0%| F|  |TAMS 0x00000000d1600000, 0x00000000d1600000| Untracked 
| 279|0x00000000d1700000, 0x00000000d1700000, 0x00000000d1800000|  0%| F|  |TAMS 0x00000000d1700000, 0x00000000d1700000| Untracked 
| 280|0x00000000d1800000, 0x00000000d1800000, 0x00000000d1900000|  0%| F|  |TAMS 0x00000000d1800000, 0x00000000d1800000| Untracked 
| 281|0x00000000d1900000, 0x00000000d1900000, 0x00000000d1a00000|  0%| F|  |TAMS 0x00000000d1900000, 0x00000000d1900000| Untracked 
| 282|0x00000000d1a00000, 0x00000000d1a00000, 0x00000000d1b00000|  0%| F|  |TAMS 0x00000000d1a00000, 0x00000000d1a00000| Untracked 
| 283|0x00000000d1b00000, 0x00000000d1b00000, 0x00000000d1c00000|  0%| F|  |TAMS 0x00000000d1b00000, 0x00000000d1b00000| Untracked 
| 284|0x00000000d1c00000, 0x00000000d1c00000, 0x00000000d1d00000|  0%| F|  |TAMS 0x00000000d1c00000, 0x00000000d1c00000| Untracked 
| 285|0x00000000d1d00000, 0x00000000d1d00000, 0x00000000d1e00000|  0%| F|  |TAMS 0x00000000d1d00000, 0x00000000d1d00000| Untracked 
| 286|0x00000000d1e00000, 0x00000000d1e00000, 0x00000000d1f00000|  0%| F|  |TAMS 0x00000000d1e00000, 0x00000000d1e00000| Untracked 
| 287|0x00000000d1f00000, 0x00000000d1f00000, 0x00000000d2000000|  0%| F|  |TAMS 0x00000000d1f00000, 0x00000000d1f00000| Untracked 
| 288|0x00000000d2000000, 0x00000000d2000000, 0x00000000d2100000|  0%| F|  |TAMS 0x00000000d2000000, 0x00000000d2000000| Untracked 
| 289|0x00000000d2100000, 0x00000000d2100000, 0x00000000d2200000|  0%| F|  |TAMS 0x00000000d2100000, 0x00000000d2100000| Untracked 
| 290|0x00000000d2200000, 0x00000000d2200000, 0x00000000d2300000|  0%| F|  |TAMS 0x00000000d2200000, 0x00000000d2200000| Untracked 
| 291|0x00000000d2300000, 0x00000000d2300000, 0x00000000d2400000|  0%| F|  |TAMS 0x00000000d2300000, 0x00000000d2300000| Untracked 
| 292|0x00000000d2400000, 0x00000000d2400000, 0x00000000d2500000|  0%| F|  |TAMS 0x00000000d2400000, 0x00000000d2400000| Untracked 
| 293|0x00000000d2500000, 0x00000000d2500000, 0x00000000d2600000|  0%| F|  |TAMS 0x00000000d2500000, 0x00000000d2500000| Untracked 
| 294|0x00000000d2600000, 0x00000000d2600000, 0x00000000d2700000|  0%| F|  |TAMS 0x00000000d2600000, 0x00000000d2600000| Untracked 
| 295|0x00000000d2700000, 0x00000000d2700000, 0x00000000d2800000|  0%| F|  |TAMS 0x00000000d2700000, 0x00000000d2700000| Untracked 
| 296|0x00000000d2800000, 0x00000000d2800000, 0x00000000d2900000|  0%| F|  |TAMS 0x00000000d2800000, 0x00000000d2800000| Untracked 
| 297|0x00000000d2900000, 0x00000000d2900000, 0x00000000d2a00000|  0%| F|  |TAMS 0x00000000d2900000, 0x00000000d2900000| Untracked 
| 298|0x00000000d2a00000, 0x00000000d2a00000, 0x00000000d2b00000|  0%| F|  |TAMS 0x00000000d2a00000, 0x00000000d2a00000| Untracked 
| 299|0x00000000d2b00000, 0x00000000d2b00000, 0x00000000d2c00000|  0%| F|  |TAMS 0x00000000d2b00000, 0x00000000d2b00000| Untracked 
| 300|0x00000000d2c00000, 0x00000000d2c00000, 0x00000000d2d00000|  0%| F|  |TAMS 0x00000000d2c00000, 0x00000000d2c00000| Untracked 
| 301|0x00000000d2d00000, 0x00000000d2d00000, 0x00000000d2e00000|  0%| F|  |TAMS 0x00000000d2d00000, 0x00000000d2d00000| Untracked 
| 302|0x00000000d2e00000, 0x00000000d2e00000, 0x00000000d2f00000|  0%| F|  |TAMS 0x00000000d2e00000, 0x00000000d2e00000| Untracked 
| 303|0x00000000d2f00000, 0x00000000d2f00000, 0x00000000d3000000|  0%| F|  |TAMS 0x00000000d2f00000, 0x00000000d2f00000| Untracked 
| 304|0x00000000d3000000, 0x00000000d3000000, 0x00000000d3100000|  0%| F|  |TAMS 0x00000000d3000000, 0x00000000d3000000| Untracked 
| 305|0x00000000d3100000, 0x00000000d3100000, 0x00000000d3200000|  0%| F|  |TAMS 0x00000000d3100000, 0x00000000d3100000| Untracked 
| 306|0x00000000d3200000, 0x00000000d3200000, 0x00000000d3300000|  0%| F|  |TAMS 0x00000000d3200000, 0x00000000d3200000| Untracked 
| 307|0x00000000d3300000, 0x00000000d3300000, 0x00000000d3400000|  0%| F|  |TAMS 0x00000000d3300000, 0x00000000d3300000| Untracked 
| 308|0x00000000d3400000, 0x00000000d3400000, 0x00000000d3500000|  0%| F|  |TAMS 0x00000000d3400000, 0x00000000d3400000| Untracked 
| 309|0x00000000d3500000, 0x00000000d3500000, 0x00000000d3600000|  0%| F|  |TAMS 0x00000000d3500000, 0x00000000d3500000| Untracked 
| 310|0x00000000d3600000, 0x00000000d3600000, 0x00000000d3700000|  0%| F|  |TAMS 0x00000000d3600000, 0x00000000d3600000| Untracked 
| 311|0x00000000d3700000, 0x00000000d3700000, 0x00000000d3800000|  0%| F|  |TAMS 0x00000000d3700000, 0x00000000d3700000| Untracked 
| 312|0x00000000d3800000, 0x00000000d3800000, 0x00000000d3900000|  0%| F|  |TAMS 0x00000000d3800000, 0x00000000d3800000| Untracked 
| 313|0x00000000d3900000, 0x00000000d3900000, 0x00000000d3a00000|  0%| F|  |TAMS 0x00000000d3900000, 0x00000000d3900000| Untracked 
| 314|0x00000000d3a00000, 0x00000000d3a00000, 0x00000000d3b00000|  0%| F|  |TAMS 0x00000000d3a00000, 0x00000000d3a00000| Untracked 
| 315|0x00000000d3b00000, 0x00000000d3b00000, 0x00000000d3c00000|  0%| F|  |TAMS 0x00000000d3b00000, 0x00000000d3b00000| Untracked 
| 316|0x00000000d3c00000, 0x00000000d3c00000, 0x00000000d3d00000|  0%| F|  |TAMS 0x00000000d3c00000, 0x00000000d3c00000| Untracked 
| 317|0x00000000d3d00000, 0x00000000d3d00000, 0x00000000d3e00000|  0%| F|  |TAMS 0x00000000d3d00000, 0x00000000d3d00000| Untracked 
| 318|0x00000000d3e00000, 0x00000000d3e00000, 0x00000000d3f00000|  0%| F|  |TAMS 0x00000000d3e00000, 0x00000000d3e00000| Untracked 
| 319|0x00000000d3f00000, 0x00000000d3f00000, 0x00000000d4000000|  0%| F|  |TAMS 0x00000000d3f00000, 0x00000000d3f00000| Untracked 
| 320|0x00000000d4000000, 0x00000000d4000000, 0x00000000d4100000|  0%| F|  |TAMS 0x00000000d4000000, 0x00000000d4000000| Untracked 
| 321|0x00000000d4100000, 0x00000000d4100000, 0x00000000d4200000|  0%| F|  |TAMS 0x00000000d4100000, 0x00000000d4100000| Untracked 
| 322|0x00000000d4200000, 0x00000000d4200000, 0x00000000d4300000|  0%| F|  |TAMS 0x00000000d4200000, 0x00000000d4200000| Untracked 
| 323|0x00000000d4300000, 0x00000000d4300000, 0x00000000d4400000|  0%| F|  |TAMS 0x00000000d4300000, 0x00000000d4300000| Untracked 
| 324|0x00000000d4400000, 0x00000000d4400000, 0x00000000d4500000|  0%| F|  |TAMS 0x00000000d4400000, 0x00000000d4400000| Untracked 
| 325|0x00000000d4500000, 0x00000000d4500000, 0x00000000d4600000|  0%| F|  |TAMS 0x00000000d4500000, 0x00000000d4500000| Untracked 
| 326|0x00000000d4600000, 0x00000000d4600000, 0x00000000d4700000|  0%| F|  |TAMS 0x00000000d4600000, 0x00000000d4600000| Untracked 
| 327|0x00000000d4700000, 0x00000000d4700000, 0x00000000d4800000|  0%| F|  |TAMS 0x00000000d4700000, 0x00000000d4700000| Untracked 
| 328|0x00000000d4800000, 0x00000000d4800000, 0x00000000d4900000|  0%| F|  |TAMS 0x00000000d4800000, 0x00000000d4800000| Untracked 
| 329|0x00000000d4900000, 0x00000000d4900000, 0x00000000d4a00000|  0%| F|  |TAMS 0x00000000d4900000, 0x00000000d4900000| Untracked 
| 330|0x00000000d4a00000, 0x00000000d4a00000, 0x00000000d4b00000|  0%| F|  |TAMS 0x00000000d4a00000, 0x00000000d4a00000| Untracked 
| 331|0x00000000d4b00000, 0x00000000d4b00000, 0x00000000d4c00000|  0%| F|  |TAMS 0x00000000d4b00000, 0x00000000d4b00000| Untracked 
| 332|0x00000000d4c00000, 0x00000000d4c00000, 0x00000000d4d00000|  0%| F|  |TAMS 0x00000000d4c00000, 0x00000000d4c00000| Untracked 
| 333|0x00000000d4d00000, 0x00000000d4d00000, 0x00000000d4e00000|  0%| F|  |TAMS 0x00000000d4d00000, 0x00000000d4d00000| Untracked 
| 334|0x00000000d4e00000, 0x00000000d4e00000, 0x00000000d4f00000|  0%| F|  |TAMS 0x00000000d4e00000, 0x00000000d4e00000| Untracked 
| 335|0x00000000d4f00000, 0x00000000d4f00000, 0x00000000d5000000|  0%| F|  |TAMS 0x00000000d4f00000, 0x00000000d4f00000| Untracked 
| 336|0x00000000d5000000, 0x00000000d5000000, 0x00000000d5100000|  0%| F|  |TAMS 0x00000000d5000000, 0x00000000d5000000| Untracked 
| 337|0x00000000d5100000, 0x00000000d5100000, 0x00000000d5200000|  0%| F|  |TAMS 0x00000000d5100000, 0x00000000d5100000| Untracked 
| 338|0x00000000d5200000, 0x00000000d5200000, 0x00000000d5300000|  0%| F|  |TAMS 0x00000000d5200000, 0x00000000d5200000| Untracked 
| 339|0x00000000d5300000, 0x00000000d5300000, 0x00000000d5400000|  0%| F|  |TAMS 0x00000000d5300000, 0x00000000d5300000| Untracked 
| 340|0x00000000d5400000, 0x00000000d5400000, 0x00000000d5500000|  0%| F|  |TAMS 0x00000000d5400000, 0x00000000d5400000| Untracked 
| 341|0x00000000d5500000, 0x00000000d5500000, 0x00000000d5600000|  0%| F|  |TAMS 0x00000000d5500000, 0x00000000d5500000| Untracked 
| 342|0x00000000d5600000, 0x00000000d5600000, 0x00000000d5700000|  0%| F|  |TAMS 0x00000000d5600000, 0x00000000d5600000| Untracked 
| 343|0x00000000d5700000, 0x00000000d5700000, 0x00000000d5800000|  0%| F|  |TAMS 0x00000000d5700000, 0x00000000d5700000| Untracked 
| 344|0x00000000d5800000, 0x00000000d5800000, 0x00000000d5900000|  0%| F|  |TAMS 0x00000000d5800000, 0x00000000d5800000| Untracked 
| 345|0x00000000d5900000, 0x00000000d5900000, 0x00000000d5a00000|  0%| F|  |TAMS 0x00000000d5900000, 0x00000000d5900000| Untracked 
| 346|0x00000000d5a00000, 0x00000000d5a00000, 0x00000000d5b00000|  0%| F|  |TAMS 0x00000000d5a00000, 0x00000000d5a00000| Untracked 
| 347|0x00000000d5b00000, 0x00000000d5b00000, 0x00000000d5c00000|  0%| F|  |TAMS 0x00000000d5b00000, 0x00000000d5b00000| Untracked 
| 348|0x00000000d5c00000, 0x00000000d5c00000, 0x00000000d5d00000|  0%| F|  |TAMS 0x00000000d5c00000, 0x00000000d5c00000| Untracked 
| 349|0x00000000d5d00000, 0x00000000d5d00000, 0x00000000d5e00000|  0%| F|  |TAMS 0x00000000d5d00000, 0x00000000d5d00000| Untracked 
| 350|0x00000000d5e00000, 0x00000000d5e00000, 0x00000000d5f00000|  0%| F|  |TAMS 0x00000000d5e00000, 0x00000000d5e00000| Untracked 
| 351|0x00000000d5f00000, 0x00000000d5f00000, 0x00000000d6000000|  0%| F|  |TAMS 0x00000000d5f00000, 0x00000000d5f00000| Untracked 
| 352|0x00000000d6000000, 0x00000000d6000000, 0x00000000d6100000|  0%| F|  |TAMS 0x00000000d6000000, 0x00000000d6000000| Untracked 
| 353|0x00000000d6100000, 0x00000000d6100000, 0x00000000d6200000|  0%| F|  |TAMS 0x00000000d6100000, 0x00000000d6100000| Untracked 
| 354|0x00000000d6200000, 0x00000000d6200000, 0x00000000d6300000|  0%| F|  |TAMS 0x00000000d6200000, 0x00000000d6200000| Untracked 
| 355|0x00000000d6300000, 0x00000000d6300000, 0x00000000d6400000|  0%| F|  |TAMS 0x00000000d6300000, 0x00000000d6300000| Untracked 
| 356|0x00000000d6400000, 0x00000000d6400000, 0x00000000d6500000|  0%| F|  |TAMS 0x00000000d6400000, 0x00000000d6400000| Untracked 
| 357|0x00000000d6500000, 0x00000000d6500000, 0x00000000d6600000|  0%| F|  |TAMS 0x00000000d6500000, 0x00000000d6500000| Untracked 
| 358|0x00000000d6600000, 0x00000000d6600000, 0x00000000d6700000|  0%| F|  |TAMS 0x00000000d6600000, 0x00000000d6600000| Untracked 
| 359|0x00000000d6700000, 0x00000000d6700000, 0x00000000d6800000|  0%| F|  |TAMS 0x00000000d6700000, 0x00000000d6700000| Untracked 
| 360|0x00000000d6800000, 0x00000000d6800000, 0x00000000d6900000|  0%| F|  |TAMS 0x00000000d6800000, 0x00000000d6800000| Untracked 
| 361|0x00000000d6900000, 0x00000000d6900000, 0x00000000d6a00000|  0%| F|  |TAMS 0x00000000d6900000, 0x00000000d6900000| Untracked 
| 362|0x00000000d6a00000, 0x00000000d6a00000, 0x00000000d6b00000|  0%| F|  |TAMS 0x00000000d6a00000, 0x00000000d6a00000| Untracked 
| 363|0x00000000d6b00000, 0x00000000d6b00000, 0x00000000d6c00000|  0%| F|  |TAMS 0x00000000d6b00000, 0x00000000d6b00000| Untracked 
| 364|0x00000000d6c00000, 0x00000000d6c00000, 0x00000000d6d00000|  0%| F|  |TAMS 0x00000000d6c00000, 0x00000000d6c00000| Untracked 
| 365|0x00000000d6d00000, 0x00000000d6d00000, 0x00000000d6e00000|  0%| F|  |TAMS 0x00000000d6d00000, 0x00000000d6d00000| Untracked 
| 366|0x00000000d6e00000, 0x00000000d6e00000, 0x00000000d6f00000|  0%| F|  |TAMS 0x00000000d6e00000, 0x00000000d6e00000| Untracked 
| 367|0x00000000d6f00000, 0x00000000d6f00000, 0x00000000d7000000|  0%| F|  |TAMS 0x00000000d6f00000, 0x00000000d6f00000| Untracked 
| 368|0x00000000d7000000, 0x00000000d7000000, 0x00000000d7100000|  0%| F|  |TAMS 0x00000000d7000000, 0x00000000d7000000| Untracked 
| 369|0x00000000d7100000, 0x00000000d7100000, 0x00000000d7200000|  0%| F|  |TAMS 0x00000000d7100000, 0x00000000d7100000| Untracked 
| 370|0x00000000d7200000, 0x00000000d7200000, 0x00000000d7300000|  0%| F|  |TAMS 0x00000000d7200000, 0x00000000d7200000| Untracked 
| 371|0x00000000d7300000, 0x00000000d7300000, 0x00000000d7400000|  0%| F|  |TAMS 0x00000000d7300000, 0x00000000d7300000| Untracked 
| 372|0x00000000d7400000, 0x00000000d7400000, 0x00000000d7500000|  0%| F|  |TAMS 0x00000000d7400000, 0x00000000d7400000| Untracked 
| 373|0x00000000d7500000, 0x00000000d7500000, 0x00000000d7600000|  0%| F|  |TAMS 0x00000000d7500000, 0x00000000d7500000| Untracked 
| 374|0x00000000d7600000, 0x00000000d7600000, 0x00000000d7700000|  0%| F|  |TAMS 0x00000000d7600000, 0x00000000d7600000| Untracked 
| 375|0x00000000d7700000, 0x00000000d7700000, 0x00000000d7800000|  0%| F|  |TAMS 0x00000000d7700000, 0x00000000d7700000| Untracked 
| 376|0x00000000d7800000, 0x00000000d7800000, 0x00000000d7900000|  0%| F|  |TAMS 0x00000000d7800000, 0x00000000d7800000| Untracked 
| 377|0x00000000d7900000, 0x00000000d7900000, 0x00000000d7a00000|  0%| F|  |TAMS 0x00000000d7900000, 0x00000000d7900000| Untracked 
| 378|0x00000000d7a00000, 0x00000000d7a00000, 0x00000000d7b00000|  0%| F|  |TAMS 0x00000000d7a00000, 0x00000000d7a00000| Untracked 
| 379|0x00000000d7b00000, 0x00000000d7b00000, 0x00000000d7c00000|  0%| F|  |TAMS 0x00000000d7b00000, 0x00000000d7b00000| Untracked 
| 380|0x00000000d7c00000, 0x00000000d7c00000, 0x00000000d7d00000|  0%| F|  |TAMS 0x00000000d7c00000, 0x00000000d7c00000| Untracked 
| 381|0x00000000d7d00000, 0x00000000d7d00000, 0x00000000d7e00000|  0%| F|  |TAMS 0x00000000d7d00000, 0x00000000d7d00000| Untracked 
| 382|0x00000000d7e00000, 0x00000000d7e00000, 0x00000000d7f00000|  0%| F|  |TAMS 0x00000000d7e00000, 0x00000000d7e00000| Untracked 
| 383|0x00000000d7f00000, 0x00000000d7f00000, 0x00000000d8000000|  0%| F|  |TAMS 0x00000000d7f00000, 0x00000000d7f00000| Untracked 
| 384|0x00000000d8000000, 0x00000000d8000000, 0x00000000d8100000|  0%| F|  |TAMS 0x00000000d8000000, 0x00000000d8000000| Untracked 
| 385|0x00000000d8100000, 0x00000000d8100000, 0x00000000d8200000|  0%| F|  |TAMS 0x00000000d8100000, 0x00000000d8100000| Untracked 
| 386|0x00000000d8200000, 0x00000000d8200000, 0x00000000d8300000|  0%| F|  |TAMS 0x00000000d8200000, 0x00000000d8200000| Untracked 
| 387|0x00000000d8300000, 0x00000000d8300000, 0x00000000d8400000|  0%| F|  |TAMS 0x00000000d8300000, 0x00000000d8300000| Untracked 
| 388|0x00000000d8400000, 0x00000000d8400000, 0x00000000d8500000|  0%| F|  |TAMS 0x00000000d8400000, 0x00000000d8400000| Untracked 
| 389|0x00000000d8500000, 0x00000000d8500000, 0x00000000d8600000|  0%| F|  |TAMS 0x00000000d8500000, 0x00000000d8500000| Untracked 
| 390|0x00000000d8600000, 0x00000000d8600000, 0x00000000d8700000|  0%| F|  |TAMS 0x00000000d8600000, 0x00000000d8600000| Untracked 
| 391|0x00000000d8700000, 0x00000000d8700000, 0x00000000d8800000|  0%| F|  |TAMS 0x00000000d8700000, 0x00000000d8700000| Untracked 
| 392|0x00000000d8800000, 0x00000000d8800000, 0x00000000d8900000|  0%| F|  |TAMS 0x00000000d8800000, 0x00000000d8800000| Untracked 
| 393|0x00000000d8900000, 0x00000000d8900000, 0x00000000d8a00000|  0%| F|  |TAMS 0x00000000d8900000, 0x00000000d8900000| Untracked 
| 394|0x00000000d8a00000, 0x00000000d8a00000, 0x00000000d8b00000|  0%| F|  |TAMS 0x00000000d8a00000, 0x00000000d8a00000| Untracked 
| 395|0x00000000d8b00000, 0x00000000d8b00000, 0x00000000d8c00000|  0%| F|  |TAMS 0x00000000d8b00000, 0x00000000d8b00000| Untracked 
| 396|0x00000000d8c00000, 0x00000000d8c00000, 0x00000000d8d00000|  0%| F|  |TAMS 0x00000000d8c00000, 0x00000000d8c00000| Untracked 
| 397|0x00000000d8d00000, 0x00000000d8d00000, 0x00000000d8e00000|  0%| F|  |TAMS 0x00000000d8d00000, 0x00000000d8d00000| Untracked 
| 398|0x00000000d8e00000, 0x00000000d8e00000, 0x00000000d8f00000|  0%| F|  |TAMS 0x00000000d8e00000, 0x00000000d8e00000| Untracked 
| 399|0x00000000d8f00000, 0x00000000d8f00000, 0x00000000d9000000|  0%| F|  |TAMS 0x00000000d8f00000, 0x00000000d8f00000| Untracked 
| 400|0x00000000d9000000, 0x00000000d9000000, 0x00000000d9100000|  0%| F|  |TAMS 0x00000000d9000000, 0x00000000d9000000| Untracked 
| 401|0x00000000d9100000, 0x00000000d9100000, 0x00000000d9200000|  0%| F|  |TAMS 0x00000000d9100000, 0x00000000d9100000| Untracked 
| 402|0x00000000d9200000, 0x00000000d9200000, 0x00000000d9300000|  0%| F|  |TAMS 0x00000000d9200000, 0x00000000d9200000| Untracked 
| 403|0x00000000d9300000, 0x00000000d9300000, 0x00000000d9400000|  0%| F|  |TAMS 0x00000000d9300000, 0x00000000d9300000| Untracked 
| 404|0x00000000d9400000, 0x00000000d9400000, 0x00000000d9500000|  0%| F|  |TAMS 0x00000000d9400000, 0x00000000d9400000| Untracked 
| 405|0x00000000d9500000, 0x00000000d9500000, 0x00000000d9600000|  0%| F|  |TAMS 0x00000000d9500000, 0x00000000d9500000| Untracked 
| 406|0x00000000d9600000, 0x00000000d9600000, 0x00000000d9700000|  0%| F|  |TAMS 0x00000000d9600000, 0x00000000d9600000| Untracked 
| 407|0x00000000d9700000, 0x00000000d9700000, 0x00000000d9800000|  0%| F|  |TAMS 0x00000000d9700000, 0x00000000d9700000| Untracked 
| 408|0x00000000d9800000, 0x00000000d9800000, 0x00000000d9900000|  0%| F|  |TAMS 0x00000000d9800000, 0x00000000d9800000| Untracked 
| 409|0x00000000d9900000, 0x00000000d9900000, 0x00000000d9a00000|  0%| F|  |TAMS 0x00000000d9900000, 0x00000000d9900000| Untracked 
| 410|0x00000000d9a00000, 0x00000000d9a00000, 0x00000000d9b00000|  0%| F|  |TAMS 0x00000000d9a00000, 0x00000000d9a00000| Untracked 
| 411|0x00000000d9b00000, 0x00000000d9b00000, 0x00000000d9c00000|  0%| F|  |TAMS 0x00000000d9b00000, 0x00000000d9b00000| Untracked 
| 412|0x00000000d9c00000, 0x00000000d9c00000, 0x00000000d9d00000|  0%| F|  |TAMS 0x00000000d9c00000, 0x00000000d9c00000| Untracked 
| 413|0x00000000d9d00000, 0x00000000d9d00000, 0x00000000d9e00000|  0%| F|  |TAMS 0x00000000d9d00000, 0x00000000d9d00000| Untracked 
| 414|0x00000000d9e00000, 0x00000000d9e00000, 0x00000000d9f00000|  0%| F|  |TAMS 0x00000000d9e00000, 0x00000000d9e00000| Untracked 
| 415|0x00000000d9f00000, 0x00000000d9f00000, 0x00000000da000000|  0%| F|  |TAMS 0x00000000d9f00000, 0x00000000d9f00000| Untracked 
| 416|0x00000000da000000, 0x00000000da000000, 0x00000000da100000|  0%| F|  |TAMS 0x00000000da000000, 0x00000000da000000| Untracked 
| 417|0x00000000da100000, 0x00000000da100000, 0x00000000da200000|  0%| F|  |TAMS 0x00000000da100000, 0x00000000da100000| Untracked 
| 418|0x00000000da200000, 0x00000000da200000, 0x00000000da300000|  0%| F|  |TAMS 0x00000000da200000, 0x00000000da200000| Untracked 
| 419|0x00000000da300000, 0x00000000da300000, 0x00000000da400000|  0%| F|  |TAMS 0x00000000da300000, 0x00000000da300000| Untracked 
| 420|0x00000000da400000, 0x00000000da400000, 0x00000000da500000|  0%| F|  |TAMS 0x00000000da400000, 0x00000000da400000| Untracked 
| 421|0x00000000da500000, 0x00000000da500000, 0x00000000da600000|  0%| F|  |TAMS 0x00000000da500000, 0x00000000da500000| Untracked 
| 422|0x00000000da600000, 0x00000000da600000, 0x00000000da700000|  0%| F|  |TAMS 0x00000000da600000, 0x00000000da600000| Untracked 
| 423|0x00000000da700000, 0x00000000da700000, 0x00000000da800000|  0%| F|  |TAMS 0x00000000da700000, 0x00000000da700000| Untracked 
| 424|0x00000000da800000, 0x00000000da800000, 0x00000000da900000|  0%| F|  |TAMS 0x00000000da800000, 0x00000000da800000| Untracked 
| 425|0x00000000da900000, 0x00000000da900000, 0x00000000daa00000|  0%| F|  |TAMS 0x00000000da900000, 0x00000000da900000| Untracked 
| 426|0x00000000daa00000, 0x00000000daa00000, 0x00000000dab00000|  0%| F|  |TAMS 0x00000000daa00000, 0x00000000daa00000| Untracked 
| 427|0x00000000dab00000, 0x00000000dab00000, 0x00000000dac00000|  0%| F|  |TAMS 0x00000000dab00000, 0x00000000dab00000| Untracked 
| 428|0x00000000dac00000, 0x00000000dac00000, 0x00000000dad00000|  0%| F|  |TAMS 0x00000000dac00000, 0x00000000dac00000| Untracked 
| 429|0x00000000dad00000, 0x00000000dad00000, 0x00000000dae00000|  0%| F|  |TAMS 0x00000000dad00000, 0x00000000dad00000| Untracked 
| 430|0x00000000dae00000, 0x00000000dae00000, 0x00000000daf00000|  0%| F|  |TAMS 0x00000000dae00000, 0x00000000dae00000| Untracked 
| 431|0x00000000daf00000, 0x00000000daf00000, 0x00000000db000000|  0%| F|  |TAMS 0x00000000daf00000, 0x00000000daf00000| Untracked 
| 432|0x00000000db000000, 0x00000000db100000, 0x00000000db100000|100%| S|CS|TAMS 0x00000000db000000, 0x00000000db000000| Complete 
| 433|0x00000000db100000, 0x00000000db200000, 0x00000000db200000|100%| S|CS|TAMS 0x00000000db100000, 0x00000000db100000| Complete 
| 434|0x00000000db200000, 0x00000000db300000, 0x00000000db300000|100%| S|CS|TAMS 0x00000000db200000, 0x00000000db200000| Complete 
| 435|0x00000000db300000, 0x00000000db400000, 0x00000000db400000|100%| S|CS|TAMS 0x00000000db300000, 0x00000000db300000| Complete 
| 436|0x00000000db400000, 0x00000000db500000, 0x00000000db500000|100%| S|CS|TAMS 0x00000000db400000, 0x00000000db400000| Complete 
| 437|0x00000000db500000, 0x00000000db600000, 0x00000000db600000|100%| S|CS|TAMS 0x00000000db500000, 0x00000000db500000| Complete 
| 438|0x00000000db600000, 0x00000000db700000, 0x00000000db700000|100%| S|CS|TAMS 0x00000000db600000, 0x00000000db600000| Complete 
| 439|0x00000000db700000, 0x00000000db800000, 0x00000000db800000|100%| S|CS|TAMS 0x00000000db700000, 0x00000000db700000| Complete 
| 440|0x00000000db800000, 0x00000000db900000, 0x00000000db900000|100%| S|CS|TAMS 0x00000000db800000, 0x00000000db800000| Complete 
| 441|0x00000000db900000, 0x00000000db900000, 0x00000000dba00000|  0%| F|  |TAMS 0x00000000db900000, 0x00000000db900000| Untracked 
| 442|0x00000000dba00000, 0x00000000dba00000, 0x00000000dbb00000|  0%| F|  |TAMS 0x00000000dba00000, 0x00000000dba00000| Untracked 
| 443|0x00000000dbb00000, 0x00000000dbb00000, 0x00000000dbc00000|  0%| F|  |TAMS 0x00000000dbb00000, 0x00000000dbb00000| Untracked 
| 444|0x00000000dbc00000, 0x00000000dbc00000, 0x00000000dbd00000|  0%| F|  |TAMS 0x00000000dbc00000, 0x00000000dbc00000| Untracked 
| 445|0x00000000dbd00000, 0x00000000dbd00000, 0x00000000dbe00000|  0%| F|  |TAMS 0x00000000dbd00000, 0x00000000dbd00000| Untracked 
| 446|0x00000000dbe00000, 0x00000000dbe80800, 0x00000000dbf00000| 50%| E|  |TAMS 0x00000000dbe00000, 0x00000000dbe00000| Complete 
| 447|0x00000000dbf00000, 0x00000000dc000000, 0x00000000dc000000|100%| E|CS|TAMS 0x00000000dbf00000, 0x00000000dbf00000| Complete 
| 448|0x00000000dc000000, 0x00000000dc100000, 0x00000000dc100000|100%| E|CS|TAMS 0x00000000dc000000, 0x00000000dc000000| Complete 
| 449|0x00000000dc100000, 0x00000000dc200000, 0x00000000dc200000|100%| E|CS|TAMS 0x00000000dc100000, 0x00000000dc100000| Complete 
| 450|0x00000000dc200000, 0x00000000dc300000, 0x00000000dc300000|100%| E|CS|TAMS 0x00000000dc200000, 0x00000000dc200000| Complete 
| 451|0x00000000dc300000, 0x00000000dc400000, 0x00000000dc400000|100%| E|CS|TAMS 0x00000000dc300000, 0x00000000dc300000| Complete 
| 452|0x00000000dc400000, 0x00000000dc500000, 0x00000000dc500000|100%| E|CS|TAMS 0x00000000dc400000, 0x00000000dc400000| Complete 
| 453|0x00000000dc500000, 0x00000000dc600000, 0x00000000dc600000|100%| E|CS|TAMS 0x00000000dc500000, 0x00000000dc500000| Complete 
| 454|0x00000000dc600000, 0x00000000dc700000, 0x00000000dc700000|100%| E|CS|TAMS 0x00000000dc600000, 0x00000000dc600000| Complete 
| 455|0x00000000dc700000, 0x00000000dc800000, 0x00000000dc800000|100%| E|CS|TAMS 0x00000000dc700000, 0x00000000dc700000| Complete 
| 456|0x00000000dc800000, 0x00000000dc900000, 0x00000000dc900000|100%| E|CS|TAMS 0x00000000dc800000, 0x00000000dc800000| Complete 
| 457|0x00000000dc900000, 0x00000000dca00000, 0x00000000dca00000|100%| E|CS|TAMS 0x00000000dc900000, 0x00000000dc900000| Complete 
| 458|0x00000000dca00000, 0x00000000dcb00000, 0x00000000dcb00000|100%| E|CS|TAMS 0x00000000dca00000, 0x00000000dca00000| Complete 
| 459|0x00000000dcb00000, 0x00000000dcc00000, 0x00000000dcc00000|100%| E|CS|TAMS 0x00000000dcb00000, 0x00000000dcb00000| Complete 
| 460|0x00000000dcc00000, 0x00000000dcd00000, 0x00000000dcd00000|100%| E|CS|TAMS 0x00000000dcc00000, 0x00000000dcc00000| Complete 
| 461|0x00000000dcd00000, 0x00000000dce00000, 0x00000000dce00000|100%| E|CS|TAMS 0x00000000dcd00000, 0x00000000dcd00000| Complete 
| 462|0x00000000dce00000, 0x00000000dcf00000, 0x00000000dcf00000|100%| E|CS|TAMS 0x00000000dce00000, 0x00000000dce00000| Complete 
| 463|0x00000000dcf00000, 0x00000000dd000000, 0x00000000dd000000|100%| E|CS|TAMS 0x00000000dcf00000, 0x00000000dcf00000| Complete 
| 464|0x00000000dd000000, 0x00000000dd100000, 0x00000000dd100000|100%| E|CS|TAMS 0x00000000dd000000, 0x00000000dd000000| Complete 
| 465|0x00000000dd100000, 0x00000000dd200000, 0x00000000dd200000|100%| E|CS|TAMS 0x00000000dd100000, 0x00000000dd100000| Complete 
| 466|0x00000000dd200000, 0x00000000dd300000, 0x00000000dd300000|100%| E|CS|TAMS 0x00000000dd200000, 0x00000000dd200000| Complete 
| 467|0x00000000dd300000, 0x00000000dd400000, 0x00000000dd400000|100%| E|CS|TAMS 0x00000000dd300000, 0x00000000dd300000| Complete 
| 468|0x00000000dd400000, 0x00000000dd500000, 0x00000000dd500000|100%| E|CS|TAMS 0x00000000dd400000, 0x00000000dd400000| Complete 
| 469|0x00000000dd500000, 0x00000000dd600000, 0x00000000dd600000|100%| E|CS|TAMS 0x00000000dd500000, 0x00000000dd500000| Complete 
| 470|0x00000000dd600000, 0x00000000dd700000, 0x00000000dd700000|100%| E|CS|TAMS 0x00000000dd600000, 0x00000000dd600000| Complete 
| 471|0x00000000dd700000, 0x00000000dd800000, 0x00000000dd800000|100%| E|CS|TAMS 0x00000000dd700000, 0x00000000dd700000| Complete 
| 472|0x00000000dd800000, 0x00000000dd900000, 0x00000000dd900000|100%| E|CS|TAMS 0x00000000dd800000, 0x00000000dd800000| Complete 
| 473|0x00000000dd900000, 0x00000000dda00000, 0x00000000dda00000|100%| E|CS|TAMS 0x00000000dd900000, 0x00000000dd900000| Complete 
| 474|0x00000000dda00000, 0x00000000ddb00000, 0x00000000ddb00000|100%| E|CS|TAMS 0x00000000dda00000, 0x00000000dda00000| Complete 
| 475|0x00000000ddb00000, 0x00000000ddc00000, 0x00000000ddc00000|100%| E|CS|TAMS 0x00000000ddb00000, 0x00000000ddb00000| Complete 
| 476|0x00000000ddc00000, 0x00000000ddd00000, 0x00000000ddd00000|100%| E|CS|TAMS 0x00000000ddc00000, 0x00000000ddc00000| Complete 
| 477|0x00000000ddd00000, 0x00000000dde00000, 0x00000000dde00000|100%| E|CS|TAMS 0x00000000ddd00000, 0x00000000ddd00000| Complete 
| 478|0x00000000dde00000, 0x00000000ddf00000, 0x00000000ddf00000|100%| E|CS|TAMS 0x00000000dde00000, 0x00000000dde00000| Complete 
| 479|0x00000000ddf00000, 0x00000000de000000, 0x00000000de000000|100%| E|CS|TAMS 0x00000000ddf00000, 0x00000000ddf00000| Complete 
| 480|0x00000000de000000, 0x00000000de100000, 0x00000000de100000|100%| E|CS|TAMS 0x00000000de000000, 0x00000000de000000| Complete 
| 481|0x00000000de100000, 0x00000000de200000, 0x00000000de200000|100%| E|CS|TAMS 0x00000000de100000, 0x00000000de100000| Complete 
| 482|0x00000000de200000, 0x00000000de300000, 0x00000000de300000|100%| E|CS|TAMS 0x00000000de200000, 0x00000000de200000| Complete 
| 483|0x00000000de300000, 0x00000000de400000, 0x00000000de400000|100%| E|CS|TAMS 0x00000000de300000, 0x00000000de300000| Complete 
| 484|0x00000000de400000, 0x00000000de500000, 0x00000000de500000|100%| E|CS|TAMS 0x00000000de400000, 0x00000000de400000| Complete 
| 485|0x00000000de500000, 0x00000000de600000, 0x00000000de600000|100%| E|CS|TAMS 0x00000000de500000, 0x00000000de500000| Complete 
| 486|0x00000000de600000, 0x00000000de700000, 0x00000000de700000|100%| E|CS|TAMS 0x00000000de600000, 0x00000000de600000| Complete 
| 487|0x00000000de700000, 0x00000000de800000, 0x00000000de800000|100%| E|CS|TAMS 0x00000000de700000, 0x00000000de700000| Complete 
| 488|0x00000000de800000, 0x00000000de900000, 0x00000000de900000|100%| E|CS|TAMS 0x00000000de800000, 0x00000000de800000| Complete 
| 489|0x00000000de900000, 0x00000000dea00000, 0x00000000dea00000|100%| E|CS|TAMS 0x00000000de900000, 0x00000000de900000| Complete 
| 490|0x00000000dea00000, 0x00000000deb00000, 0x00000000deb00000|100%| E|CS|TAMS 0x00000000dea00000, 0x00000000dea00000| Complete 
| 491|0x00000000deb00000, 0x00000000dec00000, 0x00000000dec00000|100%| E|CS|TAMS 0x00000000deb00000, 0x00000000deb00000| Complete 
| 492|0x00000000dec00000, 0x00000000ded00000, 0x00000000ded00000|100%| E|CS|TAMS 0x00000000dec00000, 0x00000000dec00000| Complete 
| 493|0x00000000ded00000, 0x00000000dee00000, 0x00000000dee00000|100%| E|CS|TAMS 0x00000000ded00000, 0x00000000ded00000| Complete 
| 494|0x00000000dee00000, 0x00000000def00000, 0x00000000def00000|100%| E|CS|TAMS 0x00000000dee00000, 0x00000000dee00000| Complete 
| 495|0x00000000def00000, 0x00000000df000000, 0x00000000df000000|100%| E|CS|TAMS 0x00000000def00000, 0x00000000def00000| Complete 
| 496|0x00000000df000000, 0x00000000df100000, 0x00000000df100000|100%| E|CS|TAMS 0x00000000df000000, 0x00000000df000000| Complete 
| 497|0x00000000df100000, 0x00000000df200000, 0x00000000df200000|100%| E|CS|TAMS 0x00000000df100000, 0x00000000df100000| Complete 
| 498|0x00000000df200000, 0x00000000df300000, 0x00000000df300000|100%| E|CS|TAMS 0x00000000df200000, 0x00000000df200000| Complete 
| 499|0x00000000df300000, 0x00000000df400000, 0x00000000df400000|100%| E|CS|TAMS 0x00000000df300000, 0x00000000df300000| Complete 
| 500|0x00000000df400000, 0x00000000df500000, 0x00000000df500000|100%| E|CS|TAMS 0x00000000df400000, 0x00000000df400000| Complete 
| 501|0x00000000df500000, 0x00000000df600000, 0x00000000df600000|100%| E|CS|TAMS 0x00000000df500000, 0x00000000df500000| Complete 
| 502|0x00000000df600000, 0x00000000df700000, 0x00000000df700000|100%| E|CS|TAMS 0x00000000df600000, 0x00000000df600000| Complete 
| 503|0x00000000df700000, 0x00000000df800000, 0x00000000df800000|100%| E|CS|TAMS 0x00000000df700000, 0x00000000df700000| Complete 
| 504|0x00000000df800000, 0x00000000df900000, 0x00000000df900000|100%| E|CS|TAMS 0x00000000df800000, 0x00000000df800000| Complete 
| 505|0x00000000df900000, 0x00000000dfa00000, 0x00000000dfa00000|100%| E|CS|TAMS 0x00000000df900000, 0x00000000df900000| Complete 
| 506|0x00000000dfa00000, 0x00000000dfb00000, 0x00000000dfb00000|100%| E|CS|TAMS 0x00000000dfa00000, 0x00000000dfa00000| Complete 
| 507|0x00000000dfb00000, 0x00000000dfc00000, 0x00000000dfc00000|100%| E|CS|TAMS 0x00000000dfb00000, 0x00000000dfb00000| Complete 
| 508|0x00000000dfc00000, 0x00000000dfd00000, 0x00000000dfd00000|100%| E|CS|TAMS 0x00000000dfc00000, 0x00000000dfc00000| Complete 
| 509|0x00000000dfd00000, 0x00000000dfe00000, 0x00000000dfe00000|100%| E|CS|TAMS 0x00000000dfd00000, 0x00000000dfd00000| Complete 
| 510|0x00000000dfe00000, 0x00000000dff00000, 0x00000000dff00000|100%| E|CS|TAMS 0x00000000dfe00000, 0x00000000dfe00000| Complete 
| 511|0x00000000dff00000, 0x00000000e0000000, 0x00000000e0000000|100%| E|CS|TAMS 0x00000000dff00000, 0x00000000dff00000| Complete 

Card table byte_map: [0x00007f195be00000,0x00007f195c000000] _byte_map_base: 0x00007f195b800000

Marking Bits (Prev, Next): (CMBitMap*) 0x00007f197c0458f8, (CMBitMap*) 0x00007f197c045930
 Prev Bits: [0x00007f195ac00000, 0x00007f195bc00000)
 Next Bits: [0x00007f1959c00000, 0x00007f195ac00000)

Polling page: 0x00007f198259d000

Metaspace:

Usage:
  Non-class:      6.29 MB capacity,     6.18 MB ( 98%) used,   102.01 KB (  2%) free+waste,     3.25 KB ( <1%) overhead. 
      Class:    630.00 KB capacity,   593.40 KB ( 94%) used,    35.29 KB (  6%) free+waste,     1.31 KB ( <1%) overhead. 
       Both:      6.90 MB capacity,     6.76 MB ( 98%) used,   137.30 KB (  2%) free+waste,     4.56 KB ( <1%) overhead. 

Virtual space:
  Non-class space:        8.00 MB reserved,       6.50 MB ( 81%) committed 
      Class space:        1.00 GB reserved,     640.00 KB ( <1%) committed 
             Both:        1.01 GB reserved,       7.12 MB ( <1%) committed 

Chunk freelists:
   Non-Class:  3.50 KB
       Class:  1.25 KB
        Both:  4.75 KB

CodeHeap 'non-profiled nmethods': size=118600Kb used=380Kb max_used=380Kb free=118219Kb
 bounds [0x00007f196b2f9000, 0x00007f196b569000, 0x00007f19726cb000]
CodeHeap 'profiled nmethods': size=118596Kb used=738Kb max_used=738Kb free=117857Kb
 bounds [0x00007f1963f28000, 0x00007f1964198000, 0x00007f196b2f9000]
CodeHeap 'non-nmethods': size=8564Kb used=1609Kb max_used=1647Kb free=6954Kb
 bounds [0x00007f19636cb000, 0x00007f196393b000, 0x00007f1963f28000]
 total_blobs=1051 nmethods=453 adapters=261
 compilation: enabled
              stopped_count=0, restarted_count=0
 full_count=0

Compilation events (10 events):
Event: 0.476 Thread 0x00007f19241ee000 nmethod 443% 0x00007f196b349c10 code [0x00007f196b349e20, 0x00007f196b34ab90]
Event: 0.498 Thread 0x00007f192405d000  447       1       java.util.concurrent.locks.AbstractQueuedSynchronizer::getState (5 bytes)
Event: 0.498 Thread 0x00007f197c39b800  448       1       java.util.concurrent.locks.AbstractOwnableSynchronizer::setExclusiveOwnerThread (6 bytes)
Event: 0.498 Thread 0x00007f192405d000 nmethod 447 0x00007f196b34b390 code [0x00007f196b34b540, 0x00007f196b34b650]
Event: 0.498 Thread 0x00007f197c39b800 nmethod 448 0x00007f196b34b690 code [0x00007f196b34b840, 0x00007f196b34b990]
Event: 0.509 Thread 0x00007f19241ef800  449       4       org.usadellab.trimmomatic.trim.IlluminaClippingTrimmer$IlluminaPrefixPair::palindromeReadsCompare (384 bytes)
Event: 0.513 Thread 0x00007f197c399000  450 %     4       org.usadellab.trimmomatic.trim.IlluminaClippingTrimmer$IlluminaPrefixPair::calculateTotal @ 11 (37 bytes)
Event: 0.520 Thread 0x00007f197c399000 nmethod 450% 0x00007f196b34ba10 code [0x00007f196b34bba0, 0x00007f196b34bd58]
Event: 0.531 Thread 0x00007f19241f3800  451       4       org.usadellab.trimmomatic.trim.IlluminaClippingTrimmer$IlluminaPrefixPair::calculatePalindromeDifferenceQuality (274 bytes)
Event: 0.562 Thread 0x00007f19241f5800 nmethod 446 0x00007f196b34be90 code [0x00007f196b34c1e0, 0x00007f196b34ebc0]

GC Heap History (10 events):
Event: 0.275 GC heap before
{Heap before GC invocations=1 (full 0):
 garbage-first heap   total 524288K, used 37918K [0x00000000c0000000, 0x0000000100000000)
  region size 1024K, 25 young (25600K), 4 survivors (4096K)
 Metaspace       used 6714K, capacity 6778K, committed 7040K, reserved 1056768K
  class space    used 577K, capacity 598K, committed 640K, reserved 1048576K
}
Event: 0.280 GC heap after
{Heap after GC invocations=2 (full 0):
 garbage-first heap   total 524288K, used 32768K [0x00000000c0000000, 0x0000000100000000)
  region size 1024K, 4 young (4096K), 4 survivors (4096K)
 Metaspace       used 6714K, capacity 6778K, committed 7040K, reserved 1056768K
  class space    used 577K, capacity 598K, committed 640K, reserved 1048576K
}
Event: 0.325 GC heap before
{Heap before GC invocations=2 (full 0):
 garbage-first heap   total 524288K, used 60416K [0x00000000c0000000, 0x0000000100000000)
  region size 1024K, 31 young (31744K), 4 survivors (4096K)
 Metaspace       used 6874K, capacity 7002K, committed 7040K, reserved 1056768K
  class space    used 593K, capacity 630K, committed 640K, reserved 1048576K
}
Event: 0.334 GC heap after
{Heap after GC invocations=3 (full 0):
 garbage-first heap   total 524288K, used 54272K [0x00000000c0000000, 0x0000000100000000)
  region size 1024K, 4 young (4096K), 4 survivors (4096K)
 Metaspace       used 6874K, capacity 7002K, committed 7040K, reserved 1056768K
  class space    used 593K, capacity 630K, committed 640K, reserved 1048576K
}
Event: 0.391 GC heap before
{Heap before GC invocations=3 (full 0):
 garbage-first heap   total 524288K, used 90112K [0x00000000c0000000, 0x0000000100000000)
  region size 1024K, 40 young (40960K), 4 survivors (4096K)
 Metaspace       used 6919K, capacity 7066K, committed 7296K, reserved 1056768K
  class space    used 593K, capacity 630K, committed 640K, reserved 1048576K
}
Event: 0.397 GC heap after
{Heap after GC invocations=4 (full 0):
 garbage-first heap   total 524288K, used 79779K [0x00000000c0000000, 0x0000000100000000)
  region size 1024K, 5 young (5120K), 5 survivors (5120K)
 Metaspace       used 6919K, capacity 7066K, committed 7296K, reserved 1056768K
  class space    used 593K, capacity 630K, committed 640K, reserved 1048576K
}
Event: 0.444 GC heap before
{Heap before GC invocations=4 (full 0):
 garbage-first heap   total 524288K, used 128931K [0x00000000c0000000, 0x0000000100000000)
  region size 1024K, 53 young (54272K), 5 survivors (5120K)
 Metaspace       used 6924K, capacity 7066K, committed 7296K, reserved 1056768K
  class space    used 593K, capacity 630K, committed 640K, reserved 1048576K
}
Event: 0.454 GC heap after
{Heap after GC invocations=5 (full 0):
 garbage-first heap   total 524288K, used 108544K [0x00000000c0000000, 0x0000000100000000)
  region size 1024K, 7 young (7168K), 7 survivors (7168K)
 Metaspace       used 6924K, capacity 7066K, committed 7296K, reserved 1056768K
  class space    used 593K, capacity 630K, committed 640K, reserved 1048576K
}
Event: 0.531 GC heap before
{Heap before GC invocations=5 (full 0):
 garbage-first heap   total 524288K, used 174080K [0x00000000c0000000, 0x0000000100000000)
  region size 1024K, 71 young (72704K), 7 survivors (7168K)
 Metaspace       used 6924K, capacity 7066K, committed 7296K, reserved 1056768K
  class space    used 593K, capacity 630K, committed 640K, reserved 1048576K
}
Event: 0.541 GC heap after
{Heap after GC invocations=6 (full 0):
 garbage-first heap   total 524288K, used 156042K [0x00000000c0000000, 0x0000000100000000)
  region size 1024K, 9 young (9216K), 9 survivors (9216K)
 Metaspace       used 6924K, capacity 7066K, committed 7296K, reserved 1056768K
  class space    used 593K, capacity 630K, committed 640K, reserved 1048576K
}

Deoptimization events (8 events):
Event: 0.086 Thread 0x00007f197c013000 Uncommon trap: reason=unstable_if action=reinterpret pc=0x00007f196b2fdd70 method=java.lang.String.hashCode()I @ 14 c2
Event: 0.144 Thread 0x00007f197c013000 Uncommon trap: reason=unstable_if action=reinterpret pc=0x00007f196b2fff0c method=java.lang.String.isLatin1()Z @ 10 c2
Event: 0.314 Thread 0x00007f197c013000 Uncommon trap: reason=profile_predicate action=maybe_recompile pc=0x00007f196b317d80 method=java.util.zip.InflaterInputStream.read([BII)I @ 41 c2
Event: 0.314 Thread 0x00007f197c013000 Uncommon trap: reason=unstable_if action=reinterpret pc=0x00007f196b3167ec method=java.util.zip.Inflater.needsInput()Z @ 13 c2
Event: 0.314 Thread 0x00007f197c013000 Uncommon trap: reason=profile_predicate action=maybe_recompile pc=0x00007f196b317d80 method=java.util.zip.InflaterInputStream.read([BII)I @ 41 c2
Event: 0.314 Thread 0x00007f197c013000 Uncommon trap: reason=profile_predicate action=maybe_recompile pc=0x00007f196b317d80 method=java.util.zip.InflaterInputStream.read([BII)I @ 41 c2
Event: 0.315 Thread 0x00007f197c013000 Uncommon trap: reason=profile_predicate action=maybe_recompile pc=0x00007f196b317d80 method=java.util.zip.InflaterInputStream.read([BII)I @ 41 c2
Event: 0.456 Thread 0x00007f197c5c0800 Uncommon trap: reason=unstable_if action=reinterpret pc=0x00007f196b33932c method=org.usadellab.trimmomatic.trim.IlluminaClippingTrimmer$IlluminaLongClippingSeq.readsSeqCompare(Lorg/usadellab/trimmomatic/fastq/FastqRecord;)Ljava/lang/Integer; @ 189 c2

Classes redefined (0 events):
No events

Internal exceptions (0 events):
No events

Events (10 events):
Event: 0.556 Thread 0x00007f197c5c8000 DEOPT UNPACKING pc=0x00007f19636f34ba sp=0x00007f19453a5908 mode 0
Event: 0.556 Thread 0x00007f197c5be800 DEOPT UNPACKING pc=0x00007f19636f34ba sp=0x00007f19455a7908 mode 0
Event: 0.558 Thread 0x00007f197c5be800 DEOPT PACKING pc=0x00007f1963fdf9e9 sp=0x00007f19455a83f0
Event: 0.558 Thread 0x00007f197c5be800 DEOPT UNPACKING pc=0x00007f19636f34ba sp=0x00007f19455a7908 mode 0
Event: 0.561 Thread 0x00007f197c5c8000 DEOPT PACKING pc=0x00007f1963fdf9c8 sp=0x00007f19453a63f0
Event: 0.561 Thread 0x00007f197c5c8000 DEOPT UNPACKING pc=0x00007f19636f34ba sp=0x00007f19453a5908 mode 0
Event: 0.561 Thread 0x00007f197c5c0800 DEOPT PACKING pc=0x00007f1963fdf9e9 sp=0x00007f19454a73f0
Event: 0.561 Thread 0x00007f197c5c0800 DEOPT UNPACKING pc=0x00007f19636f34ba sp=0x00007f19454a6908 mode 0
Event: 0.561 Thread 0x00007f197c5be800 DEOPT PACKING pc=0x00007f1963fdf9c8 sp=0x00007f19455a83f0
Event: 0.561 Thread 0x00007f197c5be800 DEOPT UNPACKING pc=0x00007f19636f34ba sp=0x00007f19455a7908 mode 0


Dynamic libraries:
00400000-00401000 r-xp 00000000 08:01 88103908400                        /disks/home/carter/miniconda3/envs/sunbeam/lib/python3.12/site-packages/.snakemake/c9f3baa4fee625bd01c5858c83366e0c_/bin/java
00601000-00602000 rw-p 00001000 08:01 88103908400                        /disks/home/carter/miniconda3/envs/sunbeam/lib/python3.12/site-packages/.snakemake/c9f3baa4fee625bd01c5858c83366e0c_/bin/java
01ecf000-01ef0000 rw-p 00000000 00:00 0                                  [heap]
c0000000-e0000000 rw-p 00000000 00:00 0 
e0000000-100000000 ---p 00000000 00:00 0 
100000000-1000a0000 rw-p 00000000 00:00 0 
1000a0000-140000000 ---p 00000000 00:00 0 
7f18a4000000-7f18a4021000 rw-p 00000000 00:00 0 
7f18a4021000-7f18a8000000 ---p 00000000 00:00 0 
7f18a8000000-7f18a8021000 rw-p 00000000 00:00 0 
7f18a8021000-7f18ac000000 ---p 00000000 00:00 0 
7f18ac000000-7f18ac021000 rw-p 00000000 00:00 0 
7f18ac021000-7f18b0000000 ---p 00000000 00:00 0 
7f18b0000000-7f18b0021000 rw-p 00000000 00:00 0 
7f18b0021000-7f18b4000000 ---p 00000000 00:00 0 
7f18b4000000-7f18b42ee000 rw-p 00000000 00:00 0 
7f18b42ee000-7f18b8000000 ---p 00000000 00:00 0 
7f18b8000000-7f18b83c0000 rw-p 00000000 00:00 0 
7f18b83c0000-7f18bc000000 ---p 00000000 00:00 0 
7f18bc000000-7f18bc357000 rw-p 00000000 00:00 0 
7f18bc357000-7f18c0000000 ---p 00000000 00:00 0 
7f18c0000000-7f18c03e6000 rw-p 00000000 00:00 0 
7f18c03e6000-7f18c4000000 ---p 00000000 00:00 0 
7f18c4000000-7f18c4021000 rw-p 00000000 00:00 0 
7f18c4021000-7f18c8000000 ---p 00000000 00:00 0 
7f18c8000000-7f18c82ce000 rw-p 00000000 00:00 0 
7f18c82ce000-7f18cc000000 ---p 00000000 00:00 0 
7f18cc000000-7f18cc021000 rw-p 00000000 00:00 0 
7f18cc021000-7f18d0000000 ---p 00000000 00:00 0 
7f18d0000000-7f18d0021000 rw-p 00000000 00:00 0 
7f18d0021000-7f18d4000000 ---p 00000000 00:00 0 
7f18d4000000-7f18d4021000 rw-p 00000000 00:00 0 
7f18d4021000-7f18d8000000 ---p 00000000 00:00 0 
7f18d8000000-7f18d8021000 rw-p 00000000 00:00 0 
7f18d8021000-7f18dc000000 ---p 00000000 00:00 0 
7f18dc000000-7f18dc021000 rw-p 00000000 00:00 0 
7f18dc021000-7f18e0000000 ---p 00000000 00:00 0 
7f18e0000000-7f18e0021000 rw-p 00000000 00:00 0 
7f18e0021000-7f18e4000000 ---p 00000000 00:00 0 
7f18e4000000-7f18e4021000 rw-p 00000000 00:00 0 
7f18e4021000-7f18e8000000 ---p 00000000 00:00 0 
7f18e8000000-7f18e8021000 rw-p 00000000 00:00 0 
7f18e8021000-7f18ec000000 ---p 00000000 00:00 0 
7f18ec000000-7f18ec021000 rw-p 00000000 00:00 0 
7f18ec021000-7f18f0000000 ---p 00000000 00:00 0 
7f18f0000000-7f18f0021000 rw-p 00000000 00:00 0 
7f18f0021000-7f18f4000000 ---p 00000000 00:00 0 
7f18f4000000-7f18f42c8000 rw-p 00000000 00:00 0 
7f18f42c8000-7f18f8000000 ---p 00000000 00:00 0 
7f18f8000000-7f18f8021000 rw-p 00000000 00:00 0 
7f18f8021000-7f18fc000000 ---p 00000000 00:00 0 
7f18fc000000-7f18fc021000 rw-p 00000000 00:00 0 
7f18fc021000-7f1900000000 ---p 00000000 00:00 0 
7f1900000000-7f1900021000 rw-p 00000000 00:00 0 
7f1900021000-7f1904000000 ---p 00000000 00:00 0 
7f1904000000-7f1904021000 rw-p 00000000 00:00 0 
7f1904021000-7f1908000000 ---p 00000000 00:00 0 
7f1908000000-7f1908021000 rw-p 00000000 00:00 0 
7f1908021000-7f190c000000 ---p 00000000 00:00 0 
7f190c000000-7f190c021000 rw-p 00000000 00:00 0 
7f190c021000-7f1910000000 ---p 00000000 00:00 0 
7f1910000000-7f1910021000 rw-p 00000000 00:00 0 
7f1910021000-7f1914000000 ---p 00000000 00:00 0 
7f1914000000-7f1914021000 rw-p 00000000 00:00 0 
7f1914021000-7f1918000000 ---p 00000000 00:00 0 
7f1918000000-7f1918021000 rw-p 00000000 00:00 0 
7f1918021000-7f191c000000 ---p 00000000 00:00 0 
7f191c000000-7f191c153000 rw-p 00000000 00:00 0 
7f191c153000-7f1920000000 ---p 00000000 00:00 0 
7f1920000000-7f1920021000 rw-p 00000000 00:00 0 
7f1920021000-7f1924000000 ---p 00000000 00:00 0 
7f1924000000-7f192422d000 rw-p 00000000 00:00 0 
7f192422d000-7f1928000000 ---p 00000000 00:00 0 
7f1928000000-7f1928021000 rw-p 00000000 00:00 0 
7f1928021000-7f192c000000 ---p 00000000 00:00 0 
7f192c000000-7f192c021000 rw-p 00000000 00:00 0 
7f192c021000-7f1930000000 ---p 00000000 00:00 0 
7f1930000000-7f193056e000 rw-p 00000000 00:00 0 
7f193056e000-7f1934000000 ---p 00000000 00:00 0 
7f1934000000-7f1934021000 rw-p 00000000 00:00 0 
7f1934021000-7f1938000000 ---p 00000000 00:00 0 
7f1938000000-7f1938021000 rw-p 00000000 00:00 0 
7f1938021000-7f193c000000 ---p 00000000 00:00 0 
7f193c000000-7f193c021000 rw-p 00000000 00:00 0 
7f193c021000-7f1940000000 ---p 00000000 00:00 0 
7f1940000000-7f1940021000 rw-p 00000000 00:00 0 
7f1940021000-7f1944000000 ---p 00000000 00:00 0 
7f1944df8000-7f19451a6000 rw-p 00000000 00:00 0 
7f19451a6000-7f19451aa000 ---p 00000000 00:00 0 
7f19451aa000-7f19452a7000 rw-p 00000000 00:00 0 
7f19452a7000-7f19452ab000 ---p 00000000 00:00 0 
7f19452ab000-7f19453a8000 rw-p 00000000 00:00 0 
7f19453a8000-7f19453ac000 ---p 00000000 00:00 0 
7f19453ac000-7f19454a9000 rw-p 00000000 00:00 0 
7f19454a9000-7f19454ad000 ---p 00000000 00:00 0 
7f19454ad000-7f19455aa000 rw-p 00000000 00:00 0 
7f19455aa000-7f19455ae000 ---p 00000000 00:00 0 
7f19455ae000-7f19456ab000 rw-p 00000000 00:00 0 
7f19456ab000-7f19456af000 ---p 00000000 00:00 0 
7f19456af000-7f19457ac000 rw-p 00000000 00:00 0 
7f19457ac000-7f19457b0000 ---p 00000000 00:00 0 
7f19457b0000-7f19458ad000 rw-p 00000000 00:00 0 
7f19458ad000-7f19458b1000 ---p 00000000 00:00 0 
7f19458b1000-7f19459ae000 rw-p 00000000 00:00 0 
7f19459ae000-7f19459b2000 ---p 00000000 00:00 0 
7f19459b2000-7f1945aaf000 rw-p 00000000 00:00 0 
7f1945aaf000-7f1945ab0000 ---p 00000000 00:00 0 
7f1945ab0000-7f1945bb1000 rw-p 00000000 00:00 0 
7f1945bb1000-7f1945bb2000 ---p 00000000 00:00 0 
7f1945bb2000-7f1945cb3000 rw-p 00000000 00:00 0 
7f1945cb3000-7f1945cb4000 ---p 00000000 00:00 0 
7f1945cb4000-7f1945db5000 rw-p 00000000 00:00 0 
7f1945db5000-7f1945db6000 ---p 00000000 00:00 0 
7f1945db6000-7f1945eb7000 rw-p 00000000 00:00 0 
7f1945eb7000-7f1945eb8000 ---p 00000000 00:00 0 
7f1945eb8000-7f1945fb9000 rw-p 00000000 00:00 0 
7f1945fb9000-7f1945fba000 ---p 00000000 00:00 0 
7f1945fba000-7f19460bb000 rw-p 00000000 00:00 0 
7f19460bb000-7f19460bc000 ---p 00000000 00:00 0 
7f19460bc000-7f19461bd000 rw-p 00000000 00:00 0 
7f19461bd000-7f19461be000 ---p 00000000 00:00 0 
7f19461be000-7f19462bf000 rw-p 00000000 00:00 0 
7f19462bf000-7f19462c0000 ---p 00000000 00:00 0 
7f19462c0000-7f19463c1000 rw-p 00000000 00:00 0 
7f19463c1000-7f19463c2000 ---p 00000000 00:00 0 
7f19463c2000-7f19464c3000 rw-p 00000000 00:00 0 
7f19464c3000-7f19464c4000 ---p 00000000 00:00 0 
7f19464c4000-7f19465c5000 rw-p 00000000 00:00 0 
7f19465c5000-7f19465c9000 ---p 00000000 00:00 0 
7f19465c9000-7f19466c6000 rw-p 00000000 00:00 0 
7f19466c6000-7f19466ca000 ---p 00000000 00:00 0 
7f19466ca000-7f19467c7000 rw-p 00000000 00:00 0 
7f19467c7000-7f19467cb000 ---p 00000000 00:00 0 
7f19467cb000-7f19468c8000 rw-p 00000000 00:00 0 
7f19468c8000-7f19468cc000 ---p 00000000 00:00 0 
7f19468cc000-7f19469c9000 rw-p 00000000 00:00 0 
7f19469c9000-7f19469cd000 ---p 00000000 00:00 0 
7f19469cd000-7f1946aca000 rw-p 00000000 00:00 0 
7f1946aca000-7f1946ace000 ---p 00000000 00:00 0 
7f1946ace000-7f1946bcb000 rw-p 00000000 00:00 0 
7f1946bcb000-7f1946bcf000 ---p 00000000 00:00 0 
7f1946bcf000-7f1946ccc000 rw-p 00000000 00:00 0 
7f1946ccc000-7f1946cd0000 ---p 00000000 00:00 0 
7f1946cd0000-7f1946dcd000 rw-p 00000000 00:00 0 
7f1946dcd000-7f1946de3000 r-xp 00000000 08:01 19423288832                /disks/home/carter/miniconda3/envs/sunbeam/lib/python3.12/site-packages/.snakemake/c9f3baa4fee625bd01c5858c83366e0c_/lib/libnet.so
7f1946de3000-7f1946fe3000 ---p 00016000 08:01 19423288832                /disks/home/carter/miniconda3/envs/sunbeam/lib/python3.12/site-packages/.snakemake/c9f3baa4fee625bd01c5858c83366e0c_/lib/libnet.so
7f1946fe3000-7f1946fe4000 rw-p 00016000 08:01 19423288832                /disks/home/carter/miniconda3/envs/sunbeam/lib/python3.12/site-packages/.snakemake/c9f3baa4fee625bd01c5858c83366e0c_/lib/libnet.so
7f1946fe4000-7f1946fe6000 rw-p 0001c000 08:01 19423288832                /disks/home/carter/miniconda3/envs/sunbeam/lib/python3.12/site-packages/.snakemake/c9f3baa4fee625bd01c5858c83366e0c_/lib/libnet.so
7f1946fe6000-7f1946ff6000 r-xp 00000000 08:01 19423302152                /disks/home/carter/miniconda3/envs/sunbeam/lib/python3.12/site-packages/.snakemake/c9f3baa4fee625bd01c5858c83366e0c_/lib/libnio.so
7f1946ff6000-7f19471f5000 ---p 00010000 08:01 19423302152                /disks/home/carter/miniconda3/envs/sunbeam/lib/python3.12/site-packages/.snakemake/c9f3baa4fee625bd01c5858c83366e0c_/lib/libnio.so
7f19471f5000-7f19471f6000 rw-p 0000f000 08:01 19423302152                /disks/home/carter/miniconda3/envs/sunbeam/lib/python3.12/site-packages/.snakemake/c9f3baa4fee625bd01c5858c83366e0c_/lib/libnio.so
7f19471f6000-7f19471f9000 rw-p 00016000 08:01 19423302152                /disks/home/carter/miniconda3/envs/sunbeam/lib/python3.12/site-packages/.snakemake/c9f3baa4fee625bd01c5858c83366e0c_/lib/libnio.so
7f19471f9000-7f19471fd000 ---p 00000000 00:00 0 
7f19471fd000-7f19472fa000 rw-p 00000000 00:00 0 
7f19472fa000-7f19472fb000 ---p 00000000 00:00 0 
7f19472fb000-7f19473fc000 rw-p 00000000 00:00 0 
7f19473fc000-7f1947400000 ---p 00000000 00:00 0 
7f1947400000-7f19474fd000 rw-p 00000000 00:00 0 
7f19474fd000-7f1947501000 ---p 00000000 00:00 0 
7f1947501000-7f19475fe000 rw-p 00000000 00:00 0 
7f19475fe000-7f1947602000 ---p 00000000 00:00 0 
7f1947602000-7f19476ff000 rw-p 00000000 00:00 0 
7f19476ff000-7f1947703000 ---p 00000000 00:00 0 
7f1947703000-7f1947e80000 rw-p 00000000 00:00 0 
7f1947e80000-7f1948000000 ---p 00000000 00:00 0 
7f1948000000-7f1948021000 rw-p 00000000 00:00 0 
7f1948021000-7f194c000000 ---p 00000000 00:00 0 
7f194c000000-7f194c021000 rw-p 00000000 00:00 0 
7f194c021000-7f1950000000 ---p 00000000 00:00 0 
7f1950044000-7f1950048000 ---p 00000000 00:00 0 
7f1950048000-7f1950145000 rw-p 00000000 00:00 0 
7f1950145000-7f1950149000 ---p 00000000 00:00 0 
7f1950149000-7f1950246000 rw-p 00000000 00:00 0 
7f1950246000-7f19503e1000 r--p 00000000 08:12 11802570                   /usr/lib/locale/locale-archive
7f19503e1000-7f19503e5000 ---p 00000000 00:00 0 
7f19503e5000-7f19504e2000 rw-p 00000000 00:00 0 
7f19504e2000-7f19504e6000 ---p 00000000 00:00 0 
7f19504e6000-7f19505e3000 rw-p 00000000 00:00 0 
7f19505e3000-7f19505e4000 ---p 00000000 00:00 0 
7f19505e4000-7f19506e5000 rw-p 00000000 00:00 0 
7f19506e5000-7f19506e6000 ---p 00000000 00:00 0 
7f19506e6000-7f19507e7000 rw-p 00000000 00:00 0 
7f19507e7000-7f19507e8000 ---p 00000000 00:00 0 
7f19507e8000-7f1954000000 rw-p 00000000 00:00 0 
7f1954000000-7f1954021000 rw-p 00000000 00:00 0 
7f1954021000-7f1958000000 ---p 00000000 00:00 0 
7f19580e3000-7f19599fc000 rw-p 00000000 00:00 0 
7f19599fc000-7f19599fd000 ---p 00000000 00:00 0 
7f19599fd000-7f1959afe000 rw-p 00000000 00:00 0 
7f1959afe000-7f1959aff000 ---p 00000000 00:00 0 
7f1959aff000-7f195a400000 rw-p 00000000 00:00 0 
7f195a400000-7f195ac00000 ---p 00000000 00:00 0 
7f195ac00000-7f195b400000 rw-p 00000000 00:00 0 
7f195b400000-7f195bc00000 ---p 00000000 00:00 0 
7f195bc00000-7f195bd00000 rw-p 00000000 00:00 0 
7f195bd00000-7f195be00000 ---p 00000000 00:00 0 
7f195be00000-7f195bf00000 rw-p 00000000 00:00 0 
7f195bf00000-7f195c000000 ---p 00000000 00:00 0 
7f195c000000-7f195c021000 rw-p 00000000 00:00 0 
7f195c021000-7f1960000000 ---p 00000000 00:00 0 
7f1960066000-7f19602c9000 rw-p 00000000 00:00 0 
7f19602c9000-7f19603c9000 ---p 00000000 00:00 0 
7f19603c9000-7f19633f9000 rw-p 00000000 00:00 0 
7f19633f9000-7f19633fa000 ---p 00000000 00:00 0 
7f19633fa000-7f1963500000 rw-p 00000000 00:00 0 
7f1963500000-7f19635e3000 ---p 00000000 00:00 0 
7f19635e3000-7f19635e8000 rw-p 00000000 00:00 0 
7f19635e8000-7f19636cb000 ---p 00000000 00:00 0 
7f19636cb000-7f196393b000 rwxp 00000000 00:00 0 
7f196393b000-7f1963f28000 ---p 00000000 00:00 0 
7f1963f28000-7f1964198000 rwxp 00000000 00:00 0 
7f1964198000-7f196b2f9000 ---p 00000000 00:00 0 
7f196b2f9000-7f196b569000 rwxp 00000000 00:00 0 
7f196b569000-7f19726cb000 ---p 00000000 00:00 0 
7f19726cb000-7f197ad40000 r--s 00000000 08:01 19423288849                /disks/home/carter/miniconda3/envs/sunbeam/lib/python3.12/site-packages/.snakemake/c9f3baa4fee625bd01c5858c83366e0c_/lib/modules
7f197ad40000-7f197ad5a000 r-xp 00000000 08:01 19423288833                /disks/home/carter/miniconda3/envs/sunbeam/lib/python3.12/site-packages/.snakemake/c9f3baa4fee625bd01c5858c83366e0c_/lib/libjimage.so
7f197ad5a000-7f197af59000 ---p 0001a000 08:01 19423288833                /disks/home/carter/miniconda3/envs/sunbeam/lib/python3.12/site-packages/.snakemake/c9f3baa4fee625bd01c5858c83366e0c_/lib/libjimage.so
7f197af59000-7f197af5b000 rw-p 00019000 08:01 19423288833                /disks/home/carter/miniconda3/envs/sunbeam/lib/python3.12/site-packages/.snakemake/c9f3baa4fee625bd01c5858c83366e0c_/lib/libjimage.so
7f197af5b000-7f197af6d000 rw-p 00000000 00:00 0 
7f197af6d000-7f197af6e000 rw-p 00022000 08:01 19423288833                /disks/home/carter/miniconda3/envs/sunbeam/lib/python3.12/site-packages/.snakemake/c9f3baa4fee625bd01c5858c83366e0c_/lib/libjimage.so
7f197af6e000-7f197af75000 r-xp 00000000 08:01 19423309501                /disks/home/carter/miniconda3/envs/sunbeam/lib/python3.12/site-packages/.snakemake/c9f3baa4fee625bd01c5858c83366e0c_/lib/libzip.so
7f197af75000-7f197b174000 ---p 00007000 08:01 19423309501                /disks/home/carter/miniconda3/envs/sunbeam/lib/python3.12/site-packages/.snakemake/c9f3baa4fee625bd01c5858c83366e0c_/lib/libzip.so
7f197b174000-7f197b175000 rw-p 00006000 08:01 19423309501                /disks/home/carter/miniconda3/envs/sunbeam/lib/python3.12/site-packages/.snakemake/c9f3baa4fee625bd01c5858c83366e0c_/lib/libzip.so
7f197b175000-7f197b176000 rw-p 0000a000 08:01 19423309501                /disks/home/carter/miniconda3/envs/sunbeam/lib/python3.12/site-packages/.snakemake/c9f3baa4fee625bd01c5858c83366e0c_/lib/libzip.so
7f197b176000-7f197b181000 r-xp 00000000 08:12 1838898                    /lib/x86_64-linux-gnu/libnss_files-2.27.so
7f197b181000-7f197b380000 ---p 0000b000 08:12 1838898                    /lib/x86_64-linux-gnu/libnss_files-2.27.so
7f197b380000-7f197b381000 r--p 0000a000 08:12 1838898                    /lib/x86_64-linux-gnu/libnss_files-2.27.so
7f197b381000-7f197b382000 rw-p 0000b000 08:12 1838898                    /lib/x86_64-linux-gnu/libnss_files-2.27.so
7f197b382000-7f197b388000 rw-p 00000000 00:00 0 
7f197b388000-7f197b39f000 r-xp 00000000 08:12 1838895                    /lib/x86_64-linux-gnu/libnsl-2.27.so
7f197b39f000-7f197b59e000 ---p 00017000 08:12 1838895                    /lib/x86_64-linux-gnu/libnsl-2.27.so
7f197b59e000-7f197b59f000 r--p 00016000 08:12 1838895                    /lib/x86_64-linux-gnu/libnsl-2.27.so
7f197b59f000-7f197b5a0000 rw-p 00017000 08:12 1838895                    /lib/x86_64-linux-gnu/libnsl-2.27.so
7f197b5a0000-7f197b5a2000 rw-p 00000000 00:00 0 
7f197b5a2000-7f197b5ad000 r-xp 00000000 08:12 1838900                    /lib/x86_64-linux-gnu/libnss_nis-2.27.so
7f197b5ad000-7f197b7ac000 ---p 0000b000 08:12 1838900                    /lib/x86_64-linux-gnu/libnss_nis-2.27.so
7f197b7ac000-7f197b7ad000 r--p 0000a000 08:12 1838900                    /lib/x86_64-linux-gnu/libnss_nis-2.27.so
7f197b7ad000-7f197b7ae000 rw-p 0000b000 08:12 1838900                    /lib/x86_64-linux-gnu/libnss_nis-2.27.so
7f197b7ae000-7f197b7b6000 r-xp 00000000 08:12 1838896                    /lib/x86_64-linux-gnu/libnss_compat-2.27.so
7f197b7b6000-7f197b9b6000 ---p 00008000 08:12 1838896                    /lib/x86_64-linux-gnu/libnss_compat-2.27.so
7f197b9b6000-7f197b9b7000 r--p 00008000 08:12 1838896                    /lib/x86_64-linux-gnu/libnss_compat-2.27.so
7f197b9b7000-7f197b9b8000 rw-p 00009000 08:12 1838896                    /lib/x86_64-linux-gnu/libnss_compat-2.27.so
7f197b9b8000-7f197b9e3000 r-xp 00000000 08:01 19423288835                /disks/home/carter/miniconda3/envs/sunbeam/lib/python3.12/site-packages/.snakemake/c9f3baa4fee625bd01c5858c83366e0c_/lib/libjava.so
7f197b9e3000-7f197bbe3000 ---p 0002b000 08:01 19423288835                /disks/home/carter/miniconda3/envs/sunbeam/lib/python3.12/site-packages/.snakemake/c9f3baa4fee625bd01c5858c83366e0c_/lib/libjava.so
7f197bbe3000-7f197bbe5000 rw-p 0002b000 08:01 19423288835                /disks/home/carter/miniconda3/envs/sunbeam/lib/python3.12/site-packages/.snakemake/c9f3baa4fee625bd01c5858c83366e0c_/lib/libjava.so
7f197bbe5000-7f197bbe9000 rw-p 00038000 08:01 19423288835                /disks/home/carter/miniconda3/envs/sunbeam/lib/python3.12/site-packages/.snakemake/c9f3baa4fee625bd01c5858c83366e0c_/lib/libjava.so
7f197bbe9000-7f197bbf6000 r-xp 00000000 08:01 19423302146                /disks/home/carter/miniconda3/envs/sunbeam/lib/python3.12/site-packages/.snakemake/c9f3baa4fee625bd01c5858c83366e0c_/lib/libverify.so
7f197bbf6000-7f197bdf5000 ---p 0000d000 08:01 19423302146                /disks/home/carter/miniconda3/envs/sunbeam/lib/python3.12/site-packages/.snakemake/c9f3baa4fee625bd01c5858c83366e0c_/lib/libverify.so
7f197bdf5000-7f197bdf7000 rw-p 0000c000 08:01 19423302146                /disks/home/carter/miniconda3/envs/sunbeam/lib/python3.12/site-packages/.snakemake/c9f3baa4fee625bd01c5858c83366e0c_/lib/libverify.so
7f197bdf7000-7f197bdf8000 rw-p 00010000 08:01 19423302146                /disks/home/carter/miniconda3/envs/sunbeam/lib/python3.12/site-packages/.snakemake/c9f3baa4fee625bd01c5858c83366e0c_/lib/libverify.so
7f197bdf8000-7f197bdff000 r-xp 00000000 08:12 1838905                    /lib/x86_64-linux-gnu/librt-2.27.so
7f197bdff000-7f197bffe000 ---p 00007000 08:12 1838905                    /lib/x86_64-linux-gnu/librt-2.27.so
7f197bffe000-7f197bfff000 r--p 00006000 08:12 1838905                    /lib/x86_64-linux-gnu/librt-2.27.so
7f197bfff000-7f197c000000 rw-p 00007000 08:12 1838905                    /lib/x86_64-linux-gnu/librt-2.27.so
7f197c000000-7f197c5ce000 rw-p 00000000 00:00 0 
7f197c5ce000-7f1980000000 ---p 00000000 00:00 0 
7f198004e000-7f19800cf000 rw-p 00000000 00:00 0 
7f19800cf000-7f198026c000 r-xp 00000000 08:12 1838771                    /lib/x86_64-linux-gnu/libm-2.27.so
7f198026c000-7f198046b000 ---p 0019d000 08:12 1838771                    /lib/x86_64-linux-gnu/libm-2.27.so
7f198046b000-7f198046c000 r--p 0019c000 08:12 1838771                    /lib/x86_64-linux-gnu/libm-2.27.so
7f198046c000-7f198046d000 rw-p 0019d000 08:12 1838771                    /lib/x86_64-linux-gnu/libm-2.27.so
7f198046d000-7f19815e7000 r-xp 00000000 08:01 64549844515                /disks/home/carter/miniconda3/envs/sunbeam/lib/python3.12/site-packages/.snakemake/c9f3baa4fee625bd01c5858c83366e0c_/lib/server/libjvm.so
7f19815e7000-7f19817e6000 ---p 0117a000 08:01 64549844515                /disks/home/carter/miniconda3/envs/sunbeam/lib/python3.12/site-packages/.snakemake/c9f3baa4fee625bd01c5858c83366e0c_/lib/server/libjvm.so
7f19817e6000-7f19818c6000 r--p 01179000 08:01 64549844515                /disks/home/carter/miniconda3/envs/sunbeam/lib/python3.12/site-packages/.snakemake/c9f3baa4fee625bd01c5858c83366e0c_/lib/server/libjvm.so
7f19818c6000-7f1981900000 rw-p 01259000 08:01 64549844515                /disks/home/carter/miniconda3/envs/sunbeam/lib/python3.12/site-packages/.snakemake/c9f3baa4fee625bd01c5858c83366e0c_/lib/server/libjvm.so
7f1981900000-7f198196b000 rw-p 00000000 00:00 0 
7f198196b000-7f198196e000 rw-p 01641000 08:01 64549844515                /disks/home/carter/miniconda3/envs/sunbeam/lib/python3.12/site-packages/.snakemake/c9f3baa4fee625bd01c5858c83366e0c_/lib/server/libjvm.so
7f198196e000-7f1981b55000 r-xp 00000000 08:12 1835347                    /lib/x86_64-linux-gnu/libc-2.27.so
7f1981b55000-7f1981d55000 ---p 001e7000 08:12 1835347                    /lib/x86_64-linux-gnu/libc-2.27.so
7f1981d55000-7f1981d59000 r--p 001e7000 08:12 1835347                    /lib/x86_64-linux-gnu/libc-2.27.so
7f1981d59000-7f1981d5b000 rw-p 001eb000 08:12 1835347                    /lib/x86_64-linux-gnu/libc-2.27.so
7f1981d5b000-7f1981d5f000 rw-p 00000000 00:00 0 
7f1981d5f000-7f1981d62000 r-xp 00000000 08:12 1835492                    /lib/x86_64-linux-gnu/libdl-2.27.so
7f1981d62000-7f1981f61000 ---p 00003000 08:12 1835492                    /lib/x86_64-linux-gnu/libdl-2.27.so
7f1981f61000-7f1981f62000 r--p 00002000 08:12 1835492                    /lib/x86_64-linux-gnu/libdl-2.27.so
7f1981f62000-7f1981f63000 rw-p 00003000 08:12 1835492                    /lib/x86_64-linux-gnu/libdl-2.27.so
7f1981f63000-7f1981f72000 r-xp 00000000 08:01 19423302148                /disks/home/carter/miniconda3/envs/sunbeam/lib/python3.12/site-packages/.snakemake/c9f3baa4fee625bd01c5858c83366e0c_/lib/libjli.so
7f1981f72000-7f1982172000 ---p 0000f000 08:01 19423302148                /disks/home/carter/miniconda3/envs/sunbeam/lib/python3.12/site-packages/.snakemake/c9f3baa4fee625bd01c5858c83366e0c_/lib/libjli.so
7f1982172000-7f1982173000 rw-p 0000f000 08:01 19423302148                /disks/home/carter/miniconda3/envs/sunbeam/lib/python3.12/site-packages/.snakemake/c9f3baa4fee625bd01c5858c83366e0c_/lib/libjli.so
7f1982173000-7f1982174000 rw-p 00013000 08:01 19423302148                /disks/home/carter/miniconda3/envs/sunbeam/lib/python3.12/site-packages/.snakemake/c9f3baa4fee625bd01c5858c83366e0c_/lib/libjli.so
7f1982174000-7f198218e000 r-xp 00000000 08:12 1838903                    /lib/x86_64-linux-gnu/libpthread-2.27.so
7f198218e000-7f198238d000 ---p 0001a000 08:12 1838903                    /lib/x86_64-linux-gnu/libpthread-2.27.so
7f198238d000-7f198238e000 r--p 00019000 08:12 1838903                    /lib/x86_64-linux-gnu/libpthread-2.27.so
7f198238e000-7f198238f000 rw-p 0001a000 08:12 1838903                    /lib/x86_64-linux-gnu/libpthread-2.27.so
7f198238f000-7f1982393000 rw-p 00000000 00:00 0 
7f1982393000-7f19823bc000 r-xp 00000000 08:12 1835092                    /lib/x86_64-linux-gnu/ld-2.27.so
7f1982416000-7f1982476000 rw-p 00000000 00:00 0 
7f1982476000-7f1982482000 ---p 00000000 00:00 0 
7f1982482000-7f1982486000 ---p 00000000 00:00 0 
7f1982486000-7f1982585000 rw-p 00000000 00:00 0 
7f1982595000-7f198259d000 rw-s 00000000 08:12 8931535                    /tmp/hsperfdata_carter/29127
7f198259d000-7f198259e000 ---p 00000000 00:00 0 
7f198259e000-7f198259f000 r--p 00000000 00:00 0 
7f198259f000-7f19825a2000 r--p 00000000 08:01 64452974091                /disks/home/carter/miniconda3/envs/sunbeam/lib/python3.12/site-packages/.snakemake/c9f3baa4fee625bd01c5858c83366e0c_/lib/libz.so.1.3.2
7f19825a2000-7f19825b2000 r-xp 00003000 08:01 64452974091                /disks/home/carter/miniconda3/envs/sunbeam/lib/python3.12/site-packages/.snakemake/c9f3baa4fee625bd01c5858c83366e0c_/lib/libz.so.1.3.2
7f19825b2000-7f19825b8000 r--p 00013000 08:01 64452974091                /disks/home/carter/miniconda3/envs/sunbeam/lib/python3.12/site-packages/.snakemake/c9f3baa4fee625bd01c5858c83366e0c_/lib/libz.so.1.3.2
7f19825b8000-7f19825b9000 r--p 00019000 08:01 64452974091                /disks/home/carter/miniconda3/envs/sunbeam/lib/python3.12/site-packages/.snakemake/c9f3baa4fee625bd01c5858c83366e0c_/lib/libz.so.1.3.2
7f19825b9000-7f19825ba000 rw-p 0001a000 08:01 64452974091                /disks/home/carter/miniconda3/envs/sunbeam/lib/python3.12/site-packages/.snakemake/c9f3baa4fee625bd01c5858c83366e0c_/lib/libz.so.1.3.2
7f19825ba000-7f19825bc000 rw-p 00000000 00:00 0 
7f19825bc000-7f19825bd000 r--p 00029000 08:12 1835092                    /lib/x86_64-linux-gnu/ld-2.27.so
7f19825bd000-7f19825be000 rw-p 0002a000 08:12 1835092                    /lib/x86_64-linux-gnu/ld-2.27.so
7f19825be000-7f19825bf000 rw-p 00000000 00:00 0 
7ffcd725b000-7ffcd727d000 rw-p 00000000 00:00 0                          [stack]
7ffcd73c2000-7ffcd73c5000 r--p 00000000 00:00 0                          [vvar]
7ffcd73c5000-7ffcd73c7000 r-xp 00000000 00:00 0                          [vdso]
ffffffffff600000-ffffffffff601000 r-xp 00000000 00:00 0                  [vsyscall]


VM Arguments:
jvm_args: -Xms512m -Xmx1g 
java_command: /disks/home/carter/miniconda3/envs/sunbeam/lib/python3.12/site-packages/.snakemake/c9f3baa4fee625bd01c5858c83366e0c_/share/trimmomatic-0.40-0/trimmomatic.jar PE -threads 4 -phred33 /disks/home/carter/ntm_reads/ntm_sunbeam/sunbeam_output/qc/01_cutadapt/IDDLNTM90_1.fastq.gz /disks/home/carter/ntm_reads/ntm_sunbeam/sunbeam_output/qc/01_cutadapt/IDDLNTM90_2.fastq.gz /disks/home/carter/ntm_reads/ntm_sunbeam/sunbeam_output/qc/02_trimmomatic/IDDLNTM90_1.fastq.gz /disks/home/carter/ntm_reads/ntm_sunbeam/sunbeam_output/qc/02_trimmomatic/unpaired/IDDLNTM90_1_unpaired.fastq.gz /disks/home/carter/ntm_reads/ntm_sunbeam/sunbeam_output/qc/02_trimmomatic/IDDLNTM90_2.fastq.gz /disks/home/carter/ntm_reads/ntm_sunbeam/sunbeam_output/qc/02_trimmomatic/unpaired/IDDLNTM90_2_unpaired.fastq.gz ILLUMINACLIP:/disks/home/carter/miniconda3/envs/sunbeam/lib/python3.12/site-packages/.snakemake/c9f3baa4fee625bd01c5858c83366e0c_/share/trimmomatic/adapters/NexteraPE-PE.fa:2:30:10:8:true LEADING:3 TRAILING:3 SLIDINGWINDOW:4:15 MINLEN:36
java_class_path (initial): /disks/home/carter/miniconda3/envs/sunbeam/lib/python3.12/site-packages/.snakemake/c9f3baa4fee625bd01c5858c83366e0c_/share/trimmomatic-0.40-0/trimmomatic.jar
Launcher Type: SUN_STANDARD

[Global flags]
     intx CICompilerCount                          = 18                                        {product} {ergonomic}
     uint ConcGCThreads                            = 12                                        {product} {ergonomic}
     uint G1ConcRefinementThreads                  = 48                                        {product} {ergonomic}
   size_t G1HeapRegionSize                         = 1048576                                   {product} {ergonomic}
    uintx GCDrainStackTargetSize                   = 64                                        {product} {ergonomic}
   size_t InitialHeapSize                          = 536870912                                 {product} {command line}
   size_t MarkStackSize                            = 4194304                                   {product} {ergonomic}
   size_t MaxHeapSize                              = 1073741824                                {product} {command line}
   size_t MaxNewSize                               = 643825664                                 {product} {ergonomic}
   size_t MinHeapDeltaBytes                        = 1048576                                   {product} {ergonomic}
    uintx NonNMethodCodeHeapSize                   = 8766152                                {pd product} {ergonomic}
    uintx NonProfiledCodeHeapSize                  = 121446044                              {pd product} {ergonomic}
    uintx ProfiledCodeHeapSize                     = 121446044                              {pd product} {ergonomic}
    uintx ReservedCodeCacheSize                    = 251658240                              {pd product} {ergonomic}
     bool SegmentedCodeCache                       = true                                      {product} {ergonomic}
     bool UseCompressedClassPointers               = true                                 {lp64_product} {ergonomic}
     bool UseCompressedOops                        = true                                 {lp64_product} {ergonomic}
     bool UseG1GC                                  = true                                      {product} {ergonomic}

Logging:
Log output configuration:
 #0: stdout all=warning uptime,level,tags
 #1: stderr all=off uptime,level,tags

Environment Variables:
JAVA_HOME=/disks/home/carter/miniconda3/envs/sunbeam/lib/python3.12/site-packages/.snakemake/c9f3baa4fee625bd01c5858c83366e0c_
PATH=/disks/home/carter/miniconda3/envs/sunbeam/lib/python3.12/site-packages/.snakemake/c9f3baa4fee625bd01c5858c83366e0c_/bin:/disks/home/carter/miniconda3/condabin:/usr/local/sbin:/usr/local/bin:/usr/sbin:/usr/bin:/sbin:/bin:/usr/games:/usr/local/games:/snap/bin:/packages/local/bin:/packages/local/bin
SHELL=/bin/bash

Signal Handlers:
SIGSEGV: [libjvm.so+0xe35970], sa_mask[0]=11111111011111111101111111111110, sa_flags=SA_RESTART|SA_SIGINFO
SIGBUS: [libjvm.so+0xe35970], sa_mask[0]=11111111011111111101111111111110, sa_flags=SA_RESTART|SA_SIGINFO
SIGFPE: [libjvm.so+0xe35970], sa_mask[0]=11111111011111111101111111111110, sa_flags=SA_RESTART|SA_SIGINFO
SIGPIPE: [libjvm.so+0xc2d970], sa_mask[0]=11111111011111111101111111111110, sa_flags=SA_RESTART|SA_SIGINFO
SIGXFSZ: [libjvm.so+0xc2d970], sa_mask[0]=11111111011111111101111111111110, sa_flags=SA_RESTART|SA_SIGINFO
SIGILL: [libjvm.so+0xe35970], sa_mask[0]=11111111011111111101111111111110, sa_flags=SA_RESTART|SA_SIGINFO
SIGUSR2: [libjvm.so+0xc2dc60], sa_mask[0]=00000000000000000000000000000000, sa_flags=SA_RESTART|SA_SIGINFO
SIGHUP: [libjvm.so+0xc2ddc0], sa_mask[0]=11111111011111111101111111111110, sa_flags=SA_RESTART|SA_SIGINFO
SIGINT: [libjvm.so+0xc2ddc0], sa_mask[0]=11111111011111111101111111111110, sa_flags=SA_RESTART|SA_SIGINFO
SIGTERM: [libjvm.so+0xc2ddc0], sa_mask[0]=11111111011111111101111111111110, sa_flags=SA_RESTART|SA_SIGINFO
SIGQUIT: [libjvm.so+0xc2ddc0], sa_mask[0]=11111111011111111101111111111110, sa_flags=SA_RESTART|SA_SIGINFO


---------------  S Y S T E M  ---------------

OS:DISTRIB_ID=Ubuntu
DISTRIB_RELEASE=18.04
DISTRIB_CODENAME=bionic
DISTRIB_DESCRIPTION="Ubuntu 18.04.6 LTS"
uname:Linux 4.15.0-213-generic #224-Ubuntu SMP Mon Jun 19 13:30:12 UTC 2023 x86_64
libc:glibc 2.27 NPTL 2.27 
rlimit: STACK 8192k, CORE 0k, NPROC 1545442, NOFILE 1048576, AS infinity, DATA infinity, FSIZE infinity
load average:32.12 38.42 37.29

/proc/meminfo:
MemTotal:       395805004 kB
MemFree:         9022664 kB
MemAvailable:   378469556 kB
Buffers:          332520 kB
Cached:         364578944 kB
SwapCached:         4824 kB
Active:         91556676 kB
Inactive:       282854192 kB
Active(anon):    4744880 kB
Inactive(anon):  4884844 kB
Active(file):   86811796 kB
Inactive(file): 277969348 kB
Unevictable:           0 kB
Mlocked:               0 kB
SwapTotal:       8388604 kB
SwapFree:        7704316 kB
Dirty:            269868 kB
Writeback:             0 kB
AnonPages:       9496564 kB
Mapped:           221656 kB
Shmem:            136344 kB
Slab:            8157284 kB
SReclaimable:    7293816 kB
SUnreclaim:       863468 kB
KernelStack:       44464 kB
PageTables:        71908 kB
NFS_Unstable:          0 kB
Bounce:                0 kB
WritebackTmp:          0 kB
CommitLimit:    206291104 kB
Committed_AS:   166753968 kB
VmallocTotal:   34359738367 kB
VmallocUsed:           0 kB
VmallocChunk:          0 kB
HardwareCorrupted:     0 kB
AnonHugePages:         0 kB
ShmemHugePages:        0 kB
ShmemPmdMapped:        0 kB
CmaTotal:              0 kB
CmaFree:               0 kB
HugePages_Total:       0
HugePages_Free:        0
HugePages_Rsvd:        0
HugePages_Surp:        0
Hugepagesize:       2048 kB
DirectMap4k:     2024448 kB
DirectMap2M:    150611968 kB
DirectMap1G:    249561088 kB


/proc/sys/kernel/threads-max (system-wide limit on the number of threads):
3090884


/proc/sys/vm/max_map_count (maximum number of memory map areas a process may have):
65530


/proc/sys/kernel/pid_max (system-wide limit on number of process identifiers):
73728


container (cgroup) information:
container_type: cgroupv1
cpu_cpuset_cpus: 0-71
cpu_memory_nodes: 0-1
active_processor_count: 72
cpu_quota: -1
cpu_period: 100000
cpu_shares: -1
memory_limit_in_bytes: -1
memory_and_swap_limit_in_bytes: -2
memory_soft_limit_in_bytes: -1
memory_usage_in_bytes: 382965530624
memory_max_usage_in_bytes: 395818795008


CPU:total 72 (initial active 72) (18 cores per cpu, 2 threads per core) family 6 model 85 stepping 7, cmov, cx8, fxsr, mmx, sse, sse2, sse3, ssse3, sse4.1, sse4.2, popcnt, avx, avx2, aes, clmul, erms, 3dnowpref, lzcnt, ht, tsc, tscinvbit, bmi1, bmi2, adx, fma
CPU Model and flags from /proc/cpuinfo:
model name	: Intel(R) Xeon(R) Gold 6240 CPU @ 2.60GHz
flags		: fpu vme de pse tsc msr pae mce cx8 apic sep mtrr pge mca cmov pat pse36 clflush dts acpi mmx fxsr sse sse2 ss ht tm pbe syscall nx pdpe1gb rdtscp lm constant_tsc art arch_perfmon pebs bts rep_good nopl xtopology nonstop_tsc cpuid aperfmperf pni pclmulqdq dtes64 monitor ds_cpl vmx smx est tm2 ssse3 sdbg fma cx16 xtpr pdcm pcid dca sse4_1 sse4_2 x2apic movbe popcnt tsc_deadline_timer aes xsave avx f16c rdrand lahf_lm abm 3dnowprefetch cpuid_fault epb cat_l3 cdp_l3 invpcid_single intel_ppin ssbd mba ibrs ibpb stibp ibrs_enhanced tpr_shadow vnmi flexpriority ept vpid fsgsbase tsc_adjust bmi1 avx2 smep bmi2 erms invpcid cqm mpx rdt_a avx512f avx512dq rdseed adx smap clflushopt clwb intel_pt avx512cd avx512bw avx512vl xsaveopt xsavec xgetbv1 xsaves cqm_llc cqm_occup_llc cqm_mbm_total cqm_mbm_local dtherm ida arat pln pts pku ospke avx512_vnni md_clear flush_l1d arch_capabilities

Memory: 4k page, physical 395805004k(9022664k free), swap 8388604k(7704316k free)

vm_info: OpenJDK 64-Bit Server VM (11.0.1+13-LTS) for linux-amd64 JRE (11.0.1+13-LTS), built on Oct 19 2018 11:38:45 by "tester" with gcc 4.9.2 20150212 (Red Hat 4.9.2-6)

END.
