#
# A fatal error has been detected by the Java Runtime Environment:
#
#  SIGILL (0x4) at pc=0x00007f982bfc83e6, pid=44243, tid=44547
#
# JRE version: OpenJDK Runtime Environment (11.0.1+13) (build 11.0.1+13-LTS)
# Java VM: OpenJDK 64-Bit Server VM (11.0.1+13-LTS, mixed mode, tiered, compressed oops, g1 gc, linux-amd64)
# Problematic frame:
# J 445 c2 org.usadellab.trimmomatic.trim.IlluminaClippingTrimmer$IlluminaLongClippingSeq.readsSeqCompare(Lorg/usadellab/trimmomatic/fastq/FastqRecord;)Ljava/lang/Integer; (306 bytes) @ 0x00007f982bfc83e6 [0x00007f982bfc6ae0+0x0000000000001906]
#
# Core dump will be written. Default location: Core dumps may be processed with "/usr/share/apport/apport -p%p -s%s -c%c -d%d -P%P -u%u -g%g -F%F -- %E" (or dumping to /disks/home/carter/ntm_reads/core.44243)
#
# If you would like to submit a bug report, please visit:
#   http://www.azulsystems.com/support/
#

---------------  S U M M A R Y ------------

Command Line: -Xms512m -Xmx1g /disks/home/carter/miniconda3/envs/sunbeam_env/lib/python3.12/site-packages/.snakemake/18046089d56456cc33fbaf0d3e93b761_/share/trimmomatic-0.40-0/trimmomatic.jar PE -threads 4 -phred33 /disks/home/carter/ntm_reads/ntm_sunbeam/sunbeam_output/qc/01_cutadapt/IDDLNTM48_1.fastq.gz /disks/home/carter/ntm_reads/ntm_sunbeam/sunbeam_output/qc/01_cutadapt/IDDLNTM48_2.fastq.gz /disks/home/carter/ntm_reads/ntm_sunbeam/sunbeam_output/qc/02_trimmomatic/IDDLNTM48_1.fastq.gz /disks/home/carter/ntm_reads/ntm_sunbeam/sunbeam_output/qc/02_trimmomatic/unpaired/IDDLNTM48_1_unpaired.fastq.gz /disks/home/carter/ntm_reads/ntm_sunbeam/sunbeam_output/qc/02_trimmomatic/IDDLNTM48_2.fastq.gz /disks/home/carter/ntm_reads/ntm_sunbeam/sunbeam_output/qc/02_trimmomatic/unpaired/IDDLNTM48_2_unpaired.fastq.gz ILLUMINACLIP:/disks/home/carter/miniconda3/envs/sunbeam_env/lib/python3.12/site-packages/.snakemake/18046089d56456cc33fbaf0d3e93b761_/share/trimmomatic/adapters/NexteraPE-PE.fa:2:30:10:8:true LEADING:3 TRAILING:3 SLIDINGWINDOW:4:15 MINLEN:36

Host: Intel(R) Xeon(R) Gold 6240 CPU @ 2.60GHz, 72 cores, 377G, Ubuntu 18.04.6 LTS
Time: Sun Sep 20 19:27:37 2026 EDT elapsed time: 0 seconds (0d 0h 0m 0s)

---------------  T H R E A D  ---------------

Current thread (0x00007f983c5ae800):  JavaThread "pool-2-thread-1" daemon [_thread_in_Java, id=44547, stack(0x00007f97d60ae000,0x00007f97d61af000)]

Stack: [0x00007f97d60ae000,0x00007f97d61af000],  sp=0x00007f97d61ad420,  free space=1021k
Native frames: (J=compiled Java code, A=aot compiled Java code, j=interpreted, Vv=VM code, C=native code)
J 445 c2 org.usadellab.trimmomatic.trim.IlluminaClippingTrimmer$IlluminaLongClippingSeq.readsSeqCompare(Lorg/usadellab/trimmomatic/fastq/FastqRecord;)Ljava/lang/Integer; (306 bytes) @ 0x00007f982bfc83e6 [0x00007f982bfc6ae0+0x0000000000001906]
J 418 c1 org.usadellab.trimmomatic.trim.IlluminaClippingTrimmer.processRecords([Lorg/usadellab/trimmomatic/fastq/FastqRecord;)[Lorg/usadellab/trimmomatic/fastq/FastqRecord; (462 bytes) @ 0x00007f9824c511dc [0x00007f9824c4f000+0x00000000000021dc]
j  org.usadellab.trimmomatic.threading.BlockOfWork.processPE()V+282
j  org.usadellab.trimmomatic.threading.BlockOfWork.process()Lorg/usadellab/trimmomatic/threading/BlockOfRecords;+8
j  org.usadellab.trimmomatic.threading.BlockOfWork.call()Lorg/usadellab/trimmomatic/threading/BlockOfRecords;+1
j  org.usadellab.trimmomatic.threading.BlockOfWork.call()Ljava/lang/Object;+1
j  java.util.concurrent.FutureTask.run()V+39 java.base@11.0.1
j  java.util.concurrent.ThreadPoolExecutor.runWorker(Ljava/util/concurrent/ThreadPoolExecutor$Worker;)V+92 java.base@11.0.1
j  java.util.concurrent.ThreadPoolExecutor$Worker.run()V+5 java.base@11.0.1
j  java.lang.Thread.run()V+11 java.base@11.0.1
v  ~StubRoutines::call_stub
V  [libjvm.so+0x8c0a52]  JavaCalls::call_helper(JavaValue*, methodHandle const&, JavaCallArguments*, Thread*)+0x3c2
V  [libjvm.so+0x8beb50]  JavaCalls::call_virtual(JavaValue*, Handle, Klass*, Symbol*, Symbol*, Thread*)+0x1d0
V  [libjvm.so+0x96846a]  thread_entry(JavaThread*, Thread*)+0x8a
V  [libjvm.so+0xdd0e28]  JavaThread::thread_main_inner()+0x108
V  [libjvm.so+0xdd10e0]  JavaThread::run()+0x270
V  [libjvm.so+0xc37082]  thread_native_entry(Thread*)+0xf2


siginfo: si_signo: 4 (SIGILL), si_code: 2 (ILL_ILLOPN), si_addr: 0x00007f982bfc83e6

Register to memory mapping:

RAX=0x0000000000000047 is an unknown value
RBX=0x00000000ddc10118 is an oop
[J 
{0x00000000ddc10118} - klass: {type array long}
 - length: 151
RCX=0x0000000000000087 is an unknown value
RDX=0x00000000c2f55250 is an oop
[B 
{0x00000000c2f55250} - klass: {type array byte}
 - length: 151
RSP=0x00007f97d61ad420 is pointing into the stack for thread: 0x00007f983c5ae800
RBP=0x0000000000000097 is an unknown value
RSI=0x0000000000000097 is an unknown value
RDI=0x00000000c2f55250 is an oop
[B 
{0x00000000c2f55250} - klass: {type array byte}
 - length: 151
R8 =0x0000000000000005 is an unknown value
R9 =0x0000000000000001 is an unknown value
R10=0x0000000000000100 is an unknown value
R11=0x0000000000000004 is an unknown value
R12=0x0 is NULL
R13=0x0 is NULL
R14=0x00007f98432fc000 points into unknown readable memory
R15=0x00007f983c5ae800 is a thread


Registers:
RAX=0x0000000000000047, RBX=0x00000000ddc10118, RCX=0x0000000000000087, RDX=0x00000000c2f55250
RSP=0x00007f97d61ad420, RBP=0x0000000000000097, RSI=0x0000000000000097, RDI=0x00000000c2f55250
R8 =0x0000000000000005, R9 =0x0000000000000001, R10=0x0000000000000100, R11=0x0000000000000004
R12=0x0000000000000000, R13=0x0000000000000000, R14=0x00007f98432fc000, R15=0x00007f983c5ae800
RIP=0x00007f982bfc83e6, EFLAGS=0x0000000000010246, CSGSFS=0x002b000000000033, ERR=0x0000000000000000
  TRAPNO=0x0000000000000006

Top of Stack: (sp=0x00007f97d61ad420)
0x00007f97d61ad420:   0000000500000097 00000000c0d5e300
0x00007f97d61ad430:   0000000100099548 00000001000139e8
0x00007f97d61ad440:   0000000000000084 00000000ddc10118
0x00007f97d61ad450:   c0d5e30000000088 0000000100000005 

Instructions: (pc=0x00007f982bfc83e6)
0x00007f982bfc83c6:   8b 6c 24 40 44 89 5c 24 14 44 89 54 24 28 44 89
0x00007f982bfc83d6:   4c 24 38 4c 89 44 24 40 90 e8 1c 32 3a f8 0f 0b
0x00007f982bfc83e6:   0f 0b 44 8b 53 14 45 85 d2 0f 84 f3 fc ff ff 4d
0x00007f982bfc83f6:   8b 5f 38 49 8b fa 4d 85 db 0f 84 a2 0b 00 00 4d 



---------------  P R O C E S S  ---------------

Threads class SMR info:
_java_thread_list=0x00007f983c5b1fc0, length=27, elements={
0x00007f983c013000, 0x00007f983c380800, 0x00007f983c384800, 0x00007f983c397000,
0x00007f983c399800, 0x00007f983c39b800, 0x00007f983c39d800, 0x00007f97e807c800,
0x00007f97e807e800, 0x00007f983c424800, 0x00007f983c430000, 0x00007f983c4e1800,
0x00007f983c4e3000, 0x00007f983c4f1000, 0x00007f983c4f3000, 0x00007f983c4f4800,
0x00007f983c4f6800, 0x00007f97e818b800, 0x00007f983c482800, 0x00007f97e011c800,
0x00007f97e011f000, 0x00007f97e0121000, 0x00007f97e0123000, 0x00007f97e0125000,
0x00007f983c59a800, 0x00007f983c5ae800, 0x00007f983c5b0800
}

Java Threads: ( => current thread )
  0x00007f983c013000 JavaThread "main" [_thread_blocked, id=44247, stack(0x00007f98431e0000,0x00007f98432e1000)]
  0x00007f983c380800 JavaThread "Reference Handler" daemon [_thread_blocked, id=44286, stack(0x00007f9810ad0000,0x00007f9810bd1000)]
  0x00007f983c384800 JavaThread "Finalizer" daemon [_thread_blocked, id=44288, stack(0x00007f98109cf000,0x00007f9810ad0000)]
  0x00007f983c397000 JavaThread "Signal Dispatcher" daemon [_thread_blocked, id=44299, stack(0x00007f9810733000,0x00007f9810834000)]
  0x00007f983c399800 JavaThread "C2 CompilerThread0" daemon [_thread_blocked, id=44301, stack(0x00007f9810632000,0x00007f9810733000)]
  0x00007f983c39b800 JavaThread "C1 CompilerThread0" daemon [_thread_blocked, id=44302, stack(0x00007f9810531000,0x00007f9810632000)]
  0x00007f983c39d800 JavaThread "Sweeper thread" daemon [_thread_blocked, id=44303, stack(0x00007f9810430000,0x00007f9810531000)]
  0x00007f97e807c800 JavaThread "C1 CompilerThread1" daemon [_thread_blocked, id=44321, stack(0x00007f981032f000,0x00007f9810430000)]
  0x00007f97e807e800 JavaThread "C1 CompilerThread2" daemon [_thread_blocked, id=44322, stack(0x00007f981022e000,0x00007f981032f000)]
  0x00007f983c424800 JavaThread "Service Thread" daemon [_thread_blocked, id=44328, stack(0x00007f981012d000,0x00007f981022e000)]
  0x00007f983c430000 JavaThread "Common-Cleaner" daemon [_thread_blocked, id=44331, stack(0x00007f97d7eff000,0x00007f97d8000000)]
  0x00007f983c4e1800 JavaThread "Thread-0" daemon [_thread_in_Java, id=44388, stack(0x00007f97d79d2000,0x00007f97d7ad3000)]
  0x00007f983c4e3000 JavaThread "Thread-1" daemon [_thread_in_Java, id=44389, stack(0x00007f97d78d1000,0x00007f97d79d2000)]
  0x00007f983c4f1000 JavaThread "Thread-2" daemon [_thread_blocked, id=44397, stack(0x00007f97d77d0000,0x00007f97d78d1000)]
  0x00007f983c4f3000 JavaThread "Thread-3" daemon [_thread_blocked, id=44399, stack(0x00007f97d76cf000,0x00007f97d77d0000)]
  0x00007f983c4f4800 JavaThread "Thread-4" daemon [_thread_blocked, id=44401, stack(0x00007f97d75ce000,0x00007f97d76cf000)]
  0x00007f983c4f6800 JavaThread "Thread-5" daemon [_thread_blocked, id=44402, stack(0x00007f97d74cd000,0x00007f97d75ce000)]
  0x00007f97e818b800 JavaThread "C2 CompilerThread1" daemon [_thread_blocked, id=44414, stack(0x00007f97d73cc000,0x00007f97d74cd000)]
  0x00007f983c482800 JavaThread "Thread-6" daemon [_thread_blocked, id=44418, stack(0x00007f97d72cb000,0x00007f97d73cc000)]
  0x00007f97e011c800 JavaThread "C2 CompilerThread2" daemon [_thread_blocked, id=44541, stack(0x00007f97d66b4000,0x00007f97d67b5000)]
  0x00007f97e011f000 JavaThread "C2 CompilerThread3" daemon [_thread_in_native, id=44542, stack(0x00007f97d65b3000,0x00007f97d66b4000)]
  0x00007f97e0121000 JavaThread "C2 CompilerThread4" daemon [_thread_blocked, id=44543, stack(0x00007f97d64b2000,0x00007f97d65b3000)]
  0x00007f97e0123000 JavaThread "C2 CompilerThread5" daemon [_thread_blocked, id=44544, stack(0x00007f97d63b1000,0x00007f97d64b2000)]
  0x00007f97e0125000 JavaThread "C2 CompilerThread6" daemon [_thread_blocked, id=44545, stack(0x00007f97d62b0000,0x00007f97d63b1000)]
  0x00007f983c59a800 JavaThread "pool-1-thread-1" daemon [_thread_in_Java, id=44546, stack(0x00007f97d61af000,0x00007f97d62b0000)]
=>0x00007f983c5ae800 JavaThread "pool-2-thread-1" daemon [_thread_in_Java, id=44547, stack(0x00007f97d60ae000,0x00007f97d61af000)]
  0x00007f983c5b0800 JavaThread "pool-3-thread-1" daemon [_thread_in_Java, id=44548, stack(0x00007f97d5fad000,0x00007f97d60ae000)]

Other Threads:
  0x00007f983c378800 VMThread "VM Thread" [stack: 0x00007f9810bd3000,0x00007f9810cd3000] [id=44277]
  0x00007f983c427000 WatcherThread [stack: 0x00007f981002d000,0x00007f981012d000] [id=44329]
  0x00007f983c02d000 GCTaskThread "GC Thread#0" [stack: 0x00007f982415b000,0x00007f982425b000] [id=44252]
  0x00007f9804001000 GCTaskThread "GC Thread#1" [stack: 0x00007f97d71cb000,0x00007f97d72cb000] [id=44515]
  0x00007f9804002800 GCTaskThread "GC Thread#2" [stack: 0x00007f97d70c9000,0x00007f97d71c9000] [id=44516]
  0x00007f9804004000 GCTaskThread "GC Thread#3" [stack: 0x00007f97d6fc7000,0x00007f97d70c7000] [id=44517]
  0x00007f9804005800 GCTaskThread "GC Thread#4" [stack: 0x00007f97d6ec5000,0x00007f97d6fc5000] [id=44518]
  0x00007f9804007000 GCTaskThread "GC Thread#5" [stack: 0x00007f97d6dc3000,0x00007f97d6ec3000] [id=44520]
  0x00007f9804008800 GCTaskThread "GC Thread#6" [stack: 0x00007f97d6cc1000,0x00007f97d6dc1000] [id=44521]
  0x00007f980400a800 GCTaskThread "GC Thread#7" [stack: 0x00007f97d6bbf000,0x00007f97d6cbf000] [id=44522]
  0x00007f980400c000 GCTaskThread "GC Thread#8" [stack: 0x00007f97d6abd000,0x00007f97d6bbd000] [id=44523]
  0x00007f980400d800 GCTaskThread "GC Thread#9" [stack: 0x00007f97d69bb000,0x00007f97d6abb000] [id=44524]
  0x00007f980400f000 GCTaskThread "GC Thread#10" [stack: 0x00007f97d68b9000,0x00007f97d69b9000] [id=44525]
  0x00007f9804010800 GCTaskThread "GC Thread#11" [stack: 0x00007f97d67b7000,0x00007f97d68b7000] [id=44526]
  0x00007f983c04a800 ConcurrentGCThread "G1 Main Marker" [stack: 0x00007f981a86e000,0x00007f981a96e000] [id=44253]
  0x00007f983c04c800 ConcurrentGCThread "G1 Conc#0" [stack: 0x00007f981a76c000,0x00007f981a86c000] [id=44254]
  0x00007f983c2ab000 ConcurrentGCThread "G1 Refine#0" [stack: 0x00007f98115d7000,0x00007f98116d7000] [id=44260]
  0x00007f983c2ac800 ConcurrentGCThread "G1 Young RemSet Sampling" [stack: 0x00007f98114d5000,0x00007f98115d5000] [id=44261]

Threads with active compile tasks:
C2 CompilerThread3 450       4       org.usadellab.trimmomatic.trim.IlluminaClippingTrimmer$IlluminaPrefixPair::palindromeReadsCompare (384 bytes)

VM state:not at safepoint (normal execution)

VM Mutex/Monitor currently owned by a thread: None

Heap address: 0x00000000c0000000, size: 1024 MB, Compressed Oops mode: 32-bit
Narrow klass base: 0x0000000000000000, Narrow klass shift: 3
Compressed class space size: 1073741824 Address: 0x0000000100000000

Heap:
 garbage-first heap   total 524288K, used 163164K [0x00000000c0000000, 0x0000000100000000)
  region size 1024K, 65 young (66560K), 7 survivors (7168K)
 Metaspace       used 6921K, capacity 7066K, committed 7296K, reserved 1056768K
  class space    used 593K, capacity 630K, committed 640K, reserved 1048576K
Heap Regions: E=young(eden), S=young(survivor), O=old, HS=humongous(starts), HC=humongous(continues), CS=collection set, F=free, A=archive, TAMS=top-at-mark-start (previous, next)
|   0|0x00000000c0000000, 0x00000000c0100000, 0x00000000c0100000|100%| O|  |TAMS 0x00000000c0000000, 0x00000000c0000000| Untracked 
|   1|0x00000000c0100000, 0x00000000c0200000, 0x00000000c0200000|100%| O|  |TAMS 0x00000000c0100000, 0x00000000c0100000| Untracked 
|   2|0x00000000c0200000, 0x00000000c0300000, 0x00000000c0300000|100%| O|  |TAMS 0x00000000c0200000, 0x00000000c0200000| Untracked 
|   3|0x00000000c0300000, 0x00000000c0400000, 0x00000000c0400000|100%| O|  |TAMS 0x00000000c0300000, 0x00000000c0300000| Untracked 
|   4|0x00000000c0400000, 0x00000000c0500000, 0x00000000c0500000|100%| O|  |TAMS 0x00000000c0400000, 0x00000000c0400000| Untracked 
|   5|0x00000000c0500000, 0x00000000c0600000, 0x00000000c0600000|100%| O|  |TAMS 0x00000000c0500000, 0x00000000c0500000| Untracked 
|   6|0x00000000c0600000, 0x00000000c0700000, 0x00000000c0700000|100%| O|  |TAMS 0x00000000c0600000, 0x00000000c0600000| Untracked 
|   7|0x00000000c0700000, 0x00000000c0800000, 0x00000000c0800000|100%| O|  |TAMS 0x00000000c0700000, 0x00000000c0700000| Untracked 
|   8|0x00000000c0800000, 0x00000000c0900000, 0x00000000c0900000|100%| O|  |TAMS 0x00000000c0800000, 0x00000000c0800000| Untracked 
|   9|0x00000000c0900000, 0x00000000c0a00000, 0x00000000c0a00000|100%| O|  |TAMS 0x00000000c0900000, 0x00000000c0900000| Untracked 
|  10|0x00000000c0a00000, 0x00000000c0b00000, 0x00000000c0b00000|100%| O|  |TAMS 0x00000000c0a00000, 0x00000000c0a00000| Untracked 
|  11|0x00000000c0b00000, 0x00000000c0c00000, 0x00000000c0c00000|100%| O|  |TAMS 0x00000000c0b00000, 0x00000000c0b00000| Untracked 
|  12|0x00000000c0c00000, 0x00000000c0d00000, 0x00000000c0d00000|100%| O|  |TAMS 0x00000000c0c00000, 0x00000000c0c00000| Untracked 
|  13|0x00000000c0d00000, 0x00000000c0e00000, 0x00000000c0e00000|100%| O|  |TAMS 0x00000000c0d00000, 0x00000000c0d00000| Untracked 
|  14|0x00000000c0e00000, 0x00000000c0f00000, 0x00000000c0f00000|100%| O|  |TAMS 0x00000000c0e00000, 0x00000000c0e00000| Untracked 
|  15|0x00000000c0f00000, 0x00000000c1000000, 0x00000000c1000000|100%| O|  |TAMS 0x00000000c0f00000, 0x00000000c0f00000| Untracked 
|  16|0x00000000c1000000, 0x00000000c1100000, 0x00000000c1100000|100%| O|  |TAMS 0x00000000c1000000, 0x00000000c1000000| Untracked 
|  17|0x00000000c1100000, 0x00000000c1200000, 0x00000000c1200000|100%| O|  |TAMS 0x00000000c1100000, 0x00000000c1100000| Untracked 
|  18|0x00000000c1200000, 0x00000000c1300000, 0x00000000c1300000|100%| O|  |TAMS 0x00000000c1200000, 0x00000000c1200000| Untracked 
|  19|0x00000000c1300000, 0x00000000c1400000, 0x00000000c1400000|100%| O|  |TAMS 0x00000000c1300000, 0x00000000c1300000| Untracked 
|  20|0x00000000c1400000, 0x00000000c1500000, 0x00000000c1500000|100%| O|  |TAMS 0x00000000c1400000, 0x00000000c1400000| Untracked 
|  21|0x00000000c1500000, 0x00000000c1600000, 0x00000000c1600000|100%| O|  |TAMS 0x00000000c1500000, 0x00000000c1500000| Untracked 
|  22|0x00000000c1600000, 0x00000000c1700000, 0x00000000c1700000|100%| O|  |TAMS 0x00000000c1600000, 0x00000000c1600000| Untracked 
|  23|0x00000000c1700000, 0x00000000c1800000, 0x00000000c1800000|100%| O|  |TAMS 0x00000000c1700000, 0x00000000c1700000| Untracked 
|  24|0x00000000c1800000, 0x00000000c1900000, 0x00000000c1900000|100%| O|  |TAMS 0x00000000c1800000, 0x00000000c1800000| Untracked 
|  25|0x00000000c1900000, 0x00000000c1a00000, 0x00000000c1a00000|100%| O|  |TAMS 0x00000000c1900000, 0x00000000c1900000| Untracked 
|  26|0x00000000c1a00000, 0x00000000c1b00000, 0x00000000c1b00000|100%| O|  |TAMS 0x00000000c1a00000, 0x00000000c1a00000| Untracked 
|  27|0x00000000c1b00000, 0x00000000c1c00000, 0x00000000c1c00000|100%| O|  |TAMS 0x00000000c1b00000, 0x00000000c1b00000| Untracked 
|  28|0x00000000c1c00000, 0x00000000c1d00000, 0x00000000c1d00000|100%| O|  |TAMS 0x00000000c1c00000, 0x00000000c1c00000| Untracked 
|  29|0x00000000c1d00000, 0x00000000c1e00000, 0x00000000c1e00000|100%| O|  |TAMS 0x00000000c1d00000, 0x00000000c1d00000| Untracked 
|  30|0x00000000c1e00000, 0x00000000c1f00000, 0x00000000c1f00000|100%| O|  |TAMS 0x00000000c1e00000, 0x00000000c1e00000| Untracked 
|  31|0x00000000c1f00000, 0x00000000c2000000, 0x00000000c2000000|100%| O|  |TAMS 0x00000000c1f00000, 0x00000000c1f00000| Untracked 
|  32|0x00000000c2000000, 0x00000000c2100000, 0x00000000c2100000|100%| O|  |TAMS 0x00000000c2000000, 0x00000000c2000000| Untracked 
|  33|0x00000000c2100000, 0x00000000c2200000, 0x00000000c2200000|100%| O|  |TAMS 0x00000000c2100000, 0x00000000c2100000| Untracked 
|  34|0x00000000c2200000, 0x00000000c2300000, 0x00000000c2300000|100%| O|  |TAMS 0x00000000c2200000, 0x00000000c2200000| Untracked 
|  35|0x00000000c2300000, 0x00000000c2400000, 0x00000000c2400000|100%| O|  |TAMS 0x00000000c2300000, 0x00000000c2300000| Untracked 
|  36|0x00000000c2400000, 0x00000000c2500000, 0x00000000c2500000|100%| O|  |TAMS 0x00000000c2400000, 0x00000000c2400000| Untracked 
|  37|0x00000000c2500000, 0x00000000c2600000, 0x00000000c2600000|100%| O|  |TAMS 0x00000000c2500000, 0x00000000c2500000| Untracked 
|  38|0x00000000c2600000, 0x00000000c2700000, 0x00000000c2700000|100%| O|  |TAMS 0x00000000c2600000, 0x00000000c2600000| Untracked 
|  39|0x00000000c2700000, 0x00000000c2800000, 0x00000000c2800000|100%| O|  |TAMS 0x00000000c2700000, 0x00000000c2700000| Untracked 
|  40|0x00000000c2800000, 0x00000000c2900000, 0x00000000c2900000|100%| O|  |TAMS 0x00000000c2800000, 0x00000000c2800000| Untracked 
|  41|0x00000000c2900000, 0x00000000c2a00000, 0x00000000c2a00000|100%| O|  |TAMS 0x00000000c2900000, 0x00000000c2900000| Untracked 
|  42|0x00000000c2a00000, 0x00000000c2b00000, 0x00000000c2b00000|100%| O|  |TAMS 0x00000000c2a00000, 0x00000000c2a00000| Untracked 
|  43|0x00000000c2b00000, 0x00000000c2c00000, 0x00000000c2c00000|100%| O|  |TAMS 0x00000000c2b00000, 0x00000000c2b00000| Untracked 
|  44|0x00000000c2c00000, 0x00000000c2d00000, 0x00000000c2d00000|100%| O|  |TAMS 0x00000000c2c00000, 0x00000000c2c00000| Untracked 
|  45|0x00000000c2d00000, 0x00000000c2e00000, 0x00000000c2e00000|100%| O|  |TAMS 0x00000000c2d00000, 0x00000000c2d00000| Untracked 
|  46|0x00000000c2e00000, 0x00000000c2f00000, 0x00000000c2f00000|100%| O|  |TAMS 0x00000000c2e00000, 0x00000000c2e00000| Untracked 
|  47|0x00000000c2f00000, 0x00000000c3000000, 0x00000000c3000000|100%| O|  |TAMS 0x00000000c2f00000, 0x00000000c2f00000| Untracked 
|  48|0x00000000c3000000, 0x00000000c3100000, 0x00000000c3100000|100%| O|  |TAMS 0x00000000c3000000, 0x00000000c3000000| Untracked 
|  49|0x00000000c3100000, 0x00000000c3200000, 0x00000000c3200000|100%| O|  |TAMS 0x00000000c3100000, 0x00000000c3100000| Untracked 
|  50|0x00000000c3200000, 0x00000000c3300000, 0x00000000c3300000|100%| O|  |TAMS 0x00000000c3200000, 0x00000000c3200000| Untracked 
|  51|0x00000000c3300000, 0x00000000c3400000, 0x00000000c3400000|100%| O|  |TAMS 0x00000000c3300000, 0x00000000c3300000| Untracked 
|  52|0x00000000c3400000, 0x00000000c3500000, 0x00000000c3500000|100%| O|  |TAMS 0x00000000c3400000, 0x00000000c3400000| Untracked 
|  53|0x00000000c3500000, 0x00000000c3600000, 0x00000000c3600000|100%| O|  |TAMS 0x00000000c3500000, 0x00000000c3500000| Untracked 
|  54|0x00000000c3600000, 0x00000000c3700000, 0x00000000c3700000|100%| O|  |TAMS 0x00000000c3600000, 0x00000000c3600000| Untracked 
|  55|0x00000000c3700000, 0x00000000c3800000, 0x00000000c3800000|100%| O|  |TAMS 0x00000000c3700000, 0x00000000c3700000| Untracked 
|  56|0x00000000c3800000, 0x00000000c3900000, 0x00000000c3900000|100%| O|  |TAMS 0x00000000c3800000, 0x00000000c3800000| Untracked 
|  57|0x00000000c3900000, 0x00000000c3a00000, 0x00000000c3a00000|100%| O|  |TAMS 0x00000000c3900000, 0x00000000c3900000| Untracked 
|  58|0x00000000c3a00000, 0x00000000c3b00000, 0x00000000c3b00000|100%| O|  |TAMS 0x00000000c3a00000, 0x00000000c3a00000| Untracked 
|  59|0x00000000c3b00000, 0x00000000c3c00000, 0x00000000c3c00000|100%| O|  |TAMS 0x00000000c3b00000, 0x00000000c3b00000| Untracked 
|  60|0x00000000c3c00000, 0x00000000c3d00000, 0x00000000c3d00000|100%| O|  |TAMS 0x00000000c3c00000, 0x00000000c3c00000| Untracked 
|  61|0x00000000c3d00000, 0x00000000c3e00000, 0x00000000c3e00000|100%| O|  |TAMS 0x00000000c3d00000, 0x00000000c3d00000| Untracked 
|  62|0x00000000c3e00000, 0x00000000c3f00000, 0x00000000c3f00000|100%| O|  |TAMS 0x00000000c3e00000, 0x00000000c3e00000| Untracked 
|  63|0x00000000c3f00000, 0x00000000c4000000, 0x00000000c4000000|100%| O|  |TAMS 0x00000000c3f00000, 0x00000000c3f00000| Untracked 
|  64|0x00000000c4000000, 0x00000000c4100000, 0x00000000c4100000|100%| O|  |TAMS 0x00000000c4000000, 0x00000000c4000000| Untracked 
|  65|0x00000000c4100000, 0x00000000c4200000, 0x00000000c4200000|100%| O|  |TAMS 0x00000000c4100000, 0x00000000c4100000| Untracked 
|  66|0x00000000c4200000, 0x00000000c4300000, 0x00000000c4300000|100%| O|  |TAMS 0x00000000c4200000, 0x00000000c4200000| Untracked 
|  67|0x00000000c4300000, 0x00000000c4400000, 0x00000000c4400000|100%| O|  |TAMS 0x00000000c4300000, 0x00000000c4300000| Untracked 
|  68|0x00000000c4400000, 0x00000000c4500000, 0x00000000c4500000|100%| O|  |TAMS 0x00000000c4400000, 0x00000000c4400000| Untracked 
|  69|0x00000000c4500000, 0x00000000c4600000, 0x00000000c4600000|100%| O|  |TAMS 0x00000000c4500000, 0x00000000c4500000| Untracked 
|  70|0x00000000c4600000, 0x00000000c4700000, 0x00000000c4700000|100%| O|  |TAMS 0x00000000c4600000, 0x00000000c4600000| Untracked 
|  71|0x00000000c4700000, 0x00000000c4800000, 0x00000000c4800000|100%| O|  |TAMS 0x00000000c4700000, 0x00000000c4700000| Untracked 
|  72|0x00000000c4800000, 0x00000000c4900000, 0x00000000c4900000|100%| O|  |TAMS 0x00000000c4800000, 0x00000000c4800000| Untracked 
|  73|0x00000000c4900000, 0x00000000c4a00000, 0x00000000c4a00000|100%| O|  |TAMS 0x00000000c4900000, 0x00000000c4900000| Untracked 
|  74|0x00000000c4a00000, 0x00000000c4b00000, 0x00000000c4b00000|100%| O|  |TAMS 0x00000000c4a00000, 0x00000000c4a00000| Untracked 
|  75|0x00000000c4b00000, 0x00000000c4c00000, 0x00000000c4c00000|100%| O|  |TAMS 0x00000000c4b00000, 0x00000000c4b00000| Untracked 
|  76|0x00000000c4c00000, 0x00000000c4d00000, 0x00000000c4d00000|100%| O|  |TAMS 0x00000000c4c00000, 0x00000000c4c00000| Untracked 
|  77|0x00000000c4d00000, 0x00000000c4e00000, 0x00000000c4e00000|100%| O|  |TAMS 0x00000000c4d00000, 0x00000000c4d00000| Untracked 
|  78|0x00000000c4e00000, 0x00000000c4f00000, 0x00000000c4f00000|100%| O|  |TAMS 0x00000000c4e00000, 0x00000000c4e00000| Untracked 
|  79|0x00000000c4f00000, 0x00000000c5000000, 0x00000000c5000000|100%| O|  |TAMS 0x00000000c4f00000, 0x00000000c4f00000| Untracked 
|  80|0x00000000c5000000, 0x00000000c5100000, 0x00000000c5100000|100%| O|  |TAMS 0x00000000c5000000, 0x00000000c5000000| Untracked 
|  81|0x00000000c5100000, 0x00000000c5200000, 0x00000000c5200000|100%| O|  |TAMS 0x00000000c5100000, 0x00000000c5100000| Untracked 
|  82|0x00000000c5200000, 0x00000000c5300000, 0x00000000c5300000|100%| O|  |TAMS 0x00000000c5200000, 0x00000000c5200000| Untracked 
|  83|0x00000000c5300000, 0x00000000c5400000, 0x00000000c5400000|100%| O|  |TAMS 0x00000000c5300000, 0x00000000c5300000| Untracked 
|  84|0x00000000c5400000, 0x00000000c5500000, 0x00000000c5500000|100%| O|  |TAMS 0x00000000c5400000, 0x00000000c5400000| Untracked 
|  85|0x00000000c5500000, 0x00000000c5600000, 0x00000000c5600000|100%| O|  |TAMS 0x00000000c5500000, 0x00000000c5500000| Untracked 
|  86|0x00000000c5600000, 0x00000000c5700000, 0x00000000c5700000|100%| O|  |TAMS 0x00000000c5600000, 0x00000000c5600000| Untracked 
|  87|0x00000000c5700000, 0x00000000c5800000, 0x00000000c5800000|100%| O|  |TAMS 0x00000000c5700000, 0x00000000c5700000| Untracked 
|  88|0x00000000c5800000, 0x00000000c5900000, 0x00000000c5900000|100%| O|  |TAMS 0x00000000c5800000, 0x00000000c5800000| Untracked 
|  89|0x00000000c5900000, 0x00000000c5a00000, 0x00000000c5a00000|100%| O|  |TAMS 0x00000000c5900000, 0x00000000c5900000| Untracked 
|  90|0x00000000c5a00000, 0x00000000c5b00000, 0x00000000c5b00000|100%| O|  |TAMS 0x00000000c5a00000, 0x00000000c5a00000| Untracked 
|  91|0x00000000c5b00000, 0x00000000c5c00000, 0x00000000c5c00000|100%| O|  |TAMS 0x00000000c5b00000, 0x00000000c5b00000| Untracked 
|  92|0x00000000c5c00000, 0x00000000c5d00000, 0x00000000c5d00000|100%| O|  |TAMS 0x00000000c5c00000, 0x00000000c5c00000| Untracked 
|  93|0x00000000c5d00000, 0x00000000c5e00000, 0x00000000c5e00000|100%| O|  |TAMS 0x00000000c5d00000, 0x00000000c5d00000| Untracked 
|  94|0x00000000c5e00000, 0x00000000c5f00000, 0x00000000c5f00000|100%| O|  |TAMS 0x00000000c5e00000, 0x00000000c5e00000| Untracked 
|  95|0x00000000c5f00000, 0x00000000c5f57200, 0x00000000c6000000| 34%| O|  |TAMS 0x00000000c5f00000, 0x00000000c5f00000| Untracked 
|  96|0x00000000c6000000, 0x00000000c6000000, 0x00000000c6100000|  0%| F|  |TAMS 0x00000000c6000000, 0x00000000c6000000| Untracked 
|  97|0x00000000c6100000, 0x00000000c6100000, 0x00000000c6200000|  0%| F|  |TAMS 0x00000000c6100000, 0x00000000c6100000| Untracked 
|  98|0x00000000c6200000, 0x00000000c6200000, 0x00000000c6300000|  0%| F|  |TAMS 0x00000000c6200000, 0x00000000c6200000| Untracked 
|  99|0x00000000c6300000, 0x00000000c6300000, 0x00000000c6400000|  0%| F|  |TAMS 0x00000000c6300000, 0x00000000c6300000| Untracked 
| 100|0x00000000c6400000, 0x00000000c6400000, 0x00000000c6500000|  0%| F|  |TAMS 0x00000000c6400000, 0x00000000c6400000| Untracked 
| 101|0x00000000c6500000, 0x00000000c6500000, 0x00000000c6600000|  0%| F|  |TAMS 0x00000000c6500000, 0x00000000c6500000| Untracked 
| 102|0x00000000c6600000, 0x00000000c6600000, 0x00000000c6700000|  0%| F|  |TAMS 0x00000000c6600000, 0x00000000c6600000| Untracked 
| 103|0x00000000c6700000, 0x00000000c6700000, 0x00000000c6800000|  0%| F|  |TAMS 0x00000000c6700000, 0x00000000c6700000| Untracked 
| 104|0x00000000c6800000, 0x00000000c6800000, 0x00000000c6900000|  0%| F|  |TAMS 0x00000000c6800000, 0x00000000c6800000| Untracked 
| 105|0x00000000c6900000, 0x00000000c6900000, 0x00000000c6a00000|  0%| F|  |TAMS 0x00000000c6900000, 0x00000000c6900000| Untracked 
| 106|0x00000000c6a00000, 0x00000000c6a00000, 0x00000000c6b00000|  0%| F|  |TAMS 0x00000000c6a00000, 0x00000000c6a00000| Untracked 
| 107|0x00000000c6b00000, 0x00000000c6b00000, 0x00000000c6c00000|  0%| F|  |TAMS 0x00000000c6b00000, 0x00000000c6b00000| Untracked 
| 108|0x00000000c6c00000, 0x00000000c6c00000, 0x00000000c6d00000|  0%| F|  |TAMS 0x00000000c6c00000, 0x00000000c6c00000| Untracked 
| 109|0x00000000c6d00000, 0x00000000c6d00000, 0x00000000c6e00000|  0%| F|  |TAMS 0x00000000c6d00000, 0x00000000c6d00000| Untracked 
| 110|0x00000000c6e00000, 0x00000000c6e00000, 0x00000000c6f00000|  0%| F|  |TAMS 0x00000000c6e00000, 0x00000000c6e00000| Untracked 
| 111|0x00000000c6f00000, 0x00000000c6f00000, 0x00000000c7000000|  0%| F|  |TAMS 0x00000000c6f00000, 0x00000000c6f00000| Untracked 
| 112|0x00000000c7000000, 0x00000000c7000000, 0x00000000c7100000|  0%| F|  |TAMS 0x00000000c7000000, 0x00000000c7000000| Untracked 
| 113|0x00000000c7100000, 0x00000000c7100000, 0x00000000c7200000|  0%| F|  |TAMS 0x00000000c7100000, 0x00000000c7100000| Untracked 
| 114|0x00000000c7200000, 0x00000000c7200000, 0x00000000c7300000|  0%| F|  |TAMS 0x00000000c7200000, 0x00000000c7200000| Untracked 
| 115|0x00000000c7300000, 0x00000000c7300000, 0x00000000c7400000|  0%| F|  |TAMS 0x00000000c7300000, 0x00000000c7300000| Untracked 
| 116|0x00000000c7400000, 0x00000000c7400000, 0x00000000c7500000|  0%| F|  |TAMS 0x00000000c7400000, 0x00000000c7400000| Untracked 
| 117|0x00000000c7500000, 0x00000000c7500000, 0x00000000c7600000|  0%| F|  |TAMS 0x00000000c7500000, 0x00000000c7500000| Untracked 
| 118|0x00000000c7600000, 0x00000000c7600000, 0x00000000c7700000|  0%| F|  |TAMS 0x00000000c7600000, 0x00000000c7600000| Untracked 
| 119|0x00000000c7700000, 0x00000000c7700000, 0x00000000c7800000|  0%| F|  |TAMS 0x00000000c7700000, 0x00000000c7700000| Untracked 
| 120|0x00000000c7800000, 0x00000000c7800000, 0x00000000c7900000|  0%| F|  |TAMS 0x00000000c7800000, 0x00000000c7800000| Untracked 
| 121|0x00000000c7900000, 0x00000000c7900000, 0x00000000c7a00000|  0%| F|  |TAMS 0x00000000c7900000, 0x00000000c7900000| Untracked 
| 122|0x00000000c7a00000, 0x00000000c7a00000, 0x00000000c7b00000|  0%| F|  |TAMS 0x00000000c7a00000, 0x00000000c7a00000| Untracked 
| 123|0x00000000c7b00000, 0x00000000c7b00000, 0x00000000c7c00000|  0%| F|  |TAMS 0x00000000c7b00000, 0x00000000c7b00000| Untracked 
| 124|0x00000000c7c00000, 0x00000000c7c00000, 0x00000000c7d00000|  0%| F|  |TAMS 0x00000000c7c00000, 0x00000000c7c00000| Untracked 
| 125|0x00000000c7d00000, 0x00000000c7d00000, 0x00000000c7e00000|  0%| F|  |TAMS 0x00000000c7d00000, 0x00000000c7d00000| Untracked 
| 126|0x00000000c7e00000, 0x00000000c7e00000, 0x00000000c7f00000|  0%| F|  |TAMS 0x00000000c7e00000, 0x00000000c7e00000| Untracked 
| 127|0x00000000c7f00000, 0x00000000c7f00000, 0x00000000c8000000|  0%| F|  |TAMS 0x00000000c7f00000, 0x00000000c7f00000| Untracked 
| 128|0x00000000c8000000, 0x00000000c8000000, 0x00000000c8100000|  0%| F|  |TAMS 0x00000000c8000000, 0x00000000c8000000| Untracked 
| 129|0x00000000c8100000, 0x00000000c8100000, 0x00000000c8200000|  0%| F|  |TAMS 0x00000000c8100000, 0x00000000c8100000| Untracked 
| 130|0x00000000c8200000, 0x00000000c8200000, 0x00000000c8300000|  0%| F|  |TAMS 0x00000000c8200000, 0x00000000c8200000| Untracked 
| 131|0x00000000c8300000, 0x00000000c8300000, 0x00000000c8400000|  0%| F|  |TAMS 0x00000000c8300000, 0x00000000c8300000| Untracked 
| 132|0x00000000c8400000, 0x00000000c8400000, 0x00000000c8500000|  0%| F|  |TAMS 0x00000000c8400000, 0x00000000c8400000| Untracked 
| 133|0x00000000c8500000, 0x00000000c8500000, 0x00000000c8600000|  0%| F|  |TAMS 0x00000000c8500000, 0x00000000c8500000| Untracked 
| 134|0x00000000c8600000, 0x00000000c8600000, 0x00000000c8700000|  0%| F|  |TAMS 0x00000000c8600000, 0x00000000c8600000| Untracked 
| 135|0x00000000c8700000, 0x00000000c8700000, 0x00000000c8800000|  0%| F|  |TAMS 0x00000000c8700000, 0x00000000c8700000| Untracked 
| 136|0x00000000c8800000, 0x00000000c8800000, 0x00000000c8900000|  0%| F|  |TAMS 0x00000000c8800000, 0x00000000c8800000| Untracked 
| 137|0x00000000c8900000, 0x00000000c8900000, 0x00000000c8a00000|  0%| F|  |TAMS 0x00000000c8900000, 0x00000000c8900000| Untracked 
| 138|0x00000000c8a00000, 0x00000000c8a00000, 0x00000000c8b00000|  0%| F|  |TAMS 0x00000000c8a00000, 0x00000000c8a00000| Untracked 
| 139|0x00000000c8b00000, 0x00000000c8b00000, 0x00000000c8c00000|  0%| F|  |TAMS 0x00000000c8b00000, 0x00000000c8b00000| Untracked 
| 140|0x00000000c8c00000, 0x00000000c8c00000, 0x00000000c8d00000|  0%| F|  |TAMS 0x00000000c8c00000, 0x00000000c8c00000| Untracked 
| 141|0x00000000c8d00000, 0x00000000c8d00000, 0x00000000c8e00000|  0%| F|  |TAMS 0x00000000c8d00000, 0x00000000c8d00000| Untracked 
| 142|0x00000000c8e00000, 0x00000000c8e00000, 0x00000000c8f00000|  0%| F|  |TAMS 0x00000000c8e00000, 0x00000000c8e00000| Untracked 
| 143|0x00000000c8f00000, 0x00000000c8f00000, 0x00000000c9000000|  0%| F|  |TAMS 0x00000000c8f00000, 0x00000000c8f00000| Untracked 
| 144|0x00000000c9000000, 0x00000000c9000000, 0x00000000c9100000|  0%| F|  |TAMS 0x00000000c9000000, 0x00000000c9000000| Untracked 
| 145|0x00000000c9100000, 0x00000000c9100000, 0x00000000c9200000|  0%| F|  |TAMS 0x00000000c9100000, 0x00000000c9100000| Untracked 
| 146|0x00000000c9200000, 0x00000000c9200000, 0x00000000c9300000|  0%| F|  |TAMS 0x00000000c9200000, 0x00000000c9200000| Untracked 
| 147|0x00000000c9300000, 0x00000000c9300000, 0x00000000c9400000|  0%| F|  |TAMS 0x00000000c9300000, 0x00000000c9300000| Untracked 
| 148|0x00000000c9400000, 0x00000000c9400000, 0x00000000c9500000|  0%| F|  |TAMS 0x00000000c9400000, 0x00000000c9400000| Untracked 
| 149|0x00000000c9500000, 0x00000000c9500000, 0x00000000c9600000|  0%| F|  |TAMS 0x00000000c9500000, 0x00000000c9500000| Untracked 
| 150|0x00000000c9600000, 0x00000000c9600000, 0x00000000c9700000|  0%| F|  |TAMS 0x00000000c9600000, 0x00000000c9600000| Untracked 
| 151|0x00000000c9700000, 0x00000000c9700000, 0x00000000c9800000|  0%| F|  |TAMS 0x00000000c9700000, 0x00000000c9700000| Untracked 
| 152|0x00000000c9800000, 0x00000000c9800000, 0x00000000c9900000|  0%| F|  |TAMS 0x00000000c9800000, 0x00000000c9800000| Untracked 
| 153|0x00000000c9900000, 0x00000000c9900000, 0x00000000c9a00000|  0%| F|  |TAMS 0x00000000c9900000, 0x00000000c9900000| Untracked 
| 154|0x00000000c9a00000, 0x00000000c9a00000, 0x00000000c9b00000|  0%| F|  |TAMS 0x00000000c9a00000, 0x00000000c9a00000| Untracked 
| 155|0x00000000c9b00000, 0x00000000c9b00000, 0x00000000c9c00000|  0%| F|  |TAMS 0x00000000c9b00000, 0x00000000c9b00000| Untracked 
| 156|0x00000000c9c00000, 0x00000000c9c00000, 0x00000000c9d00000|  0%| F|  |TAMS 0x00000000c9c00000, 0x00000000c9c00000| Untracked 
| 157|0x00000000c9d00000, 0x00000000c9d00000, 0x00000000c9e00000|  0%| F|  |TAMS 0x00000000c9d00000, 0x00000000c9d00000| Untracked 
| 158|0x00000000c9e00000, 0x00000000c9e00000, 0x00000000c9f00000|  0%| F|  |TAMS 0x00000000c9e00000, 0x00000000c9e00000| Untracked 
| 159|0x00000000c9f00000, 0x00000000c9f00000, 0x00000000ca000000|  0%| F|  |TAMS 0x00000000c9f00000, 0x00000000c9f00000| Untracked 
| 160|0x00000000ca000000, 0x00000000ca000000, 0x00000000ca100000|  0%| F|  |TAMS 0x00000000ca000000, 0x00000000ca000000| Untracked 
| 161|0x00000000ca100000, 0x00000000ca100000, 0x00000000ca200000|  0%| F|  |TAMS 0x00000000ca100000, 0x00000000ca100000| Untracked 
| 162|0x00000000ca200000, 0x00000000ca200000, 0x00000000ca300000|  0%| F|  |TAMS 0x00000000ca200000, 0x00000000ca200000| Untracked 
| 163|0x00000000ca300000, 0x00000000ca300000, 0x00000000ca400000|  0%| F|  |TAMS 0x00000000ca300000, 0x00000000ca300000| Untracked 
| 164|0x00000000ca400000, 0x00000000ca400000, 0x00000000ca500000|  0%| F|  |TAMS 0x00000000ca400000, 0x00000000ca400000| Untracked 
| 165|0x00000000ca500000, 0x00000000ca500000, 0x00000000ca600000|  0%| F|  |TAMS 0x00000000ca500000, 0x00000000ca500000| Untracked 
| 166|0x00000000ca600000, 0x00000000ca600000, 0x00000000ca700000|  0%| F|  |TAMS 0x00000000ca600000, 0x00000000ca600000| Untracked 
| 167|0x00000000ca700000, 0x00000000ca700000, 0x00000000ca800000|  0%| F|  |TAMS 0x00000000ca700000, 0x00000000ca700000| Untracked 
| 168|0x00000000ca800000, 0x00000000ca800000, 0x00000000ca900000|  0%| F|  |TAMS 0x00000000ca800000, 0x00000000ca800000| Untracked 
| 169|0x00000000ca900000, 0x00000000ca900000, 0x00000000caa00000|  0%| F|  |TAMS 0x00000000ca900000, 0x00000000ca900000| Untracked 
| 170|0x00000000caa00000, 0x00000000caa00000, 0x00000000cab00000|  0%| F|  |TAMS 0x00000000caa00000, 0x00000000caa00000| Untracked 
| 171|0x00000000cab00000, 0x00000000cab00000, 0x00000000cac00000|  0%| F|  |TAMS 0x00000000cab00000, 0x00000000cab00000| Untracked 
| 172|0x00000000cac00000, 0x00000000cac00000, 0x00000000cad00000|  0%| F|  |TAMS 0x00000000cac00000, 0x00000000cac00000| Untracked 
| 173|0x00000000cad00000, 0x00000000cad00000, 0x00000000cae00000|  0%| F|  |TAMS 0x00000000cad00000, 0x00000000cad00000| Untracked 
| 174|0x00000000cae00000, 0x00000000cae00000, 0x00000000caf00000|  0%| F|  |TAMS 0x00000000cae00000, 0x00000000cae00000| Untracked 
| 175|0x00000000caf00000, 0x00000000caf00000, 0x00000000cb000000|  0%| F|  |TAMS 0x00000000caf00000, 0x00000000caf00000| Untracked 
| 176|0x00000000cb000000, 0x00000000cb000000, 0x00000000cb100000|  0%| F|  |TAMS 0x00000000cb000000, 0x00000000cb000000| Untracked 
| 177|0x00000000cb100000, 0x00000000cb100000, 0x00000000cb200000|  0%| F|  |TAMS 0x00000000cb100000, 0x00000000cb100000| Untracked 
| 178|0x00000000cb200000, 0x00000000cb200000, 0x00000000cb300000|  0%| F|  |TAMS 0x00000000cb200000, 0x00000000cb200000| Untracked 
| 179|0x00000000cb300000, 0x00000000cb300000, 0x00000000cb400000|  0%| F|  |TAMS 0x00000000cb300000, 0x00000000cb300000| Untracked 
| 180|0x00000000cb400000, 0x00000000cb400000, 0x00000000cb500000|  0%| F|  |TAMS 0x00000000cb400000, 0x00000000cb400000| Untracked 
| 181|0x00000000cb500000, 0x00000000cb500000, 0x00000000cb600000|  0%| F|  |TAMS 0x00000000cb500000, 0x00000000cb500000| Untracked 
| 182|0x00000000cb600000, 0x00000000cb600000, 0x00000000cb700000|  0%| F|  |TAMS 0x00000000cb600000, 0x00000000cb600000| Untracked 
| 183|0x00000000cb700000, 0x00000000cb700000, 0x00000000cb800000|  0%| F|  |TAMS 0x00000000cb700000, 0x00000000cb700000| Untracked 
| 184|0x00000000cb800000, 0x00000000cb800000, 0x00000000cb900000|  0%| F|  |TAMS 0x00000000cb800000, 0x00000000cb800000| Untracked 
| 185|0x00000000cb900000, 0x00000000cb900000, 0x00000000cba00000|  0%| F|  |TAMS 0x00000000cb900000, 0x00000000cb900000| Untracked 
| 186|0x00000000cba00000, 0x00000000cba00000, 0x00000000cbb00000|  0%| F|  |TAMS 0x00000000cba00000, 0x00000000cba00000| Untracked 
| 187|0x00000000cbb00000, 0x00000000cbb00000, 0x00000000cbc00000|  0%| F|  |TAMS 0x00000000cbb00000, 0x00000000cbb00000| Untracked 
| 188|0x00000000cbc00000, 0x00000000cbc00000, 0x00000000cbd00000|  0%| F|  |TAMS 0x00000000cbc00000, 0x00000000cbc00000| Untracked 
| 189|0x00000000cbd00000, 0x00000000cbd00000, 0x00000000cbe00000|  0%| F|  |TAMS 0x00000000cbd00000, 0x00000000cbd00000| Untracked 
| 190|0x00000000cbe00000, 0x00000000cbe00000, 0x00000000cbf00000|  0%| F|  |TAMS 0x00000000cbe00000, 0x00000000cbe00000| Untracked 
| 191|0x00000000cbf00000, 0x00000000cbf00000, 0x00000000cc000000|  0%| F|  |TAMS 0x00000000cbf00000, 0x00000000cbf00000| Untracked 
| 192|0x00000000cc000000, 0x00000000cc000000, 0x00000000cc100000|  0%| F|  |TAMS 0x00000000cc000000, 0x00000000cc000000| Untracked 
| 193|0x00000000cc100000, 0x00000000cc100000, 0x00000000cc200000|  0%| F|  |TAMS 0x00000000cc100000, 0x00000000cc100000| Untracked 
| 194|0x00000000cc200000, 0x00000000cc200000, 0x00000000cc300000|  0%| F|  |TAMS 0x00000000cc200000, 0x00000000cc200000| Untracked 
| 195|0x00000000cc300000, 0x00000000cc300000, 0x00000000cc400000|  0%| F|  |TAMS 0x00000000cc300000, 0x00000000cc300000| Untracked 
| 196|0x00000000cc400000, 0x00000000cc400000, 0x00000000cc500000|  0%| F|  |TAMS 0x00000000cc400000, 0x00000000cc400000| Untracked 
| 197|0x00000000cc500000, 0x00000000cc500000, 0x00000000cc600000|  0%| F|  |TAMS 0x00000000cc500000, 0x00000000cc500000| Untracked 
| 198|0x00000000cc600000, 0x00000000cc600000, 0x00000000cc700000|  0%| F|  |TAMS 0x00000000cc600000, 0x00000000cc600000| Untracked 
| 199|0x00000000cc700000, 0x00000000cc700000, 0x00000000cc800000|  0%| F|  |TAMS 0x00000000cc700000, 0x00000000cc700000| Untracked 
| 200|0x00000000cc800000, 0x00000000cc800000, 0x00000000cc900000|  0%| F|  |TAMS 0x00000000cc800000, 0x00000000cc800000| Untracked 
| 201|0x00000000cc900000, 0x00000000cc900000, 0x00000000cca00000|  0%| F|  |TAMS 0x00000000cc900000, 0x00000000cc900000| Untracked 
| 202|0x00000000cca00000, 0x00000000cca00000, 0x00000000ccb00000|  0%| F|  |TAMS 0x00000000cca00000, 0x00000000cca00000| Untracked 
| 203|0x00000000ccb00000, 0x00000000ccb00000, 0x00000000ccc00000|  0%| F|  |TAMS 0x00000000ccb00000, 0x00000000ccb00000| Untracked 
| 204|0x00000000ccc00000, 0x00000000ccc00000, 0x00000000ccd00000|  0%| F|  |TAMS 0x00000000ccc00000, 0x00000000ccc00000| Untracked 
| 205|0x00000000ccd00000, 0x00000000ccd00000, 0x00000000cce00000|  0%| F|  |TAMS 0x00000000ccd00000, 0x00000000ccd00000| Untracked 
| 206|0x00000000cce00000, 0x00000000cce00000, 0x00000000ccf00000|  0%| F|  |TAMS 0x00000000cce00000, 0x00000000cce00000| Untracked 
| 207|0x00000000ccf00000, 0x00000000ccf00000, 0x00000000cd000000|  0%| F|  |TAMS 0x00000000ccf00000, 0x00000000ccf00000| Untracked 
| 208|0x00000000cd000000, 0x00000000cd000000, 0x00000000cd100000|  0%| F|  |TAMS 0x00000000cd000000, 0x00000000cd000000| Untracked 
| 209|0x00000000cd100000, 0x00000000cd100000, 0x00000000cd200000|  0%| F|  |TAMS 0x00000000cd100000, 0x00000000cd100000| Untracked 
| 210|0x00000000cd200000, 0x00000000cd200000, 0x00000000cd300000|  0%| F|  |TAMS 0x00000000cd200000, 0x00000000cd200000| Untracked 
| 211|0x00000000cd300000, 0x00000000cd300000, 0x00000000cd400000|  0%| F|  |TAMS 0x00000000cd300000, 0x00000000cd300000| Untracked 
| 212|0x00000000cd400000, 0x00000000cd400000, 0x00000000cd500000|  0%| F|  |TAMS 0x00000000cd400000, 0x00000000cd400000| Untracked 
| 213|0x00000000cd500000, 0x00000000cd500000, 0x00000000cd600000|  0%| F|  |TAMS 0x00000000cd500000, 0x00000000cd500000| Untracked 
| 214|0x00000000cd600000, 0x00000000cd600000, 0x00000000cd700000|  0%| F|  |TAMS 0x00000000cd600000, 0x00000000cd600000| Untracked 
| 215|0x00000000cd700000, 0x00000000cd700000, 0x00000000cd800000|  0%| F|  |TAMS 0x00000000cd700000, 0x00000000cd700000| Untracked 
| 216|0x00000000cd800000, 0x00000000cd800000, 0x00000000cd900000|  0%| F|  |TAMS 0x00000000cd800000, 0x00000000cd800000| Untracked 
| 217|0x00000000cd900000, 0x00000000cd900000, 0x00000000cda00000|  0%| F|  |TAMS 0x00000000cd900000, 0x00000000cd900000| Untracked 
| 218|0x00000000cda00000, 0x00000000cda00000, 0x00000000cdb00000|  0%| F|  |TAMS 0x00000000cda00000, 0x00000000cda00000| Untracked 
| 219|0x00000000cdb00000, 0x00000000cdb00000, 0x00000000cdc00000|  0%| F|  |TAMS 0x00000000cdb00000, 0x00000000cdb00000| Untracked 
| 220|0x00000000cdc00000, 0x00000000cdc00000, 0x00000000cdd00000|  0%| F|  |TAMS 0x00000000cdc00000, 0x00000000cdc00000| Untracked 
| 221|0x00000000cdd00000, 0x00000000cdd00000, 0x00000000cde00000|  0%| F|  |TAMS 0x00000000cdd00000, 0x00000000cdd00000| Untracked 
| 222|0x00000000cde00000, 0x00000000cde00000, 0x00000000cdf00000|  0%| F|  |TAMS 0x00000000cde00000, 0x00000000cde00000| Untracked 
| 223|0x00000000cdf00000, 0x00000000cdf00000, 0x00000000ce000000|  0%| F|  |TAMS 0x00000000cdf00000, 0x00000000cdf00000| Untracked 
| 224|0x00000000ce000000, 0x00000000ce000000, 0x00000000ce100000|  0%| F|  |TAMS 0x00000000ce000000, 0x00000000ce000000| Untracked 
| 225|0x00000000ce100000, 0x00000000ce100000, 0x00000000ce200000|  0%| F|  |TAMS 0x00000000ce100000, 0x00000000ce100000| Untracked 
| 226|0x00000000ce200000, 0x00000000ce200000, 0x00000000ce300000|  0%| F|  |TAMS 0x00000000ce200000, 0x00000000ce200000| Untracked 
| 227|0x00000000ce300000, 0x00000000ce300000, 0x00000000ce400000|  0%| F|  |TAMS 0x00000000ce300000, 0x00000000ce300000| Untracked 
| 228|0x00000000ce400000, 0x00000000ce400000, 0x00000000ce500000|  0%| F|  |TAMS 0x00000000ce400000, 0x00000000ce400000| Untracked 
| 229|0x00000000ce500000, 0x00000000ce500000, 0x00000000ce600000|  0%| F|  |TAMS 0x00000000ce500000, 0x00000000ce500000| Untracked 
| 230|0x00000000ce600000, 0x00000000ce600000, 0x00000000ce700000|  0%| F|  |TAMS 0x00000000ce600000, 0x00000000ce600000| Untracked 
| 231|0x00000000ce700000, 0x00000000ce700000, 0x00000000ce800000|  0%| F|  |TAMS 0x00000000ce700000, 0x00000000ce700000| Untracked 
| 232|0x00000000ce800000, 0x00000000ce800000, 0x00000000ce900000|  0%| F|  |TAMS 0x00000000ce800000, 0x00000000ce800000| Untracked 
| 233|0x00000000ce900000, 0x00000000ce900000, 0x00000000cea00000|  0%| F|  |TAMS 0x00000000ce900000, 0x00000000ce900000| Untracked 
| 234|0x00000000cea00000, 0x00000000cea00000, 0x00000000ceb00000|  0%| F|  |TAMS 0x00000000cea00000, 0x00000000cea00000| Untracked 
| 235|0x00000000ceb00000, 0x00000000ceb00000, 0x00000000cec00000|  0%| F|  |TAMS 0x00000000ceb00000, 0x00000000ceb00000| Untracked 
| 236|0x00000000cec00000, 0x00000000cec00000, 0x00000000ced00000|  0%| F|  |TAMS 0x00000000cec00000, 0x00000000cec00000| Untracked 
| 237|0x00000000ced00000, 0x00000000ced00000, 0x00000000cee00000|  0%| F|  |TAMS 0x00000000ced00000, 0x00000000ced00000| Untracked 
| 238|0x00000000cee00000, 0x00000000cee00000, 0x00000000cef00000|  0%| F|  |TAMS 0x00000000cee00000, 0x00000000cee00000| Untracked 
| 239|0x00000000cef00000, 0x00000000cef00000, 0x00000000cf000000|  0%| F|  |TAMS 0x00000000cef00000, 0x00000000cef00000| Untracked 
| 240|0x00000000cf000000, 0x00000000cf000000, 0x00000000cf100000|  0%| F|  |TAMS 0x00000000cf000000, 0x00000000cf000000| Untracked 
| 241|0x00000000cf100000, 0x00000000cf100000, 0x00000000cf200000|  0%| F|  |TAMS 0x00000000cf100000, 0x00000000cf100000| Untracked 
| 242|0x00000000cf200000, 0x00000000cf200000, 0x00000000cf300000|  0%| F|  |TAMS 0x00000000cf200000, 0x00000000cf200000| Untracked 
| 243|0x00000000cf300000, 0x00000000cf300000, 0x00000000cf400000|  0%| F|  |TAMS 0x00000000cf300000, 0x00000000cf300000| Untracked 
| 244|0x00000000cf400000, 0x00000000cf400000, 0x00000000cf500000|  0%| F|  |TAMS 0x00000000cf400000, 0x00000000cf400000| Untracked 
| 245|0x00000000cf500000, 0x00000000cf500000, 0x00000000cf600000|  0%| F|  |TAMS 0x00000000cf500000, 0x00000000cf500000| Untracked 
| 246|0x00000000cf600000, 0x00000000cf600000, 0x00000000cf700000|  0%| F|  |TAMS 0x00000000cf600000, 0x00000000cf600000| Untracked 
| 247|0x00000000cf700000, 0x00000000cf700000, 0x00000000cf800000|  0%| F|  |TAMS 0x00000000cf700000, 0x00000000cf700000| Untracked 
| 248|0x00000000cf800000, 0x00000000cf800000, 0x00000000cf900000|  0%| F|  |TAMS 0x00000000cf800000, 0x00000000cf800000| Untracked 
| 249|0x00000000cf900000, 0x00000000cf900000, 0x00000000cfa00000|  0%| F|  |TAMS 0x00000000cf900000, 0x00000000cf900000| Untracked 
| 250|0x00000000cfa00000, 0x00000000cfa00000, 0x00000000cfb00000|  0%| F|  |TAMS 0x00000000cfa00000, 0x00000000cfa00000| Untracked 
| 251|0x00000000cfb00000, 0x00000000cfb00000, 0x00000000cfc00000|  0%| F|  |TAMS 0x00000000cfb00000, 0x00000000cfb00000| Untracked 
| 252|0x00000000cfc00000, 0x00000000cfc00000, 0x00000000cfd00000|  0%| F|  |TAMS 0x00000000cfc00000, 0x00000000cfc00000| Untracked 
| 253|0x00000000cfd00000, 0x00000000cfd00000, 0x00000000cfe00000|  0%| F|  |TAMS 0x00000000cfd00000, 0x00000000cfd00000| Untracked 
| 254|0x00000000cfe00000, 0x00000000cfe00000, 0x00000000cff00000|  0%| F|  |TAMS 0x00000000cfe00000, 0x00000000cfe00000| Untracked 
| 255|0x00000000cff00000, 0x00000000cff00000, 0x00000000d0000000|  0%| F|  |TAMS 0x00000000cff00000, 0x00000000cff00000| Untracked 
| 256|0x00000000d0000000, 0x00000000d0000000, 0x00000000d0100000|  0%| F|  |TAMS 0x00000000d0000000, 0x00000000d0000000| Untracked 
| 257|0x00000000d0100000, 0x00000000d0100000, 0x00000000d0200000|  0%| F|  |TAMS 0x00000000d0100000, 0x00000000d0100000| Untracked 
| 258|0x00000000d0200000, 0x00000000d0200000, 0x00000000d0300000|  0%| F|  |TAMS 0x00000000d0200000, 0x00000000d0200000| Untracked 
| 259|0x00000000d0300000, 0x00000000d0300000, 0x00000000d0400000|  0%| F|  |TAMS 0x00000000d0300000, 0x00000000d0300000| Untracked 
| 260|0x00000000d0400000, 0x00000000d0400000, 0x00000000d0500000|  0%| F|  |TAMS 0x00000000d0400000, 0x00000000d0400000| Untracked 
| 261|0x00000000d0500000, 0x00000000d0500000, 0x00000000d0600000|  0%| F|  |TAMS 0x00000000d0500000, 0x00000000d0500000| Untracked 
| 262|0x00000000d0600000, 0x00000000d0600000, 0x00000000d0700000|  0%| F|  |TAMS 0x00000000d0600000, 0x00000000d0600000| Untracked 
| 263|0x00000000d0700000, 0x00000000d0700000, 0x00000000d0800000|  0%| F|  |TAMS 0x00000000d0700000, 0x00000000d0700000| Untracked 
| 264|0x00000000d0800000, 0x00000000d0800000, 0x00000000d0900000|  0%| F|  |TAMS 0x00000000d0800000, 0x00000000d0800000| Untracked 
| 265|0x00000000d0900000, 0x00000000d0900000, 0x00000000d0a00000|  0%| F|  |TAMS 0x00000000d0900000, 0x00000000d0900000| Untracked 
| 266|0x00000000d0a00000, 0x00000000d0a00000, 0x00000000d0b00000|  0%| F|  |TAMS 0x00000000d0a00000, 0x00000000d0a00000| Untracked 
| 267|0x00000000d0b00000, 0x00000000d0b00000, 0x00000000d0c00000|  0%| F|  |TAMS 0x00000000d0b00000, 0x00000000d0b00000| Untracked 
| 268|0x00000000d0c00000, 0x00000000d0c00000, 0x00000000d0d00000|  0%| F|  |TAMS 0x00000000d0c00000, 0x00000000d0c00000| Untracked 
| 269|0x00000000d0d00000, 0x00000000d0d00000, 0x00000000d0e00000|  0%| F|  |TAMS 0x00000000d0d00000, 0x00000000d0d00000| Untracked 
| 270|0x00000000d0e00000, 0x00000000d0e00000, 0x00000000d0f00000|  0%| F|  |TAMS 0x00000000d0e00000, 0x00000000d0e00000| Untracked 
| 271|0x00000000d0f00000, 0x00000000d0f00000, 0x00000000d1000000|  0%| F|  |TAMS 0x00000000d0f00000, 0x00000000d0f00000| Untracked 
| 272|0x00000000d1000000, 0x00000000d1000000, 0x00000000d1100000|  0%| F|  |TAMS 0x00000000d1000000, 0x00000000d1000000| Untracked 
| 273|0x00000000d1100000, 0x00000000d1100000, 0x00000000d1200000|  0%| F|  |TAMS 0x00000000d1100000, 0x00000000d1100000| Untracked 
| 274|0x00000000d1200000, 0x00000000d1200000, 0x00000000d1300000|  0%| F|  |TAMS 0x00000000d1200000, 0x00000000d1200000| Untracked 
| 275|0x00000000d1300000, 0x00000000d1300000, 0x00000000d1400000|  0%| F|  |TAMS 0x00000000d1300000, 0x00000000d1300000| Untracked 
| 276|0x00000000d1400000, 0x00000000d1400000, 0x00000000d1500000|  0%| F|  |TAMS 0x00000000d1400000, 0x00000000d1400000| Untracked 
| 277|0x00000000d1500000, 0x00000000d1500000, 0x00000000d1600000|  0%| F|  |TAMS 0x00000000d1500000, 0x00000000d1500000| Untracked 
| 278|0x00000000d1600000, 0x00000000d1600000, 0x00000000d1700000|  0%| F|  |TAMS 0x00000000d1600000, 0x00000000d1600000| Untracked 
| 279|0x00000000d1700000, 0x00000000d1700000, 0x00000000d1800000|  0%| F|  |TAMS 0x00000000d1700000, 0x00000000d1700000| Untracked 
| 280|0x00000000d1800000, 0x00000000d1800000, 0x00000000d1900000|  0%| F|  |TAMS 0x00000000d1800000, 0x00000000d1800000| Untracked 
| 281|0x00000000d1900000, 0x00000000d1900000, 0x00000000d1a00000|  0%| F|  |TAMS 0x00000000d1900000, 0x00000000d1900000| Untracked 
| 282|0x00000000d1a00000, 0x00000000d1a00000, 0x00000000d1b00000|  0%| F|  |TAMS 0x00000000d1a00000, 0x00000000d1a00000| Untracked 
| 283|0x00000000d1b00000, 0x00000000d1b00000, 0x00000000d1c00000|  0%| F|  |TAMS 0x00000000d1b00000, 0x00000000d1b00000| Untracked 
| 284|0x00000000d1c00000, 0x00000000d1c00000, 0x00000000d1d00000|  0%| F|  |TAMS 0x00000000d1c00000, 0x00000000d1c00000| Untracked 
| 285|0x00000000d1d00000, 0x00000000d1d00000, 0x00000000d1e00000|  0%| F|  |TAMS 0x00000000d1d00000, 0x00000000d1d00000| Untracked 
| 286|0x00000000d1e00000, 0x00000000d1e00000, 0x00000000d1f00000|  0%| F|  |TAMS 0x00000000d1e00000, 0x00000000d1e00000| Untracked 
| 287|0x00000000d1f00000, 0x00000000d1f00000, 0x00000000d2000000|  0%| F|  |TAMS 0x00000000d1f00000, 0x00000000d1f00000| Untracked 
| 288|0x00000000d2000000, 0x00000000d2000000, 0x00000000d2100000|  0%| F|  |TAMS 0x00000000d2000000, 0x00000000d2000000| Untracked 
| 289|0x00000000d2100000, 0x00000000d2100000, 0x00000000d2200000|  0%| F|  |TAMS 0x00000000d2100000, 0x00000000d2100000| Untracked 
| 290|0x00000000d2200000, 0x00000000d2200000, 0x00000000d2300000|  0%| F|  |TAMS 0x00000000d2200000, 0x00000000d2200000| Untracked 
| 291|0x00000000d2300000, 0x00000000d2300000, 0x00000000d2400000|  0%| F|  |TAMS 0x00000000d2300000, 0x00000000d2300000| Untracked 
| 292|0x00000000d2400000, 0x00000000d2400000, 0x00000000d2500000|  0%| F|  |TAMS 0x00000000d2400000, 0x00000000d2400000| Untracked 
| 293|0x00000000d2500000, 0x00000000d2500000, 0x00000000d2600000|  0%| F|  |TAMS 0x00000000d2500000, 0x00000000d2500000| Untracked 
| 294|0x00000000d2600000, 0x00000000d2600000, 0x00000000d2700000|  0%| F|  |TAMS 0x00000000d2600000, 0x00000000d2600000| Untracked 
| 295|0x00000000d2700000, 0x00000000d2700000, 0x00000000d2800000|  0%| F|  |TAMS 0x00000000d2700000, 0x00000000d2700000| Untracked 
| 296|0x00000000d2800000, 0x00000000d2800000, 0x00000000d2900000|  0%| F|  |TAMS 0x00000000d2800000, 0x00000000d2800000| Untracked 
| 297|0x00000000d2900000, 0x00000000d2900000, 0x00000000d2a00000|  0%| F|  |TAMS 0x00000000d2900000, 0x00000000d2900000| Untracked 
| 298|0x00000000d2a00000, 0x00000000d2a00000, 0x00000000d2b00000|  0%| F|  |TAMS 0x00000000d2a00000, 0x00000000d2a00000| Untracked 
| 299|0x00000000d2b00000, 0x00000000d2b00000, 0x00000000d2c00000|  0%| F|  |TAMS 0x00000000d2b00000, 0x00000000d2b00000| Untracked 
| 300|0x00000000d2c00000, 0x00000000d2c00000, 0x00000000d2d00000|  0%| F|  |TAMS 0x00000000d2c00000, 0x00000000d2c00000| Untracked 
| 301|0x00000000d2d00000, 0x00000000d2d00000, 0x00000000d2e00000|  0%| F|  |TAMS 0x00000000d2d00000, 0x00000000d2d00000| Untracked 
| 302|0x00000000d2e00000, 0x00000000d2e00000, 0x00000000d2f00000|  0%| F|  |TAMS 0x00000000d2e00000, 0x00000000d2e00000| Untracked 
| 303|0x00000000d2f00000, 0x00000000d2f00000, 0x00000000d3000000|  0%| F|  |TAMS 0x00000000d2f00000, 0x00000000d2f00000| Untracked 
| 304|0x00000000d3000000, 0x00000000d3000000, 0x00000000d3100000|  0%| F|  |TAMS 0x00000000d3000000, 0x00000000d3000000| Untracked 
| 305|0x00000000d3100000, 0x00000000d3100000, 0x00000000d3200000|  0%| F|  |TAMS 0x00000000d3100000, 0x00000000d3100000| Untracked 
| 306|0x00000000d3200000, 0x00000000d3200000, 0x00000000d3300000|  0%| F|  |TAMS 0x00000000d3200000, 0x00000000d3200000| Untracked 
| 307|0x00000000d3300000, 0x00000000d3300000, 0x00000000d3400000|  0%| F|  |TAMS 0x00000000d3300000, 0x00000000d3300000| Untracked 
| 308|0x00000000d3400000, 0x00000000d3400000, 0x00000000d3500000|  0%| F|  |TAMS 0x00000000d3400000, 0x00000000d3400000| Untracked 
| 309|0x00000000d3500000, 0x00000000d3500000, 0x00000000d3600000|  0%| F|  |TAMS 0x00000000d3500000, 0x00000000d3500000| Untracked 
| 310|0x00000000d3600000, 0x00000000d3600000, 0x00000000d3700000|  0%| F|  |TAMS 0x00000000d3600000, 0x00000000d3600000| Untracked 
| 311|0x00000000d3700000, 0x00000000d3700000, 0x00000000d3800000|  0%| F|  |TAMS 0x00000000d3700000, 0x00000000d3700000| Untracked 
| 312|0x00000000d3800000, 0x00000000d3800000, 0x00000000d3900000|  0%| F|  |TAMS 0x00000000d3800000, 0x00000000d3800000| Untracked 
| 313|0x00000000d3900000, 0x00000000d3900000, 0x00000000d3a00000|  0%| F|  |TAMS 0x00000000d3900000, 0x00000000d3900000| Untracked 
| 314|0x00000000d3a00000, 0x00000000d3a00000, 0x00000000d3b00000|  0%| F|  |TAMS 0x00000000d3a00000, 0x00000000d3a00000| Untracked 
| 315|0x00000000d3b00000, 0x00000000d3b00000, 0x00000000d3c00000|  0%| F|  |TAMS 0x00000000d3b00000, 0x00000000d3b00000| Untracked 
| 316|0x00000000d3c00000, 0x00000000d3c00000, 0x00000000d3d00000|  0%| F|  |TAMS 0x00000000d3c00000, 0x00000000d3c00000| Untracked 
| 317|0x00000000d3d00000, 0x00000000d3d00000, 0x00000000d3e00000|  0%| F|  |TAMS 0x00000000d3d00000, 0x00000000d3d00000| Untracked 
| 318|0x00000000d3e00000, 0x00000000d3e00000, 0x00000000d3f00000|  0%| F|  |TAMS 0x00000000d3e00000, 0x00000000d3e00000| Untracked 
| 319|0x00000000d3f00000, 0x00000000d3f00000, 0x00000000d4000000|  0%| F|  |TAMS 0x00000000d3f00000, 0x00000000d3f00000| Untracked 
| 320|0x00000000d4000000, 0x00000000d4000000, 0x00000000d4100000|  0%| F|  |TAMS 0x00000000d4000000, 0x00000000d4000000| Untracked 
| 321|0x00000000d4100000, 0x00000000d4100000, 0x00000000d4200000|  0%| F|  |TAMS 0x00000000d4100000, 0x00000000d4100000| Untracked 
| 322|0x00000000d4200000, 0x00000000d4200000, 0x00000000d4300000|  0%| F|  |TAMS 0x00000000d4200000, 0x00000000d4200000| Untracked 
| 323|0x00000000d4300000, 0x00000000d4300000, 0x00000000d4400000|  0%| F|  |TAMS 0x00000000d4300000, 0x00000000d4300000| Untracked 
| 324|0x00000000d4400000, 0x00000000d4400000, 0x00000000d4500000|  0%| F|  |TAMS 0x00000000d4400000, 0x00000000d4400000| Untracked 
| 325|0x00000000d4500000, 0x00000000d4500000, 0x00000000d4600000|  0%| F|  |TAMS 0x00000000d4500000, 0x00000000d4500000| Untracked 
| 326|0x00000000d4600000, 0x00000000d4600000, 0x00000000d4700000|  0%| F|  |TAMS 0x00000000d4600000, 0x00000000d4600000| Untracked 
| 327|0x00000000d4700000, 0x00000000d4700000, 0x00000000d4800000|  0%| F|  |TAMS 0x00000000d4700000, 0x00000000d4700000| Untracked 
| 328|0x00000000d4800000, 0x00000000d4800000, 0x00000000d4900000|  0%| F|  |TAMS 0x00000000d4800000, 0x00000000d4800000| Untracked 
| 329|0x00000000d4900000, 0x00000000d4900000, 0x00000000d4a00000|  0%| F|  |TAMS 0x00000000d4900000, 0x00000000d4900000| Untracked 
| 330|0x00000000d4a00000, 0x00000000d4a00000, 0x00000000d4b00000|  0%| F|  |TAMS 0x00000000d4a00000, 0x00000000d4a00000| Untracked 
| 331|0x00000000d4b00000, 0x00000000d4b00000, 0x00000000d4c00000|  0%| F|  |TAMS 0x00000000d4b00000, 0x00000000d4b00000| Untracked 
| 332|0x00000000d4c00000, 0x00000000d4c00000, 0x00000000d4d00000|  0%| F|  |TAMS 0x00000000d4c00000, 0x00000000d4c00000| Untracked 
| 333|0x00000000d4d00000, 0x00000000d4d00000, 0x00000000d4e00000|  0%| F|  |TAMS 0x00000000d4d00000, 0x00000000d4d00000| Untracked 
| 334|0x00000000d4e00000, 0x00000000d4e00000, 0x00000000d4f00000|  0%| F|  |TAMS 0x00000000d4e00000, 0x00000000d4e00000| Untracked 
| 335|0x00000000d4f00000, 0x00000000d4f00000, 0x00000000d5000000|  0%| F|  |TAMS 0x00000000d4f00000, 0x00000000d4f00000| Untracked 
| 336|0x00000000d5000000, 0x00000000d5000000, 0x00000000d5100000|  0%| F|  |TAMS 0x00000000d5000000, 0x00000000d5000000| Untracked 
| 337|0x00000000d5100000, 0x00000000d5100000, 0x00000000d5200000|  0%| F|  |TAMS 0x00000000d5100000, 0x00000000d5100000| Untracked 
| 338|0x00000000d5200000, 0x00000000d5200000, 0x00000000d5300000|  0%| F|  |TAMS 0x00000000d5200000, 0x00000000d5200000| Untracked 
| 339|0x00000000d5300000, 0x00000000d5300000, 0x00000000d5400000|  0%| F|  |TAMS 0x00000000d5300000, 0x00000000d5300000| Untracked 
| 340|0x00000000d5400000, 0x00000000d5400000, 0x00000000d5500000|  0%| F|  |TAMS 0x00000000d5400000, 0x00000000d5400000| Untracked 
| 341|0x00000000d5500000, 0x00000000d5500000, 0x00000000d5600000|  0%| F|  |TAMS 0x00000000d5500000, 0x00000000d5500000| Untracked 
| 342|0x00000000d5600000, 0x00000000d5600000, 0x00000000d5700000|  0%| F|  |TAMS 0x00000000d5600000, 0x00000000d5600000| Untracked 
| 343|0x00000000d5700000, 0x00000000d5700000, 0x00000000d5800000|  0%| F|  |TAMS 0x00000000d5700000, 0x00000000d5700000| Untracked 
| 344|0x00000000d5800000, 0x00000000d5800000, 0x00000000d5900000|  0%| F|  |TAMS 0x00000000d5800000, 0x00000000d5800000| Untracked 
| 345|0x00000000d5900000, 0x00000000d5900000, 0x00000000d5a00000|  0%| F|  |TAMS 0x00000000d5900000, 0x00000000d5900000| Untracked 
| 346|0x00000000d5a00000, 0x00000000d5a00000, 0x00000000d5b00000|  0%| F|  |TAMS 0x00000000d5a00000, 0x00000000d5a00000| Untracked 
| 347|0x00000000d5b00000, 0x00000000d5b00000, 0x00000000d5c00000|  0%| F|  |TAMS 0x00000000d5b00000, 0x00000000d5b00000| Untracked 
| 348|0x00000000d5c00000, 0x00000000d5c00000, 0x00000000d5d00000|  0%| F|  |TAMS 0x00000000d5c00000, 0x00000000d5c00000| Untracked 
| 349|0x00000000d5d00000, 0x00000000d5d00000, 0x00000000d5e00000|  0%| F|  |TAMS 0x00000000d5d00000, 0x00000000d5d00000| Untracked 
| 350|0x00000000d5e00000, 0x00000000d5e00000, 0x00000000d5f00000|  0%| F|  |TAMS 0x00000000d5e00000, 0x00000000d5e00000| Untracked 
| 351|0x00000000d5f00000, 0x00000000d5f00000, 0x00000000d6000000|  0%| F|  |TAMS 0x00000000d5f00000, 0x00000000d5f00000| Untracked 
| 352|0x00000000d6000000, 0x00000000d6000000, 0x00000000d6100000|  0%| F|  |TAMS 0x00000000d6000000, 0x00000000d6000000| Untracked 
| 353|0x00000000d6100000, 0x00000000d6100000, 0x00000000d6200000|  0%| F|  |TAMS 0x00000000d6100000, 0x00000000d6100000| Untracked 
| 354|0x00000000d6200000, 0x00000000d6200000, 0x00000000d6300000|  0%| F|  |TAMS 0x00000000d6200000, 0x00000000d6200000| Untracked 
| 355|0x00000000d6300000, 0x00000000d6300000, 0x00000000d6400000|  0%| F|  |TAMS 0x00000000d6300000, 0x00000000d6300000| Untracked 
| 356|0x00000000d6400000, 0x00000000d6400000, 0x00000000d6500000|  0%| F|  |TAMS 0x00000000d6400000, 0x00000000d6400000| Untracked 
| 357|0x00000000d6500000, 0x00000000d6500000, 0x00000000d6600000|  0%| F|  |TAMS 0x00000000d6500000, 0x00000000d6500000| Untracked 
| 358|0x00000000d6600000, 0x00000000d6600000, 0x00000000d6700000|  0%| F|  |TAMS 0x00000000d6600000, 0x00000000d6600000| Untracked 
| 359|0x00000000d6700000, 0x00000000d6700000, 0x00000000d6800000|  0%| F|  |TAMS 0x00000000d6700000, 0x00000000d6700000| Untracked 
| 360|0x00000000d6800000, 0x00000000d6800000, 0x00000000d6900000|  0%| F|  |TAMS 0x00000000d6800000, 0x00000000d6800000| Untracked 
| 361|0x00000000d6900000, 0x00000000d6900000, 0x00000000d6a00000|  0%| F|  |TAMS 0x00000000d6900000, 0x00000000d6900000| Untracked 
| 362|0x00000000d6a00000, 0x00000000d6a00000, 0x00000000d6b00000|  0%| F|  |TAMS 0x00000000d6a00000, 0x00000000d6a00000| Untracked 
| 363|0x00000000d6b00000, 0x00000000d6b00000, 0x00000000d6c00000|  0%| F|  |TAMS 0x00000000d6b00000, 0x00000000d6b00000| Untracked 
| 364|0x00000000d6c00000, 0x00000000d6c00000, 0x00000000d6d00000|  0%| F|  |TAMS 0x00000000d6c00000, 0x00000000d6c00000| Untracked 
| 365|0x00000000d6d00000, 0x00000000d6d00000, 0x00000000d6e00000|  0%| F|  |TAMS 0x00000000d6d00000, 0x00000000d6d00000| Untracked 
| 366|0x00000000d6e00000, 0x00000000d6e00000, 0x00000000d6f00000|  0%| F|  |TAMS 0x00000000d6e00000, 0x00000000d6e00000| Untracked 
| 367|0x00000000d6f00000, 0x00000000d6f00000, 0x00000000d7000000|  0%| F|  |TAMS 0x00000000d6f00000, 0x00000000d6f00000| Untracked 
| 368|0x00000000d7000000, 0x00000000d7000000, 0x00000000d7100000|  0%| F|  |TAMS 0x00000000d7000000, 0x00000000d7000000| Untracked 
| 369|0x00000000d7100000, 0x00000000d7100000, 0x00000000d7200000|  0%| F|  |TAMS 0x00000000d7100000, 0x00000000d7100000| Untracked 
| 370|0x00000000d7200000, 0x00000000d7200000, 0x00000000d7300000|  0%| F|  |TAMS 0x00000000d7200000, 0x00000000d7200000| Untracked 
| 371|0x00000000d7300000, 0x00000000d7300000, 0x00000000d7400000|  0%| F|  |TAMS 0x00000000d7300000, 0x00000000d7300000| Untracked 
| 372|0x00000000d7400000, 0x00000000d7400000, 0x00000000d7500000|  0%| F|  |TAMS 0x00000000d7400000, 0x00000000d7400000| Untracked 
| 373|0x00000000d7500000, 0x00000000d7500000, 0x00000000d7600000|  0%| F|  |TAMS 0x00000000d7500000, 0x00000000d7500000| Untracked 
| 374|0x00000000d7600000, 0x00000000d7600000, 0x00000000d7700000|  0%| F|  |TAMS 0x00000000d7600000, 0x00000000d7600000| Untracked 
| 375|0x00000000d7700000, 0x00000000d7700000, 0x00000000d7800000|  0%| F|  |TAMS 0x00000000d7700000, 0x00000000d7700000| Untracked 
| 376|0x00000000d7800000, 0x00000000d7800000, 0x00000000d7900000|  0%| F|  |TAMS 0x00000000d7800000, 0x00000000d7800000| Untracked 
| 377|0x00000000d7900000, 0x00000000d7900000, 0x00000000d7a00000|  0%| F|  |TAMS 0x00000000d7900000, 0x00000000d7900000| Untracked 
| 378|0x00000000d7a00000, 0x00000000d7a00000, 0x00000000d7b00000|  0%| F|  |TAMS 0x00000000d7a00000, 0x00000000d7a00000| Untracked 
| 379|0x00000000d7b00000, 0x00000000d7b00000, 0x00000000d7c00000|  0%| F|  |TAMS 0x00000000d7b00000, 0x00000000d7b00000| Untracked 
| 380|0x00000000d7c00000, 0x00000000d7c00000, 0x00000000d7d00000|  0%| F|  |TAMS 0x00000000d7c00000, 0x00000000d7c00000| Untracked 
| 381|0x00000000d7d00000, 0x00000000d7d00000, 0x00000000d7e00000|  0%| F|  |TAMS 0x00000000d7d00000, 0x00000000d7d00000| Untracked 
| 382|0x00000000d7e00000, 0x00000000d7e00000, 0x00000000d7f00000|  0%| F|  |TAMS 0x00000000d7e00000, 0x00000000d7e00000| Untracked 
| 383|0x00000000d7f00000, 0x00000000d7f00000, 0x00000000d8000000|  0%| F|  |TAMS 0x00000000d7f00000, 0x00000000d7f00000| Untracked 
| 384|0x00000000d8000000, 0x00000000d8000000, 0x00000000d8100000|  0%| F|  |TAMS 0x00000000d8000000, 0x00000000d8000000| Untracked 
| 385|0x00000000d8100000, 0x00000000d8100000, 0x00000000d8200000|  0%| F|  |TAMS 0x00000000d8100000, 0x00000000d8100000| Untracked 
| 386|0x00000000d8200000, 0x00000000d8200000, 0x00000000d8300000|  0%| F|  |TAMS 0x00000000d8200000, 0x00000000d8200000| Untracked 
| 387|0x00000000d8300000, 0x00000000d8300000, 0x00000000d8400000|  0%| F|  |TAMS 0x00000000d8300000, 0x00000000d8300000| Untracked 
| 388|0x00000000d8400000, 0x00000000d8400000, 0x00000000d8500000|  0%| F|  |TAMS 0x00000000d8400000, 0x00000000d8400000| Untracked 
| 389|0x00000000d8500000, 0x00000000d8500000, 0x00000000d8600000|  0%| F|  |TAMS 0x00000000d8500000, 0x00000000d8500000| Untracked 
| 390|0x00000000d8600000, 0x00000000d8600000, 0x00000000d8700000|  0%| F|  |TAMS 0x00000000d8600000, 0x00000000d8600000| Untracked 
| 391|0x00000000d8700000, 0x00000000d8700000, 0x00000000d8800000|  0%| F|  |TAMS 0x00000000d8700000, 0x00000000d8700000| Untracked 
| 392|0x00000000d8800000, 0x00000000d8800000, 0x00000000d8900000|  0%| F|  |TAMS 0x00000000d8800000, 0x00000000d8800000| Untracked 
| 393|0x00000000d8900000, 0x00000000d8900000, 0x00000000d8a00000|  0%| F|  |TAMS 0x00000000d8900000, 0x00000000d8900000| Untracked 
| 394|0x00000000d8a00000, 0x00000000d8a00000, 0x00000000d8b00000|  0%| F|  |TAMS 0x00000000d8a00000, 0x00000000d8a00000| Untracked 
| 395|0x00000000d8b00000, 0x00000000d8b00000, 0x00000000d8c00000|  0%| F|  |TAMS 0x00000000d8b00000, 0x00000000d8b00000| Untracked 
| 396|0x00000000d8c00000, 0x00000000d8c00000, 0x00000000d8d00000|  0%| F|  |TAMS 0x00000000d8c00000, 0x00000000d8c00000| Untracked 
| 397|0x00000000d8d00000, 0x00000000d8d00000, 0x00000000d8e00000|  0%| F|  |TAMS 0x00000000d8d00000, 0x00000000d8d00000| Untracked 
| 398|0x00000000d8e00000, 0x00000000d8e00000, 0x00000000d8f00000|  0%| F|  |TAMS 0x00000000d8e00000, 0x00000000d8e00000| Untracked 
| 399|0x00000000d8f00000, 0x00000000d8f00000, 0x00000000d9000000|  0%| F|  |TAMS 0x00000000d8f00000, 0x00000000d8f00000| Untracked 
| 400|0x00000000d9000000, 0x00000000d9000000, 0x00000000d9100000|  0%| F|  |TAMS 0x00000000d9000000, 0x00000000d9000000| Untracked 
| 401|0x00000000d9100000, 0x00000000d9100000, 0x00000000d9200000|  0%| F|  |TAMS 0x00000000d9100000, 0x00000000d9100000| Untracked 
| 402|0x00000000d9200000, 0x00000000d9200000, 0x00000000d9300000|  0%| F|  |TAMS 0x00000000d9200000, 0x00000000d9200000| Untracked 
| 403|0x00000000d9300000, 0x00000000d9300000, 0x00000000d9400000|  0%| F|  |TAMS 0x00000000d9300000, 0x00000000d9300000| Untracked 
| 404|0x00000000d9400000, 0x00000000d9400000, 0x00000000d9500000|  0%| F|  |TAMS 0x00000000d9400000, 0x00000000d9400000| Untracked 
| 405|0x00000000d9500000, 0x00000000d9500000, 0x00000000d9600000|  0%| F|  |TAMS 0x00000000d9500000, 0x00000000d9500000| Untracked 
| 406|0x00000000d9600000, 0x00000000d9600000, 0x00000000d9700000|  0%| F|  |TAMS 0x00000000d9600000, 0x00000000d9600000| Untracked 
| 407|0x00000000d9700000, 0x00000000d9700000, 0x00000000d9800000|  0%| F|  |TAMS 0x00000000d9700000, 0x00000000d9700000| Untracked 
| 408|0x00000000d9800000, 0x00000000d9800000, 0x00000000d9900000|  0%| F|  |TAMS 0x00000000d9800000, 0x00000000d9800000| Untracked 
| 409|0x00000000d9900000, 0x00000000d9900000, 0x00000000d9a00000|  0%| F|  |TAMS 0x00000000d9900000, 0x00000000d9900000| Untracked 
| 410|0x00000000d9a00000, 0x00000000d9a00000, 0x00000000d9b00000|  0%| F|  |TAMS 0x00000000d9a00000, 0x00000000d9a00000| Untracked 
| 411|0x00000000d9b00000, 0x00000000d9b00000, 0x00000000d9c00000|  0%| F|  |TAMS 0x00000000d9b00000, 0x00000000d9b00000| Untracked 
| 412|0x00000000d9c00000, 0x00000000d9c00000, 0x00000000d9d00000|  0%| F|  |TAMS 0x00000000d9c00000, 0x00000000d9c00000| Untracked 
| 413|0x00000000d9d00000, 0x00000000d9d00000, 0x00000000d9e00000|  0%| F|  |TAMS 0x00000000d9d00000, 0x00000000d9d00000| Untracked 
| 414|0x00000000d9e00000, 0x00000000d9e00000, 0x00000000d9f00000|  0%| F|  |TAMS 0x00000000d9e00000, 0x00000000d9e00000| Untracked 
| 415|0x00000000d9f00000, 0x00000000d9f00000, 0x00000000da000000|  0%| F|  |TAMS 0x00000000d9f00000, 0x00000000d9f00000| Untracked 
| 416|0x00000000da000000, 0x00000000da000000, 0x00000000da100000|  0%| F|  |TAMS 0x00000000da000000, 0x00000000da000000| Untracked 
| 417|0x00000000da100000, 0x00000000da100000, 0x00000000da200000|  0%| F|  |TAMS 0x00000000da100000, 0x00000000da100000| Untracked 
| 418|0x00000000da200000, 0x00000000da200000, 0x00000000da300000|  0%| F|  |TAMS 0x00000000da200000, 0x00000000da200000| Untracked 
| 419|0x00000000da300000, 0x00000000da300000, 0x00000000da400000|  0%| F|  |TAMS 0x00000000da300000, 0x00000000da300000| Untracked 
| 420|0x00000000da400000, 0x00000000da400000, 0x00000000da500000|  0%| F|  |TAMS 0x00000000da400000, 0x00000000da400000| Untracked 
| 421|0x00000000da500000, 0x00000000da500000, 0x00000000da600000|  0%| F|  |TAMS 0x00000000da500000, 0x00000000da500000| Untracked 
| 422|0x00000000da600000, 0x00000000da600000, 0x00000000da700000|  0%| F|  |TAMS 0x00000000da600000, 0x00000000da600000| Untracked 
| 423|0x00000000da700000, 0x00000000da700000, 0x00000000da800000|  0%| F|  |TAMS 0x00000000da700000, 0x00000000da700000| Untracked 
| 424|0x00000000da800000, 0x00000000da800000, 0x00000000da900000|  0%| F|  |TAMS 0x00000000da800000, 0x00000000da800000| Untracked 
| 425|0x00000000da900000, 0x00000000da900000, 0x00000000daa00000|  0%| F|  |TAMS 0x00000000da900000, 0x00000000da900000| Untracked 
| 426|0x00000000daa00000, 0x00000000daa00000, 0x00000000dab00000|  0%| F|  |TAMS 0x00000000daa00000, 0x00000000daa00000| Untracked 
| 427|0x00000000dab00000, 0x00000000dab00000, 0x00000000dac00000|  0%| F|  |TAMS 0x00000000dab00000, 0x00000000dab00000| Untracked 
| 428|0x00000000dac00000, 0x00000000dac00000, 0x00000000dad00000|  0%| F|  |TAMS 0x00000000dac00000, 0x00000000dac00000| Untracked 
| 429|0x00000000dad00000, 0x00000000dad00000, 0x00000000dae00000|  0%| F|  |TAMS 0x00000000dad00000, 0x00000000dad00000| Untracked 
| 430|0x00000000dae00000, 0x00000000dae00000, 0x00000000daf00000|  0%| F|  |TAMS 0x00000000dae00000, 0x00000000dae00000| Untracked 
| 431|0x00000000daf00000, 0x00000000daf00000, 0x00000000db000000|  0%| F|  |TAMS 0x00000000daf00000, 0x00000000daf00000| Untracked 
| 432|0x00000000db000000, 0x00000000db000000, 0x00000000db100000|  0%| F|  |TAMS 0x00000000db000000, 0x00000000db000000| Untracked 
| 433|0x00000000db100000, 0x00000000db100000, 0x00000000db200000|  0%| F|  |TAMS 0x00000000db100000, 0x00000000db100000| Untracked 
| 434|0x00000000db200000, 0x00000000db200000, 0x00000000db300000|  0%| F|  |TAMS 0x00000000db200000, 0x00000000db200000| Untracked 
| 435|0x00000000db300000, 0x00000000db300000, 0x00000000db400000|  0%| F|  |TAMS 0x00000000db300000, 0x00000000db300000| Untracked 
| 436|0x00000000db400000, 0x00000000db400000, 0x00000000db500000|  0%| F|  |TAMS 0x00000000db400000, 0x00000000db400000| Untracked 
| 437|0x00000000db500000, 0x00000000db500000, 0x00000000db600000|  0%| F|  |TAMS 0x00000000db500000, 0x00000000db500000| Untracked 
| 438|0x00000000db600000, 0x00000000db600000, 0x00000000db700000|  0%| F|  |TAMS 0x00000000db600000, 0x00000000db600000| Untracked 
| 439|0x00000000db700000, 0x00000000db700000, 0x00000000db800000|  0%| F|  |TAMS 0x00000000db700000, 0x00000000db700000| Untracked 
| 440|0x00000000db800000, 0x00000000db800000, 0x00000000db900000|  0%| F|  |TAMS 0x00000000db800000, 0x00000000db800000| Untracked 
| 441|0x00000000db900000, 0x00000000db900000, 0x00000000dba00000|  0%| F|  |TAMS 0x00000000db900000, 0x00000000db900000| Untracked 
| 442|0x00000000dba00000, 0x00000000dba00000, 0x00000000dbb00000|  0%| F|  |TAMS 0x00000000dba00000, 0x00000000dba00000| Untracked 
| 443|0x00000000dbb00000, 0x00000000dbb00000, 0x00000000dbc00000|  0%| F|  |TAMS 0x00000000dbb00000, 0x00000000dbb00000| Untracked 
| 444|0x00000000dbc00000, 0x00000000dbc00000, 0x00000000dbd00000|  0%| F|  |TAMS 0x00000000dbc00000, 0x00000000dbc00000| Untracked 
| 445|0x00000000dbd00000, 0x00000000dbe00000, 0x00000000dbe00000|100%| E|  |TAMS 0x00000000dbd00000, 0x00000000dbd00000| Complete 
| 446|0x00000000dbe00000, 0x00000000dbf00000, 0x00000000dbf00000|100%| E|CS|TAMS 0x00000000dbe00000, 0x00000000dbe00000| Complete 
| 447|0x00000000dbf00000, 0x00000000dc000000, 0x00000000dc000000|100%| E|CS|TAMS 0x00000000dbf00000, 0x00000000dbf00000| Complete 
| 448|0x00000000dc000000, 0x00000000dc100000, 0x00000000dc100000|100%| E|CS|TAMS 0x00000000dc000000, 0x00000000dc000000| Complete 
| 449|0x00000000dc100000, 0x00000000dc200000, 0x00000000dc200000|100%| E|CS|TAMS 0x00000000dc100000, 0x00000000dc100000| Complete 
| 450|0x00000000dc200000, 0x00000000dc300000, 0x00000000dc300000|100%| E|CS|TAMS 0x00000000dc200000, 0x00000000dc200000| Complete 
| 451|0x00000000dc300000, 0x00000000dc400000, 0x00000000dc400000|100%| S|CS|TAMS 0x00000000dc300000, 0x00000000dc300000| Complete 
| 452|0x00000000dc400000, 0x00000000dc500000, 0x00000000dc500000|100%| S|CS|TAMS 0x00000000dc400000, 0x00000000dc400000| Complete 
| 453|0x00000000dc500000, 0x00000000dc600000, 0x00000000dc600000|100%| S|CS|TAMS 0x00000000dc500000, 0x00000000dc500000| Complete 
| 454|0x00000000dc600000, 0x00000000dc700000, 0x00000000dc700000|100%| S|CS|TAMS 0x00000000dc600000, 0x00000000dc600000| Complete 
| 455|0x00000000dc700000, 0x00000000dc800000, 0x00000000dc800000|100%| S|CS|TAMS 0x00000000dc700000, 0x00000000dc700000| Complete 
| 456|0x00000000dc800000, 0x00000000dc900000, 0x00000000dc900000|100%| S|CS|TAMS 0x00000000dc800000, 0x00000000dc800000| Complete 
| 457|0x00000000dc900000, 0x00000000dca00000, 0x00000000dca00000|100%| S|CS|TAMS 0x00000000dc900000, 0x00000000dc900000| Complete 
| 458|0x00000000dca00000, 0x00000000dcb00000, 0x00000000dcb00000|100%| E|CS|TAMS 0x00000000dca00000, 0x00000000dca00000| Complete 
| 459|0x00000000dcb00000, 0x00000000dcc00000, 0x00000000dcc00000|100%| E|CS|TAMS 0x00000000dcb00000, 0x00000000dcb00000| Complete 
| 460|0x00000000dcc00000, 0x00000000dcd00000, 0x00000000dcd00000|100%| E|CS|TAMS 0x00000000dcc00000, 0x00000000dcc00000| Complete 
| 461|0x00000000dcd00000, 0x00000000dce00000, 0x00000000dce00000|100%| E|CS|TAMS 0x00000000dcd00000, 0x00000000dcd00000| Complete 
| 462|0x00000000dce00000, 0x00000000dcf00000, 0x00000000dcf00000|100%| E|CS|TAMS 0x00000000dce00000, 0x00000000dce00000| Complete 
| 463|0x00000000dcf00000, 0x00000000dd000000, 0x00000000dd000000|100%| E|CS|TAMS 0x00000000dcf00000, 0x00000000dcf00000| Complete 
| 464|0x00000000dd000000, 0x00000000dd100000, 0x00000000dd100000|100%| E|CS|TAMS 0x00000000dd000000, 0x00000000dd000000| Complete 
| 465|0x00000000dd100000, 0x00000000dd200000, 0x00000000dd200000|100%| E|CS|TAMS 0x00000000dd100000, 0x00000000dd100000| Complete 
| 466|0x00000000dd200000, 0x00000000dd300000, 0x00000000dd300000|100%| E|CS|TAMS 0x00000000dd200000, 0x00000000dd200000| Complete 
| 467|0x00000000dd300000, 0x00000000dd400000, 0x00000000dd400000|100%| E|CS|TAMS 0x00000000dd300000, 0x00000000dd300000| Complete 
| 468|0x00000000dd400000, 0x00000000dd500000, 0x00000000dd500000|100%| E|CS|TAMS 0x00000000dd400000, 0x00000000dd400000| Complete 
| 469|0x00000000dd500000, 0x00000000dd600000, 0x00000000dd600000|100%| E|CS|TAMS 0x00000000dd500000, 0x00000000dd500000| Complete 
| 470|0x00000000dd600000, 0x00000000dd700000, 0x00000000dd700000|100%| E|CS|TAMS 0x00000000dd600000, 0x00000000dd600000| Complete 
| 471|0x00000000dd700000, 0x00000000dd800000, 0x00000000dd800000|100%| E|CS|TAMS 0x00000000dd700000, 0x00000000dd700000| Complete 
| 472|0x00000000dd800000, 0x00000000dd900000, 0x00000000dd900000|100%| E|CS|TAMS 0x00000000dd800000, 0x00000000dd800000| Complete 
| 473|0x00000000dd900000, 0x00000000dda00000, 0x00000000dda00000|100%| E|CS|TAMS 0x00000000dd900000, 0x00000000dd900000| Complete 
| 474|0x00000000dda00000, 0x00000000ddb00000, 0x00000000ddb00000|100%| E|CS|TAMS 0x00000000dda00000, 0x00000000dda00000| Complete 
| 475|0x00000000ddb00000, 0x00000000ddc00000, 0x00000000ddc00000|100%| E|CS|TAMS 0x00000000ddb00000, 0x00000000ddb00000| Complete 
| 476|0x00000000ddc00000, 0x00000000ddd00000, 0x00000000ddd00000|100%| E|CS|TAMS 0x00000000ddc00000, 0x00000000ddc00000| Complete 
| 477|0x00000000ddd00000, 0x00000000dde00000, 0x00000000dde00000|100%| E|CS|TAMS 0x00000000ddd00000, 0x00000000ddd00000| Complete 
| 478|0x00000000dde00000, 0x00000000ddf00000, 0x00000000ddf00000|100%| E|CS|TAMS 0x00000000dde00000, 0x00000000dde00000| Complete 
| 479|0x00000000ddf00000, 0x00000000de000000, 0x00000000de000000|100%| E|CS|TAMS 0x00000000ddf00000, 0x00000000ddf00000| Complete 
| 480|0x00000000de000000, 0x00000000de100000, 0x00000000de100000|100%| E|CS|TAMS 0x00000000de000000, 0x00000000de000000| Complete 
| 481|0x00000000de100000, 0x00000000de200000, 0x00000000de200000|100%| E|CS|TAMS 0x00000000de100000, 0x00000000de100000| Complete 
| 482|0x00000000de200000, 0x00000000de300000, 0x00000000de300000|100%| E|CS|TAMS 0x00000000de200000, 0x00000000de200000| Complete 
| 483|0x00000000de300000, 0x00000000de400000, 0x00000000de400000|100%| E|CS|TAMS 0x00000000de300000, 0x00000000de300000| Complete 
| 484|0x00000000de400000, 0x00000000de500000, 0x00000000de500000|100%| E|CS|TAMS 0x00000000de400000, 0x00000000de400000| Complete 
| 485|0x00000000de500000, 0x00000000de600000, 0x00000000de600000|100%| E|CS|TAMS 0x00000000de500000, 0x00000000de500000| Complete 
| 486|0x00000000de600000, 0x00000000de700000, 0x00000000de700000|100%| E|CS|TAMS 0x00000000de600000, 0x00000000de600000| Complete 
| 487|0x00000000de700000, 0x00000000de800000, 0x00000000de800000|100%| E|CS|TAMS 0x00000000de700000, 0x00000000de700000| Complete 
| 488|0x00000000de800000, 0x00000000de900000, 0x00000000de900000|100%| E|CS|TAMS 0x00000000de800000, 0x00000000de800000| Complete 
| 489|0x00000000de900000, 0x00000000dea00000, 0x00000000dea00000|100%| E|CS|TAMS 0x00000000de900000, 0x00000000de900000| Complete 
| 490|0x00000000dea00000, 0x00000000deb00000, 0x00000000deb00000|100%| E|CS|TAMS 0x00000000dea00000, 0x00000000dea00000| Complete 
| 491|0x00000000deb00000, 0x00000000dec00000, 0x00000000dec00000|100%| E|CS|TAMS 0x00000000deb00000, 0x00000000deb00000| Complete 
| 492|0x00000000dec00000, 0x00000000ded00000, 0x00000000ded00000|100%| E|CS|TAMS 0x00000000dec00000, 0x00000000dec00000| Complete 
| 493|0x00000000ded00000, 0x00000000dee00000, 0x00000000dee00000|100%| E|CS|TAMS 0x00000000ded00000, 0x00000000ded00000| Complete 
| 494|0x00000000dee00000, 0x00000000def00000, 0x00000000def00000|100%| E|CS|TAMS 0x00000000dee00000, 0x00000000dee00000| Complete 
| 495|0x00000000def00000, 0x00000000df000000, 0x00000000df000000|100%| E|CS|TAMS 0x00000000def00000, 0x00000000def00000| Complete 
| 496|0x00000000df000000, 0x00000000df100000, 0x00000000df100000|100%| E|CS|TAMS 0x00000000df000000, 0x00000000df000000| Complete 
| 497|0x00000000df100000, 0x00000000df200000, 0x00000000df200000|100%| E|CS|TAMS 0x00000000df100000, 0x00000000df100000| Complete 
| 498|0x00000000df200000, 0x00000000df300000, 0x00000000df300000|100%| E|CS|TAMS 0x00000000df200000, 0x00000000df200000| Complete 
| 499|0x00000000df300000, 0x00000000df400000, 0x00000000df400000|100%| E|CS|TAMS 0x00000000df300000, 0x00000000df300000| Complete 
| 500|0x00000000df400000, 0x00000000df500000, 0x00000000df500000|100%| E|CS|TAMS 0x00000000df400000, 0x00000000df400000| Complete 
| 501|0x00000000df500000, 0x00000000df600000, 0x00000000df600000|100%| E|CS|TAMS 0x00000000df500000, 0x00000000df500000| Complete 
| 502|0x00000000df600000, 0x00000000df700000, 0x00000000df700000|100%| E|CS|TAMS 0x00000000df600000, 0x00000000df600000| Complete 
| 503|0x00000000df700000, 0x00000000df800000, 0x00000000df800000|100%| E|CS|TAMS 0x00000000df700000, 0x00000000df700000| Complete 
| 504|0x00000000df800000, 0x00000000df900000, 0x00000000df900000|100%| E|CS|TAMS 0x00000000df800000, 0x00000000df800000| Complete 
| 505|0x00000000df900000, 0x00000000dfa00000, 0x00000000dfa00000|100%| E|CS|TAMS 0x00000000df900000, 0x00000000df900000| Complete 
| 506|0x00000000dfa00000, 0x00000000dfb00000, 0x00000000dfb00000|100%| E|CS|TAMS 0x00000000dfa00000, 0x00000000dfa00000| Complete 
| 507|0x00000000dfb00000, 0x00000000dfc00000, 0x00000000dfc00000|100%| E|CS|TAMS 0x00000000dfb00000, 0x00000000dfb00000| Complete 
| 508|0x00000000dfc00000, 0x00000000dfd00000, 0x00000000dfd00000|100%| E|CS|TAMS 0x00000000dfc00000, 0x00000000dfc00000| Complete 
| 509|0x00000000dfd00000, 0x00000000dfe00000, 0x00000000dfe00000|100%| E|CS|TAMS 0x00000000dfd00000, 0x00000000dfd00000| Complete 
| 510|0x00000000dfe00000, 0x00000000dff00000, 0x00000000dff00000|100%| E|CS|TAMS 0x00000000dfe00000, 0x00000000dfe00000| Complete 
| 511|0x00000000dff00000, 0x00000000e0000000, 0x00000000e0000000|100%| E|CS|TAMS 0x00000000dff00000, 0x00000000dff00000| Complete 

Card table byte_map: [0x00007f981ccd1000,0x00007f981ced1000] _byte_map_base: 0x00007f981c6d1000

Marking Bits (Prev, Next): (CMBitMap*) 0x00007f983c045898, (CMBitMap*) 0x00007f983c0458d0
 Prev Bits: [0x00007f981bad1000, 0x00007f981cad1000)
 Next Bits: [0x00007f981aad1000, 0x00007f981bad1000)

Polling page: 0x00007f98432fb000

Metaspace:

Usage:
  Non-class:      6.29 MB capacity,     6.18 MB ( 98%) used,   105.04 KB (  2%) free+waste,     3.25 KB ( <1%) overhead. 
      Class:    630.00 KB capacity,   593.40 KB ( 94%) used,    35.29 KB (  6%) free+waste,     1.31 KB ( <1%) overhead. 
       Both:      6.90 MB capacity,     6.76 MB ( 98%) used,   140.33 KB (  2%) free+waste,     4.56 KB ( <1%) overhead. 

Virtual space:
  Non-class space:        8.00 MB reserved,       6.50 MB ( 81%) committed 
      Class space:        1.00 GB reserved,     640.00 KB ( <1%) committed 
             Both:        1.01 GB reserved,       7.12 MB ( <1%) committed 

Chunk freelists:
   Non-Class:  2.00 KB
       Class:  1.25 KB
        Both:  3.25 KB

CodeHeap 'non-profiled nmethods': size=118600Kb used=367Kb max_used=367Kb free=118233Kb
 bounds [0x00007f982bf71000, 0x00007f982c1e1000, 0x00007f9833343000]
CodeHeap 'profiled nmethods': size=118596Kb used=736Kb max_used=736Kb free=117859Kb
 bounds [0x00007f9824ba0000, 0x00007f9824e10000, 0x00007f982bf71000]
CodeHeap 'non-nmethods': size=8564Kb used=2172Kb max_used=2227Kb free=6392Kb
 bounds [0x00007f9824343000, 0x00007f98245b3000, 0x00007f9824ba0000]
 total_blobs=1053 nmethods=452 adapters=261
 compilation: enabled
              stopped_count=0, restarted_count=0
 full_count=0

Compilation events (10 events):
Event: 0.515 Thread 0x00007f97e0121000 nmethod 448 0x00007f982bfc3f10 code [0x00007f982bfc40e0, 0x00007f982bfc50d8]
Event: 0.522 Thread 0x00007f97e0125000  449       4       java.lang.AbstractStringBuilder::append (45 bytes)
Event: 0.529 Thread 0x00007f97e0125000 nmethod 449 0x00007f982bfc5610 code [0x00007f982bfc57c0, 0x00007f982bfc5d78]
Event: 0.529 Thread 0x00007f97e011f000  450       4       org.usadellab.trimmomatic.trim.IlluminaClippingTrimmer$IlluminaPrefixPair::palindromeReadsCompare (384 bytes)
Event: 0.529 Thread 0x00007f97e807c800  451       1       java.util.concurrent.locks.AbstractQueuedSynchronizer::getState (5 bytes)
Event: 0.530 Thread 0x00007f97e807e800  452       1       java.util.concurrent.locks.AbstractOwnableSynchronizer::setExclusiveOwnerThread (6 bytes)
Event: 0.530 Thread 0x00007f97e807c800 nmethod 451 0x00007f982bfc6110 code [0x00007f982bfc62c0, 0x00007f982bfc63d0]
Event: 0.530 Thread 0x00007f97e807e800 nmethod 452 0x00007f982bfc6410 code [0x00007f982bfc65c0, 0x00007f982bfc6710]
Event: 0.556 Thread 0x00007f97e818b800  453       4       org.usadellab.trimmomatic.trim.IlluminaClippingTrimmer$IlluminaClippingSeq::calculateDifferenceQuality (149 bytes)
Event: 0.566 Thread 0x00007f983c399800 nmethod 445 0x00007f982bfc6790 code [0x00007f982bfc6ae0, 0x00007f982bfc94c0]

GC Heap History (10 events):
Event: 0.229 GC heap before
{Heap before GC invocations=0 (full 0):
 garbage-first heap   total 524288K, used 26624K [0x00000000c0000000, 0x0000000100000000)
  region size 1024K, 25 young (25600K), 0 survivors (0K)
 Metaspace       used 6708K, capacity 6778K, committed 7040K, reserved 1056768K
  class space    used 577K, capacity 598K, committed 640K, reserved 1048576K
}
Event: 0.237 GC heap after
{Heap after GC invocations=1 (full 0):
 garbage-first heap   total 524288K, used 16465K [0x00000000c0000000, 0x0000000100000000)
  region size 1024K, 4 young (4096K), 4 survivors (4096K)
 Metaspace       used 6708K, capacity 6778K, committed 7040K, reserved 1056768K
  class space    used 577K, capacity 598K, committed 640K, reserved 1048576K
}
Event: 0.287 GC heap before
{Heap before GC invocations=1 (full 0):
 garbage-first heap   total 524288K, used 37969K [0x00000000c0000000, 0x0000000100000000)
  region size 1024K, 25 young (25600K), 4 survivors (4096K)
 Metaspace       used 6712K, capacity 6778K, committed 7040K, reserved 1056768K
  class space    used 577K, capacity 598K, committed 640K, reserved 1048576K
}
Event: 0.291 GC heap after
{Heap after GC invocations=2 (full 0):
 garbage-first heap   total 524288K, used 32969K [0x00000000c0000000, 0x0000000100000000)
  region size 1024K, 4 young (4096K), 4 survivors (4096K)
 Metaspace       used 6712K, capacity 6778K, committed 7040K, reserved 1056768K
  class space    used 577K, capacity 598K, committed 640K, reserved 1048576K
}
Event: 0.343 GC heap before
{Heap before GC invocations=2 (full 0):
 garbage-first heap   total 524288K, used 58569K [0x00000000c0000000, 0x0000000100000000)
  region size 1024K, 29 young (29696K), 4 survivors (4096K)
 Metaspace       used 6882K, capacity 7002K, committed 7040K, reserved 1056768K
  class space    used 593K, capacity 630K, committed 640K, reserved 1048576K
}
Event: 0.350 GC heap after
{Heap after GC invocations=3 (full 0):
 garbage-first heap   total 524288K, used 52178K [0x00000000c0000000, 0x0000000100000000)
  region size 1024K, 4 young (4096K), 4 survivors (4096K)
 Metaspace       used 6882K, capacity 7002K, committed 7040K, reserved 1056768K
  class space    used 593K, capacity 630K, committed 640K, reserved 1048576K
}
Event: 0.415 GC heap before
{Heap before GC invocations=3 (full 0):
 garbage-first heap   total 524288K, used 91090K [0x00000000c0000000, 0x0000000100000000)
  region size 1024K, 43 young (44032K), 4 survivors (4096K)
 Metaspace       used 6921K, capacity 7066K, committed 7296K, reserved 1056768K
  class space    used 593K, capacity 630K, committed 640K, reserved 1048576K
}
Event: 0.421 GC heap after
{Heap after GC invocations=4 (full 0):
 garbage-first heap   total 524288K, used 77824K [0x00000000c0000000, 0x0000000100000000)
  region size 1024K, 6 young (6144K), 6 survivors (6144K)
 Metaspace       used 6921K, capacity 7066K, committed 7296K, reserved 1056768K
  class space    used 593K, capacity 630K, committed 640K, reserved 1048576K
}
Event: 0.485 GC heap before
{Heap before GC invocations=4 (full 0):
 garbage-first heap   total 524288K, used 125952K [0x00000000c0000000, 0x0000000100000000)
  region size 1024K, 54 young (55296K), 6 survivors (6144K)
 Metaspace       used 6921K, capacity 7066K, committed 7296K, reserved 1056768K
  class space    used 593K, capacity 630K, committed 640K, reserved 1048576K
}
Event: 0.492 GC heap after
{Heap after GC invocations=5 (full 0):
 garbage-first heap   total 524288K, used 104796K [0x00000000c0000000, 0x0000000100000000)
  region size 1024K, 7 young (7168K), 7 survivors (7168K)
 Metaspace       used 6921K, capacity 7066K, committed 7296K, reserved 1056768K
  class space    used 593K, capacity 630K, committed 640K, reserved 1048576K
}

Deoptimization events (8 events):
Event: 0.078 Thread 0x00007f983c013000 Uncommon trap: reason=unstable_if action=reinterpret pc=0x00007f982bf75d70 method=java.lang.String.hashCode()I @ 14 c2
Event: 0.139 Thread 0x00007f983c013000 Uncommon trap: reason=unstable_if action=reinterpret pc=0x00007f982bf78c0c method=java.lang.String.isLatin1()Z @ 10 c2
Event: 0.313 Thread 0x00007f983c013000 Uncommon trap: reason=profile_predicate action=maybe_recompile pc=0x00007f982bf8f620 method=java.util.zip.InflaterInputStream.read([BII)I @ 41 c2
Event: 0.313 Thread 0x00007f983c013000 Uncommon trap: reason=unstable_if action=reinterpret pc=0x00007f982bf8e6ec method=java.util.zip.Inflater.needsInput()Z @ 13 c2
Event: 0.313 Thread 0x00007f983c013000 Uncommon trap: reason=profile_predicate action=maybe_recompile pc=0x00007f982bf8f620 method=java.util.zip.InflaterInputStream.read([BII)I @ 41 c2
Event: 0.313 Thread 0x00007f983c013000 Uncommon trap: reason=profile_predicate action=maybe_recompile pc=0x00007f982bf8f620 method=java.util.zip.InflaterInputStream.read([BII)I @ 41 c2
Event: 0.315 Thread 0x00007f983c013000 Uncommon trap: reason=profile_predicate action=maybe_recompile pc=0x00007f982bf8f620 method=java.util.zip.InflaterInputStream.read([BII)I @ 41 c2
Event: 0.457 Thread 0x00007f983c59a800 Uncommon trap: reason=unstable_if action=reinterpret pc=0x00007f982bfb1aac method=org.usadellab.trimmomatic.trim.IlluminaClippingTrimmer$IlluminaLongClippingSeq.readsSeqCompare(Lorg/usadellab/trimmomatic/fastq/FastqRecord;)Ljava/lang/Integer; @ 189 c2

Classes redefined (0 events):
No events

Internal exceptions (0 events):
No events

Events (10 events):
Event: 0.560 Thread 0x00007f983c5b0800 DEOPT PACKING pc=0x00007f9824c565e9 sp=0x00007f97d60ac3f0
Event: 0.560 Thread 0x00007f983c5ae800 DEOPT UNPACKING pc=0x00007f982436b4ba sp=0x00007f97d61ac908 mode 0
Event: 0.560 Thread 0x00007f983c59a800 DEOPT UNPACKING pc=0x00007f982436b4ba sp=0x00007f97d62ad908 mode 0
Event: 0.560 Thread 0x00007f983c5b0800 DEOPT UNPACKING pc=0x00007f982436b4ba sp=0x00007f97d60ab908 mode 0
Event: 0.563 Thread 0x00007f983c59a800 DEOPT PACKING pc=0x00007f9824c565e9 sp=0x00007f97d62ae3f0
Event: 0.563 Thread 0x00007f983c5b0800 DEOPT PACKING pc=0x00007f9824c565c8 sp=0x00007f97d60ac3f0
Event: 0.563 Thread 0x00007f983c5ae800 DEOPT PACKING pc=0x00007f9824c565c8 sp=0x00007f97d61ad3f0
Event: 0.563 Thread 0x00007f983c59a800 DEOPT UNPACKING pc=0x00007f982436b4ba sp=0x00007f97d62ad908 mode 0
Event: 0.563 Thread 0x00007f983c5b0800 DEOPT UNPACKING pc=0x00007f982436b4ba sp=0x00007f97d60ab908 mode 0
Event: 0.563 Thread 0x00007f983c5ae800 DEOPT UNPACKING pc=0x00007f982436b4ba sp=0x00007f97d61ac908 mode 0


Dynamic libraries:
00400000-00401000 r-xp 00000000 08:01 88103908400                        /disks/home/carter/miniconda3/envs/sunbeam_env/lib/python3.12/site-packages/.snakemake/18046089d56456cc33fbaf0d3e93b761_/bin/java
00601000-00602000 rw-p 00001000 08:01 88103908400                        /disks/home/carter/miniconda3/envs/sunbeam_env/lib/python3.12/site-packages/.snakemake/18046089d56456cc33fbaf0d3e93b761_/bin/java
00dd1000-00df2000 rw-p 00000000 00:00 0                                  [heap]
c0000000-e0000000 rw-p 00000000 00:00 0 
e0000000-100000000 ---p 00000000 00:00 0 
100000000-1000a0000 rw-p 00000000 00:00 0 
1000a0000-140000000 ---p 00000000 00:00 0 
7f9760000000-7f9760021000 rw-p 00000000 00:00 0 
7f9760021000-7f9764000000 ---p 00000000 00:00 0 
7f9768000000-7f976802e000 rw-p 00000000 00:00 0 
7f976802e000-7f976c000000 ---p 00000000 00:00 0 
7f976c000000-7f976c021000 rw-p 00000000 00:00 0 
7f976c021000-7f9770000000 ---p 00000000 00:00 0 
7f9770000000-7f97703ae000 rw-p 00000000 00:00 0 
7f97703ae000-7f9774000000 ---p 00000000 00:00 0 
7f9774000000-7f97741ab000 rw-p 00000000 00:00 0 
7f97741ab000-7f9778000000 ---p 00000000 00:00 0 
7f9778000000-7f97782cf000 rw-p 00000000 00:00 0 
7f97782cf000-7f977c000000 ---p 00000000 00:00 0 
7f977c000000-7f977c287000 rw-p 00000000 00:00 0 
7f977c287000-7f9780000000 ---p 00000000 00:00 0 
7f9780000000-7f9780021000 rw-p 00000000 00:00 0 
7f9780021000-7f9784000000 ---p 00000000 00:00 0 
7f9784000000-7f9784394000 rw-p 00000000 00:00 0 
7f9784394000-7f9788000000 ---p 00000000 00:00 0 
7f9788000000-7f9788021000 rw-p 00000000 00:00 0 
7f9788021000-7f978c000000 ---p 00000000 00:00 0 
7f978c000000-7f978c021000 rw-p 00000000 00:00 0 
7f978c021000-7f9790000000 ---p 00000000 00:00 0 
7f9790000000-7f9790021000 rw-p 00000000 00:00 0 
7f9790021000-7f9794000000 ---p 00000000 00:00 0 
7f9794000000-7f9794021000 rw-p 00000000 00:00 0 
7f9794021000-7f9798000000 ---p 00000000 00:00 0 
7f9798000000-7f9798021000 rw-p 00000000 00:00 0 
7f9798021000-7f979c000000 ---p 00000000 00:00 0 
7f979c000000-7f979c021000 rw-p 00000000 00:00 0 
7f979c021000-7f97a0000000 ---p 00000000 00:00 0 
7f97a0000000-7f97a0021000 rw-p 00000000 00:00 0 
7f97a0021000-7f97a4000000 ---p 00000000 00:00 0 
7f97a4000000-7f97a4021000 rw-p 00000000 00:00 0 
7f97a4021000-7f97a8000000 ---p 00000000 00:00 0 
7f97a8000000-7f97a8021000 rw-p 00000000 00:00 0 
7f97a8021000-7f97ac000000 ---p 00000000 00:00 0 
7f97ac000000-7f97ac021000 rw-p 00000000 00:00 0 
7f97ac021000-7f97b0000000 ---p 00000000 00:00 0 
7f97b0000000-7f97b0341000 rw-p 00000000 00:00 0 
7f97b0341000-7f97b4000000 ---p 00000000 00:00 0 
7f97b4000000-7f97b4021000 rw-p 00000000 00:00 0 
7f97b4021000-7f97b8000000 ---p 00000000 00:00 0 
7f97b8000000-7f97b8021000 rw-p 00000000 00:00 0 
7f97b8021000-7f97bc000000 ---p 00000000 00:00 0 
7f97bc000000-7f97bc021000 rw-p 00000000 00:00 0 
7f97bc021000-7f97c0000000 ---p 00000000 00:00 0 
7f97c0000000-7f97c0021000 rw-p 00000000 00:00 0 
7f97c0021000-7f97c4000000 ---p 00000000 00:00 0 
7f97c4000000-7f97c4021000 rw-p 00000000 00:00 0 
7f97c4021000-7f97c8000000 ---p 00000000 00:00 0 
7f97c8000000-7f97c8021000 rw-p 00000000 00:00 0 
7f97c8021000-7f97cc000000 ---p 00000000 00:00 0 
7f97cc000000-7f97cc021000 rw-p 00000000 00:00 0 
7f97cc021000-7f97d0000000 ---p 00000000 00:00 0 
7f97d0000000-7f97d0021000 rw-p 00000000 00:00 0 
7f97d0021000-7f97d4000000 ---p 00000000 00:00 0 
7f97d5bff000-7f97d5fad000 rw-p 00000000 00:00 0 
7f97d5fad000-7f97d5fb1000 ---p 00000000 00:00 0 
7f97d5fb1000-7f97d60ae000 rw-p 00000000 00:00 0 
7f97d60ae000-7f97d60b2000 ---p 00000000 00:00 0 
7f97d60b2000-7f97d61af000 rw-p 00000000 00:00 0 
7f97d61af000-7f97d61b3000 ---p 00000000 00:00 0 
7f97d61b3000-7f97d62b0000 rw-p 00000000 00:00 0 
7f97d62b0000-7f97d62b4000 ---p 00000000 00:00 0 
7f97d62b4000-7f97d63b1000 rw-p 00000000 00:00 0 
7f97d63b1000-7f97d63b5000 ---p 00000000 00:00 0 
7f97d63b5000-7f97d64b2000 rw-p 00000000 00:00 0 
7f97d64b2000-7f97d64b6000 ---p 00000000 00:00 0 
7f97d64b6000-7f97d65b3000 rw-p 00000000 00:00 0 
7f97d65b3000-7f97d65b7000 ---p 00000000 00:00 0 
7f97d65b7000-7f97d66b4000 rw-p 00000000 00:00 0 
7f97d66b4000-7f97d66b8000 ---p 00000000 00:00 0 
7f97d66b8000-7f97d67b5000 rw-p 00000000 00:00 0 
7f97d67b5000-7f97d67b6000 ---p 00000000 00:00 0 
7f97d67b6000-7f97d68b7000 rw-p 00000000 00:00 0 
7f97d68b7000-7f97d68b8000 ---p 00000000 00:00 0 
7f97d68b8000-7f97d69b9000 rw-p 00000000 00:00 0 
7f97d69b9000-7f97d69ba000 ---p 00000000 00:00 0 
7f97d69ba000-7f97d6abb000 rw-p 00000000 00:00 0 
7f97d6abb000-7f97d6abc000 ---p 00000000 00:00 0 
7f97d6abc000-7f97d6bbd000 rw-p 00000000 00:00 0 
7f97d6bbd000-7f97d6bbe000 ---p 00000000 00:00 0 
7f97d6bbe000-7f97d6cbf000 rw-p 00000000 00:00 0 
7f97d6cbf000-7f97d6cc0000 ---p 00000000 00:00 0 
7f97d6cc0000-7f97d6dc1000 rw-p 00000000 00:00 0 
7f97d6dc1000-7f97d6dc2000 ---p 00000000 00:00 0 
7f97d6dc2000-7f97d6ec3000 rw-p 00000000 00:00 0 
7f97d6ec3000-7f97d6ec4000 ---p 00000000 00:00 0 
7f97d6ec4000-7f97d6fc5000 rw-p 00000000 00:00 0 
7f97d6fc5000-7f97d6fc6000 ---p 00000000 00:00 0 
7f97d6fc6000-7f97d70c7000 rw-p 00000000 00:00 0 
7f97d70c7000-7f97d70c8000 ---p 00000000 00:00 0 
7f97d70c8000-7f97d71c9000 rw-p 00000000 00:00 0 
7f97d71c9000-7f97d71ca000 ---p 00000000 00:00 0 
7f97d71ca000-7f97d72cb000 rw-p 00000000 00:00 0 
7f97d72cb000-7f97d72cf000 ---p 00000000 00:00 0 
7f97d72cf000-7f97d73cc000 rw-p 00000000 00:00 0 
7f97d73cc000-7f97d73d0000 ---p 00000000 00:00 0 
7f97d73d0000-7f97d74cd000 rw-p 00000000 00:00 0 
7f97d74cd000-7f97d74d1000 ---p 00000000 00:00 0 
7f97d74d1000-7f97d75ce000 rw-p 00000000 00:00 0 
7f97d75ce000-7f97d75d2000 ---p 00000000 00:00 0 
7f97d75d2000-7f97d76cf000 rw-p 00000000 00:00 0 
7f97d76cf000-7f97d76d3000 ---p 00000000 00:00 0 
7f97d76d3000-7f97d77d0000 rw-p 00000000 00:00 0 
7f97d77d0000-7f97d77d4000 ---p 00000000 00:00 0 
7f97d77d4000-7f97d78d1000 rw-p 00000000 00:00 0 
7f97d78d1000-7f97d78d5000 ---p 00000000 00:00 0 
7f97d78d5000-7f97d79d2000 rw-p 00000000 00:00 0 
7f97d79d2000-7f97d79d6000 ---p 00000000 00:00 0 
7f97d79d6000-7f97d7ad3000 rw-p 00000000 00:00 0 
7f97d7ad3000-7f97d7ae9000 r-xp 00000000 08:01 19423288832                /disks/home/carter/miniconda3/envs/sunbeam_env/lib/python3.12/site-packages/.snakemake/18046089d56456cc33fbaf0d3e93b761_/lib/libnet.so
7f97d7ae9000-7f97d7ce9000 ---p 00016000 08:01 19423288832                /disks/home/carter/miniconda3/envs/sunbeam_env/lib/python3.12/site-packages/.snakemake/18046089d56456cc33fbaf0d3e93b761_/lib/libnet.so
7f97d7ce9000-7f97d7cea000 rw-p 00016000 08:01 19423288832                /disks/home/carter/miniconda3/envs/sunbeam_env/lib/python3.12/site-packages/.snakemake/18046089d56456cc33fbaf0d3e93b761_/lib/libnet.so
7f97d7cea000-7f97d7cec000 rw-p 0001c000 08:01 19423288832                /disks/home/carter/miniconda3/envs/sunbeam_env/lib/python3.12/site-packages/.snakemake/18046089d56456cc33fbaf0d3e93b761_/lib/libnet.so
7f97d7cec000-7f97d7cfc000 r-xp 00000000 08:01 19423302152                /disks/home/carter/miniconda3/envs/sunbeam_env/lib/python3.12/site-packages/.snakemake/18046089d56456cc33fbaf0d3e93b761_/lib/libnio.so
7f97d7cfc000-7f97d7efb000 ---p 00010000 08:01 19423302152                /disks/home/carter/miniconda3/envs/sunbeam_env/lib/python3.12/site-packages/.snakemake/18046089d56456cc33fbaf0d3e93b761_/lib/libnio.so
7f97d7efb000-7f97d7efc000 rw-p 0000f000 08:01 19423302152                /disks/home/carter/miniconda3/envs/sunbeam_env/lib/python3.12/site-packages/.snakemake/18046089d56456cc33fbaf0d3e93b761_/lib/libnio.so
7f97d7efc000-7f97d7eff000 rw-p 00016000 08:01 19423302152                /disks/home/carter/miniconda3/envs/sunbeam_env/lib/python3.12/site-packages/.snakemake/18046089d56456cc33fbaf0d3e93b761_/lib/libnio.so
7f97d7eff000-7f97d7f03000 ---p 00000000 00:00 0 
7f97d7f03000-7f97d8000000 rw-p 00000000 00:00 0 
7f97d8000000-7f97d8021000 rw-p 00000000 00:00 0 
7f97d8021000-7f97dc000000 ---p 00000000 00:00 0 
7f97dc000000-7f97dc021000 rw-p 00000000 00:00 0 
7f97dc021000-7f97e0000000 ---p 00000000 00:00 0 
7f97e0000000-7f97e01b2000 rw-p 00000000 00:00 0 
7f97e01b2000-7f97e4000000 ---p 00000000 00:00 0 
7f97e4000000-7f97e4149000 rw-p 00000000 00:00 0 
7f97e4149000-7f97e8000000 ---p 00000000 00:00 0 
7f97e8000000-7f97e81ea000 rw-p 00000000 00:00 0 
7f97e81ea000-7f97ec000000 ---p 00000000 00:00 0 
7f97ec000000-7f97ec021000 rw-p 00000000 00:00 0 
7f97ec021000-7f97f0000000 ---p 00000000 00:00 0 
7f97f0000000-7f97f0021000 rw-p 00000000 00:00 0 
7f97f0021000-7f97f4000000 ---p 00000000 00:00 0 
7f97f4000000-7f97f4533000 rw-p 00000000 00:00 0 
7f97f4533000-7f97f8000000 ---p 00000000 00:00 0 
7f97f8000000-7f97f8021000 rw-p 00000000 00:00 0 
7f97f8021000-7f97fc000000 ---p 00000000 00:00 0 
7f97fc000000-7f97fc021000 rw-p 00000000 00:00 0 
7f97fc021000-7f9800000000 ---p 00000000 00:00 0 
7f9800000000-7f9800021000 rw-p 00000000 00:00 0 
7f9800021000-7f9804000000 ---p 00000000 00:00 0 
7f9804000000-7f9804021000 rw-p 00000000 00:00 0 
7f9804021000-7f9808000000 ---p 00000000 00:00 0 
7f9808000000-7f9808021000 rw-p 00000000 00:00 0 
7f9808021000-7f980c000000 ---p 00000000 00:00 0 
7f980c000000-7f980c021000 rw-p 00000000 00:00 0 
7f980c021000-7f9810000000 ---p 00000000 00:00 0 
7f981002b000-7f981002c000 ---p 00000000 00:00 0 
7f981002c000-7f981012d000 rw-p 00000000 00:00 0 
7f981012d000-7f9810131000 ---p 00000000 00:00 0 
7f9810131000-7f981022e000 rw-p 00000000 00:00 0 
7f981022e000-7f9810232000 ---p 00000000 00:00 0 
7f9810232000-7f981032f000 rw-p 00000000 00:00 0 
7f981032f000-7f9810333000 ---p 00000000 00:00 0 
7f9810333000-7f9810430000 rw-p 00000000 00:00 0 
7f9810430000-7f9810434000 ---p 00000000 00:00 0 
7f9810434000-7f9810531000 rw-p 00000000 00:00 0 
7f9810531000-7f9810535000 ---p 00000000 00:00 0 
7f9810535000-7f9810632000 rw-p 00000000 00:00 0 
7f9810632000-7f9810636000 ---p 00000000 00:00 0 
7f9810636000-7f9810733000 rw-p 00000000 00:00 0 
7f9810733000-7f9810737000 ---p 00000000 00:00 0 
7f9810737000-7f9810834000 rw-p 00000000 00:00 0 
7f9810834000-7f98109cf000 r--p 00000000 08:12 11802570                   /usr/lib/locale/locale-archive
7f98109cf000-7f98109d3000 ---p 00000000 00:00 0 
7f98109d3000-7f9810ad0000 rw-p 00000000 00:00 0 
7f9810ad0000-7f9810ad4000 ---p 00000000 00:00 0 
7f9810ad4000-7f9810bd1000 rw-p 00000000 00:00 0 
7f9810bd1000-7f9810bd2000 ---p 00000000 00:00 0 
7f9810bd2000-7f9811353000 rw-p 00000000 00:00 0 
7f9811353000-7f98114d3000 ---p 00000000 00:00 0 
7f98114d3000-7f98114d4000 ---p 00000000 00:00 0 
7f98114d4000-7f98115d5000 rw-p 00000000 00:00 0 
7f98115d5000-7f98115d6000 ---p 00000000 00:00 0 
7f98115d6000-7f9814000000 rw-p 00000000 00:00 0 
7f9814000000-7f9814021000 rw-p 00000000 00:00 0 
7f9814021000-7f9818000000 ---p 00000000 00:00 0 
7f9818063000-7f981a76a000 rw-p 00000000 00:00 0 
7f981a76a000-7f981a76b000 ---p 00000000 00:00 0 
7f981a76b000-7f981a86c000 rw-p 00000000 00:00 0 
7f981a86c000-7f981a86d000 ---p 00000000 00:00 0 
7f981a86d000-7f981b2d1000 rw-p 00000000 00:00 0 
7f981b2d1000-7f981bad1000 ---p 00000000 00:00 0 
7f981bad1000-7f981c2d1000 rw-p 00000000 00:00 0 
7f981c2d1000-7f981cad1000 ---p 00000000 00:00 0 
7f981cad1000-7f981cbd1000 rw-p 00000000 00:00 0 
7f981cbd1000-7f981ccd1000 ---p 00000000 00:00 0 
7f981ccd1000-7f981cdd1000 rw-p 00000000 00:00 0 
7f981cdd1000-7f981ced1000 ---p 00000000 00:00 0 
7f981ced1000-7f981cfd1000 rw-p 00000000 00:00 0 
7f981cfd1000-7f981d0d1000 ---p 00000000 00:00 0 
7f981d0d1000-7f9820000000 rw-p 00000000 00:00 0 
7f9820000000-7f9820021000 rw-p 00000000 00:00 0 
7f9820021000-7f9824000000 ---p 00000000 00:00 0 
7f9824058000-7f9824159000 rw-p 00000000 00:00 0 
7f9824159000-7f982415a000 ---p 00000000 00:00 0 
7f982415a000-7f9824260000 rw-p 00000000 00:00 0 
7f9824260000-7f9824343000 ---p 00000000 00:00 0 
7f9824343000-7f98245b3000 rwxp 00000000 00:00 0 
7f98245b3000-7f9824ba0000 ---p 00000000 00:00 0 
7f9824ba0000-7f9824e10000 rwxp 00000000 00:00 0 
7f9824e10000-7f982bf71000 ---p 00000000 00:00 0 
7f982bf71000-7f982c1e1000 rwxp 00000000 00:00 0 
7f982c1e1000-7f9833343000 ---p 00000000 00:00 0 
7f9833343000-7f983b9b8000 r--s 00000000 08:01 19423288849                /disks/home/carter/miniconda3/envs/sunbeam_env/lib/python3.12/site-packages/.snakemake/18046089d56456cc33fbaf0d3e93b761_/lib/modules
7f983b9b8000-7f983b9d2000 r-xp 00000000 08:01 19423288833                /disks/home/carter/miniconda3/envs/sunbeam_env/lib/python3.12/site-packages/.snakemake/18046089d56456cc33fbaf0d3e93b761_/lib/libjimage.so
7f983b9d2000-7f983bbd1000 ---p 0001a000 08:01 19423288833                /disks/home/carter/miniconda3/envs/sunbeam_env/lib/python3.12/site-packages/.snakemake/18046089d56456cc33fbaf0d3e93b761_/lib/libjimage.so
7f983bbd1000-7f983bbd3000 rw-p 00019000 08:01 19423288833                /disks/home/carter/miniconda3/envs/sunbeam_env/lib/python3.12/site-packages/.snakemake/18046089d56456cc33fbaf0d3e93b761_/lib/libjimage.so
7f983bbd3000-7f983bbe5000 rw-p 00000000 00:00 0 
7f983bbe5000-7f983bbe6000 rw-p 00022000 08:01 19423288833                /disks/home/carter/miniconda3/envs/sunbeam_env/lib/python3.12/site-packages/.snakemake/18046089d56456cc33fbaf0d3e93b761_/lib/libjimage.so
7f983bbe6000-7f983bbed000 r-xp 00000000 08:01 19423309501                /disks/home/carter/miniconda3/envs/sunbeam_env/lib/python3.12/site-packages/.snakemake/18046089d56456cc33fbaf0d3e93b761_/lib/libzip.so
7f983bbed000-7f983bdec000 ---p 00007000 08:01 19423309501                /disks/home/carter/miniconda3/envs/sunbeam_env/lib/python3.12/site-packages/.snakemake/18046089d56456cc33fbaf0d3e93b761_/lib/libzip.so
7f983bdec000-7f983bded000 rw-p 00006000 08:01 19423309501                /disks/home/carter/miniconda3/envs/sunbeam_env/lib/python3.12/site-packages/.snakemake/18046089d56456cc33fbaf0d3e93b761_/lib/libzip.so
7f983bded000-7f983bdee000 rw-p 0000a000 08:01 19423309501                /disks/home/carter/miniconda3/envs/sunbeam_env/lib/python3.12/site-packages/.snakemake/18046089d56456cc33fbaf0d3e93b761_/lib/libzip.so
7f983bdee000-7f983bdf9000 r-xp 00000000 08:12 1838898                    /lib/x86_64-linux-gnu/libnss_files-2.27.so
7f983bdf9000-7f983bff8000 ---p 0000b000 08:12 1838898                    /lib/x86_64-linux-gnu/libnss_files-2.27.so
7f983bff8000-7f983bff9000 r--p 0000a000 08:12 1838898                    /lib/x86_64-linux-gnu/libnss_files-2.27.so
7f983bff9000-7f983bffa000 rw-p 0000b000 08:12 1838898                    /lib/x86_64-linux-gnu/libnss_files-2.27.so
7f983bffa000-7f983c000000 rw-p 00000000 00:00 0 
7f983c000000-7f983c5b8000 rw-p 00000000 00:00 0 
7f983c5b8000-7f9840000000 ---p 00000000 00:00 0 
7f984004c000-7f98400d2000 rw-p 00000000 00:00 0 
7f98400d2000-7f98401b5000 ---p 00000000 00:00 0 
7f98401b5000-7f98401cc000 r-xp 00000000 08:12 1838895                    /lib/x86_64-linux-gnu/libnsl-2.27.so
7f98401cc000-7f98403cb000 ---p 00017000 08:12 1838895                    /lib/x86_64-linux-gnu/libnsl-2.27.so
7f98403cb000-7f98403cc000 r--p 00016000 08:12 1838895                    /lib/x86_64-linux-gnu/libnsl-2.27.so
7f98403cc000-7f98403cd000 rw-p 00017000 08:12 1838895                    /lib/x86_64-linux-gnu/libnsl-2.27.so
7f98403cd000-7f98403cf000 rw-p 00000000 00:00 0 
7f98403cf000-7f98403da000 r-xp 00000000 08:12 1838900                    /lib/x86_64-linux-gnu/libnss_nis-2.27.so
7f98403da000-7f98405d9000 ---p 0000b000 08:12 1838900                    /lib/x86_64-linux-gnu/libnss_nis-2.27.so
7f98405d9000-7f98405da000 r--p 0000a000 08:12 1838900                    /lib/x86_64-linux-gnu/libnss_nis-2.27.so
7f98405da000-7f98405db000 rw-p 0000b000 08:12 1838900                    /lib/x86_64-linux-gnu/libnss_nis-2.27.so
7f98405db000-7f98405e3000 r-xp 00000000 08:12 1838896                    /lib/x86_64-linux-gnu/libnss_compat-2.27.so
7f98405e3000-7f98407e3000 ---p 00008000 08:12 1838896                    /lib/x86_64-linux-gnu/libnss_compat-2.27.so
7f98407e3000-7f98407e4000 r--p 00008000 08:12 1838896                    /lib/x86_64-linux-gnu/libnss_compat-2.27.so
7f98407e4000-7f98407e5000 rw-p 00009000 08:12 1838896                    /lib/x86_64-linux-gnu/libnss_compat-2.27.so
7f98407e5000-7f9840810000 r-xp 00000000 08:01 19423288835                /disks/home/carter/miniconda3/envs/sunbeam_env/lib/python3.12/site-packages/.snakemake/18046089d56456cc33fbaf0d3e93b761_/lib/libjava.so
7f9840810000-7f9840a10000 ---p 0002b000 08:01 19423288835                /disks/home/carter/miniconda3/envs/sunbeam_env/lib/python3.12/site-packages/.snakemake/18046089d56456cc33fbaf0d3e93b761_/lib/libjava.so
7f9840a10000-7f9840a12000 rw-p 0002b000 08:01 19423288835                /disks/home/carter/miniconda3/envs/sunbeam_env/lib/python3.12/site-packages/.snakemake/18046089d56456cc33fbaf0d3e93b761_/lib/libjava.so
7f9840a12000-7f9840a16000 rw-p 00038000 08:01 19423288835                /disks/home/carter/miniconda3/envs/sunbeam_env/lib/python3.12/site-packages/.snakemake/18046089d56456cc33fbaf0d3e93b761_/lib/libjava.so
7f9840a16000-7f9840a23000 r-xp 00000000 08:01 19423302146                /disks/home/carter/miniconda3/envs/sunbeam_env/lib/python3.12/site-packages/.snakemake/18046089d56456cc33fbaf0d3e93b761_/lib/libverify.so
7f9840a23000-7f9840c22000 ---p 0000d000 08:01 19423302146                /disks/home/carter/miniconda3/envs/sunbeam_env/lib/python3.12/site-packages/.snakemake/18046089d56456cc33fbaf0d3e93b761_/lib/libverify.so
7f9840c22000-7f9840c24000 rw-p 0000c000 08:01 19423302146                /disks/home/carter/miniconda3/envs/sunbeam_env/lib/python3.12/site-packages/.snakemake/18046089d56456cc33fbaf0d3e93b761_/lib/libverify.so
7f9840c24000-7f9840c25000 rw-p 00010000 08:01 19423302146                /disks/home/carter/miniconda3/envs/sunbeam_env/lib/python3.12/site-packages/.snakemake/18046089d56456cc33fbaf0d3e93b761_/lib/libverify.so
7f9840c25000-7f9840c2c000 r-xp 00000000 08:12 1838905                    /lib/x86_64-linux-gnu/librt-2.27.so
7f9840c2c000-7f9840e2b000 ---p 00007000 08:12 1838905                    /lib/x86_64-linux-gnu/librt-2.27.so
7f9840e2b000-7f9840e2c000 r--p 00006000 08:12 1838905                    /lib/x86_64-linux-gnu/librt-2.27.so
7f9840e2c000-7f9840e2d000 rw-p 00007000 08:12 1838905                    /lib/x86_64-linux-gnu/librt-2.27.so
7f9840e2d000-7f9840fca000 r-xp 00000000 08:12 1838771                    /lib/x86_64-linux-gnu/libm-2.27.so
7f9840fca000-7f98411c9000 ---p 0019d000 08:12 1838771                    /lib/x86_64-linux-gnu/libm-2.27.so
7f98411c9000-7f98411ca000 r--p 0019c000 08:12 1838771                    /lib/x86_64-linux-gnu/libm-2.27.so
7f98411ca000-7f98411cb000 rw-p 0019d000 08:12 1838771                    /lib/x86_64-linux-gnu/libm-2.27.so
7f98411cb000-7f9842345000 r-xp 00000000 08:01 64549844515                /disks/home/carter/miniconda3/envs/sunbeam_env/lib/python3.12/site-packages/.snakemake/18046089d56456cc33fbaf0d3e93b761_/lib/server/libjvm.so
7f9842345000-7f9842544000 ---p 0117a000 08:01 64549844515                /disks/home/carter/miniconda3/envs/sunbeam_env/lib/python3.12/site-packages/.snakemake/18046089d56456cc33fbaf0d3e93b761_/lib/server/libjvm.so
7f9842544000-7f9842624000 r--p 01179000 08:01 64549844515                /disks/home/carter/miniconda3/envs/sunbeam_env/lib/python3.12/site-packages/.snakemake/18046089d56456cc33fbaf0d3e93b761_/lib/server/libjvm.so
7f9842624000-7f984265e000 rw-p 01259000 08:01 64549844515                /disks/home/carter/miniconda3/envs/sunbeam_env/lib/python3.12/site-packages/.snakemake/18046089d56456cc33fbaf0d3e93b761_/lib/server/libjvm.so
7f984265e000-7f98426c9000 rw-p 00000000 00:00 0 
7f98426c9000-7f98426cc000 rw-p 01641000 08:01 64549844515                /disks/home/carter/miniconda3/envs/sunbeam_env/lib/python3.12/site-packages/.snakemake/18046089d56456cc33fbaf0d3e93b761_/lib/server/libjvm.so
7f98426cc000-7f98428b3000 r-xp 00000000 08:12 1835347                    /lib/x86_64-linux-gnu/libc-2.27.so
7f98428b3000-7f9842ab3000 ---p 001e7000 08:12 1835347                    /lib/x86_64-linux-gnu/libc-2.27.so
7f9842ab3000-7f9842ab7000 r--p 001e7000 08:12 1835347                    /lib/x86_64-linux-gnu/libc-2.27.so
7f9842ab7000-7f9842ab9000 rw-p 001eb000 08:12 1835347                    /lib/x86_64-linux-gnu/libc-2.27.so
7f9842ab9000-7f9842abd000 rw-p 00000000 00:00 0 
7f9842abd000-7f9842ac0000 r-xp 00000000 08:12 1835492                    /lib/x86_64-linux-gnu/libdl-2.27.so
7f9842ac0000-7f9842cbf000 ---p 00003000 08:12 1835492                    /lib/x86_64-linux-gnu/libdl-2.27.so
7f9842cbf000-7f9842cc0000 r--p 00002000 08:12 1835492                    /lib/x86_64-linux-gnu/libdl-2.27.so
7f9842cc0000-7f9842cc1000 rw-p 00003000 08:12 1835492                    /lib/x86_64-linux-gnu/libdl-2.27.so
7f9842cc1000-7f9842cd0000 r-xp 00000000 08:01 19423302148                /disks/home/carter/miniconda3/envs/sunbeam_env/lib/python3.12/site-packages/.snakemake/18046089d56456cc33fbaf0d3e93b761_/lib/libjli.so
7f9842cd0000-7f9842ed0000 ---p 0000f000 08:01 19423302148                /disks/home/carter/miniconda3/envs/sunbeam_env/lib/python3.12/site-packages/.snakemake/18046089d56456cc33fbaf0d3e93b761_/lib/libjli.so
7f9842ed0000-7f9842ed1000 rw-p 0000f000 08:01 19423302148                /disks/home/carter/miniconda3/envs/sunbeam_env/lib/python3.12/site-packages/.snakemake/18046089d56456cc33fbaf0d3e93b761_/lib/libjli.so
7f9842ed1000-7f9842ed2000 rw-p 00013000 08:01 19423302148                /disks/home/carter/miniconda3/envs/sunbeam_env/lib/python3.12/site-packages/.snakemake/18046089d56456cc33fbaf0d3e93b761_/lib/libjli.so
7f9842ed2000-7f9842eec000 r-xp 00000000 08:12 1838903                    /lib/x86_64-linux-gnu/libpthread-2.27.so
7f9842eec000-7f98430eb000 ---p 0001a000 08:12 1838903                    /lib/x86_64-linux-gnu/libpthread-2.27.so
7f98430eb000-7f98430ec000 r--p 00019000 08:12 1838903                    /lib/x86_64-linux-gnu/libpthread-2.27.so
7f98430ec000-7f98430ed000 rw-p 0001a000 08:12 1838903                    /lib/x86_64-linux-gnu/libpthread-2.27.so
7f98430ed000-7f98430f1000 rw-p 00000000 00:00 0 
7f98430f1000-7f984311a000 r-xp 00000000 08:12 1835092                    /lib/x86_64-linux-gnu/ld-2.27.so
7f9843174000-7f98431d4000 rw-p 00000000 00:00 0 
7f98431d4000-7f98431e0000 ---p 00000000 00:00 0 
7f98431e0000-7f98431e4000 ---p 00000000 00:00 0 
7f98431e4000-7f98432e3000 rw-p 00000000 00:00 0 
7f98432f3000-7f98432fb000 rw-s 00000000 08:12 8931532                    /tmp/hsperfdata_carter/44243
7f98432fb000-7f98432fc000 ---p 00000000 00:00 0 
7f98432fc000-7f98432fd000 r--p 00000000 00:00 0 
7f98432fd000-7f9843300000 r--p 00000000 08:01 64452974091                /disks/home/carter/miniconda3/envs/sunbeam_env/lib/python3.12/site-packages/.snakemake/18046089d56456cc33fbaf0d3e93b761_/lib/libz.so.1.3.2
7f9843300000-7f9843310000 r-xp 00003000 08:01 64452974091                /disks/home/carter/miniconda3/envs/sunbeam_env/lib/python3.12/site-packages/.snakemake/18046089d56456cc33fbaf0d3e93b761_/lib/libz.so.1.3.2
7f9843310000-7f9843316000 r--p 00013000 08:01 64452974091                /disks/home/carter/miniconda3/envs/sunbeam_env/lib/python3.12/site-packages/.snakemake/18046089d56456cc33fbaf0d3e93b761_/lib/libz.so.1.3.2
7f9843316000-7f9843317000 r--p 00019000 08:01 64452974091                /disks/home/carter/miniconda3/envs/sunbeam_env/lib/python3.12/site-packages/.snakemake/18046089d56456cc33fbaf0d3e93b761_/lib/libz.so.1.3.2
7f9843317000-7f9843318000 rw-p 0001a000 08:01 64452974091                /disks/home/carter/miniconda3/envs/sunbeam_env/lib/python3.12/site-packages/.snakemake/18046089d56456cc33fbaf0d3e93b761_/lib/libz.so.1.3.2
7f9843318000-7f984331a000 rw-p 00000000 00:00 0 
7f984331a000-7f984331b000 r--p 00029000 08:12 1835092                    /lib/x86_64-linux-gnu/ld-2.27.so
7f984331b000-7f984331c000 rw-p 0002a000 08:12 1835092                    /lib/x86_64-linux-gnu/ld-2.27.so
7f984331c000-7f984331d000 rw-p 00000000 00:00 0 
7ffd61c20000-7ffd61c42000 rw-p 00000000 00:00 0                          [stack]
7ffd61d64000-7ffd61d67000 r--p 00000000 00:00 0                          [vvar]
7ffd61d67000-7ffd61d69000 r-xp 00000000 00:00 0                          [vdso]
ffffffffff600000-ffffffffff601000 r-xp 00000000 00:00 0                  [vsyscall]


VM Arguments:
jvm_args: -Xms512m -Xmx1g 
java_command: /disks/home/carter/miniconda3/envs/sunbeam_env/lib/python3.12/site-packages/.snakemake/18046089d56456cc33fbaf0d3e93b761_/share/trimmomatic-0.40-0/trimmomatic.jar PE -threads 4 -phred33 /disks/home/carter/ntm_reads/ntm_sunbeam/sunbeam_output/qc/01_cutadapt/IDDLNTM48_1.fastq.gz /disks/home/carter/ntm_reads/ntm_sunbeam/sunbeam_output/qc/01_cutadapt/IDDLNTM48_2.fastq.gz /disks/home/carter/ntm_reads/ntm_sunbeam/sunbeam_output/qc/02_trimmomatic/IDDLNTM48_1.fastq.gz /disks/home/carter/ntm_reads/ntm_sunbeam/sunbeam_output/qc/02_trimmomatic/unpaired/IDDLNTM48_1_unpaired.fastq.gz /disks/home/carter/ntm_reads/ntm_sunbeam/sunbeam_output/qc/02_trimmomatic/IDDLNTM48_2.fastq.gz /disks/home/carter/ntm_reads/ntm_sunbeam/sunbeam_output/qc/02_trimmomatic/unpaired/IDDLNTM48_2_unpaired.fastq.gz ILLUMINACLIP:/disks/home/carter/miniconda3/envs/sunbeam_env/lib/python3.12/site-packages/.snakemake/18046089d56456cc33fbaf0d3e93b761_/share/trimmomatic/adapters/NexteraPE-PE.fa:2:30:10:8:true LEADING:3 TRAILING:3 SLIDINGWINDOW:4:15 MINLEN:36
java_class_path (initial): /disks/home/carter/miniconda3/envs/sunbeam_env/lib/python3.12/site-packages/.snakemake/18046089d56456cc33fbaf0d3e93b761_/share/trimmomatic-0.40-0/trimmomatic.jar
Launcher Type: SUN_STANDARD

[Global flags]
     intx CICompilerCount                          = 18                                        {product} {ergonomic}
     uint ConcGCThreads                            = 12                                        {product} {ergonomic}
     uint G1ConcRefinementThreads                  = 48                                        {product} {ergonomic}
   size_t G1HeapRegionSize                         = 1048576                                   {product} {ergonomic}
    uintx GCDrainStackTargetSize                   = 64                                        {product} {ergonomic}
   size_t InitialHeapSize                          = 536870912                                 {product} {command line}
   size_t MarkStackSize                            = 4194304                                   {product} {ergonomic}
   size_t MaxHeapSize                              = 1073741824                                {product} {command line}
   size_t MaxNewSize                               = 643825664                                 {product} {ergonomic}
   size_t MinHeapDeltaBytes                        = 1048576                                   {product} {ergonomic}
    uintx NonNMethodCodeHeapSize                   = 8766152                                {pd product} {ergonomic}
    uintx NonProfiledCodeHeapSize                  = 121446044                              {pd product} {ergonomic}
    uintx ProfiledCodeHeapSize                     = 121446044                              {pd product} {ergonomic}
    uintx ReservedCodeCacheSize                    = 251658240                              {pd product} {ergonomic}
     bool SegmentedCodeCache                       = true                                      {product} {ergonomic}
     bool UseCompressedClassPointers               = true                                 {lp64_product} {ergonomic}
     bool UseCompressedOops                        = true                                 {lp64_product} {ergonomic}
     bool UseG1GC                                  = true                                      {product} {ergonomic}

Logging:
Log output configuration:
 #0: stdout all=warning uptime,level,tags
 #1: stderr all=off uptime,level,tags

Environment Variables:
JAVA_HOME=/disks/home/carter/miniconda3/envs/sunbeam_env/lib/python3.12/site-packages/.snakemake/18046089d56456cc33fbaf0d3e93b761_
PATH=/disks/home/carter/miniconda3/envs/sunbeam_env/lib/python3.12/site-packages/.snakemake/18046089d56456cc33fbaf0d3e93b761_/bin:/disks/home/carter/miniconda3/condabin:/usr/local/sbin:/usr/local/bin:/usr/sbin:/usr/bin:/sbin:/bin:/usr/games:/usr/local/games:/snap/bin:/packages/local/bin:/packages/local/bin
SHELL=/bin/bash

Signal Handlers:
SIGSEGV: [libjvm.so+0xe35970], sa_mask[0]=11111111011111111101111111111110, sa_flags=SA_RESTART|SA_SIGINFO
SIGBUS: [libjvm.so+0xe35970], sa_mask[0]=11111111011111111101111111111110, sa_flags=SA_RESTART|SA_SIGINFO
SIGFPE: [libjvm.so+0xe35970], sa_mask[0]=11111111011111111101111111111110, sa_flags=SA_RESTART|SA_SIGINFO
SIGPIPE: [libjvm.so+0xc2d970], sa_mask[0]=11111111011111111101111111111110, sa_flags=SA_RESTART|SA_SIGINFO
SIGXFSZ: [libjvm.so+0xc2d970], sa_mask[0]=11111111011111111101111111111110, sa_flags=SA_RESTART|SA_SIGINFO
SIGILL: [libjvm.so+0xe35970], sa_mask[0]=11111111011111111101111111111110, sa_flags=SA_RESTART|SA_SIGINFO
SIGUSR2: [libjvm.so+0xc2dc60], sa_mask[0]=00000000000000000000000000000000, sa_flags=SA_RESTART|SA_SIGINFO
SIGHUP: [libjvm.so+0xc2ddc0], sa_mask[0]=11111111011111111101111111111110, sa_flags=SA_RESTART|SA_SIGINFO
SIGINT: [libjvm.so+0xc2ddc0], sa_mask[0]=11111111011111111101111111111110, sa_flags=SA_RESTART|SA_SIGINFO
SIGTERM: [libjvm.so+0xc2ddc0], sa_mask[0]=11111111011111111101111111111110, sa_flags=SA_RESTART|SA_SIGINFO
SIGQUIT: [libjvm.so+0xc2ddc0], sa_mask[0]=11111111011111111101111111111110, sa_flags=SA_RESTART|SA_SIGINFO


---------------  S Y S T E M  ---------------

OS:DISTRIB_ID=Ubuntu
DISTRIB_RELEASE=18.04
DISTRIB_CODENAME=bionic
DISTRIB_DESCRIPTION="Ubuntu 18.04.6 LTS"
uname:Linux 4.15.0-213-generic #224-Ubuntu SMP Mon Jun 19 13:30:12 UTC 2023 x86_64
libc:glibc 2.27 NPTL 2.27 
rlimit: STACK 8192k, CORE 0k, NPROC 1545442, NOFILE 1048576, AS infinity, DATA infinity, FSIZE infinity
load average:55.63 50.51 43.35

/proc/meminfo:
MemTotal:       395805004 kB
MemFree:        46898504 kB
MemAvailable:   374012356 kB
Buffers:         1817468 kB
Cached:         320331644 kB
SwapCached:           64 kB
Active:         115924020 kB
Inactive:       219167500 kB
Active(anon):    8545948 kB
Inactive(anon):  4533852 kB
Active(file):   107378072 kB
Inactive(file): 214633648 kB
Unevictable:           0 kB
Mlocked:               0 kB
SwapTotal:       8388604 kB
SwapFree:        8381692 kB
Dirty:           2231280 kB
Writeback:        227304 kB
AnonPages:      12943948 kB
Mapped:           381920 kB
Shmem:            136712 kB
Slab:            8910976 kB
SReclaimable:    7723980 kB
SUnreclaim:      1186996 kB
KernelStack:       47248 kB
PageTables:        79252 kB
NFS_Unstable:          0 kB
Bounce:                0 kB
WritebackTmp:          0 kB
CommitLimit:    206291104 kB
Committed_AS:   162225944 kB
VmallocTotal:   34359738367 kB
VmallocUsed:           0 kB
VmallocChunk:          0 kB
HardwareCorrupted:     0 kB
AnonHugePages:         0 kB
ShmemHugePages:        0 kB
ShmemPmdMapped:        0 kB
CmaTotal:              0 kB
CmaFree:               0 kB
HugePages_Total:       0
HugePages_Free:        0
HugePages_Rsvd:        0
HugePages_Surp:        0
Hugepagesize:       2048 kB
DirectMap4k:     1903616 kB
DirectMap2M:    141295616 kB
DirectMap1G:    258998272 kB


/proc/sys/kernel/threads-max (system-wide limit on the number of threads):
3090884


/proc/sys/vm/max_map_count (maximum number of memory map areas a process may have):
65530


/proc/sys/kernel/pid_max (system-wide limit on number of process identifiers):
73728


container (cgroup) information:
container_type: cgroupv1
cpu_cpuset_cpus: 0-71
cpu_memory_nodes: 0-1
active_processor_count: 72
cpu_quota: -1
cpu_period: 100000
cpu_shares: -1
memory_limit_in_bytes: -1
memory_and_swap_limit_in_bytes: -2
memory_soft_limit_in_bytes: -1
memory_usage_in_bytes: 339830034432
memory_max_usage_in_bytes: 390424666112


CPU:total 72 (initial active 72) (18 cores per cpu, 2 threads per core) family 6 model 85 stepping 7, cmov, cx8, fxsr, mmx, sse, sse2, sse3, ssse3, sse4.1, sse4.2, popcnt, avx, avx2, aes, clmul, erms, 3dnowpref, lzcnt, ht, tsc, tscinvbit, bmi1, bmi2, adx, fma
CPU Model and flags from /proc/cpuinfo:
model name	: Intel(R) Xeon(R) Gold 6240 CPU @ 2.60GHz
flags		: fpu vme de pse tsc msr pae mce cx8 apic sep mtrr pge mca cmov pat pse36 clflush dts acpi mmx fxsr sse sse2 ss ht tm pbe syscall nx pdpe1gb rdtscp lm constant_tsc art arch_perfmon pebs bts rep_good nopl xtopology nonstop_tsc cpuid aperfmperf pni pclmulqdq dtes64 monitor ds_cpl vmx smx est tm2 ssse3 sdbg fma cx16 xtpr pdcm pcid dca sse4_1 sse4_2 x2apic movbe popcnt tsc_deadline_timer aes xsave avx f16c rdrand lahf_lm abm 3dnowprefetch cpuid_fault epb cat_l3 cdp_l3 invpcid_single intel_ppin ssbd mba ibrs ibpb stibp ibrs_enhanced tpr_shadow vnmi flexpriority ept vpid fsgsbase tsc_adjust bmi1 avx2 smep bmi2 erms invpcid cqm mpx rdt_a avx512f avx512dq rdseed adx smap clflushopt clwb intel_pt avx512cd avx512bw avx512vl xsaveopt xsavec xgetbv1 xsaves cqm_llc cqm_occup_llc cqm_mbm_total cqm_mbm_local dtherm ida arat pln pts pku ospke avx512_vnni md_clear flush_l1d arch_capabilities

Memory: 4k page, physical 395805004k(46897992k free), swap 8388604k(8381692k free)

vm_info: OpenJDK 64-Bit Server VM (11.0.1+13-LTS) for linux-amd64 JRE (11.0.1+13-LTS), built on Oct 19 2018 11:38:45 by "tester" with gcc 4.9.2 20150212 (Red Hat 4.9.2-6)

END.
