Sample	0	1	2	3	4	5	6	7	8	9	10	11	12	13	14	15	16	17	18	19	20	21	22	23	24	25	26	27	28	29	30	31	32	33	34	35
IDDLNTM10.A_R1 - nextera_transposase_sequence	(1, 0.0)	(2, 0.0)	(3, 0.0)	(4, 1.794847817545822e-05)	(5, 1.794847817545822e-05)	(6, 3.589695635091644e-05)	(7, 3.589695635091644e-05)	(8, 5.3845434526374663e-05)	(9, 7.179391270183288e-05)	(10, 0.00023333021628095687)	(15, 0.0004199943893057223)	(20, 0.0023763785104306684)	(25, 0.09822843135864774)	(30, 0.8736170473209832)	(35, 2.5441860122842974)	(40, 4.158816750165978)	(45, 6.635462639076027)	(50, 8.468300205528024)	(55, 10.93640620852219)	(60, 12.890632922570443)	(65, 15.451410508080135)	(70, 17.44666026384622)	(75, 20.045215806219613)	(80, 22.0441378206204)	(85, 24.64126825382666)	(90, 26.62708428946372)	(95, 29.11090956964395)	(100, 31.034042340101045)	(105, 33.38577041060554)	(110, 35.28991728084863)	(115, 37.4928955436262)	(120, 39.34878254575112)	(125, 41.39472598327597)	(130, 43.2190559710728)	(135, 45.110961979200226)	(140, 46.272504923716276)
IDDLNTM10.A_R1 - polyg	(1, 0.0)	(2, 0.0)	(3, 0.00019743325993004041)	(4, 0.00048460891073737194)	(5, 0.0010948571687029514)	(6, 0.0011845995595802425)	(7, 0.0018845902084231132)	(8, 0.0023153536846341103)	(9, 0.002584580857265984)	(10, 0.007269133661060578)	(15, 0.012082915507718473)	(20, 0.016275680009505515)	(25, 0.020299728816443246)	(30, 0.024549928448391753)	(35, 0.02908012433987741)	(40, 0.04258814901472727)	(45, 0.05968586932466876)	(50, 0.06466477717054087)	(55, 0.06932779180052492)	(60, 0.07356004295429798)	(65, 0.07853895080017008)	(70, 0.08697114584700034)	(75, 0.3929029563476857)	(80, 1.5117213434148737)	(85, 3.1400360010575246)	(90, 5.1635869172106705)	(95, 7.347471588905185)	(100, 9.568926015116569)	(105, 11.849958619783568)	(110, 14.217987498167014)	(115, 16.581389258876822)	(120, 18.980777718328433)	(125, 21.40346330245178)	(130, 23.718824166477162)	(135, 26.186797350732824)	(140, 27.342388579885895)
IDDLNTM10.A_R2 - nextera_transposase_sequence	(1, 0.0)	(2, 0.0)	(3, 0.0)	(4, 1.794847817545822e-05)	(5, 1.794847817545822e-05)	(6, 3.589695635091644e-05)	(7, 3.589695635091644e-05)	(8, 5.3845434526374663e-05)	(9, 7.179391270183288e-05)	(10, 0.00020102295556513207)	(15, 0.0004523016500215471)	(20, 0.0024338136405921344)	(25, 0.10102480425838414)	(30, 0.9030022957898435)	(35, 2.630622293481669)	(40, 4.296707728596754)	(45, 6.835839449426842)	(50, 8.70692522287074)	(55, 11.220110623650386)	(60, 13.190828399446252)	(65, 15.780391754253746)	(70, 17.79458792358184)	(75, 20.397720327889978)	(80, 22.368775535075542)	(85, 24.930565414754334)	(90, 26.901380112332344)	(95, 29.388364324671453)	(100, 31.309759682441165)	(105, 33.65383811154728)	(110, 35.52672232250436)	(115, 37.69523950718504)	(120, 39.505950189742336)	(125, 41.51161365254582)	(130, 43.28431663771877)	(135, 45.12008339580899)	(140, 46.226520922630755)
IDDLNTM10.A_R2 - polyg	(1, 0.21714068896669356)	(2, 0.22044320895097785)	(3, 0.22281240807013836)	(4, 0.22530724653652703)	(5, 0.23009949020937437)	(6, 0.23255843171941215)	(7, 0.23469430062229168)	(8, 0.23641735452713566)	(9, 0.23846348103913792)	(10, 0.24489262592158706)	(15, 0.25176330336715247)	(20, 0.25644785617094706)	(25, 0.2606190824989235)	(30, 0.26402211396099046)	(35, 0.26733181333654493)	(40, 0.2709143295803664)	(45, 0.2740553132610716)	(50, 0.27681219950882197)	(55, 0.28013625766691674)	(60, 0.28292186147974796)	(65, 0.2857649004227405)	(70, 0.2887515271911368)	(75, 0.29179558908969444)	(80, 0.29458837229379575)	(85, 0.29736320701972163)	(90, 0.3000949653980263)	(95, 0.3035159453382687)	(100, 0.3332422148924626)	(105, 0.877292895651317)	(110, 2.3727385590566854)	(115, 4.044319818189095)	(120, 6.473754030106418)	(125, 8.578155661048733)	(130, 11.059177388937957)	(135, 13.250704522639584)	(140, 14.66171695501196)
IDDLNTM10.B_R1 - nextera_transposase_sequence	(1, 0.0)	(2, 0.0)	(3, 0.0)	(4, 0.0)	(5, 0.0)	(6, 0.0)	(7, 0.0)	(8, 0.0)	(9, 2.1750596781999205e-05)	(10, 0.00018270501296879332)	(15, 0.0005350646808371805)	(20, 0.0026231219719091044)	(25, 0.1070912383158513)	(30, 0.9411831237119568)	(35, 2.7039471895510134)	(40, 4.419112249392343)	(45, 7.021079590871276)	(50, 8.96640946585972)	(55, 11.531470394718955)	(60, 13.569797121308515)	(65, 16.18661142015084)	(70, 18.199524749460313)	(75, 20.743448448366802)	(80, 22.72433619897446)	(85, 25.26782488594531)	(90, 27.247351049194414)	(95, 29.743136327302985)	(100, 31.722244879093875)	(105, 34.143351658211124)	(110, 36.10392870154375)	(115, 38.353636427899495)	(120, 40.24424615150378)	(125, 42.316194950598955)	(130, 44.16591790237245)	(135, 46.10421363436159)	(140, 47.28399210453337)
IDDLNTM10.B_R1 - polyg	(1, 0.0)	(2, 0.0)	(3, 0.0003045083549479889)	(4, 0.00047851312920398255)	(5, 0.0010005274519719635)	(6, 0.0011527816294459579)	(7, 0.0015660429683039428)	(8, 0.0019140525168159302)	(9, 0.0021968102749819196)	(10, 0.007186397176772538)	(15, 0.011749672381635972)	(20, 0.015621278608831831)	(25, 0.01995399748780607)	(30, 0.024069210398960324)	(35, 0.02797561758100738)	(40, 0.04075191813075372)	(45, 0.056199191965329555)	(50, 0.06074071657341098)	(55, 0.06643502281093837)	(60, 0.07482640304943367)	(65, 0.08402255536886294)	(70, 0.09170921627162146)	(75, 0.295055545586532)	(80, 1.0640130938592627)	(85, 2.284908892187729)	(90, 3.9142982985595665)	(95, 5.857013751814816)	(100, 7.997233324089329)	(105, 10.279767051108465)	(110, 12.63262480764316)	(115, 14.932746067220219)	(120, 17.22946118334122)	(125, 19.48493281784419)	(130, 21.688572780215658)	(135, 23.954558653203044)	(140, 25.09514254797366)
IDDLNTM10.B_R2 - nextera_transposase_sequence	(1, 0.0)	(2, 0.0)	(3, 0.0)	(4, 0.0)	(5, 0.0)	(6, 0.0)	(7, 0.0)	(8, 0.0)	(9, 0.0)	(10, 0.0001392038194047949)	(15, 0.0004828632485603824)	(20, 0.0025926711364143056)	(25, 0.10928369847147681)	(30, 0.9647216195494364)	(35, 2.777433755838676)	(40, 4.5360434576923705)	(45, 7.188946346715388)	(50, 9.165396975579517)	(55, 11.76323170366987)	(60, 13.808757877794273)	(65, 16.43982316764816)	(70, 18.461606390325336)	(75, 20.994097975563204)	(80, 22.93429035959174)	(85, 25.429523172542048)	(90, 27.38128252393925)	(95, 29.866405659505283)	(100, 31.832141944394596)	(105, 34.229209963948385)	(110, 36.14728199104963)	(115, 38.34937331093022)	(120, 40.1837620919724)	(125, 42.20689820176941)	(130, 44.00007830214842)	(135, 45.86942029221926)	(140, 46.988836506201636)
IDDLNTM10.B_R2 - polyg	(1, 0.2245314105805778)	(2, 0.2275112423397117)	(3, 0.22977330440503962)	(4, 0.23203536647036754)	(5, 0.23738601327873934)	(6, 0.24001783548936123)	(7, 0.24214939397399715)	(8, 0.2435849333616091)	(9, 0.24569474124946303)	(10, 0.2521372680162912)	(15, 0.25897565564455177)	(20, 0.26389129051728355)	(25, 0.2682501101123962)	(30, 0.27185200893949524)	(35, 0.2748100901018472)	(40, 0.27789867484489106)	(45, 0.2808959070814505)	(50, 0.2843020505375116)	(55, 0.2877168942322855)	(60, 0.290583622888153)	(65, 0.2932937472471901)	(70, 0.2958472673093968)	(75, 0.2981528305682887)	(80, 0.30048449454331905)	(85, 0.30279875804092377)	(90, 0.3052000239256565)	(95, 0.30837996117518474)	(100, 0.338639391418302)	(105, 0.9171922154614116)	(110, 2.483887701668815)	(115, 4.261011511503346)	(120, 6.783654426518328)	(125, 9.00764859735839)	(130, 11.579004148926336)	(135, 13.851119340086893)	(140, 15.303980902976026)
IDDLNTM100_R1 - nextera_transposase_sequence	(1, 0.0)	(2, 0.0)	(3, 0.0)	(4, 0.0)	(5, 0.0)	(6, 0.0)	(7, 0.0)	(8, 0.0)	(9, 2.0729809528291112e-05)	(10, 0.000149254628603696)	(15, 0.0004311800381884551)	(20, 0.0023093007814516298)	(25, 0.07975586917914722)	(30, 0.7113309760775925)	(35, 1.9980095236890936)	(40, 3.2323121345464143)	(45, 5.175114029499762)	(50, 6.6135181990107315)	(55, 8.624069257464441)	(60, 10.196810884642549)	(65, 12.345609042840431)	(70, 14.00421354108472)	(75, 16.25430169459974)	(80, 18.0093868723506)	(85, 20.369873699489485)	(90, 22.18798993609207)	(95, 24.50234049914479)	(100, 26.326530569939166)	(105, 28.60314873368849)	(110, 30.480921216151593)	(115, 32.65579747473606)	(120, 34.55061815255523)	(125, 36.63716469273966)	(130, 38.55875999254556)	(135, 40.581039977230375)	(140, 41.85698877543003)
IDDLNTM100_R1 - polyg	(1, 0.0)	(2, 0.0)	(3, 0.0002072980952829111)	(4, 0.00029021733339607556)	(5, 0.0008291923811316444)	(6, 0.0010779500954711378)	(7, 0.00130597800028234)	(8, 0.0016169251432067067)	(9, 0.0019486020956593646)	(10, 0.006210650934676017)	(15, 0.010476845735598327)	(20, 0.014237233184030335)	(25, 0.018457822403990402)	(30, 0.022819374328742852)	(35, 0.027437975891646114)	(40, 0.04216443258054412)	(45, 0.06364880717566504)	(50, 0.06846641491003988)	(55, 0.07312647609199971)	(60, 0.07861987561699688)	(65, 0.08530316620891792)	(70, 0.09303123920106485)	(75, 0.3151760240681381)	(80, 1.1146957558409867)	(85, 2.242069863189476)	(90, 3.7229120987667628)	(95, 5.351736152642709)	(100, 7.069926415395118)	(105, 8.864858433021258)	(110, 10.735723742949533)	(115, 12.655917707631327)	(120, 14.605730424167144)	(125, 16.663292544669112)	(130, 18.633022462199712)	(135, 20.809979993660825)	(140, 21.819119559383754)
IDDLNTM100_R2 - nextera_transposase_sequence	(1, 0.0)	(2, 0.0)	(3, 0.0)	(4, 0.0)	(5, 0.0)	(6, 0.0)	(7, 0.0)	(8, 0.0)	(9, 2.0729809528291112e-05)	(10, 0.000149254628603696)	(15, 0.00038142849532055644)	(20, 0.0022554032766780733)	(25, 0.08111989064610878)	(30, 0.7264678829951506)	(35, 2.0417286919842597)	(40, 3.3014294654756426)	(45, 5.278020949960106)	(50, 6.734518097227367)	(55, 8.764103266789954)	(60, 10.334415360291347)	(65, 12.488565955309433)	(70, 14.148803962544552)	(75, 16.38379666876107)	(80, 18.10127797202761)	(85, 20.410985057745997)	(90, 22.199449374799308)	(95, 24.496959040591246)	(100, 26.307247701115948)	(105, 28.55679687958323)	(110, 30.388147026588673)	(115, 32.50925845118057)	(120, 34.34135072536713)	(125, 36.369824777138994)	(130, 38.22513858395914)	(135, 40.1696361773319)	(140, 41.377093684850095)
IDDLNTM100_R2 - polyg	(1, 0.21322682080800237)	(2, 0.2168545374754533)	(3, 0.2188031395711127)	(4, 0.220606633000074)	(5, 0.22479405452478882)	(6, 0.22707433357290083)	(7, 0.22914731452572995)	(8, 0.23093007814516298)	(9, 0.23306524852657695)	(10, 0.2391556665659889)	(15, 0.24556117771023084)	(20, 0.25026684447315295)	(25, 0.2542718436740188)	(30, 0.2574061908746964)	(35, 0.26112511870407185)	(40, 0.2643382391809569)	(45, 0.26714090942918195)	(50, 0.2700555206488596)	(55, 0.2728872126304242)	(60, 0.275897180973932)	(65, 0.2785879102507042)	(70, 0.28117499047983496)	(75, 0.28369573531847514)	(80, 0.2863076913190398)	(85, 0.28958300122450986)	(90, 0.29306975518716843)	(95, 0.2979827200453734)	(100, 0.3146950924870817)	(105, 0.6943076564929598)	(110, 1.7854502027479022)	(115, 3.0544876824508274)	(120, 4.8558252112212115)	(125, 6.543633865128958)	(130, 8.455303732132718)	(135, 10.270497065591812)	(140, 11.33651093673656)
IDDLNTM101_R1 - nextera_transposase_sequence	(1, 0.0)	(2, 0.0)	(3, 0.0)	(4, 0.0)	(5, 0.0)	(6, 0.0)	(7, 0.0)	(8, 0.0)	(9, 0.0)	(10, 0.00020426029788504804)	(15, 0.0005065655387549191)	(20, 0.00259410578314011)	(25, 0.08161832982890749)	(30, 0.7322323158583202)	(35, 2.048779810258524)	(40, 3.296034041204204)	(45, 5.26723170512003)	(50, 6.676492948730257)	(55, 8.667650928955409)	(60, 10.185897297105182)	(65, 12.308239411044028)	(70, 13.894222579178441)	(75, 16.06433709158664)	(80, 17.69574366476473)	(85, 19.910930254504247)	(90, 21.636447717329894)	(95, 23.880161300272032)	(100, 25.69236274831413)	(105, 27.920838513034056)	(110, 29.79421183508677)	(115, 31.939357568681505)	(120, 33.82742946177003)	(125, 35.8835544723405)	(130, 37.788579970153485)	(135, 39.73261509965656)	(140, 41.0029262330275)
IDDLNTM101_R1 - polyg	(1, 0.0)	(2, 0.0)	(3, 0.0002655383872505624)	(4, 0.00044937265534710565)	(5, 0.0008170411915401921)	(6, 0.0011438576681562689)	(7, 0.001552378263926365)	(8, 0.0019200468001194515)	(9, 0.0022264372469470235)	(10, 0.008521739627764204)	(15, 0.013358623481682142)	(20, 0.015515612227348246)	(25, 0.01693317869467048)	(30, 0.018800117817339822)	(35, 0.020430114994462505)	(40, 0.030561425769560883)	(45, 0.04539480860197308)	(50, 0.047613075437004694)	(55, 0.05082404731975765)	(60, 0.05644937592351187)	(65, 0.06179691052214242)	(70, 0.06702597414799966)	(75, 0.2334940317183561)	(80, 0.8719218483759468)	(85, 1.8013062037529153)	(90, 3.083840273349301)	(95, 4.565822268212563)	(100, 6.190757875153655)	(105, 7.922946479308227)	(110, 9.709652156968321)	(115, 11.537855356746737)	(120, 13.348161269224468)	(125, 15.231669987258243)	(130, 17.000768427240644)	(135, 18.954289404977498)	(140, 19.90061102425509)
IDDLNTM101_R2 - nextera_transposase_sequence	(1, 0.0)	(2, 0.0)	(3, 0.0)	(4, 0.0)	(5, 0.0)	(6, 0.0)	(7, 0.0)	(8, 0.0)	(9, 0.0)	(10, 0.00023285673958895473)	(15, 0.0005392471864165268)	(20, 0.0026349578427171194)	(25, 0.08283980641026008)	(30, 0.7516901518348499)	(35, 2.1075986056375022)	(40, 3.387036089117951)	(45, 5.400527890313854)	(50, 6.833516010126409)	(55, 8.849912392758238)	(60, 10.371872213123561)	(65, 12.501216370073905)	(70, 14.091533941729438)	(75, 16.249029252934303)	(80, 17.848130017398894)	(85, 20.015004961482635)	(90, 21.711321372122637)	(95, 23.93670872113853)	(100, 25.731315187120817)	(105, 27.933947938952315)	(110, 29.755810899084384)	(115, 31.84404971368834)	(120, 33.66654996594981)	(125, 35.66185034501607)	(130, 37.499596585911675)	(135, 39.369979537203356)	(140, 40.570997407119776)
IDDLNTM101_R2 - polyg	(1, 0.22817917876738714)	(2, 0.23187629015910652)	(3, 0.23426613564436158)	(4, 0.23657427701046263)	(5, 0.23982201574683487)	(6, 0.24194632284483938)	(7, 0.24380509155559332)	(8, 0.24529619173015418)	(9, 0.24723666456006213)	(10, 0.25144442669649414)	(15, 0.2554029912695064)	(20, 0.2579399041692386)	(25, 0.25959849778806526)	(30, 0.26096704178389507)	(35, 0.26234784139759804)	(40, 0.2633119500036154)	(45, 0.2642147805202673)	(50, 0.26519114474415784)	(55, 0.2664820698267914)	(60, 0.26760958667111684)	(65, 0.2687085070737384)	(70, 0.2697870014465714)	(75, 0.2710656709113318)	(80, 0.27210331322458786)	(85, 0.2730796774484784)	(90, 0.2741785978511)	(95, 0.2764295463337932)	(100, 0.2996090049377884)	(105, 0.7475436677877834)	(110, 1.9510330873086132)	(115, 3.2262137861811366)	(120, 5.14351941310297)	(125, 6.761910520099827)	(130, 8.725093009926642)	(135, 10.43621420695735)	(140, 11.534701577747393)
IDDLNTM102_R1 - nextera_transposase_sequence	(1, 0.0)	(2, 0.0)	(3, 0.0)	(4, 0.0)	(5, 0.0)	(6, 0.0)	(7, 0.0)	(8, 0.0)	(9, 0.0)	(10, 0.0001899674534607138)	(15, 0.0002557254181201917)	(20, 0.0018850616535716984)	(25, 0.08638404624100075)	(30, 0.7529871468751633)	(35, 2.051443917041213)	(40, 3.3116222453349295)	(45, 5.243613166351942)	(50, 6.665957941936448)	(55, 8.604078966547828)	(60, 10.111404951793933)	(65, 12.106092438893498)	(70, 13.602210344385421)	(75, 15.52774967842529)	(80, 16.98598368983283)	(85, 18.941917816426415)	(90, 20.526187926764624)	(95, 22.657520464426586)	(100, 24.495703995636593)	(105, 26.81439558749444)	(110, 28.7596403916106)	(115, 31.020822990153476)	(120, 33.01767318364629)	(125, 35.20796138984573)	(130, 37.24287083199534)	(135, 39.40877744618716)	(140, 40.80537432538721)
IDDLNTM102_R1 - polyg	(1, 0.0)	(2, 0.0)	(3, 0.00018266101294299407)	(4, 0.00036532202588598813)	(5, 0.0006575796465947786)	(6, 0.0009863694698921679)	(7, 0.0012786270906009584)	(8, 0.0016804813190755452)	(9, 0.0018266101294299405)	(10, 0.005947442581423887)	(15, 0.009710259448049565)	(20, 0.012420948880123597)	(25, 0.014057591556092822)	(30, 0.01619107218726699)	(35, 0.018646036201220833)	(40, 0.02951801969158784)	(45, 0.04646165525217997)	(50, 0.04898237723079328)	(55, 0.05303014527761003)	(60, 0.06220703456786606)	(65, 0.07172002012193719)	(70, 0.07825928438529636)	(75, 0.22416159508364233)	(80, 0.7584888965850063)	(85, 1.5676041195172927)	(90, 2.7150002319794866)	(95, 4.099877580589125)	(100, 5.664296092040693)	(105, 7.369429341423024)	(110, 9.093961190379902)	(115, 10.824908094111338)	(120, 12.51827797426014)	(125, 14.224375673790812)	(130, 15.855867309195045)	(135, 17.609062324302936)	(140, 18.51389922445787)
IDDLNTM102_R2 - nextera_transposase_sequence	(1, 0.0)	(2, 0.0)	(3, 0.0)	(4, 0.0)	(5, 0.0)	(6, 0.0)	(7, 0.0)	(8, 0.0)	(9, 0.0)	(10, 0.0002338060965670324)	(15, 0.0002922576207087905)	(20, 0.0018996745346071381)	(25, 0.08841523670492685)	(30, 0.7766088690689512)	(35, 2.123879968333887)	(40, 3.430578403403924)	(45, 5.4244621820465415)	(50, 6.889513102457118)	(55, 8.880956529966818)	(60, 10.411911543847229)	(65, 12.43506492320383)	(70, 13.951333991643622)	(75, 15.890726336905086)	(80, 17.346834174121973)	(85, 19.291392172829468)	(90, 20.8775692641428)	(95, 23.029885898971656)	(100, 24.8736515507372)	(105, 27.187469746769732)	(110, 29.117831331551294)	(115, 31.353485226925255)	(120, 33.311180205683605)	(125, 35.47474875890975)	(130, 37.474974527921745)	(135, 39.60282189345675)	(140, 40.95804240000497)
IDDLNTM102_R2 - polyg	(1, 0.17031312846804766)	(2, 0.17433167075279352)	(3, 0.1753911046278629)	(4, 0.17710811814952704)	(5, 0.18054214519285533)	(6, 0.18196690109381067)	(7, 0.18295327056370284)	(8, 0.18361085021029763)	(9, 0.18510867051643018)	(10, 0.18827235926060285)	(15, 0.19196211172205133)	(20, 0.19475317199982028)	(25, 0.19695971703617166)	(30, 0.1990201332621686)	(35, 0.2005617922114075)	(40, 0.20243224098394372)	(45, 0.20430999619699772)	(50, 0.2060708483617682)	(55, 0.2076052008704893)	(60, 0.20924914998697627)	(65, 0.2110246150327822)	(70, 0.212748934994964)	(75, 0.21446594851662817)	(80, 0.2160222203469025)	(85, 0.2181776202996298)	(90, 0.22015035923941415)	(95, 0.2226418554559566)	(100, 0.24780523659898343)	(105, 0.7233522241352919)	(110, 1.9195115206127475)	(115, 3.2094051424920296)	(120, 5.110212175379415)	(125, 6.730269231373417)	(130, 8.670772155593573)	(135, 10.366092855360609)	(140, 11.45459905724998)
IDDLNTM105_R1 - nextera_transposase_sequence	(1, 0.0)	(2, 0.0)	(3, 0.0)	(4, 0.0)	(5, 0.0)	(6, 0.0)	(7, 0.0)	(8, 2.551134298087287e-05)	(9, 5.102268596174574e-05)	(10, 0.00034695426453987103)	(15, 0.0005663518141753777)	(20, 0.003076667963493268)	(25, 0.09225922075602865)	(30, 0.7689475933236816)	(35, 2.0763988188248197)	(40, 3.383334715197745)	(45, 5.35838717289675)	(50, 6.850662976025717)	(55, 8.869911284304782)	(60, 10.459951656005051)	(65, 12.545095763203715)	(70, 14.11858437557799)	(75, 16.09131019879714)	(80, 17.55122231222057)	(85, 19.49326819437092)	(90, 21.121300058038305)	(95, 23.297341080277818)	(100, 25.14332655156799)	(105, 27.432403232287157)	(110, 29.352636916188864)	(115, 31.52330014732801)	(120, 33.42766067362701)	(125, 35.498390872041476)	(130, 37.42040014541465)	(135, 39.42239258130146)	(140, 40.71485334166704)
IDDLNTM105_R1 - polyg	(1, 0.0)	(2, 0.0)	(3, 0.00038267014471309306)	(4, 0.0006122722315409489)	(5, 0.0007398289464453133)	(6, 0.0009439196902922962)	(7, 0.0012245444630818979)	(8, 0.0015051692358714994)	(9, 0.0016837486367376094)	(10, 0.006617642369238422)	(15, 0.010020855522886864)	(20, 0.011694399622432124)	(25, 0.013041398531822212)	(30, 0.014342477023846728)	(35, 0.01570988500762151)	(40, 0.0284349428864809)	(45, 0.04806847244456066)	(50, 0.04967568705235566)	(55, 0.05280337770181067)	(60, 0.06083945074078563)	(65, 0.06984495481303375)	(70, 0.0759727793970394)	(75, 0.24053624842945798)	(80, 0.816689520578087)	(85, 1.7064894478707593)	(90, 2.9248652682198824)	(95, 4.4071304203631545)	(100, 6.0638064199294615)	(105, 7.855044549182681)	(110, 9.680728093728675)	(115, 11.51754478835152)	(120, 13.288583036232485)	(125, 15.037747858641648)	(130, 16.645942102007105)	(135, 18.41728648600384)	(140, 19.318617540323867)
IDDLNTM105_R2 - nextera_transposase_sequence	(1, 0.0)	(2, 0.0)	(3, 0.0)	(4, 0.0)	(5, 0.0)	(6, 0.0)	(7, 0.0)	(8, 2.551134298087287e-05)	(9, 2.551134298087287e-05)	(10, 0.00033164745875134737)	(15, 0.0005714540827715523)	(20, 0.0031940201412052837)	(25, 0.09482566185990446)	(30, 0.7945762884822665)	(35, 2.1476468975018017)	(40, 3.4981408608802687)	(45, 5.528027399182362)	(50, 7.056600741104513)	(55, 9.113728291441582)	(60, 10.721274546695323)	(65, 12.82983806675043)	(70, 14.417046679379819)	(75, 16.394247192157813)	(80, 17.83879127256957)	(85, 19.757927968723095)	(90, 21.37185716199065)	(95, 23.550546261631574)	(100, 25.399450230558763)	(105, 27.688154445670403)	(110, 29.58447889893044)	(115, 31.72729394807166)	(120, 33.59355583476302)	(125, 35.63417244392288)	(130, 37.51341960419151)	(135, 39.467272135873415)	(140, 40.71199607125318)
IDDLNTM105_R2 - polyg	(1, 0.20809602469498)	(2, 0.21258602105961363)	(3, 0.21444834909721736)	(4, 0.2163872111637637)	(5, 0.2178668690566543)	(6, 0.21960164037935367)	(7, 0.22087720752839732)	(8, 0.22166805916080437)	(9, 0.2228670922809054)	(10, 0.22609172603368774)	(15, 0.22865306486896736)	(20, 0.23018374544781978)	(25, 0.2311888923612661)	(30, 0.2322297551548857)	(35, 0.23320428845675512)	(40, 0.2340665718495086)	(45, 0.23487273028770414)	(50, 0.23579624090361176)	(55, 0.2368779218460008)	(60, 0.23776571658173515)	(65, 0.23855656821414223)	(70, 0.23957702193337713)	(75, 0.24075054371049726)	(80, 0.2417760996983284)	(85, 0.24293941693825616)	(90, 0.24418437047572278)	(95, 0.2466079480589057)	(100, 0.27633376490021877)	(105, 0.7780245291562762)	(110, 1.9803077943530638)	(115, 3.312550942963015)	(120, 5.253239621666784)	(125, 6.9240489052444945)	(130, 8.941547135395075)	(135, 10.711095520845955)	(140, 11.848437111350634)
IDDLNTM107_R1 - nextera_transposase_sequence	(1, 0.0)	(2, 0.0)	(3, 0.0)	(4, 0.0)	(5, 0.0)	(6, 0.0)	(7, 0.0)	(8, 1.9549164976967175e-05)	(9, 5.864749493090152e-05)	(10, 0.0011103925706917356)	(15, 0.002068301654563127)	(20, 0.008484337600003753)	(25, 0.11632926111194086)	(30, 0.8085143651174084)	(35, 1.924494087159561)	(40, 3.1150304145908714)	(45, 4.862311321234225)	(50, 6.204079988927353)	(55, 8.02052193142622)	(60, 9.455246878584827)	(65, 11.377258221792314)	(70, 12.879044624487909)	(75, 14.867609144942984)	(80, 16.428453575033995)	(85, 18.454646328236738)	(90, 20.10780191534899)	(95, 22.109382269845725)	(100, 23.817689961190997)	(105, 25.773361056655823)	(110, 27.54370215830601)	(115, 29.448443769172844)	(120, 31.267278529464893)	(125, 33.1041376198657)	(130, 34.96813486108755)	(135, 36.75788437372686)	(140, 37.98666668751911)
IDDLNTM107_R1 - polyg	(1, 0.0)	(2, 0.0)	(3, 0.00025413914470057326)	(4, 0.0004887291244241793)	(5, 0.0010556549087562274)	(6, 0.0012902448884798334)	(7, 0.0017007773529961441)	(8, 0.0019158181677427831)	(9, 0.0021504081474663893)	(10, 0.005864749493090152)	(15, 0.010016992134197978)	(20, 0.013962013626549955)	(25, 0.017594248479270456)	(30, 0.02164483546249806)	(35, 0.02613332374120971)	(40, 0.044607284644443704)	(45, 0.07114723101717434)	(50, 0.07608535009035625)	(55, 0.08145355079303143)	(60, 0.09007082271487855)	(65, 0.10081504378621972)	(70, 0.11503119655747025)	(75, 0.35536081111831386)	(80, 1.0387409712181555)	(85, 1.9765965216561743)	(90, 3.2553347716305643)	(95, 4.681817790834883)	(100, 6.218053732052889)	(105, 7.859045828716472)	(110, 9.519153098894535)	(115, 11.27073482183282)	(120, 12.984023640414225)	(125, 14.822364557520292)	(130, 16.507584685027762)	(135, 18.43077288796686)	(140, 19.3392460434445)
IDDLNTM107_R2 - nextera_transposase_sequence	(1, 0.0)	(2, 0.0)	(3, 0.0)	(4, 0.0)	(5, 0.0)	(6, 0.0)	(7, 0.0)	(8, 1.9549164976967175e-05)	(9, 5.864749493090152e-05)	(10, 0.0011885892305996042)	(15, 0.002162137646452569)	(20, 0.008793214406639835)	(25, 0.11994585663267979)	(30, 0.8367707281751168)	(35, 1.9958407196595005)	(40, 3.225119582242164)	(45, 5.021386786484802)	(50, 6.394125241334441)	(55, 8.247124122340239)	(60, 9.698774736535903)	(65, 11.64836995152589)	(70, 13.17027635481578)	(75, 15.173420642510674)	(80, 16.720764419268598)	(85, 18.728999309523495)	(90, 20.37492952526026)	(95, 22.391285138646587)	(100, 24.10890605218689)	(105, 26.06666890830425)	(110, 27.82051442454687)	(115, 29.7034469869654)	(120, 31.49004517421043)	(125, 33.299594081138416)	(130, 35.12235431375784)	(135, 36.86906047495087)	(140, 38.05000598204448)
IDDLNTM107_R2 - polyg	(1, 0.21214753833004776)	(2, 0.21500171641668497)	(3, 0.2168393379245199)	(4, 0.21842282028765422)	(5, 0.2231928165420342)	(6, 0.2248740447300534)	(7, 0.22677031373281922)	(8, 0.22802146029134512)	(9, 0.22962449181945643)	(10, 0.234500053564712)	(15, 0.2397587789435162)	(20, 0.24417298039531538)	(25, 0.24808281339070884)	(30, 0.2512458682839821)	(35, 0.2546396033239836)	(40, 0.25767363372840896)	(45, 0.2604144266581797)	(50, 0.26331552274076164)	(55, 0.26643947930408096)	(60, 0.26921155089781496)	(65, 0.27184286850371475)	(70, 0.2742708747938541)	(75, 0.27705858571956954)	(80, 0.2795530591706306)	(85, 0.2829937122065768)	(90, 0.2864187259105414)	(95, 0.2935424416281483)	(100, 0.33235926360641427)	(105, 0.8508969547874733)	(110, 1.90967582010702)	(115, 3.0964938963597106)	(120, 4.8301959530100635)	(125, 6.354530362590093)	(130, 8.163559261729693)	(135, 9.804265940584612)	(140, 10.811919829656397)
IDDLNTM108.A_R1 - nextera_transposase_sequence	(1, 0.0)	(2, 0.0)	(3, 0.0)	(4, 0.0)	(5, 0.0)	(6, 0.0)	(7, 0.0)	(8, 0.0)	(9, 5.9144568448699084e-05)	(10, 0.001052773318386844)	(15, 0.0014588993550679109)	(20, 0.005697593427224678)	(25, 0.0913507574546307)	(30, 0.718097863363035)	(35, 1.8249766329667487)	(40, 2.9373479614937317)	(45, 4.641050628342038)	(50, 5.894923365396918)	(55, 7.64836661431058)	(60, 8.992911917768547)	(65, 10.859080771174199)	(70, 12.273594099106976)	(75, 14.186222982514698)	(80, 15.677900257416876)	(85, 17.650154751763345)	(90, 19.24964468900504)	(95, 21.219482141987577)	(100, 22.893754471575807)	(105, 24.843033272565577)	(110, 26.60079801794722)	(115, 28.49775359071604)	(120, 30.314130603430346)	(125, 32.16749268628124)	(130, 34.057070959878885)	(135, 35.869264480118254)	(140, 37.1233304227634)
IDDLNTM108.A_R1 - polyg	(1, 0.0)	(2, 0.0)	(3, 0.0002562931299443627)	(4, 0.00039429712299132724)	(5, 0.0007885942459826545)	(6, 0.0009463130951791853)	(7, 0.0014983290673670434)	(8, 0.0017940519096105389)	(9, 0.0021292044641531673)	(10, 0.007188036552131895)	(15, 0.011127064810815254)	(20, 0.013189238764059896)	(25, 0.014395787960413357)	(30, 0.015535306645858293)	(35, 0.0168443730941895)	(40, 0.032632029898762245)	(45, 0.05788676062635675)	(50, 0.060142140169867145)	(55, 0.06275633009529964)	(60, 0.06597379461890887)	(65, 0.069695959459947)	(70, 0.0797939087797549)	(75, 0.3274834755004468)	(80, 1.1237034278417535)	(85, 2.165708491799704)	(90, 3.548370498137242)	(95, 5.030079941770201)	(100, 6.558383476427045)	(105, 8.172509722874182)	(110, 9.801792750729106)	(115, 11.533541771935784)	(120, 13.188793208310916)	(125, 15.016817758038389)	(130, 16.657275166358883)	(135, 18.602658311773496)	(140, 19.487879010716405)
IDDLNTM108.A_R2 - nextera_transposase_sequence	(1, 0.0)	(2, 0.0)	(3, 0.0)	(4, 0.0)	(5, 0.0)	(6, 0.0)	(7, 0.0)	(8, 0.0)	(9, 5.9144568448699084e-05)	(10, 0.0010370014334671906)	(15, 0.0014746712399875638)	(20, 0.005894741988720342)	(25, 0.09529372868454397)	(30, 0.7537383803102211)	(35, 1.9189100365769725)	(40, 3.0860926081709796)	(45, 4.862972878075246)	(50, 6.163222842736365)	(55, 7.976279873675088)	(60, 9.35777476052857)	(65, 11.277288071703719)	(70, 12.731215340050712)	(75, 14.68170857617929)	(80, 16.183436484746515)	(85, 18.17130120219221)	(90, 19.793396193495006)	(95, 21.811519272159057)	(100, 23.52615974119914)	(105, 25.51889402811378)	(110, 27.301590180582167)	(115, 29.225440760110224)	(120, 31.05185263460466)	(125, 32.92186588495948)	(130, 34.81517815231185)	(135, 36.62843233181207)	(140, 37.86080404675023)
IDDLNTM108.A_R2 - polyg	(1, 0.17388503123917531)	(2, 0.17737456077764857)	(3, 0.17861659671507124)	(4, 0.18013464063858786)	(5, 0.18218498567814276)	(6, 0.18360445532091152)	(7, 0.18468877240913767)	(8, 0.18563508550431687)	(9, 0.1870348402909361)	(10, 0.18998812574214113)	(15, 0.19314250272607175)	(20, 0.19494444057814211)	(25, 0.19620619137171433)	(30, 0.19731022331609005)	(35, 0.19841819823169568)	(40, 0.19921467842013818)	(45, 0.20012944774547803)	(50, 0.20125713751723326)	(55, 0.202451857799897)	(60, 0.20348097329090434)	(65, 0.2044548871846929)	(70, 0.20550371753184984)	(75, 0.2065604338214666)	(80, 0.20755011960017483)	(85, 0.209178566718129)	(90, 0.21090953108806093)	(95, 0.2140165924172326)	(100, 0.23989036962792348)	(105, 0.6786957518625117)	(110, 1.723748732581185)	(115, 2.85194320465381)	(120, 4.529062359470041)	(125, 5.986100632117433)	(130, 7.712282177947475)	(135, 9.269862273986424)	(140, 10.214562693932576)
IDDLNTM108.B_R1 - nextera_transposase_sequence	(1, 0.0)	(2, 0.0)	(3, 0.0)	(4, 0.0)	(5, 0.0)	(6, 0.0)	(7, 0.0)	(8, 0.0)	(9, 2.4690455756184714e-05)	(10, 0.001466613071917372)	(15, 0.0021826362888467286)	(20, 0.008330559772136722)	(25, 0.11953143440684144)	(30, 0.9477036394719404)	(35, 2.410252662371844)	(40, 3.7946810832591793)	(45, 5.971223767625283)	(50, 7.4727392677995965)	(55, 9.642882186033695)	(60, 11.230295781783777)	(65, 13.503378148156562)	(70, 15.163979192859125)	(75, 17.468255481034273)	(80, 19.192597406317002)	(85, 21.517742067697277)	(90, 23.358035311302203)	(95, 25.647936816136102)	(100, 27.58460184664857)	(105, 29.81389815878333)	(110, 31.821647011417856)	(115, 33.92884901983829)	(120, 35.96442401611003)	(125, 37.95312171308308)	(130, 39.99518042303639)	(135, 41.90401930991164)	(140, 43.25108613314872)
IDDLNTM108.B_R1 - polyg	(1, 0.0)	(2, 0.0)	(3, 0.00034566638058658596)	(4, 0.0005184995708798789)	(5, 0.0008641659514664649)	(6, 0.0010369991417597578)	(7, 0.0015308082568834523)	(8, 0.0017283319029329299)	(9, 0.0020986887392757006)	(10, 0.006809627697555744)	(15, 0.01071071970703293)	(20, 0.012320537422336172)	(25, 0.013604441121657776)	(30, 0.014987106644004123)	(35, 0.01606854860612501)	(40, 0.024878103219931717)	(45, 0.03743073092637603)	(50, 0.03981089086127223)	(55, 0.042926826377702745)	(60, 0.048230336274131216)	(65, 0.05395358391841484)	(70, 0.06382976622088872)	(75, 0.28927831773061136)	(80, 1.068909086779051)	(85, 2.099794871693578)	(90, 3.5612427002667553)	(95, 5.21521682664436)	(100, 7.005857563723597)	(105, 8.926182450616619)	(110, 10.807758136245885)	(115, 12.793374464340562)	(120, 14.670866348587754)	(125, 16.710791803163737)	(130, 18.55109986104211)	(135, 20.670345873780413)	(140, 21.668714328464045)
IDDLNTM108.B_R2 - nextera_transposase_sequence	(1, 0.0)	(2, 0.0)	(3, 0.0)	(4, 0.0)	(5, 0.0)	(6, 0.0)	(7, 0.0)	(8, 0.0)	(9, 2.4690455756184714e-05)	(10, 0.0013579750665901591)	(15, 0.0020789363746707527)	(20, 0.008365126410195382)	(25, 0.122148622716997)	(30, 0.9756433592056389)	(35, 2.4859289092645502)	(40, 3.912543442856903)	(45, 6.147958049928052)	(50, 7.683413050584818)	(55, 9.891875556152517)	(60, 11.491614627416084)	(65, 13.785288833889528)	(70, 15.460595514040474)	(75, 17.769972850374852)	(80, 19.474019221025998)	(85, 21.767313194480792)	(90, 23.58991819558199)	(95, 25.883686225787308)	(100, 27.819319195249157)	(105, 30.038206011237115)	(110, 32.01541277010124)	(115, 34.0912085187998)	(120, 36.077328532191906)	(125, 38.027380727815384)	(130, 40.01486365436522)	(135, 41.870494609085895)	(140, 43.16247208743977)
IDDLNTM108.B_R2 - polyg	(1, 0.17377142761202802)	(2, 0.1763639254664274)	(3, 0.17791942417906703)	(4, 0.17949961334746287)	(5, 0.18194396846732513)	(6, 0.18342539581269623)	(7, 0.1847833708792864)	(8, 0.18559815591924048)	(9, 0.18663515506100023)	(10, 0.1898646666739092)	(15, 0.1931139306514231)	(20, 0.1949805291065907)	(25, 0.19628912326166845)	(30, 0.19724711294500843)	(35, 0.1982939882690707)	(40, 0.19945443968961135)	(45, 0.20040255319064887)	(50, 0.20145930469701354)	(55, 0.20239754201574853)	(60, 0.20324689369376134)	(65, 0.20437277847624333)	(70, 0.20554310607908652)	(75, 0.2065208481270314)	(80, 0.20737513789619538)	(85, 0.20940469335935377)	(90, 0.21213545776598783)	(95, 0.2167970158127555)	(100, 0.24572929186785272)	(105, 0.7696015059202774)	(110, 2.1094043970738845)	(115, 3.5246070020157285)	(120, 5.594057303584956)	(125, 7.415388277169131)	(130, 9.461041917480546)	(135, 11.367263616045637)	(140, 12.431767925517784)
IDDLNTM109_R1 - nextera_transposase_sequence	(1, 0.0)	(2, 0.0)	(3, 0.0)	(4, 0.0)	(5, 0.0)	(6, 0.0)	(7, 0.0)	(8, 0.0)	(9, 0.0)	(10, 0.00013644833080735469)	(15, 0.0003385940060775097)	(20, 0.0019304911988299808)	(25, 0.076259455995666)	(30, 0.6735696045676838)	(35, 1.8612916805431248)	(40, 3.0228055697197904)	(45, 4.853376161263734)	(50, 6.229462631097788)	(55, 8.133978110655553)	(60, 9.651369461145327)	(65, 11.72567720064626)	(70, 13.356517757739528)	(75, 15.580580067122472)	(80, 17.32823555631248)	(85, 19.675273187246024)	(90, 21.524875794116653)	(95, 23.91803296086308)	(100, 25.85505851864617)	(105, 28.270992449353663)	(110, 30.299974074817147)	(115, 32.71062694975821)	(120, 34.825783276589355)	(125, 37.16414380441193)	(130, 39.33091297578143)	(135, 41.61732206505958)	(140, 43.075221943317345)
IDDLNTM109_R1 - polyg	(1, 0.0)	(2, 0.0)	(3, 0.0001516092564526163)	(4, 0.0003032185129052326)	(5, 0.0008085827010806203)	(6, 0.0010865330045770835)	(7, 0.0013392150986647772)	(8, 0.0015413607739349323)	(9, 0.0017687746586138567)	(10, 0.005099124658689662)	(15, 0.008717532246025436)	(20, 0.01185079021271284)	(25, 0.015064906449508305)	(30, 0.01819816441619571)	(35, 0.02216021965149075)	(40, 0.03431422837710882)	(45, 0.05049598968248473)	(50, 0.05420536282369208)	(55, 0.060082748332171844)	(60, 0.0709885075129967)	(65, 0.08272811760431095)	(70, 0.08906538452403032)	(75, 0.2023073918103712)	(80, 0.6277229654164125)	(85, 1.2938131799991006)	(90, 2.269105419475018)	(95, 3.494704541354204)	(100, 4.947070681751451)	(105, 6.545572984443375)	(110, 8.239068593586627)	(115, 9.971462084293737)	(120, 11.75561497515377)	(125, 13.602518937259543)	(130, 15.446153193067818)	(135, 17.417260511701453)	(140, 18.436418362710995)
IDDLNTM109_R2 - nextera_transposase_sequence	(1, 0.0)	(2, 0.0)	(3, 0.0)	(4, 0.0)	(5, 0.0)	(6, 0.0)	(7, 0.0)	(8, 0.0)	(9, 0.0)	(10, 0.00011623376328033917)	(15, 0.00035880857360452527)	(20, 0.0019759739757657657)	(25, 0.07793221145852654)	(30, 0.6906256459186031)	(35, 1.91518877121203)	(40, 3.1078330943802994)	(45, 4.977508766805253)	(50, 6.375421915926603)	(55, 8.303381240173824)	(60, 9.826493313273744)	(65, 11.911272198753672)	(70, 13.552583901825932)	(75, 15.773305753925035)	(80, 17.488259126498217)	(85, 19.79530223557956)	(90, 21.622082595712186)	(95, 24.003631547056226)	(100, 25.927886551804125)	(105, 28.329180081980176)	(110, 30.315817242116445)	(115, 32.67497855992432)	(120, 34.7217136293184)	(125, 37.00045129022004)	(130, 39.09844039557887)	(135, 41.305527521881004)	(140, 42.69415207722369)
IDDLNTM109_R2 - polyg	(1, 0.15673870296259648)	(2, 0.15883596434352434)	(3, 0.16030152048923296)	(4, 0.16174180842553282)	(5, 0.16492560281103777)	(6, 0.16636589074733762)	(7, 0.16783144689304624)	(8, 0.16866529780353562)	(9, 0.16965075797047763)	(10, 0.1741383919614751)	(15, 0.17842388027720235)	(20, 0.18162788923023432)	(25, 0.18442255319084422)	(30, 0.18696958869924815)	(35, 0.18956716062646967)	(40, 0.19170485114245156)	(45, 0.19409522375252114)	(50, 0.1964249526600097)	(55, 0.19858285774351858)	(60, 0.20085194294842607)	(65, 0.2031816718559146)	(70, 0.20500098293334598)	(75, 0.2067343820987876)	(80, 0.20840208391976636)	(85, 0.21046396980752197)	(90, 0.2123944610063519)	(95, 0.21513858854814427)	(100, 0.24016927678847125)	(105, 0.6729985430350455)	(110, 1.7663539641524966)	(115, 2.952226407199216)	(120, 4.7412863843264335)	(125, 6.301947016607783)	(130, 8.201398747000031)	(135, 9.89393416418575)	(140, 11.015802232800056)
IDDLNTM111_R1 - nextera_transposase_sequence	(1, 0.0)	(2, 0.0)	(3, 0.0)	(4, 0.0)	(5, 0.0)	(6, 0.0)	(7, 0.0)	(8, 0.0)	(9, 7.728439633834258e-05)	(10, 0.0010626604496522106)	(15, 0.002163963097473592)	(20, 0.010649789815423609)	(25, 0.13960266932576512)	(30, 0.9646870204140935)	(35, 2.2677289922172674)	(40, 3.6220530252107492)	(45, 5.609915897187794)	(50, 7.087655382693976)	(55, 9.10731691954443)	(60, 10.666216613865323)	(65, 12.77613859719933)	(70, 14.395169416091267)	(75, 16.531035771276056)	(80, 18.221284161393775)	(85, 20.39152661606986)	(90, 22.175934450466404)	(95, 24.319119637984432)	(100, 26.171545469598346)	(105, 28.237871324957894)	(110, 30.14270370572884)	(115, 32.14489510478701)	(120, 34.089509628573126)	(125, 36.00867826486483)	(130, 37.97380406743913)	(135, 39.82915124923464)	(140, 41.109444558975625)
IDDLNTM111_R1 - polyg	(1, 0.0)	(2, 0.0)	(3, 0.0002898164862687847)	(4, 0.0005216696752838125)	(5, 0.000985376053313868)	(6, 0.00119790814324431)	(7, 0.0014877246295130948)	(8, 0.0018161833139510508)	(9, 0.00208667870113525)	(10, 0.006244579224138081)	(15, 0.009386189935291708)	(20, 0.011557881472399134)	(25, 0.013575004216829875)	(30, 0.015642361818880537)	(35, 0.017821781795621803)	(40, 0.03078237506156185)	(45, 0.04989867049585089)	(50, 0.05304028120700451)	(55, 0.05598868092731228)	(60, 0.059988148437821506)	(65, 0.0655101185561961)	(70, 0.08397336084142613)	(75, 0.44084951781299075)	(80, 1.4428455805594194)	(85, 2.7039800884481275)	(90, 4.366321083048073)	(95, 6.118165137047454)	(100, 7.90110070369375)	(105, 9.787894906359329)	(110, 11.653764358716298)	(115, 13.637925308108738)	(120, 15.512856355936378)	(125, 17.589971113024756)	(130, 19.435116754503603)	(135, 21.608203274964936)	(140, 22.595754884035728)
IDDLNTM111_R2 - nextera_transposase_sequence	(1, 0.0)	(2, 0.0)	(3, 0.0)	(4, 1.9321099084585646e-05)	(5, 1.9321099084585646e-05)	(6, 1.9321099084585646e-05)	(7, 1.9321099084585646e-05)	(8, 1.9321099084585646e-05)	(9, 9.660549542292823e-05)	(10, 0.0011438090658074701)	(15, 0.0022373832739950176)	(20, 0.010974384280044647)	(25, 0.14304955340245523)	(30, 0.994742922150075)	(35, 2.3413732934880747)	(40, 3.736773983135386)	(45, 5.774964454007959)	(50, 7.2840002558113515)	(55, 9.341820963353864)	(60, 10.915640410387873)	(65, 13.046904479770712)	(70, 14.679216622173396)	(75, 16.81598720479534)	(80, 18.484058837383778)	(85, 20.625107111343052)	(90, 22.39391895455851)	(95, 24.538043147492054)	(100, 26.386539067552167)	(105, 28.446713084963182)	(110, 30.324148147232187)	(115, 32.29720332887081)	(120, 34.19552836347006)	(125, 36.07613981442857)	(130, 37.98703515609226)	(135, 39.78945798327527)	(140, 41.008781632744935)
IDDLNTM111_R2 - polyg	(1, 0.23478999607588477)	(2, 0.23764951874040346)	(3, 0.2390599589735782)	(4, 0.2409534266838676)	(5, 0.24367770165479416)	(6, 0.24512678408613808)	(7, 0.24663382981473578)	(8, 0.24790902235431844)	(9, 0.24881711401129394)	(10, 0.2523953815617592)	(15, 0.25640644173171917)	(20, 0.25902638276758905)	(25, 0.2610125917534844)	(30, 0.2628287750674355)	(35, 0.2650004666045429)	(40, 0.26721466455963644)	(45, 0.2689883414556014)	(50, 0.2708508954073554)	(55, 0.2727327704581941)	(60, 0.27464555926756806)	(65, 0.27654675541749124)	(70, 0.2782431479171179)	(75, 0.2794371918405453)	(80, 0.28077807611701555)	(85, 0.28318934928277184)	(90, 0.28578610499974016)	(95, 0.292320500710147)	(100, 0.3401711347030318)	(105, 0.9543888746020095)	(110, 2.2063188108868212)	(115, 3.5613731814257)	(120, 5.533937607147569)	(125, 7.2236256853918395)	(130, 9.220337620749623)	(135, 11.015715975206394)	(140, 12.10173176943205)
IDDLNTM112_R1 - nextera_transposase_sequence	(1, 0.0)	(2, 0.0)	(3, 0.0)	(4, 0.0)	(5, 0.0)	(6, 0.0)	(7, 0.0)	(8, 0.0)	(9, 2.0181740610546088e-05)	(10, 0.0005570160408510721)	(15, 0.0009848689417946493)	(20, 0.003790130886660556)	(25, 0.0683555554479196)	(30, 0.5338998751557525)	(35, 1.3737307198786515)	(40, 2.2423124722753336)	(45, 3.5785091909664914)	(50, 4.585150194531798)	(55, 5.979643889150578)	(60, 7.084485206178681)	(65, 8.578192337638907)	(70, 9.733181243736093)	(75, 11.283268085765938)	(80, 12.52273372171075)	(85, 14.160772589321358)	(90, 15.484674591632569)	(95, 17.124412761802585)	(100, 18.51325153270229)	(105, 20.15862040850265)	(110, 21.630426315052308)	(115, 23.25686068181185)	(120, 24.798576137836445)	(125, 26.409115365691115)	(130, 28.040159242006116)	(135, 29.661459373954337)	(140, 30.773763898660214)
IDDLNTM112_R1 - polyg	(1, 0.0)	(2, 0.0)	(3, 0.0001816356654949148)	(4, 0.0005449069964847444)	(5, 0.001150359214801127)	(6, 0.0014127218427382262)	(7, 0.002078719282886247)	(8, 0.0024016271326549846)	(9, 0.0028052619448659063)	(10, 0.007822442660647664)	(15, 0.01280733259145255)	(20, 0.01713026143023152)	(25, 0.020904246924403642)	(30, 0.024835649995338015)	(35, 0.029102069960407463)	(40, 0.05580251278815994)	(45, 0.0980428958860329)	(50, 0.10343545697717083)	(55, 0.10905808991126895)	(60, 0.11500363069513586)	(65, 0.12065048171796663)	(70, 0.12976455577768925)	(75, 0.3250915141027985)	(80, 0.9337929926574791)	(85, 1.7579426249259835)	(90, 2.849003849465204)	(95, 4.037486372279653)	(100, 5.265626015393824)	(105, 6.570880089380893)	(110, 7.904299800564038)	(115, 9.304969107809647)	(120, 10.672302215914756)	(125, 12.17588225488166)	(130, 13.571631253766418)	(135, 15.186315811142501)	(140, 15.92506842619154)
IDDLNTM112_R2 - nextera_transposase_sequence	(1, 0.0)	(2, 0.0)	(3, 0.0)	(4, 0.0)	(5, 0.0)	(6, 0.0)	(7, 2.0181740610546088e-05)	(8, 2.0181740610546088e-05)	(9, 4.0363481221092176e-05)	(10, 0.0005973795220721642)	(15, 0.0010171597267715229)	(20, 0.0038668215009806306)	(25, 0.07051096534512594)	(30, 0.5540816157662987)	(35, 1.4290932707215012)	(40, 2.329388610313596)	(45, 3.7048509235366325)	(50, 4.736335649793521)	(55, 6.165097939969009)	(60, 7.2889666020447335)	(65, 8.809115850052896)	(70, 9.98367700819419)	(75, 11.549715498002612)	(80, 12.782888467225055)	(85, 14.410025158557847)	(90, 15.73377377964042)	(95, 17.388268838544867)	(100, 18.79085137480035)	(105, 20.44661384701514)	(110, 21.908288519778306)	(115, 23.517124408725454)	(120, 25.03233720298028)	(125, 26.62447875609438)	(130, 28.223800972517715)	(135, 29.809452077851468)	(140, 30.88335075017548)
IDDLNTM112_R2 - polyg	(1, 0.21743807333802356)	(2, 0.22177714756929098)	(3, 0.22369441292729286)	(4, 0.22583367743201074)	(5, 0.23051584125365743)	(6, 0.2327761962020386)	(7, 0.23459255285698774)	(8, 0.23584382077484162)	(9, 0.2374179965424642)	(10, 0.24294779346975384)	(15, 0.24886911616488802)	(20, 0.25372080660766333)	(25, 0.2576441369823535)	(30, 0.26127281394412966)	(35, 0.26522843510379673)	(40, 0.26886518476181714)	(45, 0.2721063723038708)	(50, 0.274960070426202)	(55, 0.2774585699137876)	(60, 0.2801831048962114)	(65, 0.28283498561243714)	(70, 0.2850590134277192)	(75, 0.2873678045535658)	(80, 0.2896846683756565)	(85, 0.29265542059352884)	(90, 0.29533151939848723)	(95, 0.29944455813491655)	(100, 0.3223064338985432)	(105, 0.6622032729132383)	(110, 1.4495091195231298)	(115, 2.326139350075298)	(120, 3.639615465187103)	(125, 4.790257224356777)	(130, 6.17493452034259)	(135, 7.4343235706181305)	(140, 8.223554755282269)
IDDLNTM113_R1 - nextera_transposase_sequence	(1, 0.0)	(2, 0.0)	(3, 0.0)	(4, 0.0)	(5, 0.0)	(6, 0.0)	(7, 0.0)	(8, 0.0)	(9, 0.0)	(10, 0.0001834556064950623)	(15, 0.0003852567736396308)	(20, 0.0020547027927446974)	(25, 0.06192543997240827)	(30, 0.5627042090219798)	(35, 1.6475964563715049)	(40, 2.662683845449659)	(45, 4.335010117576698)	(50, 5.539625493724901)	(55, 7.285966930292372)	(60, 8.603884489011927)	(65, 10.452218070010328)	(70, 11.827768207510307)	(75, 13.736724693675)	(80, 15.196269980608742)	(85, 17.203540326294142)	(90, 18.73838496691378)	(95, 20.714999880753858)	(100, 22.30502796780721)	(105, 24.297080670933845)	(110, 25.946355746104775)	(115, 27.85907307220262)	(120, 29.54416785454172)	(125, 31.380576821117938)	(130, 33.088420098662425)	(135, 34.856840417471574)	(140, 36.01219796327586)
IDDLNTM113_R1 - polyg	(1, 0.0)	(2, 0.0)	(3, 0.00022931950811882787)	(4, 0.00027518340974259345)	(5, 0.000642094622732718)	(6, 0.0008255502292277803)	(7, 0.001284189245465436)	(8, 0.0015593726552080294)	(9, 0.002018011671445685)	(10, 0.0075216798662975535)	(15, 0.013401432054464302)	(20, 0.017941958315217093)	(25, 0.021711971028690623)	(30, 0.02505086306690076)	(35, 0.028729147977126758)	(40, 0.046423441223575515)	(45, 0.07239158232295158)	(50, 0.07660188849201326)	(55, 0.08421529616155835)	(60, 0.09614908336406214)	(65, 0.1078810693994214)	(70, 0.11593477052455463)	(75, 0.23506166860212332)	(80, 0.7090926102247147)	(85, 1.4316692075268167)	(90, 2.437565470719568)	(95, 3.651968203474283)	(100, 4.999715643809933)	(105, 6.496447382180223)	(110, 8.042721307084506)	(115, 9.638179680090115)	(120, 11.231757633129147)	(125, 12.912963156610548)	(130, 14.52539117321695)	(135, 16.30405748764885)	(140, 17.158832194991295)
IDDLNTM113_R2 - nextera_transposase_sequence	(1, 0.0)	(2, 0.0)	(3, 0.0)	(4, 0.0)	(5, 0.0)	(6, 0.0)	(7, 0.0)	(8, 0.0)	(9, 0.0)	(10, 0.0001834556064950623)	(15, 0.0003852567736396308)	(20, 0.00209139391404371)	(25, 0.06276016298196081)	(30, 0.576371651705862)	(35, 1.6880392448233414)	(40, 2.7248477777105107)	(45, 4.429975912278867)	(50, 5.656229877213162)	(55, 7.420696727702347)	(60, 8.741806413974915)	(65, 10.598698199016312)	(70, 11.981632424677716)	(75, 13.878884443148024)	(80, 15.310351849507697)	(85, 17.28098611057603)	(90, 18.796677985877587)	(95, 20.76284510292777)	(100, 22.340141370890365)	(105, 24.312582669682676)	(110, 25.922451480578466)	(115, 27.781040229979947)	(120, 29.41278612195028)	(125, 31.199038325710752)	(130, 32.84997367412046)	(135, 34.55245087517496)	(140, 35.64510329467924)
IDDLNTM113_R2 - polyg	(1, 0.2944003845229512)	(2, 0.2984364078658426)	(3, 0.30127996976651605)	(4, 0.30412353166718953)	(5, 0.3086640579279423)	(6, 0.3117369393367346)	(7, 0.3144429095325368)	(8, 0.3170112880234676)	(9, 0.31962553041602226)	(10, 0.3269637546758248)	(15, 0.33380664879809063)	(20, 0.3382829655965701)	(25, 0.34197042328712085)	(30, 0.3455294620531251)	(35, 0.34961134929764015)	(40, 0.35294106855552565)	(45, 0.35577545767587426)	(50, 0.35825210836355764)	(55, 0.36080214129383903)	(60, 0.3635631481715897)	(65, 0.3657646154495305)	(70, 0.3678651821438989)	(75, 0.3705161156577526)	(80, 0.3730569758077092)	(85, 0.3758455010264341)	(90, 0.3785881623435353)	(95, 0.38223892891278705)	(100, 0.40178612378483597)	(105, 0.7463065800022382)	(110, 1.7216299663725878)	(115, 2.7574753573256574)	(120, 4.363913548379996)	(125, 5.741509215892393)	(130, 7.451893353586831)	(135, 8.950441302461423)	(140, 9.914032702796414)
IDDLNTM116_R1 - nextera_transposase_sequence	(1, 2.34515636095521e-05)	(2, 2.34515636095521e-05)	(3, 2.34515636095521e-05)	(4, 2.34515636095521e-05)	(5, 2.34515636095521e-05)	(6, 2.34515636095521e-05)	(7, 2.34515636095521e-05)	(8, 2.34515636095521e-05)	(9, 2.34515636095521e-05)	(10, 0.0012710747476377242)	(15, 0.0018808154014860786)	(20, 0.006299089985525695)	(25, 0.1098189820708106)	(30, 0.8630503730205709)	(35, 2.2194231478189574)	(40, 3.569393645751937)	(45, 5.67719673141487)	(50, 7.201970494180729)	(55, 9.345110395890535)	(60, 10.984463808139944)	(65, 13.242300617151349)	(70, 14.947088582184128)	(75, 17.238414224029974)	(80, 18.99176099667269)	(85, 21.293025411176266)	(90, 23.132978808229062)	(95, 25.430275218169896)	(100, 27.35464486359163)	(105, 29.604775488800943)	(110, 31.608181593899594)	(115, 33.771330369681074)	(120, 35.78718456474367)	(125, 37.84321597858216)	(130, 39.87524706222263)	(135, 41.82625768390482)	(140, 43.14102738485986)
IDDLNTM116_R1 - polyg	(1, 0.0)	(2, 0.0)	(3, 0.0002579671997050731)	(4, 0.0005393859630196984)	(5, 0.0011725781804776052)	(6, 0.0014070938165731263)	(7, 0.0019933829068119286)	(8, 0.0023920594881743145)	(9, 0.0027438329423175962)	(10, 0.007335649097067898)	(15, 0.011345866474301306)	(20, 0.014000583474902606)	(25, 0.01597520513082689)	(30, 0.018611160880540552)	(35, 0.02138782601191152)	(40, 0.0356932798137383)	(45, 0.058023858682753816)	(50, 0.06244213326679343)	(55, 0.06905547420468712)	(60, 0.08019027660650246)	(65, 0.0919066777858347)	(70, 0.10350582114711918)	(75, 0.272999651978796)	(80, 0.8591433425232193)	(85, 1.7139622167168374)	(90, 2.958846258115414)	(95, 4.445131314685275)	(100, 6.103260048760491)	(105, 7.956336940809192)	(110, 9.82860659251595)	(115, 11.804550916627814)	(120, 13.715018475141813)	(125, 15.749483831084953)	(130, 17.62950656972103)	(135, 19.727413095540733)	(140, 20.771636178070537)
IDDLNTM116_R2 - nextera_transposase_sequence	(1, 2.34515636095521e-05)	(2, 2.34515636095521e-05)	(3, 2.34515636095521e-05)	(4, 2.34515636095521e-05)	(5, 2.34515636095521e-05)	(6, 2.34515636095521e-05)	(7, 2.34515636095521e-05)	(8, 2.34515636095521e-05)	(9, 2.34515636095521e-05)	(10, 0.0012757650603596345)	(15, 0.0018948863396518099)	(20, 0.006392896239963903)	(25, 0.11223918343531636)	(30, 0.8907888824579491)	(35, 2.2941445197917125)	(40, 3.6899393730177565)	(45, 5.85472506793918)	(50, 7.4141555514072355)	(55, 9.595788849625759)	(60, 11.249100632535573)	(65, 13.535463923521636)	(70, 15.260420233258632)	(75, 17.55650654251722)	(80, 19.288474869773466)	(85, 21.564885317163636)	(90, 23.390012635702472)	(95, 25.690479697043322)	(100, 27.61552005718429)	(105, 29.86104010498796)	(110, 31.835441316214315)	(115, 33.96266229654596)	(120, 35.92793615921548)	(125, 37.94160466854967)	(130, 39.92369799263996)	(135, 41.81921283419651)	(140, 43.078294452204304)
IDDLNTM116_R2 - polyg	(1, 0.24577238662810605)	(2, 0.25053305404084514)	(3, 0.2532065322923341)	(4, 0.2560207199254803)	(5, 0.2605234201385143)	(6, 0.2629623827539077)	(7, 0.26495576566071966)	(8, 0.26711330951279844)	(9, 0.2693177564920963)	(10, 0.27426603641371183)	(15, 0.2797302507347375)	(20, 0.2835434749776506)	(25, 0.2864514688652351)	(30, 0.2890592827386173)	(35, 0.2915920516084489)	(40, 0.2940966786019491)	(45, 0.29666696997355607)	(50, 0.2991246938398371)	(55, 0.3011227670593709)	(60, 0.3030926984025733)	(65, 0.30505793943305376)	(70, 0.3067511423256634)	(75, 0.3085428417854332)	(80, 0.3101469287363266)	(85, 0.31277350386059644)	(90, 0.3153813177339786)	(95, 0.3196307410600295)	(100, 0.3541795845696216)	(105, 0.8915627840570644)	(110, 2.1597670603089787)	(115, 3.5211772309706975)	(120, 5.586021742413654)	(125, 7.348575598929483)	(130, 9.455656376433243)	(135, 11.332677314927297)	(140, 12.500340047672339)
IDDLNTM117_R1 - nextera_transposase_sequence	(1, 0.0)	(2, 2.594038432754612e-05)	(3, 2.594038432754612e-05)	(4, 7.782115298263836e-05)	(5, 0.00018158269029282283)	(6, 0.00018158269029282283)	(7, 0.00020752307462036895)	(8, 0.00044098653356828405)	(9, 0.0009857346044467525)	(10, 0.01822052595166839)	(15, 0.030381378124422015)	(20, 0.1009599758028095)	(25, 0.6950777861334638)	(30, 3.2929294553842254)	(35, 6.076358634114252)	(40, 9.269251591377728)	(45, 13.057507497419579)	(50, 16.27922022167096)	(55, 19.901924594934414)	(60, 23.022734412228505)	(65, 26.51657733230644)	(70, 29.489418009319344)	(75, 32.748308492388965)	(80, 35.59152506891712)	(85, 38.646290667713274)	(90, 41.34986496732938)	(95, 44.120038609668036)	(100, 46.65035189428359)	(105, 49.14247574509214)	(110, 51.517390563355114)	(115, 53.79518977077261)	(120, 56.01051415657564)	(125, 58.087918706985974)	(130, 60.17208332155208)	(135, 62.07951090961774)	(140, 63.28190479204502)
IDDLNTM117_R1 - polyg	(1, 0.0)	(2, 0.0)	(3, 0.0002594038432754612)	(4, 0.0004928673022233762)	(5, 0.0015564230596527672)	(6, 0.0016601845969629516)	(7, 0.0022568134364965124)	(8, 0.0023346345894791507)	(9, 0.0024383961267893353)	(10, 0.004726338024478903)	(15, 0.008108964140790917)	(20, 0.012456572554087646)	(25, 0.01699095173454271)	(30, 0.021924812833641984)	(35, 0.027693954308088242)	(40, 0.04619463641049413)	(45, 0.07007016614556758)	(50, 0.0766019549192437)	(55, 0.08845671055693227)	(60, 0.107699287651106)	(65, 0.13437637889355442)	(70, 0.2541379452569693)	(75, 1.566679887615879)	(80, 4.089434144238394)	(85, 6.8648321799806125)	(90, 10.370861892615627)	(95, 13.935138144219717)	(100, 17.55135223332442)	(105, 21.152557216057204)	(110, 24.64753632496868)	(115, 28.1111327569207)	(120, 31.369530372688097)	(125, 34.67666997060695)	(130, 37.68116310457633)	(135, 40.83422200766642)	(140, 42.44321585019739)
IDDLNTM117_R2 - nextera_transposase_sequence	(1, 0.0)	(2, 2.594038432754612e-05)	(3, 2.594038432754612e-05)	(4, 7.782115298263836e-05)	(5, 0.00018158269029282283)	(6, 0.00018158269029282283)	(7, 0.00023346345894791507)	(8, 0.00044098653356828405)	(9, 0.0009597942201192064)	(10, 0.018407296718826727)	(15, 0.030573336968445858)	(20, 0.1022673711729178)	(25, 0.7111193198016184)	(30, 3.3847272874425456)	(35, 6.2587869809361525)	(40, 9.551918771318132)	(45, 13.429549677522113)	(50, 16.715506357599093)	(55, 20.395528604072688)	(60, 23.542195796464483)	(65, 27.06878066964065)	(70, 30.067909332131087)	(75, 33.325082561758215)	(80, 36.124989072613104)	(85, 39.133938764609944)	(90, 41.81288007526862)	(95, 44.582026478387895)	(100, 47.107686058055094)	(105, 49.58872298860206)	(110, 51.92300997693121)	(115, 54.162241020930516)	(120, 56.32371316886956)	(125, 58.35909948474614)	(130, 60.38739369954758)	(135, 62.24361496895066)	(140, 63.39259241197066)
IDDLNTM117_R2 - polyg	(1, 0.11706895447021563)	(2, 0.11844379483957558)	(3, 0.11948141021267743)	(4, 0.12051902558577927)	(5, 0.1250326524587723)	(6, 0.12627779090649452)	(7, 0.12793797550345745)	(8, 0.1287421274176114)	(9, 0.1293128158728174)	(10, 0.13279401544957412)	(15, 0.13789389500836968)	(20, 0.14256316418732798)	(25, 0.14711310759837953)	(30, 0.15105604601616657)	(35, 0.15475514482127464)	(40, 0.15778498171073202)	(45, 0.16111053898152344)	(50, 0.16426488971575307)	(55, 0.16714946045297618)	(60, 0.16970718234767226)	(65, 0.17215076655132705)	(70, 0.1741948688363377)	(75, 0.17652431534895136)	(80, 0.1789627114757407)	(85, 0.19415858861481722)	(90, 0.21070336573892612)	(95, 0.25854262251578664)	(100, 0.539129383633122)	(105, 2.700087911962486)	(110, 5.629115279846163)	(115, 8.801722856565497)	(120, 12.764931090666053)	(125, 16.345010224402483)	(130, 20.126298543213956)	(135, 23.62045793598069)	(140, 25.675092017028305)
IDDLNTM12.A_R1 - nextera_transposase_sequence	(1, 0.0)	(2, 0.0)	(3, 0.0)	(4, 0.0)	(5, 0.0)	(6, 0.0)	(7, 0.0)	(8, 0.0)	(9, 1.998490739793308e-05)	(10, 0.0002757917220914765)	(15, 0.0004756407960708073)	(20, 0.0023582190729561038)	(25, 0.10809037015246085)	(30, 0.9929301391589072)	(35, 2.951087338841707)	(40, 4.786201460656912)	(45, 7.565878248746546)	(50, 9.583634439271464)	(55, 12.244784738565436)	(60, 14.26274477514581)	(65, 16.80789068095774)	(70, 18.68447748260514)	(75, 21.060071434053004)	(80, 22.935994736774784)	(85, 25.425790443057405)	(90, 27.366636715952115)	(95, 29.874918461577817)	(100, 31.88022405479382)	(105, 34.335369928629895)	(110, 36.307884285787374)	(115, 38.580695858487665)	(120, 40.50541031413077)	(125, 42.6030301915993)	(130, 44.48627996137317)	(135, 46.48408721733347)	(140, 47.70345435127392)
IDDLNTM12.A_R1 - polyg	(1, 0.0)	(2, 0.0)	(3, 0.00025980379617313005)	(4, 0.0005196075923462601)	(5, 0.0008993208329069886)	(6, 0.001219079351273918)	(7, 0.0018585963880077766)	(8, 0.002258294535966438)	(9, 0.0025980379617313006)	(10, 0.008593510181111225)	(15, 0.013705649493502508)	(20, 0.01612382328865241)	(25, 0.017374878491763023)	(30, 0.018717864268904125)	(35, 0.019920955694259695)	(40, 0.029477738411951292)	(45, 0.0428276565537706)	(50, 0.04470224086769672)	(55, 0.04671272255192878)	(60, 0.04901898086565026)	(65, 0.051377199938606365)	(70, 0.05684906758416044)	(75, 0.39738389568198096)	(80, 1.687257782922337)	(85, 3.568337191752788)	(90, 5.827818831218663)	(95, 8.252371808809986)	(100, 10.658218913076844)	(105, 13.07279142791364)	(110, 15.475584838330093)	(115, 17.77302980788908)	(120, 19.988736506190527)	(125, 22.2058861148061)	(130, 24.38445286119922)	(135, 26.722802939220298)	(140, 27.831481665046557)
IDDLNTM12.A_R2 - nextera_transposase_sequence	(1, 0.0)	(2, 0.0)	(3, 0.0)	(4, 0.0)	(5, 0.0)	(6, 0.0)	(7, 0.0)	(8, 0.0)	(9, 1.998490739793308e-05)	(10, 0.00029577662948940964)	(15, 0.0004876317405095671)	(20, 0.00237420699887445)	(25, 0.11144383761383403)	(30, 1.030329894863399)	(35, 3.0629388685664583)	(40, 4.964866532794433)	(45, 7.826569374808145)	(50, 9.894443716105595)	(55, 12.61380205668679)	(60, 14.658765700143249)	(65, 17.24137931034483)	(70, 19.144062404072447)	(75, 21.533769697124733)	(80, 23.38983199887445)	(85, 25.85791210477847)	(90, 27.792451140898397)	(95, 30.315685594239234)	(100, 32.33081976491353)	(105, 34.786641128619664)	(110, 36.738067411490846)	(115, 38.987252826665305)	(120, 40.87882031489819)	(125, 42.948749104676146)	(130, 44.799715255039395)	(135, 46.75482275785326)	(140, 47.93000326153689)
IDDLNTM12.A_R2 - polyg	(1, 0.23828005090555612)	(2, 0.2426167758109076)	(3, 0.24507491942085338)	(4, 0.24755304793819707)	(5, 0.2501710708073263)	(6, 0.25244935025069065)	(7, 0.25412808247211705)	(8, 0.25606661848971657)	(9, 0.25836488284047887)	(10, 0.26392868106006345)	(15, 0.26867709505781234)	(20, 0.2711472296121969)	(25, 0.27275801314847026)	(30, 0.27408501099969307)	(35, 0.275352054128722)	(40, 0.2765951153688734)	(45, 0.2776743003683618)	(50, 0.2788294280159624)	(55, 0.28007648623759335)	(60, 0.28109171953340834)	(65, 0.28209895886626424)	(70, 0.28343395068044613)	(75, 0.2845451115317712)	(80, 0.2855483538831474)	(85, 0.2868034060677377)	(90, 0.2882862861966643)	(95, 0.29085634528803844)	(100, 0.3182476593676456)	(105, 0.9177988782871175)	(110, 2.6459497787271054)	(115, 4.5815679998465155)	(120, 7.28756842832293)	(125, 9.621801615420036)	(130, 12.291189693543437)	(135, 14.58955796582421)	(140, 16.0098293768546)
IDDLNTM12.B_R1 - nextera_transposase_sequence	(1, 0.0)	(2, 0.0)	(3, 0.0)	(4, 0.0)	(5, 0.0)	(6, 0.0)	(7, 0.0)	(8, 0.0)	(9, 2.1696868707908075e-05)	(10, 0.0004556342428660696)	(15, 0.0008635353745747414)	(20, 0.004065993195861974)	(25, 0.11316652780670693)	(30, 1.007693709643824)	(35, 2.842971082413386)	(40, 4.597900610983823)	(45, 7.2993864125529395)	(50, 9.240483753384712)	(55, 11.888790529750747)	(60, 13.89540807470666)	(65, 16.583042595292646)	(70, 18.580625564118584)	(75, 21.242141394153997)	(80, 23.258244810109005)	(85, 25.929298583628412)	(90, 27.956623620079153)	(95, 30.494441262237036)	(100, 32.50493386794418)	(105, 34.92804016524335)	(110, 36.93246198708603)	(115, 39.174238873845724)	(120, 41.13655575227383)	(125, 43.21278119141845)	(130, 45.142752377976805)	(135, 47.084196868707906)	(140, 48.33096837464417)
IDDLNTM12.B_R1 - polyg	(1, 0.0)	(2, 0.0)	(3, 0.00013018121224744845)	(4, 0.0003471498993265292)	(5, 0.000585815455113518)	(6, 0.0007810872734846907)	(7, 0.0013235089911823926)	(8, 0.0018442338401721864)	(9, 0.002104596264667083)	(10, 0.007624279663958897)	(15, 0.011729327223495106)	(20, 0.013586579184892037)	(25, 0.014827640074984378)	(30, 0.01598625286398667)	(35, 0.01703638130944942)	(40, 0.02321131014372006)	(45, 0.030366937443588142)	(50, 0.03227192251614247)	(55, 0.034515378740540156)	(60, 0.03829497326945776)	(65, 0.0424868083038256)	(70, 0.048071582309241134)	(75, 0.23918194126223705)	(80, 1.0027945566895784)	(85, 2.16955668957856)	(90, 3.7668107338748875)	(95, 5.671665625216969)	(100, 7.793176768728737)	(105, 10.105182080122198)	(110, 12.458945185030895)	(115, 14.83332031521211)	(120, 17.146319343192392)	(125, 19.502590606123725)	(130, 21.725708185794627)	(135, 24.08360237450531)	(140, 25.239403249323058)
IDDLNTM12.B_R2 - nextera_transposase_sequence	(1, 0.0)	(2, 0.0)	(3, 0.0)	(4, 0.0)	(5, 0.0)	(6, 0.0)	(7, 0.0)	(8, 0.0)	(9, 2.1696868707908075e-05)	(10, 0.00044261612164132473)	(15, 0.0008635353745747414)	(20, 0.004144101923210442)	(25, 0.1154663958897452)	(30, 1.035947372075262)	(35, 2.9299711865583555)	(40, 4.733727348469069)	(45, 7.493985627994168)	(50, 9.46789731305978)	(55, 12.15317989307783)	(60, 14.167790564465738)	(65, 16.871693397208915)	(70, 18.876531798930777)	(75, 21.528227626188986)	(80, 23.509954523363188)	(85, 26.12966916614594)	(90, 28.127174026244536)	(95, 30.650263833923493)	(100, 32.645121676039714)	(105, 35.04763764493508)	(110, 37.00823613136152)	(115, 39.20084357425536)	(120, 41.10252638339235)	(125, 43.125885232243284)	(130, 44.9927879608415)	(135, 46.869792751510104)	(140, 48.05205512740401)
IDDLNTM12.B_R2 - polyg	(1, 0.21206519475109353)	(2, 0.2149942720266611)	(3, 0.21668662778587794)	(4, 0.2189864958689162)	(5, 0.22185048253836007)	(6, 0.22360792890370063)	(7, 0.22508331597583836)	(8, 0.22647191557314447)	(9, 0.2279039089078664)	(10, 0.2316053947094355)	(15, 0.23481219190446434)	(20, 0.23673019509824345)	(25, 0.23785843227105463)	(30, 0.23884347011039364)	(35, 0.23978077483857527)	(40, 0.24074411580920643)	(45, 0.24190272859820872)	(50, 0.2428704089425814)	(55, 0.2438814830243699)	(60, 0.24477539401513573)	(65, 0.24576477122821636)	(70, 0.24697979587585922)	(75, 0.24799520933138924)	(80, 0.24875026036242448)	(85, 0.2500911268485732)	(90, 0.2515317989307783)	(95, 0.2543523918628064)	(100, 0.28652016940915087)	(105, 0.8978511421231689)	(110, 2.5660409289731305)	(115, 4.367102339790321)	(120, 7.010826737485246)	(125, 9.237276956189683)	(130, 11.871919044643478)	(135, 14.14238787058252)	(140, 15.580629903492328)
IDDLNTM120_R1 - nextera_transposase_sequence	(1, 0.0)	(2, 0.0)	(3, 0.0)	(4, 0.0)	(5, 1.9619204965071438e-05)	(6, 1.9619204965071438e-05)	(7, 1.9619204965071438e-05)	(8, 2.942880744760716e-05)	(9, 7.847681986028575e-05)	(10, 0.0021875413536054655)	(15, 0.003611895634069652)	(20, 0.013395993150150779)	(25, 0.14944340805994216)	(30, 0.9786137913397495)	(35, 2.2318552518600723)	(40, 3.558998333642826)	(45, 5.522003772184538)	(50, 6.988276445977097)	(55, 8.980528233360241)	(60, 10.51692779337995)	(65, 12.588486292993403)	(70, 14.178369767668391)	(75, 16.26291225712773)	(80, 17.908180747419117)	(85, 19.990678915721094)	(90, 21.712941013977407)	(95, 23.74709157548396)	(100, 25.531921280294377)	(105, 27.505823225273694)	(110, 29.362900652367994)	(115, 31.26683266475988)	(120, 33.1681572848119)	(125, 35.00340834638256)	(130, 36.92819753557281)	(135, 38.699782315111314)	(140, 39.94876248431322)
IDDLNTM120_R1 - polyg	(1, 0.0)	(2, 0.0)	(3, 0.000245240062063393)	(4, 0.0005002897266093217)	(5, 0.0010986754780440006)	(6, 0.0012654387202471079)	(7, 0.0018343956642341795)	(8, 0.002099254931262644)	(9, 0.002373923800773644)	(10, 0.006262450224850803)	(15, 0.010327549493613605)	(20, 0.013955140491655313)	(25, 0.017780885459844242)	(30, 0.021985281083859057)	(35, 0.02660952769412639)	(40, 0.042067499286106175)	(45, 0.06260488304354296)	(50, 0.06748810315934924)	(55, 0.07419590933690719)	(60, 0.08546714258934071)	(65, 0.0975466870863352)	(70, 0.11330483251428056)	(75, 0.3219786203637734)	(80, 0.9227010191097922)	(85, 1.741789092958049)	(90, 2.9396141471340314)	(95, 4.382957856083911)	(100, 5.977357671741861)	(105, 7.751850017456188)	(110, 9.500941378502237)	(115, 11.373135403022124)	(120, 13.138522475712161)	(125, 15.041699148712889)	(130, 16.77012363924873)	(135, 18.70346091604226)	(140, 19.66144511336124)
IDDLNTM120_R2 - nextera_transposase_sequence	(1, 0.0)	(2, 0.0)	(3, 0.0)	(4, 0.0)	(5, 1.9619204965071438e-05)	(6, 1.9619204965071438e-05)	(7, 1.9619204965071438e-05)	(8, 2.942880744760716e-05)	(9, 0.00010790562730789292)	(10, 0.0022365893660181444)	(15, 0.003698220135915966)	(20, 0.013707938509095413)	(25, 0.15373020434481027)	(30, 1.0135281284955906)	(35, 2.3185387851572474)	(40, 3.6949084141178616)	(45, 5.715684563599725)	(50, 7.2217430231409505)	(55, 9.262101101098448)	(60, 10.822161422306035)	(65, 12.9296054097211)	(70, 14.54448571344209)	(75, 16.646169502279406)	(80, 18.284551651628057)	(85, 20.35834477868703)	(90, 22.081699666659897)	(95, 24.138932222807853)	(100, 25.941387821358898)	(105, 27.926780734686254)	(110, 29.77577897317594)	(115, 31.669905306926275)	(120, 33.54587210456094)	(125, 35.364331088602)	(130, 37.26086469880155)	(135, 39.00127456165056)	(140, 40.20886409413765)
IDDLNTM120_R2 - polyg	(1, 0.15835641287557412)	(2, 0.16149548566998556)	(3, 0.16308464127215633)	(4, 0.1645560816445367)	(5, 0.16891154514678255)	(6, 0.1702946990968201)	(7, 0.17202118913374637)	(8, 0.1732081510341332)	(9, 0.17448339935686283)	(10, 0.17928421881181583)	(15, 0.1843008495213846)	(20, 0.18921153652414197)	(25, 0.193343341089786)	(30, 0.1966589867288831)	(35, 0.20032385421635843)	(40, 0.20383961574609924)	(45, 0.20711406105476965)	(50, 0.21051995503670606)	(55, 0.2134942265094109)	(60, 0.21676670989758481)	(65, 0.21968604759638746)	(70, 0.22234052602816162)	(75, 0.22537169319526512)	(80, 0.22826356400711667)	(85, 0.23271123777269836)	(90, 0.23767293470836495)	(95, 0.24586199086078575)	(100, 0.2859263693199582)	(105, 0.8422563929915098)	(110, 2.0256142454262482)	(115, 3.3371227827723366)	(120, 5.2303525188557725)	(125, 6.968315866845633)	(130, 8.895094443419342)	(135, 10.725262168983548)	(140, 11.744262093743897)
IDDLNTM121_R1 - nextera_transposase_sequence	(1, 0.0)	(2, 0.0)	(3, 0.0)	(4, 1.3136706611888352e-05)	(5, 1.3136706611888352e-05)	(6, 1.3136706611888352e-05)	(7, 1.3136706611888352e-05)	(8, 1.3136706611888352e-05)	(9, 1.3136706611888352e-05)	(10, 0.00022857869504685734)	(15, 0.00042300195290280495)	(20, 0.0015475040388804478)	(25, 0.05966429408987452)	(30, 0.5635226761888522)	(35, 1.6624870045129838)	(40, 2.680009006526053)	(45, 4.3561424218674665)	(50, 5.5468745278996066)	(55, 7.2593677198014035)	(60, 8.560358831768445)	(65, 10.365865161165058)	(70, 11.708026711653757)	(75, 13.51198816435281)	(80, 14.866059453055849)	(85, 16.743294827894694)	(90, 18.235051938596932)	(95, 20.237727097531376)	(100, 21.869243002536173)	(105, 23.939143943886297)	(110, 25.667317108800045)	(115, 27.702715803904702)	(120, 29.49138613010752)	(125, 31.497918226103216)	(130, 33.369176399433655)	(135, 35.358893510966126)	(140, 36.64435703571792)
IDDLNTM121_R1 - polyg	(1, 0.0)	(2, 0.0)	(3, 0.00018391389256643692)	(4, 0.00034155437190909715)	(5, 0.0007619289834895243)	(6, 0.000932706169444073)	(7, 0.0013005339545769468)	(8, 0.0015238579669790487)	(9, 0.0017865920992168158)	(10, 0.006702347713385437)	(15, 0.010753708032491805)	(20, 0.014250699332576486)	(25, 0.01785803896820103)	(30, 0.02110017816001507)	(35, 0.024189931555131213)	(40, 0.0403112979092406)	(45, 0.06381549337923123)	(50, 0.06804288556693691)	(55, 0.07221773092819503)	(60, 0.07802415525064968)	(65, 0.08455309843675819)	(70, 0.0909979667005506)	(75, 0.25302610605158155)	(80, 0.8873608855611568)	(85, 1.7973300432013732)	(90, 3.0020685058231082)	(95, 4.359242684627873)	(100, 5.785479157432656)	(105, 7.303648930448757)	(110, 8.8709946509958)	(115, 10.473289265813115)	(120, 12.052783812634832)	(125, 13.679725516397369)	(130, 15.219978093228054)	(135, 16.949979887702177)	(140, 17.776000235409782)
IDDLNTM121_R2 - nextera_transposase_sequence	(1, 0.0)	(2, 0.0)	(3, 0.0)	(4, 1.3136706611888352e-05)	(5, 1.3136706611888352e-05)	(6, 1.3136706611888352e-05)	(7, 1.3136706611888352e-05)	(8, 1.3136706611888352e-05)	(9, 1.3136706611888352e-05)	(10, 0.00021544198843496896)	(15, 0.00041249258761329427)	(20, 0.001571150110781847)	(25, 0.06114085991305076)	(30, 0.5807212524851365)	(35, 1.713943484311751)	(40, 2.760190209002375)	(45, 4.474803665351332)	(50, 5.688133534097242)	(55, 7.426700461282316)	(60, 8.737533593842983)	(65, 10.554587088351445)	(70, 11.903033239283271)	(75, 13.702241831530145)	(80, 15.035291762312838)	(85, 16.882207618291446)	(90, 18.356650549679216)	(95, 20.354743625347435)	(100, 21.977820510024753)	(105, 24.030086736419076)	(110, 25.722036746521205)	(115, 27.71297294442727)	(120, 29.4490228786255)	(125, 31.404027556606724)	(130, 33.21641752026797)	(135, 35.13719582284258)	(140, 36.35678139127707)
IDDLNTM121_R2 - polyg	(1, 0.24027036393143794)	(2, 0.244618613819973)	(3, 0.2467730337043227)	(4, 0.24961056233249057)	(5, 0.25334138701026687)	(6, 0.25557462713428786)	(7, 0.25753199641945923)	(8, 0.2593974087583474)	(9, 0.26135477804351875)	(10, 0.26712704692878253)	(15, 0.27296499934710566)	(20, 0.27690075664802744)	(25, 0.2805842891820009)	(30, 0.28325892264818137)	(35, 0.2859966123060989)	(40, 0.2883533374722717)	(45, 0.29086507577646475)	(50, 0.2931140799484201)	(55, 0.2956415823005473)	(60, 0.2979588973468844)	(65, 0.3000187329436285)	(70, 0.3022046809238467)	(75, 0.30423561576604474)	(80, 0.3063795262851049)	(85, 0.3086232757744154)	(90, 0.31089067133562737)	(95, 0.3134654658315575)	(100, 0.32786855096083184)	(105, 0.6586928609093385)	(110, 1.6359902672768052)	(115, 2.690457942965149)	(120, 4.303185730173622)	(125, 5.695792234051972)	(130, 7.372590366747948)	(135, 8.86730323643786)	(140, 9.802426559898521)
IDDLNTM124_R1 - nextera_transposase_sequence	(1, 0.0)	(2, 0.0)	(3, 0.0)	(4, 3.176560540955554e-05)	(5, 4.764840811433331e-05)	(6, 4.764840811433331e-05)	(7, 4.764840811433331e-05)	(8, 7.941401352388885e-05)	(9, 0.00019059363245733325)	(10, 0.0039548178734896645)	(15, 0.006248294584059575)	(20, 0.022318514360753723)	(25, 0.225704156116515)	(30, 1.386022307714055)	(35, 2.944922569748534)	(40, 4.615459875434356)	(45, 6.901258839176775)	(50, 8.664516770492549)	(55, 10.913270685206344)	(60, 12.703459496788337)	(65, 14.982933928493717)	(70, 16.774307597157485)	(75, 19.002108918543136)	(80, 20.81159851197198)	(85, 23.043885136841464)	(90, 24.924752045625574)	(95, 27.098558190936064)	(100, 29.02145099567702)	(105, 31.113832364641194)	(110, 33.074062461980546)	(115, 35.051436456559415)	(120, 37.0045955301346)	(125, 38.880290998358035)	(130, 40.82742413658703)	(135, 42.63244748589528)	(140, 43.86849166422866)
IDDLNTM124_R1 - polyg	(1, 0.0)	(2, 0.0)	(3, 0.00030177325139077763)	(4, 0.0006511949108958886)	(5, 0.0013182726244965548)	(6, 0.0014612178488395548)	(7, 0.0019059363245733324)	(8, 0.002144178365144999)	(9, 0.002334771997602332)	(10, 0.005730515215883819)	(15, 0.008834014864397395)	(20, 0.011359380494457061)	(25, 0.013703682173682258)	(30, 0.016270343090774346)	(35, 0.019186425667371547)	(40, 0.03367471829466982)	(45, 0.05423659467627513)	(50, 0.058080232930831345)	(55, 0.06329614533908037)	(60, 0.0698684490983174)	(65, 0.07822280332103052)	(70, 0.10797446934762023)	(75, 0.6167292290265207)	(80, 1.8566043393722924)	(85, 3.344301996881253)	(90, 5.282543942156103)	(95, 7.31781392915444)	(100, 9.372194104367168)	(105, 11.505241801376659)	(110, 13.573023885511674)	(115, 15.731525362135844)	(120, 17.747189617475403)	(125, 19.921370596929727)	(130, 21.86477445308363)	(135, 24.085530163189443)	(140, 25.14034838610077)
IDDLNTM124_R2 - nextera_transposase_sequence	(1, 0.0)	(2, 0.0)	(3, 0.0)	(4, 3.176560540955554e-05)	(5, 4.764840811433331e-05)	(6, 4.764840811433331e-05)	(7, 4.764840811433331e-05)	(8, 7.941401352388885e-05)	(9, 0.000206476435162111)	(10, 0.0039834069183582645)	(15, 0.006343591400288241)	(20, 0.022760056275946544)	(25, 0.23075171081609333)	(30, 1.4232770097383818)	(35, 3.030619820022433)	(40, 4.748497407450114)	(45, 7.084149312322291)	(50, 8.877206558072768)	(55, 11.157246417554436)	(60, 12.955367100807194)	(65, 15.244958877835519)	(70, 17.04384511217865)	(75, 19.264454700499577)	(80, 21.044364162171043)	(85, 23.23882748067937)	(90, 25.09889744760184)	(95, 27.270823069072087)	(100, 29.18523763372923)	(105, 31.26098335514042)	(110, 33.180292999591174)	(115, 35.11973886131105)	(120, 37.021548833741676)	(125, 38.854538622052516)	(130, 40.74355340862417)	(135, 42.48970873798744)	(140, 43.66336526729645)
IDDLNTM124_R2 - polyg	(1, 0.19216602992510623)	(2, 0.19510434842549013)	(3, 0.19653380066892012)	(4, 0.19815384654480744)	(5, 0.2016957115479729)	(6, 0.20307751538328855)	(7, 0.20437990520508034)	(8, 0.20530110776195745)	(9, 0.2062699587269489)	(10, 0.20954816920521502)	(15, 0.2131376826164948)	(20, 0.21606011831417393)	(25, 0.21882372598480523)	(30, 0.22150474308137175)	(35, 0.22369656985463102)	(40, 0.2260027528073648)	(45, 0.22848682315039204)	(50, 0.23080571234528957)	(55, 0.23274976739635442)	(60, 0.23457311314686285)	(65, 0.23658387596928776)	(70, 0.23847710605169725)	(75, 0.24039257205789344)	(80, 0.2423270974273354)	(85, 0.2468886383641476)	(90, 0.2516598322966628)	(95, 0.2639658278323246)	(100, 0.3436530255627356)	(105, 1.2449290181664323)	(110, 2.79554798687064)	(115, 4.464868669869275)	(120, 6.769406164242793)	(125, 8.773711039087896)	(130, 11.036263932791602)	(135, 13.076645005700339)	(140, 14.303003850944345)
IDDLNTM126_R1 - nextera_transposase_sequence	(1, 0.0)	(2, 0.0)	(3, 0.0)	(4, 0.0)	(5, 0.0)	(6, 0.0)	(7, 0.0)	(8, 0.0)	(9, 0.00017791251685721096)	(10, 0.003380337820287008)	(15, 0.0053551667574020505)	(20, 0.021794283315008343)	(25, 0.2225270456677709)	(30, 1.3754001549024981)	(35, 2.9046649848003407)	(40, 4.543962775957139)	(45, 6.804092225104405)	(50, 8.536592453425468)	(55, 10.778260513740184)	(60, 12.5728284887755)	(65, 14.863653777497863)	(70, 16.669536988605294)	(75, 18.952018180287055)	(80, 20.823201215498315)	(85, 23.084054175547465)	(90, 25.01603584818606)	(95, 27.22351505317805)	(100, 29.224704694874106)	(105, 31.388310673209105)	(110, 33.486349958664995)	(115, 35.60830068638649)	(120, 37.77353752945935)	(125, 39.86249141572107)	(130, 42.103898537677715)	(135, 44.19101399459858)	(140, 45.63891943053762)
IDDLNTM126_R1 - polyg	(1, 0.0)	(2, 0.0)	(3, 0.00011860834457147399)	(4, 0.0003558250337144219)	(5, 0.0006819979812859754)	(6, 0.0007709542397145809)	(7, 0.0011267792734290028)	(8, 0.0012750397041433454)	(9, 0.0015715605655720302)	(10, 0.005040854644287644)	(15, 0.007638377390402924)	(20, 0.009642858413660835)	(25, 0.011036506462375655)	(30, 0.012584345359033388)	(35, 0.01429823593809119)	(40, 0.022594889640865794)	(45, 0.03274183351895539)	(50, 0.03530377376169923)	(55, 0.039520300411215126)	(60, 0.046126785203846235)	(65, 0.05330259005042041)	(70, 0.0708684858814557)	(75, 0.3762138081462583)	(80, 1.1559747174452712)	(85, 2.1731420892385467)	(90, 3.6588776566786585)	(95, 5.421812786216761)	(100, 7.390539324003602)	(105, 9.484053701114089)	(110, 11.533908346587816)	(115, 13.644923384939824)	(120, 15.641214502005075)	(125, 17.76472492945769)	(130, 19.711846957280834)	(135, 21.85106705997194)	(140, 22.917711902703203)
IDDLNTM126_R2 - nextera_transposase_sequence	(1, 0.0)	(2, 0.0)	(3, 0.0)	(4, 2.9652086142868497e-05)	(5, 2.9652086142868497e-05)	(6, 2.9652086142868497e-05)	(7, 2.9652086142868497e-05)	(8, 2.9652086142868497e-05)	(9, 0.00020756460300007945)	(10, 0.0034040594892013032)	(15, 0.00540261009523064)	(20, 0.022132317097037044)	(25, 0.23061020435031682)	(30, 1.4311816593544622)	(35, 3.029950979171189)	(40, 4.740366333733045)	(45, 7.08659951062197)	(50, 8.876316404364314)	(55, 11.185810646522224)	(60, 13.0181020055485)	(65, 15.364258087013454)	(70, 17.210165683996532)	(75, 19.527233068955333)	(80, 21.399210780075222)	(85, 23.663301747931175)	(90, 25.606070849508548)	(95, 27.850508414669)	(100, 29.883022520166385)	(105, 32.076067089624026)	(110, 34.17965724560586)	(115, 36.30428852191467)	(120, 38.46130580670872)	(125, 40.55147542850229)	(130, 42.77705426687589)	(135, 44.84538216201663)	(140, 46.255030476414134)
IDDLNTM126_R2 - polyg	(1, 0.11614722142161589)	(2, 0.11792634659018801)	(3, 0.11890486543290267)	(4, 0.11982408010333159)	(5, 0.1215142490134751)	(6, 0.12234450742547541)	(7, 0.1232044179236186)	(8, 0.12388641590490457)	(9, 0.12450910971390482)	(10, 0.12638312155813408)	(15, 0.12854179342933494)	(20, 0.13014300608104984)	(25, 0.13166712330879324)	(30, 0.13289471967510802)	(35, 0.13395033394179415)	(40, 0.13514234780473747)	(45, 0.13643517876056652)	(50, 0.13778138347145275)	(55, 0.13889630191042462)	(60, 0.14017134161456796)	(65, 0.1411320692055969)	(70, 0.14190895386254004)	(75, 0.1427332818573118)	(80, 0.14378889612399792)	(85, 0.14722853811657063)	(90, 0.15046061550614334)	(95, 0.1613607223722618)	(100, 0.2353426772987187)	(105, 1.1196746335891714)	(110, 2.65319750305713)	(115, 4.285770201076727)	(120, 6.565564913753943)	(125, 8.546697884382958)	(130, 10.782210171614414)	(135, 12.834217558542116)	(140, 14.054436485824525)
IDDLNTM127_R1 - nextera_transposase_sequence	(1, 0.0)	(2, 0.0)	(3, 0.0)	(4, 4.407808697576278e-05)	(5, 4.407808697576278e-05)	(6, 4.407808697576278e-05)	(7, 4.407808697576278e-05)	(8, 6.611713046364418e-05)	(9, 0.0003085466088303395)	(10, 0.003936173166935617)	(15, 0.0057786372025225)	(20, 0.01627362971145162)	(25, 0.1768412849467603)	(30, 1.174923447382445)	(35, 2.7019602847620736)	(40, 4.254734317126848)	(45, 6.549562943728593)	(50, 8.240235271197042)	(55, 10.511565869632005)	(60, 12.255823927436891)	(65, 14.582393184469879)	(70, 16.350559196650416)	(75, 18.636193134309018)	(80, 20.43401929121554)	(85, 22.714266886645706)	(90, 24.631553474873947)	(95, 26.881792708691005)	(100, 28.889430559602168)	(105, 31.058663085175176)	(110, 33.112816541271854)	(115, 35.144900099219775)	(120, 37.18906986861644)	(125, 39.11037637837688)	(130, 41.141454955941754)	(135, 42.98056464910978)	(140, 44.263126784887035)
IDDLNTM127_R1 - polyg	(1, 0.0)	(2, 0.0)	(3, 0.00013223426092728836)	(4, 0.00037466373929398363)	(5, 0.0006391322611485604)	(6, 0.0007493274785879673)	(7, 0.001123991217881951)	(8, 0.0014986549571759345)	(9, 0.0016529282615911044)	(10, 0.005928502698240094)	(15, 0.009097717151797437)	(20, 0.011116493535287372)	(25, 0.012346272161911155)	(30, 0.013545196127651904)	(35, 0.015048258893525412)	(40, 0.03019789738709508)	(45, 0.05190194741396068)	(50, 0.054617157571667664)	(55, 0.0584387277124663)	(60, 0.06427907423675486)	(65, 0.07004889582188221)	(70, 0.09080526697876891)	(75, 0.49836448258276433)	(80, 1.636253521288173)	(85, 3.02884337777433)	(90, 4.869253374508143)	(95, 6.844000156917988)	(100, 8.831542807976899)	(105, 10.939691920618891)	(110, 12.987202809008327)	(115, 15.172246144379539)	(120, 17.166418139719603)	(125, 19.385939354723256)	(130, 21.28681567117042)	(135, 23.575252975160673)	(140, 24.623540078661755)
IDDLNTM127_R2 - nextera_transposase_sequence	(1, 0.0)	(2, 0.0)	(3, 0.0)	(4, 4.407808697576278e-05)	(5, 4.407808697576278e-05)	(6, 4.407808697576278e-05)	(7, 4.407808697576278e-05)	(8, 6.611713046364418e-05)	(9, 0.0002644685218545767)	(10, 0.0040331449582822945)	(15, 0.005893240228659484)	(20, 0.016727634007301977)	(25, 0.18215710223603726)	(30, 1.2163304022874764)	(35, 2.800871511935685)	(40, 4.407645608654468)	(45, 6.771403547668908)	(50, 8.50521069105184)	(55, 10.8294702563273)	(60, 12.597900737029693)	(65, 14.958458606929693)	(70, 16.74746914644107)	(75, 19.043263083147583)	(80, 20.824013389159695)	(85, 23.08353106028516)	(90, 24.994655531954187)	(95, 27.25829891202058)	(100, 29.275805846605614)	(105, 31.44303722702992)	(110, 33.472599518402816)	(115, 35.47757946066935)	(120, 37.47446225835842)	(125, 39.359937691216246)	(130, 41.34502960063931)	(135, 43.137839671247995)	(140, 44.36783428049796)
IDDLNTM127_R2 - polyg	(1, 0.14944675389132372)	(2, 0.1527526104145059)	(3, 0.15414107015424244)	(4, 0.15559564702444262)	(5, 0.15766731711230347)	(6, 0.15850480076484297)	(7, 0.1591880111129673)	(8, 0.15998141667853102)	(9, 0.1608409393745584)	(10, 0.16292583288851198)	(15, 0.1652487480721347)	(20, 0.16688404509893545)	(25, 0.1680080363168174)	(30, 0.16897775423028422)	(35, 0.16965214896101338)	(40, 0.17040147643960135)	(45, 0.17129185379651174)	(50, 0.1719706563359385)	(55, 0.1728257712232683)	(60, 0.17387923750198903)	(65, 0.17473876019801637)	(70, 0.17593768416375716)	(75, 0.17682806152066755)	(80, 0.17779337162543674)	(85, 0.18141659037484448)	(90, 0.18518967461996977)	(95, 0.19222453730130148)	(100, 0.25225007614489525)	(105, 0.9927971998072905)	(110, 2.480697103761139)	(115, 4.024986104383081)	(120, 6.294967913356585)	(125, 8.23396295942039)	(130, 10.477899026799918)	(135, 12.484866890789046)	(140, 13.677871169448949)
IDDLNTM128_R1 - nextera_transposase_sequence	(1, 0.0)	(2, 0.0)	(3, 0.0)	(4, 0.0)	(5, 0.0)	(6, 0.0)	(7, 0.0)	(8, 0.0)	(9, 0.0)	(10, 0.0001520490170254651)	(15, 0.00028620991440087544)	(20, 0.0012476963455913166)	(25, 0.06601163353861442)	(30, 0.6397238789850818)	(35, 1.8754888487698118)	(40, 3.01507387122611)	(45, 4.899864542213949)	(50, 6.218120575764907)	(55, 8.129645041569754)	(60, 9.556871027998934)	(65, 11.564870595106436)	(70, 13.032461123525962)	(75, 15.04968201631307)	(80, 16.570230322956583)	(85, 18.688814245740726)	(90, 20.333823616879407)	(95, 22.52130810452565)	(100, 24.283278945996216)	(105, 26.463022349863895)	(110, 28.28320560470565)	(115, 30.375708649040014)	(120, 32.21123096648169)	(125, 34.226636215124316)	(130, 36.122267086620084)	(135, 38.09385091414999)	(140, 39.39073511674905)
IDDLNTM128_R1 - polyg	(1, 0.0)	(2, 0.0)	(3, 0.00022360149562568394)	(4, 0.0005366435895016415)	(5, 0.0008273255338150305)	(6, 0.0011180074781284197)	(7, 0.0016099307685049243)	(8, 0.0019453330119434502)	(9, 0.0022807352553819763)	(10, 0.008268783308237793)	(15, 0.012758701340401527)	(20, 0.01476664277112017)	(25, 0.016501790377175474)	(30, 0.018192217684105647)	(35, 0.01990053311068587)	(40, 0.03660803686383697)	(45, 0.06267997125379172)	(50, 0.0651887800347119)	(55, 0.06761709227720683)	(60, 0.07127968477555553)	(65, 0.07591717979483222)	(70, 0.08040262579708343)	(75, 0.2791396351091914)	(80, 1.0734123958408333)	(85, 2.1702269242138508)	(90, 3.607877212369098)	(95, 5.182434224266039)	(100, 6.803075504411434)	(105, 8.514990915071232)	(110, 10.251515906339595)	(115, 12.043672949719626)	(120, 13.773758217913969)	(125, 15.622692153063275)	(130, 17.329343984516044)	(135, 19.30304308219457)	(140, 20.191595177541824)
IDDLNTM128_R2 - nextera_transposase_sequence	(1, 0.0)	(2, 0.0)	(3, 0.0)	(4, 0.0)	(5, 0.0)	(6, 0.0)	(7, 0.0)	(8, 0.0)	(9, 2.2360149562568394e-05)	(10, 0.0001922972862380882)	(15, 0.0003667064528261216)	(20, 0.0013460810036666174)	(25, 0.06751423558921901)	(30, 0.659244289553204)	(35, 1.9338890873973278)	(40, 3.107157439154679)	(45, 5.038018962301235)	(50, 6.381881839131245)	(55, 8.323261576632033)	(60, 9.759038084253937)	(65, 11.779528030907093)	(70, 13.254613681459992)	(75, 15.263843056793439)	(80, 16.758471478064024)	(85, 18.834682917427095)	(90, 20.457211394195575)	(95, 22.63515257000851)	(100, 24.38420818909173)	(105, 26.541452810469558)	(110, 28.32176344661134)	(115, 30.36410820344695)	(120, 32.13996022576596)	(125, 34.102653657829784)	(130, 35.939481808005915)	(135, 37.84298345214771)	(140, 39.07369055610139)
IDDLNTM128_R2 - polyg	(1, 0.26787459175956935)	(2, 0.2717205374843311)	(3, 0.27424723438490134)	(4, 0.27672921098634645)	(5, 0.27990435222423116)	(6, 0.28254284987261424)	(7, 0.28471178438018335)	(8, 0.286388795597376)	(9, 0.288199967711944)	(10, 0.2926675255945452)	(15, 0.296844401532833)	(20, 0.2994113467026158)	(25, 0.30129407129578406)	(30, 0.3031097154402646)	(35, 0.3048493350762324)	(40, 0.30624908043884924)	(45, 0.30755938520321574)	(50, 0.30874000110011934)	(55, 0.30987589669789783)	(60, 0.3110833447742765)	(65, 0.31205824729520454)	(70, 0.313194142892983)	(75, 0.3143076783411989)	(80, 0.31521997244335165)	(85, 0.3164274205197304)	(90, 0.31769747701488427)	(95, 0.31926715951417656)	(100, 0.3351339216437751)	(105, 0.7084813388899796)	(110, 1.8081624384369182)	(115, 2.9766591342776176)	(120, 4.7794238326101315)	(125, 6.316035670699394)	(130, 8.169289586744188)	(135, 9.802649319960773)	(140, 10.819360848540844)
IDDLNTM129_R1 - nextera_transposase_sequence	(1, 0.0)	(2, 0.0)	(3, 0.0)	(4, 0.0)	(5, 2.0352331420621227e-05)	(6, 2.0352331420621227e-05)	(7, 2.0352331420621227e-05)	(8, 2.0352331420621227e-05)	(9, 2.0352331420621227e-05)	(10, 0.00028493263988869715)	(15, 0.000447751291253667)	(20, 0.0017095958393321827)	(25, 0.0609918668013177)	(30, 0.5351726956378033)	(35, 1.5458287693230122)	(40, 2.5033611875341153)	(45, 4.06014765209399)	(50, 5.205177958750708)	(55, 6.84527058628147)	(60, 8.117832672086085)	(65, 9.883165406246782)	(70, 11.23294016699495)	(75, 13.074455748129315)	(80, 14.509177069760872)	(85, 16.46437263327826)	(90, 17.988778538547926)	(95, 19.973688505939425)	(100, 21.590347459072476)	(105, 23.605932460381133)	(110, 25.296694252216675)	(115, 27.262314279887704)	(120, 28.981406517060748)	(125, 30.88768321677553)	(130, 32.66680669070684)	(135, 34.562646714869125)	(140, 35.7841203783417)
IDDLNTM129_R1 - polyg	(1, 0.0)	(2, 0.0)	(3, 0.00014246631994434858)	(4, 0.0004681036226742882)	(5, 0.0009362072453485764)	(6, 0.0011804352223960311)	(7, 0.001953823816379638)	(8, 0.0023608704447920623)	(9, 0.0027475647417838658)	(10, 0.00905271701589232)	(15, 0.014120447539627008)	(20, 0.0163022174679176)	(25, 0.017584414347416737)	(30, 0.018777060968665143)	(35, 0.020189512769256256)	(40, 0.03410643699467705)	(45, 0.05446283888158241)	(50, 0.0563271124397113)	(55, 0.05989284090460414)	(60, 0.06678821078991062)	(65, 0.07441219414007533)	(70, 0.0794270086021164)	(75, 0.20411353181741027)	(80, 0.6881367481289085)	(85, 1.4204502668394172)	(90, 2.426156653523131)	(95, 3.6219375338103106)	(100, 4.939356158065975)	(105, 6.356782068456288)	(110, 7.822174353538722)	(115, 9.33376236047968)	(120, 10.860052891638896)	(125, 12.473996843760442)	(130, 14.035737065788098)	(135, 15.758036830393033)	(140, 16.578113672655544)
IDDLNTM129_R2 - nextera_transposase_sequence	(1, 0.0)	(2, 0.0)	(3, 0.0)	(4, 0.0)	(5, 0.0)	(6, 0.0)	(7, 0.0)	(8, 0.0)	(9, 0.0)	(10, 0.00028493263988869715)	(15, 0.00045182175753779116)	(20, 0.0016973844404798099)	(25, 0.06206646990032649)	(30, 0.5482266810109898)	(35, 1.5832485658729663)	(40, 2.5629283911359897)	(45, 4.144267908321702)	(50, 5.303060461485044)	(55, 6.958470253642966)	(60, 8.227849234813396)	(65, 9.996698851843574)	(70, 11.345228049908801)	(75, 13.168072402197888)	(80, 14.567160861978223)	(85, 16.471894854971318)	(90, 17.965572810262135)	(95, 19.928518541584495)	(100, 21.5204738348392)	(105, 23.501895412625203)	(110, 25.144690829768624)	(115, 27.053959322202235)	(120, 28.70748041800432)	(125, 30.55270826438981)	(130, 32.265397658097925)	(135, 34.08343071923919)	(140, 35.23654090146989)
IDDLNTM129_R2 - polyg	(1, 0.21219340739139692)	(2, 0.2162231690126799)	(3, 0.2182380498233214)	(4, 0.22027328296538354)	(5, 0.22228816377602503)	(6, 0.22399775961535723)	(7, 0.2256259461290069)	(8, 0.2270506093284504)	(9, 0.2282921015451083)	(10, 0.23172757508890918)	(15, 0.23525259889096076)	(20, 0.23740587555526252)	(25, 0.23849676051940777)	(30, 0.23952658848929126)	(35, 0.240666319048846)	(40, 0.2416595128221723)	(45, 0.2426242133315098)	(50, 0.24358484337456304)	(55, 0.2447734195295274)	(60, 0.24581952936454732)	(65, 0.24700810551951155)	(70, 0.2488276039485151)	(75, 0.24978009305900017)	(80, 0.2507610754334741)	(85, 0.251705423611391)	(90, 0.25273932204755856)	(95, 0.2543308743646511)	(100, 0.2711459705843683)	(105, 0.6027139426902769)	(110, 1.5076070909150858)	(115, 2.489692561752026)	(120, 3.9851533812752855)	(125, 5.280457162209303)	(130, 6.882425802522957)	(135, 8.308025209211792)	(140, 9.223574838168437)
IDDLNTM13.A_R1 - nextera_transposase_sequence	(1, 0.0)	(2, 0.0)	(3, 0.0)	(4, 0.0)	(5, 0.0)	(6, 0.0)	(7, 0.0)	(8, 0.0)	(9, 0.0)	(10, 0.00021355969422894388)	(15, 0.00045033239870016426)	(20, 0.002182022962773992)	(25, 0.09569795602480913)	(30, 0.8227944332415877)	(35, 2.3556098533657357)	(40, 3.8871764135388487)	(45, 6.204823709954366)	(50, 7.989175309063822)	(55, 10.340880734106804)	(60, 12.25786683113858)	(65, 14.735827818889309)	(70, 16.716417563984923)	(75, 19.26169628143825)	(80, 21.283108426345933)	(85, 23.865077627788203)	(90, 25.902882800528978)	(95, 28.453727997838406)	(100, 30.501969739984112)	(105, 33.001918091036316)	(110, 35.091562558250146)	(115, 37.53922128243061)	(120, 39.67511999385319)	(125, 42.06112032022812)	(130, 44.23259529114803)	(135, 46.55356204802818)	(140, 47.989138168247436)
IDDLNTM13.A_R1 - polyg	(1, 0.0)	(2, 0.0)	(3, 0.00013927806145365906)	(4, 0.00025534311266504163)	(5, 0.0008124553584796778)	(6, 0.0009285204096910603)	(7, 0.0013463545940520375)	(8, 0.0016249107169593556)	(9, 0.0016945497476861852)	(10, 0.004823663528345059)	(15, 0.0077670732270657215)	(20, 0.010677984711447194)	(25, 0.01375602986957306)	(30, 0.017098703344460876)	(35, 0.02070136253406219)	(40, 0.036244794192290535)	(45, 0.05644011310307111)	(50, 0.06042346566064575)	(55, 0.06444395903460805)	(60, 0.06911441669535409)	(65, 0.07401700445852288)	(70, 0.08066056798986242)	(75, 0.3370343383096611)	(80, 1.2349367874911588)	(85, 2.6105072762341255)	(90, 4.353335442622198)	(95, 6.331548175469003)	(100, 8.39916349596291)	(105, 10.543446746685008)	(110, 12.783107613890571)	(115, 15.010753426994734)	(120, 17.305754110617887)	(125, 19.60264433327476)	(130, 21.840188173946228)	(135, 24.19346744108364)	(140, 25.350626716457025)
IDDLNTM13.A_R2 - nextera_transposase_sequence	(1, 0.0)	(2, 0.0)	(3, 0.0)	(4, 0.0)	(5, 0.0)	(6, 0.0)	(7, 0.0)	(8, 0.0)	(9, 0.0)	(10, 0.00017177627579284616)	(15, 0.0004271193884578878)	(20, 0.002098456125901796)	(25, 0.0975085708237067)	(30, 0.8440761210317069)	(35, 2.418015710101072)	(40, 3.9853395912513876)	(45, 6.345740609931129)	(50, 8.154985841224402)	(55, 10.536269283918097)	(60, 12.459049348306346)	(65, 14.945534153418034)	(70, 16.93325029265803)	(75, 19.47131440652805)	(80, 21.454007250351616)	(85, 23.985381374669824)	(90, 25.993436753484097)	(95, 28.53318613189772)	(100, 30.569208545451886)	(105, 33.0499179536153)	(110, 35.09582910953268)	(115, 37.49097536194306)	(120, 39.56113018575746)	(125, 41.8885223038727)	(130, 43.988909752226654)	(135, 46.233835330155166)	(140, 47.597673963521686)
IDDLNTM13.A_R2 - polyg	(1, 0.11701678463131589)	(2, 0.11889703846094028)	(3, 0.11968628080917768)	(4, 0.12061480121886874)	(5, 0.12379498362206062)	(6, 0.12493242112393217)	(7, 0.1260002195950769)	(8, 0.12695195301501022)	(9, 0.1276715563325208)	(10, 0.13061960863328992)	(15, 0.13422226782289123)	(20, 0.13719817573595108)	(25, 0.139909455332249)	(30, 0.14275537038795208)	(35, 0.14512774003471274)	(40, 0.14747225406918268)	(45, 0.1498121255016041)	(50, 0.15182237218858527)	(55, 0.15378155025303342)	(60, 0.1557175153072393)	(65, 0.15737492423853783)	(70, 0.1591623260271931)	(75, 0.16127935256128872)	(80, 0.16314567858476775)	(85, 0.16490986736318078)	(90, 0.16675298037641753)	(95, 0.169408548748134)	(100, 0.19573210236287553)	(105, 0.7062697644274081)	(110, 2.056839841139443)	(115, 3.639284677161578)	(120, 5.886197288766829)	(125, 7.910278929852373)	(130, 10.269421803376982)	(135, 12.396286011213277)	(140, 13.76654536321281)
IDDLNTM13.B_R1 - nextera_transposase_sequence	(1, 0.0)	(2, 0.0)	(3, 0.0)	(4, 0.0)	(5, 0.0)	(6, 0.0)	(7, 0.0)	(8, 0.0)	(9, 2.4047970892336032e-05)	(10, 0.00019238376713868826)	(15, 0.0005098169829175238)	(20, 0.0022989860173073247)	(25, 0.08945364212531157)	(30, 0.8823777671699506)	(35, 2.6024521715918914)	(40, 4.137164816375706)	(45, 6.610691006419605)	(50, 8.32937062852979)	(55, 10.751010916576385)	(60, 12.551896122384933)	(65, 15.045694751891071)	(70, 16.874793037150507)	(75, 19.3616995181989)	(80, 21.20647227088596)	(85, 23.72450163586322)	(90, 25.605596443786066)	(95, 28.076087779903354)	(100, 29.97295324713739)	(105, 32.3817471091333)	(110, 34.3093122160085)	(115, 36.582893956865156)	(120, 38.503898777280924)	(125, 40.6242276092349)	(130, 42.53763808044287)	(135, 44.54800516069456)	(140, 45.821412553762244)
IDDLNTM13.B_R1 - polyg	(1, 0.0)	(2, 0.0)	(3, 0.00012023985446168016)	(4, 0.00026452767981569633)	(5, 0.0006252472432007368)	(6, 0.0008657269521240972)	(7, 0.0012264465155091377)	(8, 0.00151502216621717)	(9, 0.0017074059333558583)	(10, 0.005468508580917214)	(15, 0.009138228939087693)	(20, 0.012110558141380425)	(25, 0.0148424076347498)	(30, 0.018103312487750566)	(35, 0.021340169369858997)	(40, 0.030569780598337565)	(45, 0.040299589621376725)	(50, 0.04412321699325815)	(55, 0.04738412184625892)	(60, 0.04994763554338194)	(65, 0.053636594278266295)	(70, 0.060038164129806136)	(75, 0.3379749925150691)	(80, 1.4772331847569533)	(85, 3.0094929365097496)	(90, 4.970619391562288)	(95, 7.030568578199793)	(100, 9.182227106632311)	(105, 11.338680800460759)	(110, 13.587853850861697)	(115, 15.817514377680599)	(120, 18.047607767975556)	(125, 20.323541400385487)	(130, 22.473011563466805)	(135, 24.828178450372803)	(140, 25.893941233973532)
IDDLNTM13.B_R2 - nextera_transposase_sequence	(1, 0.0)	(2, 0.0)	(3, 0.0)	(4, 0.0)	(5, 0.0)	(6, 0.0)	(7, 0.0)	(8, 0.0)	(9, 2.4047970892336032e-05)	(10, 0.00021643173803102432)	(15, 0.0005531033305237287)	(20, 0.0024913697844460127)	(25, 0.09126685913059371)	(30, 0.9075559926942265)	(35, 2.681430517596502)	(40, 4.2578038671542)	(45, 6.789622338641121)	(50, 8.540021234358298)	(55, 11.001619630839599)	(60, 12.813177326130164)	(65, 15.323357433408162)	(70, 17.163104160178726)	(75, 19.647721274398172)	(80, 21.46572382588788)	(85, 23.95396256452371)	(90, 25.822797716885646)	(95, 28.297449351967305)	(100, 30.193381757930716)	(105, 32.58995925071332)	(110, 34.48590608545927)	(115, 36.72407478437988)	(120, 38.596440178868804)	(125, 40.682553557837174)	(130, 42.5496716850774)	(135, 44.50682541533851)	(140, 45.729765736691554)
IDDLNTM13.B_R2 - polyg	(1, 0.1258670796504868)	(2, 0.12822378079793573)	(3, 0.1293540354298755)	(4, 0.13077286571252333)	(5, 0.13358647830692666)	(6, 0.13502935656046683)	(7, 0.13625580307597596)	(8, 0.13690509829006903)	(9, 0.13832392857271686)	(10, 0.1418926474531395)	(15, 0.14625975896718774)	(20, 0.14956395016779472)	(25, 0.15206974873477613)	(30, 0.154508212983259)	(35, 0.15645609862553822)	(40, 0.1588368477438795)	(45, 0.16060196880737693)	(50, 0.16248252013115763)	(55, 0.16478150614846493)	(60, 0.16651776964689163)	(65, 0.16857627595527558)	(70, 0.170278872294453)	(75, 0.17172656014217164)	(80, 0.1735157291765614)	(85, 0.17504518012531398)	(90, 0.1770074945501286)	(95, 0.18018663630209542)	(100, 0.2075387983950384)	(105, 0.751037369344368)	(110, 2.332662795744952)	(115, 3.921074559531353)	(120, 6.351208590897121)	(125, 8.328702094938985)	(130, 10.756008084927814)	(135, 12.796834325111734)	(140, 14.1389082942654)
IDDLNTM131_R1 - nextera_transposase_sequence	(1, 0.0)	(2, 0.0)	(3, 0.0)	(4, 0.0)	(5, 0.0)	(6, 0.0)	(7, 0.0)	(8, 0.0)	(9, 0.0)	(10, 0.000142418320041635)	(15, 0.00026856026064994026)	(20, 0.001619499753616306)	(25, 0.06437714975367734)	(30, 0.6358530389424585)	(35, 1.8797102316169485)	(40, 2.998096884334758)	(45, 4.857652889118386)	(50, 6.151336148333157)	(55, 8.04442963293916)	(60, 9.455347584117344)	(65, 11.480458782307087)	(70, 12.969601013041856)	(75, 15.075194838434552)	(80, 16.659098150230168)	(85, 18.857084843476162)	(90, 20.52800981791207)	(95, 22.73520894191733)	(100, 24.4939897434395)	(105, 26.705152165836772)	(110, 28.554039003901853)	(115, 30.72252069033008)	(120, 32.62567704652074)	(125, 34.724390032508)	(130, 36.670902594414194)	(135, 38.676628624698836)	(140, 39.97745314538998)
IDDLNTM131_R1 - polyg	(1, 0.0)	(2, 0.0)	(3, 0.0003051821143749321)	(4, 0.00042725496012490494)	(5, 0.0006103642287498642)	(6, 0.0009765827659997826)	(7, 0.0015259105718746606)	(8, 0.0019328200577079034)	(9, 0.002238002172082835)	(10, 0.008484062779623113)	(15, 0.013065863590105429)	(20, 0.015112618303846637)	(25, 0.016841983618637917)	(30, 0.018030159317270988)	(35, 0.01934447695651236)	(40, 0.025789923212110925)	(45, 0.032772489989009376)	(50, 0.03485586655647558)	(55, 0.03883137223306636)	(60, 0.0497528228328306)	(65, 0.06258674801601108)	(70, 0.06773008391694327)	(75, 0.10625627403563469)	(80, 0.29099724969878527)	(85, 0.616789329531171)	(90, 1.1665159067021655)	(95, 2.0202282843597423)	(100, 3.2778797086039786)	(105, 4.827720627340492)	(110, 6.475732528629135)	(115, 8.190237508997786)	(120, 9.8891700633436)	(125, 11.646522612570491)	(130, 13.385588649504038)	(135, 15.240526231623459)	(140, 16.231151443979346)
IDDLNTM131_R2 - nextera_transposase_sequence	(1, 0.0)	(2, 0.0)	(3, 0.0)	(4, 0.0)	(5, 0.0)	(6, 0.0)	(7, 0.0)	(8, 0.0)	(9, 0.0)	(10, 0.00015462560461663226)	(15, 0.00026856026064994026)	(20, 0.0015828778998913146)	(25, 0.06598851131757699)	(30, 0.657354136173887)	(35, 1.9434973626161676)	(40, 3.095690055417003)	(45, 5.001942992794854)	(50, 6.321725426430969)	(55, 8.25047638928054)	(60, 9.673186577358171)	(65, 11.715705363351859)	(70, 13.216599140037493)	(75, 15.322066823489584)	(80, 16.884062128567933)	(85, 19.04755103560499)	(90, 20.697776524496557)	(95, 22.90383630194149)	(100, 24.660362824912138)	(105, 26.86177162693399)	(110, 28.678504477428525)	(115, 30.811410067510355)	(120, 32.669086150469425)	(125, 34.73193820347021)	(130, 36.6300326056571)	(135, 38.585554143579635)	(140, 39.83326476908497)
IDDLNTM131_R2 - polyg	(1, 0.2670343500780656)	(2, 0.2714289725250646)	(3, 0.2735855927999808)	(4, 0.27600670424068857)	(5, 0.27854988852714635)	(6, 0.28103203639072916)	(7, 0.2828020926541037)	(8, 0.28473491271181167)	(9, 0.2868508420381445)	(10, 0.29146926470235185)	(15, 0.2958069198213342)	(20, 0.2979309873373837)	(25, 0.29946910519383335)	(30, 0.3007427318844914)	(35, 0.30195125305741616)	(40, 0.3030458395743076)	(45, 0.3042177388935073)	(50, 0.3051983907543654)	(55, 0.30614242076149856)	(60, 0.30695623973316505)	(65, 0.3077578514202565)	(70, 0.30872222690168133)	(75, 0.3097761224699894)	(80, 0.31069573790797256)	(85, 0.3116275606305307)	(90, 0.3124657941713472)	(95, 0.31414226125298017)	(100, 0.33367391657297574)	(105, 0.7278430664047797)	(110, 1.8703920043913669)	(115, 3.0225195916744694)	(120, 4.833938204284025)	(125, 6.318852645460987)	(130, 8.181785998977029)	(135, 9.781107111190867)	(140, 10.827881763496883)
IDDLNTM132_R1 - nextera_transposase_sequence	(1, 0.0)	(2, 0.0)	(3, 0.0)	(4, 1.8136516461246437e-05)	(5, 1.8136516461246437e-05)	(6, 1.8136516461246437e-05)	(7, 1.8136516461246437e-05)	(8, 1.8136516461246437e-05)	(9, 5.440954938373931e-05)	(10, 0.00023577471399620367)	(15, 0.00048243133786915525)	(20, 0.001693950637480417)	(25, 0.06626357654280998)	(30, 0.6361383148782187)	(35, 1.855184268820898)	(40, 2.9789482198827733)	(45, 4.79970212585364)	(50, 6.08901257187048)	(55, 7.943467752729637)	(60, 9.36040849238756)	(65, 11.343763523040085)	(70, 12.839467526385912)	(75, 14.909863326839252)	(80, 16.479843619700464)	(85, 18.620079517742774)	(90, 20.28151500851147)	(95, 22.458999684061883)	(100, 24.208208659896428)	(105, 26.388051082586806)	(110, 28.215410307852856)	(115, 30.376579373194737)	(120, 32.26764129887927)	(125, 34.360733136032216)	(130, 36.312628565231066)	(135, 38.35802861869752)	(140, 39.680449089166004)
IDDLNTM132_R1 - polyg	(1, 0.0)	(2, 0.0)	(3, 0.0002720477469186965)	(4, 0.000544095493837393)	(5, 0.0008524162736785824)	(6, 0.0011426005370585254)	(7, 0.001505330866283454)	(8, 0.0018861977119696293)	(9, 0.0023396106235007903)	(10, 0.007512145118248273)	(15, 0.011817754126148177)	(20, 0.01405580025746599)	(25, 0.01573886898506966)	(30, 0.017131753449293383)	(35, 0.01851738330693261)	(40, 0.03227574469443416)	(45, 0.05304205604256133)	(50, 0.05548685846153735)	(55, 0.0587441768179772)	(60, 0.06405817614112241)	(65, 0.06892601715932097)	(70, 0.07387728615324123)	(75, 0.24569901580379766)	(80, 0.9349483054871305)	(85, 1.912644380273419)	(90, 3.219938996013231)	(95, 4.680385611358392)	(100, 6.22455401399196)	(105, 7.8701273074636475)	(110, 9.566337754895137)	(115, 11.313344957631283)	(120, 13.071273970580393)	(125, 14.911143764901416)	(130, 16.646797508332824)	(135, 18.573040648648885)	(140, 19.474846283954733)
IDDLNTM132_R2 - nextera_transposase_sequence	(1, 0.0)	(2, 0.0)	(3, 0.0)	(4, 1.8136516461246437e-05)	(5, 1.8136516461246437e-05)	(6, 1.8136516461246437e-05)	(7, 1.8136516461246437e-05)	(8, 1.8136516461246437e-05)	(9, 5.440954938373931e-05)	(10, 0.0002502839271652008)	(15, 0.000504195157622651)	(20, 0.0017701240066176523)	(25, 0.06793213605724466)	(30, 0.6592768825794769)	(35, 1.921364417387986)	(40, 3.0800375353344682)	(45, 4.9527960886063145)	(50, 6.269568847848773)	(55, 8.156379574074792)	(60, 9.583864884403287)	(65, 11.586353939922427)	(70, 13.093872070091109)	(75, 15.160941633425455)	(80, 16.70664801265493)	(85, 18.810037763854574)	(90, 20.447946565469742)	(95, 22.61712471648091)	(100, 24.354523192795888)	(105, 26.510421786454128)	(110, 28.29526538983173)	(115, 30.405220559990333)	(120, 32.2334213196202)	(125, 34.26735909468314)	(130, 36.14850034586337)	(135, 38.11420491869581)	(140, 39.3645109724111)
IDDLNTM132_R2 - polyg	(1, 0.21729360372219356)	(2, 0.22121109127782276)	(3, 0.22300660640748618)	(4, 0.22483839457007207)	(5, 0.22754073552279777)	(6, 0.2294269332347674)	(7, 0.2314944961113495)	(8, 0.2330179634940942)	(9, 0.23506738985421505)	(10, 0.23935848964894596)	(15, 0.2432251949584837)	(20, 0.24512952918691458)	(25, 0.24678357948818022)	(30, 0.2483542018137242)	(35, 0.24975071358124018)	(40, 0.2510093878236507)	(45, 0.25212296993437117)	(50, 0.253124105643032)	(55, 0.2541288686549851)	(60, 0.25511186784718454)	(65, 0.2560404574900005)	(70, 0.2572519767896117)	(75, 0.2580499835139065)	(80, 0.2589423001237999)	(85, 0.26005588223452036)	(90, 0.2613000472637618)	(95, 0.26326241834486874)	(100, 0.2825415353431737)	(105, 0.6713231568130368)	(110, 1.7807302414441892)	(115, 2.938093902902169)	(120, 4.708290455585666)	(125, 6.19536510439923)	(130, 8.013427551327249)	(135, 9.612310196821102)	(140, 10.646262118366886)
IDDLNTM135_R1 - nextera_transposase_sequence	(1, 0.0)	(2, 0.0)	(3, 0.0)	(4, 0.0)	(5, 0.0)	(6, 0.0)	(7, 0.0)	(8, 0.0)	(9, 0.0)	(10, 0.0001950641826182208)	(15, 0.00034678076909905916)	(20, 0.0017685819224052019)	(25, 0.07130246088638031)	(30, 0.6641978765746556)	(35, 1.8941599084151992)	(40, 3.039173656105314)	(45, 4.903363036551126)	(50, 6.217436743936647)	(55, 8.087777148274354)	(60, 9.496829773556493)	(65, 11.43344865238826)	(70, 12.861305464874793)	(75, 14.808570513317898)	(80, 16.328983113076973)	(85, 18.43049624761534)	(90, 20.071983018145737)	(95, 22.23802338429421)	(100, 24.01025083953457)	(105, 26.22428999888596)	(110, 28.07356780626052)	(115, 30.191188907523536)	(120, 32.07366663877971)	(125, 34.1278268592976)	(130, 36.053556821979655)	(135, 38.07234540404944)	(140, 39.3815078287926)
IDDLNTM135_R1 - polyg	(1, 0.0)	(2, 0.0)	(3, 6.50213942060736e-05)	(4, 0.0003034331729616768)	(5, 0.0006718877401294273)	(6, 0.0008452781246789569)	(7, 0.0011053637015032514)	(8, 0.0013871230763962369)	(9, 0.0019072942300448258)	(10, 0.007681194035544162)	(15, 0.012002949370441187)	(20, 0.014161659658082831)	(25, 0.01544474850374935)	(30, 0.016931571051261564)	(35, 0.01834470268534023)	(40, 0.028964863738998925)	(45, 0.045475963107727876)	(50, 0.04746561777043374)	(55, 0.05015750349056518)	(60, 0.05579269098842489)	(65, 0.06134551805362358)	(70, 0.06614843170564555)	(75, 0.21620914001403593)	(80, 0.8167163935840357)	(85, 1.69515542930809)	(90, 2.874600172610128)	(95, 4.265494489870317)	(100, 5.745706528971583)	(105, 7.3585752165320795)	(110, 8.978483553705287)	(115, 10.65543732739529)	(120, 12.27625162932777)	(125, 13.99736793396254)	(130, 15.650060058094448)	(135, 17.481760415235293)	(140, 18.355582931970716)
IDDLNTM135_R2 - nextera_transposase_sequence	(1, 0.0)	(2, 0.0)	(3, 0.0)	(4, 0.0)	(5, 0.0)	(6, 0.0)	(7, 0.0)	(8, 0.0)	(9, 2.16737980686912e-05)	(10, 0.00021673798068691202)	(15, 0.00035111552871279744)	(20, 0.0017165648070403433)	(25, 0.07309271660685421)	(30, 0.6866822746911159)	(35, 1.9673479897335553)	(40, 3.1533035419754283)	(45, 5.077121875667824)	(50, 6.426979023664752)	(55, 8.343488952648386)	(60, 9.776842240325141)	(65, 11.744931473952645)	(70, 13.198068604506503)	(75, 15.164952774961389)	(80, 16.680311045010843)	(85, 18.77178054152418)	(90, 20.41351439335256)	(95, 22.598168217282428)	(100, 24.385367932228636)	(105, 26.610256994893223)	(110, 28.44879326794493)	(115, 30.55031073724291)	(120, 32.405509826249826)	(125, 34.44393053461024)	(130, 36.34410275460969)	(135, 38.33013789303807)	(140, 39.59807241909496)
IDDLNTM135_R2 - polyg	(1, 0.20095945569290483)	(2, 0.2041888516051398)	(3, 0.206139493431322)	(4, 0.20806846145943553)	(5, 0.21071266482381587)	(6, 0.2123598734770364)	(7, 0.21387703934184477)	(8, 0.21511244583176017)	(9, 0.21665128549463725)	(10, 0.2204181915989758)	(15, 0.2238079736169191)	(20, 0.22587998871228598)	(25, 0.22737114601941194)	(30, 0.22840715356709534)	(35, 0.22959487770125966)	(40, 0.23051384673937214)	(45, 0.23149350241207695)	(50, 0.23269423082508248)	(55, 0.23358285654589883)	(60, 0.2345668469782174)	(65, 0.23539912082405512)	(70, 0.23652182356401336)	(75, 0.23723272414066643)	(80, 0.2382037102941438)	(85, 0.23922237880337227)	(90, 0.24061383663938224)	(95, 0.24277254692702388)	(100, 0.25874180134403557)	(105, 0.6448518444185418)	(110, 1.7465656783270256)	(115, 2.9290317490798388)	(120, 4.706135808885651)	(125, 6.248352249501828)	(130, 8.063112366072183)	(135, 9.686141730167282)	(140, 10.67724983777162)
IDDLNTM136_R1 - nextera_transposase_sequence	(1, 0.0)	(2, 0.0)	(3, 0.0)	(4, 0.0)	(5, 0.0)	(6, 0.0)	(7, 0.0)	(8, 0.0)	(9, 2.4409712136264776e-05)	(10, 0.00028803460320792437)	(15, 0.0004930761851525485)	(20, 0.0018453742375016172)	(25, 0.07028044318273355)	(30, 0.6808747464441153)	(35, 1.9893964210480064)	(40, 3.1805708455280186)	(45, 5.145547790554906)	(50, 6.504026382016876)	(55, 8.502288410512774)	(60, 9.96628530559739)	(65, 12.03291405584454)	(70, 13.534687421431238)	(75, 15.590448967835323)	(80, 17.10006273296019)	(85, 19.215540199134434)	(90, 20.85378826527499)	(95, 23.09367227032292)	(100, 24.905473389752316)	(105, 27.20256399616279)	(110, 29.110578436948494)	(115, 31.350125587968943)	(120, 33.319584156144046)	(125, 35.4963641733773)	(130, 37.52730104253881)	(135, 39.64708438193389)	(140, 41.03550880824462)
IDDLNTM136_R1 - polyg	(1, 0.0)	(2, 0.0)	(3, 0.00014645827281758867)	(4, 0.0005370136669978251)	(5, 0.0007811107883604728)	(6, 0.001000798197586856)	(7, 0.0017086798495385344)	(8, 0.00219687409226383)	(9, 0.0024653809257627426)	(10, 0.007977093926131329)	(15, 0.012307376859104702)	(20, 0.014133223326897306)	(25, 0.015451347782255603)	(30, 0.01686222914373171)	(35, 0.018365867411325617)	(40, 0.03310445159920229)	(45, 0.05361837367851922)	(50, 0.05547839374330259)	(55, 0.05827086481169128)	(60, 0.062122717386793855)	(65, 0.06608685463772325)	(70, 0.07099320677711249)	(75, 0.26501136272099945)	(80, 1.0418260417454897)	(85, 2.1177866249423323)	(90, 3.559424223710129)	(95, 5.1484574282415485)	(100, 6.812491914282854)	(105, 8.577953636192769)	(110, 10.37288276259358)	(115, 12.205934977408813)	(120, 13.98659906803719)	(125, 15.827086481169129)	(130, 17.53641074710806)	(135, 19.47511307799147)	(140, 20.364070856512388)
IDDLNTM136_R2 - nextera_transposase_sequence	(1, 0.0)	(2, 0.0)	(3, 0.0)	(4, 0.0)	(5, 0.0)	(6, 0.0)	(7, 0.0)	(8, 0.0)	(9, 2.4409712136264776e-05)	(10, 0.00026362489107165956)	(15, 0.00046866647301628376)	(20, 0.0018160825829380994)	(25, 0.07207699799596264)	(30, 0.7034927857095781)	(35, 2.0556931992101015)	(40, 3.282017609166335)	(45, 5.296131304723524)	(50, 6.68189507241141)	(55, 8.708423547561106)	(60, 10.18150085556041)	(65, 12.265201758475662)	(70, 13.777236967044448)	(75, 15.831333771080839)	(80, 17.322562141024672)	(85, 19.410603090757753)	(90, 21.034625176665294)	(95, 23.276559597532664)	(100, 25.08472855179619)	(105, 27.367827511210162)	(110, 29.2398425085373)	(115, 31.441593661285953)	(120, 33.36128082641521)	(125, 35.495006993382525)	(130, 37.46931821233032)	(135, 39.524713613052356)	(140, 40.85058082910028)
IDDLNTM136_R2 - polyg	(1, 0.21812518764966204)	(2, 0.22207956101573695)	(3, 0.22373942144100295)	(4, 0.22561896927549532)	(5, 0.22805994048912182)	(6, 0.22996389803575046)	(7, 0.23150170990033514)	(8, 0.23303952176491982)	(9, 0.23467497247804955)	(10, 0.23818508908324443)	(15, 0.24147551827921293)	(20, 0.24328671891972378)	(25, 0.24449744064168252)	(30, 0.24555194020596915)	(35, 0.2466747869642373)	(40, 0.247826925377069)	(45, 0.24865197364727482)	(50, 0.2493452094719447)	(55, 0.2502337229937047)	(60, 0.2509269588183747)	(65, 0.2516592501824626)	(70, 0.25292367327112114)	(75, 0.25391958952628074)	(80, 0.25461282535095064)	(85, 0.25561850549096476)	(90, 0.2567462341916602)	(95, 0.2587673583565429)	(100, 0.27783622547739295)	(105, 0.6884222294366482)	(110, 1.8804217021868663)	(115, 3.1076932089739864)	(120, 5.0068615700815045)	(125, 6.5833042450930375)	(130, 8.53286401593466)	(135, 10.214888459820394)	(140, 11.2681821843275)
IDDLNTM137_R1 - nextera_transposase_sequence	(1, 0.0)	(2, 0.0)	(3, 0.0)	(4, 0.0)	(5, 0.0)	(6, 0.0)	(7, 0.0)	(8, 0.0)	(9, 1.7701828280228437e-05)	(10, 0.00038589985650897994)	(15, 0.0006620483776805436)	(20, 0.002124219393627413)	(25, 0.06035261333861084)	(30, 0.5261089575853573)	(35, 1.4980915658931084)	(40, 2.4350493367655996)	(45, 3.944848891883251)	(50, 5.057398178198641)	(55, 6.625500474940052)	(60, 7.849139354810843)	(65, 9.525789262566615)	(70, 10.816606580760874)	(75, 12.552359352778673)	(80, 13.91689770502877)	(85, 15.74447340070177)	(90, 17.185455328197207)	(95, 19.039810349692537)	(100, 20.538609988716853)	(105, 22.40414194458832)	(110, 23.9669230717487)	(115, 25.7990091932675)	(120, 27.421084364435323)	(125, 29.23357810241357)	(130, 30.920912833719292)	(135, 32.71460368969828)	(140, 33.868748732106546)
IDDLNTM137_R1 - polyg	(1, 0.0)	(2, 0.0)	(3, 0.0002301237676429697)	(4, 0.00047794936356616787)	(5, 0.001009004211973021)	(6, 0.0012568298078962192)	(7, 0.0018055864845833007)	(8, 0.002195026706748326)	(9, 0.0025136596157924384)	(10, 0.007356879833262939)	(15, 0.012065566155803703)	(20, 0.01652642688242127)	(25, 0.02000660632231418)	(30, 0.02340889771777409)	(35, 0.027427212737385943)	(40, 0.04651686435478429)	(45, 0.07449637413451336)	(50, 0.07944580532166523)	(55, 0.08682392734886445)	(60, 0.09893551825819676)	(65, 0.11173748047045795)	(70, 0.12033702864899291)	(75, 0.2359653709754451)	(80, 0.6679643286917959)	(85, 1.327499046756547)	(90, 2.2476613229567577)	(95, 3.362632219380882)	(100, 4.60545988110744)	(105, 5.966029483457111)	(110, 7.373696570129155)	(115, 8.824209161970668)	(120, 10.284213474136036)	(125, 11.798321654257094)	(130, 13.271637741289197)	(135, 14.874063883065968)	(140, 15.667445665123186)
IDDLNTM137_R2 - nextera_transposase_sequence	(1, 0.0)	(2, 0.0)	(3, 0.0)	(4, 0.0)	(5, 0.0)	(6, 0.0)	(7, 0.0)	(8, 0.0)	(9, 1.7701828280228437e-05)	(10, 0.00035049619994852307)	(15, 0.000601862161527767)	(20, 0.002088815737066956)	(25, 0.06149615144551359)	(30, 0.5412369400336405)	(35, 1.5448774980377524)	(40, 2.5079596270862043)	(45, 4.053877992626835)	(50, 5.188274875405682)	(55, 6.780125944967847)	(60, 8.010987170776971)	(65, 9.702665930742658)	(70, 11.00154820190139)	(75, 12.737424886717148)	(80, 14.083110791848805)	(85, 15.880473007013112)	(90, 17.301168639299405)	(95, 19.14948733735118)	(100, 20.641517797241132)	(105, 22.49342642606814)	(110, 24.025112521671463)	(115, 25.820538156821907)	(120, 27.395073297960362)	(125, 29.162530044428053)	(130, 30.80244865850235)	(135, 32.53643124769212)	(140, 33.632978081242186)
IDDLNTM137_R2 - polyg	(1, 0.23564673806640096)	(2, 0.23931101652040826)	(3, 0.24161225419683796)	(4, 0.2440020010146688)	(5, 0.24826814163020386)	(6, 0.2505870811349138)	(7, 0.25274670418510164)	(8, 0.25442837787172334)	(9, 0.2564640881239496)	(10, 0.26293233617754513)	(15, 0.26950679520082194)	(20, 0.2742048604263946)	(25, 0.2783541689752801)	(30, 0.2816077650131861)	(35, 0.2852897452954736)	(40, 0.2886884963252775)	(45, 0.2916092979915152)	(50, 0.29415128053255596)	(55, 0.29673928782712533)	(60, 0.299192761226765)	(65, 0.3015718869476277)	(70, 0.304301508868439)	(75, 0.3068930565286644)	(80, 0.3094350390697052)	(85, 0.3123098159824143)	(90, 0.3150288168062574)	(95, 0.31821160553104244)	(100, 0.33629579330212384)	(105, 0.6647532170417625)	(110, 1.5458440178618529)	(115, 2.5146934025640038)	(120, 3.977027275331051)	(125, 5.257882004569195)	(130, 6.8123432724378645)	(135, 8.197012143808236)	(140, 9.090543789543672)
IDDLNTM139_R1 - nextera_transposase_sequence	(1, 0.0)	(2, 0.0)	(3, 0.0)	(4, 0.0)	(5, 0.0)	(6, 0.0)	(7, 0.0)	(8, 0.0)	(9, 3.12418868725028e-05)	(10, 0.00017495456648601565)	(15, 0.0004436347935895397)	(20, 0.0020744612883341856)	(25, 0.07673632253624137)	(30, 0.6859781100595439)	(35, 1.9182768474811698)	(40, 3.082561997181357)	(45, 4.894691409824512)	(50, 6.1915671274116)	(55, 7.961332541455642)	(60, 9.298722737938991)	(65, 11.078410575253738)	(70, 12.393825228510972)	(75, 14.070677270996189)	(80, 15.290547985819932)	(85, 16.97093036152174)	(90, 18.383601008613073)	(95, 20.36194350779532)	(100, 22.084771111002112)	(105, 24.28218796931172)	(110, 26.094792258635334)	(115, 28.190866684307917)	(120, 30.02717731739039)	(125, 32.05264507873112)	(130, 33.92575240617202)	(135, 35.926289141788494)	(140, 37.236955028241105)
IDDLNTM139_R1 - polyg	(1, 0.0)	(2, 0.0)	(3, 0.00037490264247003354)	(4, 0.0005623539637050504)	(5, 0.0009372566061750839)	(6, 0.0011871917011551062)	(7, 0.0016245781173701455)	(8, 0.0019369969860951735)	(9, 0.0022806577416927044)	(10, 0.007460562585153668)	(15, 0.011709459199814047)	(20, 0.015158563510538356)	(25, 0.018638909708135167)	(30, 0.022019281867739972)	(35, 0.02528718323460376)	(40, 0.040145824631166095)	(45, 0.0624837737450056)	(50, 0.06692637005827548)	(55, 0.07123775044668088)	(60, 0.07766108238766745)	(65, 0.08485921312309211)	(70, 0.0914887415174372)	(75, 0.2649374490561982)	(80, 0.9253846891635329)	(85, 1.8826860899560145)	(90, 3.1208145634680493)	(95, 4.548393838974941)	(100, 6.022542271053986)	(105, 7.59202844511316)	(110, 9.134053000611404)	(115, 10.71002499038531)	(120, 12.223307009960852)	(125, 13.725929297735494)	(130, 15.104571281645297)	(135, 16.679674746964146)	(140, 17.483834666684995)
IDDLNTM139_R2 - nextera_transposase_sequence	(1, 0.0)	(2, 0.0)	(3, 0.0)	(4, 0.0)	(5, 0.0)	(6, 0.0)	(7, 0.0)	(8, 0.0)	(9, 3.12418868725028e-05)	(10, 0.00017495456648601565)	(15, 0.00041239290671703693)	(20, 0.002068212910959685)	(25, 0.07764858563291846)	(30, 0.699274657112481)	(35, 1.9673328582483738)	(40, 3.1615039969307968)	(45, 5.018321804556379)	(50, 6.345864558297517)	(55, 8.156775537352644)	(60, 9.507562254926924)	(65, 11.3006216198231)	(70, 12.620022737845265)	(75, 14.292151007035358)	(80, 15.494732461663862)	(85, 17.153239268177543)	(90, 18.55858056860859)	(95, 20.532680419553547)	(100, 22.24161163147945)	(105, 24.4153221460302)	(110, 26.192923025301866)	(115, 28.241397312135508)	(120, 30.02930801407509)	(125, 32.013567726630995)	(130, 33.83776275598431)	(135, 35.781976617947024)	(140, 37.039350093772526)
IDDLNTM139_R2 - polyg	(1, 0.2594951123630082)	(2, 0.26190073765219096)	(3, 0.2644313304888637)	(4, 0.2669931652124089)	(5, 0.27092964295834426)	(6, 0.27308533315254696)	(7, 0.2753035071204947)	(8, 0.2769593271247373)	(9, 0.2792087429795575)	(10, 0.28523842714595055)	(15, 0.29078698625450705)	(20, 0.2947672026420639)	(25, 0.2986099547273817)	(30, 0.30185911096212203)	(35, 0.30458965187477877)	(40, 0.30736393142905694)	(45, 0.31010696909646274)	(50, 0.31336237370857756)	(55, 0.31649905915057686)	(60, 0.3193670643654726)	(65, 0.32217258580662334)	(70, 0.32449698218993756)	(75, 0.32693384936599273)	(80, 0.3292519973719325)	(85, 0.3316076356421192)	(90, 0.33393828040280793)	(95, 0.33736239120403416)	(100, 0.36077506122628783)	(105, 0.7872955491870705)	(110, 1.9099540088183347)	(115, 3.1058559480334953)	(120, 4.87380933263893)	(125, 6.380586791367617)	(130, 8.151270716885708)	(135, 9.68183574827912)	(140, 10.645173081615368)
IDDLNTM14.A_R1 - nextera_transposase_sequence	(1, 0.0)	(2, 0.0)	(3, 0.0)	(4, 0.0)	(5, 0.0)	(6, 0.0)	(7, 2.4352562766295275e-05)	(8, 2.4352562766295275e-05)	(9, 2.4352562766295275e-05)	(10, 0.0003409358787281338)	(15, 0.0006964832951160448)	(20, 0.00257650114067404)	(25, 0.0963630908662304)	(30, 0.8372167553424653)	(35, 2.4134461214160337)	(40, 3.952469642095255)	(45, 6.3045278232900115)	(50, 8.100198132450666)	(55, 10.477738835324073)	(60, 12.38870878815803)	(65, 14.885318911420962)	(70, 16.853327436766136)	(75, 19.3895932732377)	(80, 21.35887787287183)	(85, 23.882577786955984)	(90, 25.838083706576946)	(95, 28.26712033867596)	(100, 30.181738305412306)	(105, 32.49763780141167)	(110, 34.37472846892515)	(115, 36.542764074320125)	(120, 38.39508331498773)	(125, 40.423676145982895)	(130, 42.23724558877678)	(135, 44.1353817410329)	(140, 45.30302380901357)
IDDLNTM14.A_R1 - polyg	(1, 0.0)	(2, 0.0)	(3, 0.0003409358787281338)	(4, 0.0005601089436247913)	(5, 0.0013637435149125353)	(6, 0.0015585640170428976)	(7, 0.001972557584069917)	(8, 0.0022891409000317556)	(9, 0.002581371653227299)	(10, 0.007529812407338498)	(15, 0.012151928820381342)	(20, 0.016569483706187303)	(25, 0.02057791553751951)	(30, 0.0247178512077897)	(35, 0.029305874032959735)	(40, 0.0386718696728769)	(45, 0.0482229447898179)	(50, 0.0530642342677574)	(55, 0.058835791643369384)	(60, 0.06845505393605601)	(65, 0.07884385721215759)	(70, 0.08568205683693328)	(75, 0.1561340209198255)	(80, 0.4460123165521447)	(85, 0.9898488777364974)	(90, 1.8170080246564826)	(95, 3.01430177306139)	(100, 4.631009968965094)	(105, 6.584207265635807)	(110, 8.6632829592455)	(115, 10.804116752030517)	(120, 12.95788175564444)	(125, 15.120983531822954)	(130, 17.28759694755237)	(135, 19.545259724952416)	(140, 20.787737218313907)
IDDLNTM14.A_R2 - nextera_transposase_sequence	(1, 0.0)	(2, 0.0)	(3, 0.0)	(4, 0.0)	(5, 0.0)	(6, 0.0)	(7, 2.4352562766295275e-05)	(8, 2.4352562766295275e-05)	(9, 2.4352562766295275e-05)	(10, 0.0003896410042607244)	(15, 0.0007208358578823401)	(20, 0.0026739113917392207)	(25, 0.09828694332476773)	(30, 0.8596746887255428)	(35, 2.4848624469844713)	(40, 4.067345551176424)	(45, 6.471800706419141)	(50, 8.298559497207247)	(55, 10.716632605548877)	(60, 12.644352251053492)	(65, 15.160902252709466)	(70, 17.139421344144573)	(75, 19.672039166713745)	(80, 21.60906636170764)	(85, 24.096042611140227)	(90, 26.0372292238546)	(95, 28.472349126132634)	(100, 30.38602708394621)	(105, 32.68733939484855)	(110, 34.534710194762056)	(115, 36.66517953683374)	(120, 38.4666944610583)	(125, 40.44730300237876)	(130, 42.20937164543448)	(135, 44.05182322766918)	(140, 45.16623546395528)
IDDLNTM14.A_R2 - polyg	(1, 0.21145330249974187)	(2, 0.21449737284552878)	(3, 0.21690827655939202)	(4, 0.21919741745942375)	(5, 0.22387310951055245)	(6, 0.22662494910314382)	(7, 0.2288166797521104)	(8, 0.23098405783831066)	(9, 0.23317578848727724)	(10, 0.24011626887567142)	(15, 0.24640897109448207)	(20, 0.25171782977753454)	(25, 0.25637403977845014)	(30, 0.2601389459821194)	(35, 0.2634168009304627)	(40, 0.26648522383901596)	(45, 0.26919322881862795)	(50, 0.27213988891334967)	(55, 0.27528136951020177)	(60, 0.2777896834751302)	(65, 0.280775307670278)	(70, 0.28345896008712373)	(75, 0.28613287147886296)	(80, 0.2890162149103923)	(85, 0.2920213211557532)	(90, 0.29441274281940333)	(95, 0.29781723109413144)	(100, 0.32169248363020736)	(105, 0.8211099703288376)	(110, 2.1969420973985616)	(115, 3.796963917294801)	(120, 6.05326295117993)	(125, 8.108322147389504)	(130, 10.48092902104646)	(135, 12.616609811550129)	(140, 13.974523322936413)
IDDLNTM14.B_R1 - nextera_transposase_sequence	(1, 0.0)	(2, 0.0)	(3, 0.0)	(4, 0.0)	(5, 0.0)	(6, 0.0)	(7, 0.0)	(8, 0.0)	(9, 0.0)	(10, 0.00012422003972483798)	(15, 0.00033247128279294876)	(20, 0.0020240559413988307)	(25, 0.09584306770887281)	(30, 0.8517695053320538)	(35, 2.4869765335557603)	(40, 4.0550280161858705)	(45, 6.494238290936852)	(50, 8.301924844318496)	(55, 10.751741318343628)	(60, 12.675255751707523)	(65, 15.20297280476245)	(70, 17.164684900341733)	(75, 19.727990994777826)	(80, 21.706085521478467)	(85, 24.277038455418797)	(90, 26.249364057333395)	(95, 28.72935504041992)	(100, 30.67085215129928)	(105, 33.04913249656522)	(110, 34.979442496808176)	(115, 37.23016712892962)	(120, 39.135307957005985)	(125, 41.24148430525467)	(130, 43.12253375268557)	(135, 45.1090021714759)	(140, 46.33093278106565)
IDDLNTM14.B_R1 - polyg	(1, 0.0)	(2, 0.0)	(3, 0.00021921183480853764)	(4, 0.00042015601671636384)	(5, 0.0008403120334327277)	(6, 0.0010412562153405537)	(7, 0.0014979475378583405)	(8, 0.001790229984269724)	(9, 0.002027709471978973)	(10, 0.006813834531965379)	(15, 0.011084811780151721)	(20, 0.014709114115652877)	(25, 0.018713383631488827)	(30, 0.023134155633461002)	(35, 0.0274526287791892)	(40, 0.0415077609209966)	(45, 0.05983021678041021)	(50, 0.06468941245199945)	(55, 0.06972397759143555)	(60, 0.07511658872772557)	(65, 0.08111933947089935)	(70, 0.08901096552400671)	(75, 0.34500289268283685)	(80, 1.2931927235554261)	(85, 2.7024398459890717)	(90, 4.512055463517031)	(95, 6.537302455884989)	(100, 8.655462384436543)	(105, 10.860671332590572)	(110, 13.148241820612744)	(115, 15.407555903128095)	(120, 17.724058699814417)	(125, 20.04687479734323)	(130, 22.29718292697853)	(135, 24.649314953882396)	(140, 25.78910323543881)
IDDLNTM14.B_R2 - nextera_transposase_sequence	(1, 0.0)	(2, 0.0)	(3, 0.0)	(4, 0.0)	(5, 0.0)	(6, 0.0)	(7, 0.0)	(8, 0.0)	(9, 0.0)	(10, 0.00014248769262554948)	(15, 0.0003580459968539448)	(20, 0.002115394205902388)	(25, 0.09860879035804052)	(30, 0.8811804265021992)	(35, 2.5733167682256832)	(40, 4.192802654363037)	(45, 6.699223277666315)	(50, 8.550828922151847)	(55, 11.051345440037617)	(60, 12.998998749944514)	(65, 15.56113571459496)	(70, 17.54977067701931)	(75, 20.130529687036745)	(80, 22.091397817052012)	(85, 24.639589255478057)	(90, 26.606997205231785)	(95, 29.104101325555696)	(100, 31.056705169398686)	(105, 33.44747693571814)	(110, 35.36502515364466)	(115, 37.597365219886825)	(120, 39.47439213014899)	(125, 41.55884458556815)	(130, 43.40898881782163)	(135, 45.35778202926953)	(140, 46.54037142157231)
IDDLNTM14.B_R2 - polyg	(1, 0.19166421423426475)	(2, 0.19489758879769067)	(3, 0.19705317183997462)	(4, 0.19922702253515928)	(5, 0.2035381886197272)	(6, 0.2059312511497204)	(7, 0.20825124306811077)	(8, 0.20978572591177053)	(9, 0.21161249120184167)	(10, 0.21727546360106223)	(15, 0.22345358381208288)	(20, 0.2284698812986182)	(25, 0.23252164671199602)	(30, 0.23580982423412408)	(35, 0.23915280471495426)	(40, 0.24261269817434905)	(45, 0.2458424192071948)	(50, 0.24899541609785764)	(55, 0.25188535878675017)	(60, 0.2546876167417193)	(65, 0.25736200112638347)	(70, 0.25985005545146034)	(75, 0.26249521159148337)	(80, 0.26488827412147664)	(85, 0.2672484548762485)	(90, 0.26956113973347856)	(95, 0.2731014108656365)	(100, 0.3009815027227023)	(105, 0.8292710640195378)	(110, 2.291702631108315)	(115, 3.9228286656740026)	(120, 6.3012222703879335)	(125, 8.379343157311713)	(130, 10.83446821126979)	(135, 13.001442961902626)	(140, 14.394490329743922)
IDDLNTM140_R1 - nextera_transposase_sequence	(1, 0.0)	(2, 0.0)	(3, 0.0)	(4, 0.0)	(5, 0.0)	(6, 0.0)	(7, 0.0)	(8, 0.0)	(9, 0.0)	(10, 0.00021874713848220008)	(15, 0.00032048999359020016)	(20, 0.0018161099636778005)	(25, 0.06994821288675004)	(30, 0.6279721631548425)	(35, 1.7873014742539706)	(40, 2.8860429151362847)	(45, 4.618911961907474)	(50, 5.889965102200698)	(55, 7.666415700957399)	(60, 9.070507798589844)	(65, 11.01116119120535)	(70, 12.504873482759674)	(75, 14.533875283608207)	(80, 16.111123546348956)	(85, 18.242473572293385)	(90, 19.90901645181967)	(95, 22.07071128430006)	(100, 23.81802781649659)	(105, 25.99893678716412)	(110, 27.833497817615758)	(115, 29.98721601025568)	(120, 31.90423962477235)	(125, 34.045987770508816)	(130, 36.038906467793296)	(135, 38.13885356150864)	(140, 39.493295145848386)
IDDLNTM140_R1 - polyg	(1, 0.0)	(2, 0.0)	(3, 0.00027979285154700013)	(4, 0.00038153570665500015)	(5, 0.0006358928444250003)	(6, 0.0007121999857560003)	(7, 0.0009411214097490004)	(8, 0.0010428642648570004)	(9, 0.0013226571164040005)	(10, 0.005743384170846602)	(15, 0.009182292673497003)	(20, 0.010728784071138605)	(25, 0.012036179759276405)	(30, 0.013292704019860204)	(35, 0.014411875426048205)	(40, 0.02689572374779981)	(45, 0.045285744808570824)	(50, 0.04726464334042142)	(55, 0.049604729007905426)	(60, 0.05351165464405262)	(65, 0.057973078840538414)	(70, 0.06274481874510363)	(75, 0.23845472951661967)	(80, 0.8937143264114278)	(85, 1.834423677597241)	(90, 3.0838818968937907)	(95, 4.487190574541903)	(100, 5.991896181590648)	(105, 7.58673578397957)	(110, 9.27019341316756)	(115, 10.98213904178579)	(120, 12.719276201328762)	(125, 14.525847772340189)	(130, 16.264475464710493)	(135, 18.179886454973698)	(140, 19.089833853917607)
IDDLNTM140_R2 - nextera_transposase_sequence	(1, 0.0)	(2, 0.0)	(3, 0.0)	(4, 0.0)	(5, 0.0)	(6, 0.0)	(7, 0.0)	(8, 0.0)	(9, 0.0)	(10, 0.00013226571164040005)	(15, 0.00020857285297140008)	(20, 0.0016940185375482007)	(25, 0.07151505285541324)	(30, 0.65159685411092)	(35, 1.8543296671991207)	(40, 2.991433251599907)	(45, 4.7755043902041985)	(50, 6.075976477051899)	(55, 7.890896049324935)	(60, 9.311618016624783)	(65, 11.277829214443415)	(70, 12.788191724236166)	(75, 14.828171579150853)	(80, 16.39034663790735)	(85, 18.50081902998362)	(90, 20.161379429629555)	(95, 22.330160651968217)	(100, 24.079084721275446)	(105, 26.2554864834617)	(110, 28.064881418702367)	(115, 30.185711233428634)	(120, 32.061818958763624)	(125, 34.17022597088119)	(130, 36.11874408619654)	(135, 38.1714112751432)	(140, 39.472285246268584)
IDDLNTM140_R2 - polyg	(1, 0.16863878234151006)	(2, 0.17227608941162106)	(3, 0.17380223223824107)	(4, 0.17481966078932107)	(5, 0.17672733932259607)	(6, 0.17804999643900007)	(7, 0.17960157497939708)	(8, 0.18051726067536908)	(9, 0.18140751065756408)	(10, 0.18408843488965987)	(15, 0.18664726769562606)	(20, 0.18835654766144047)	(25, 0.18956220049447028)	(30, 0.1902286161954277)	(35, 0.1909611647522053)	(40, 0.19156144759734248)	(45, 0.19222277615554448)	(50, 0.1929960218543653)	(55, 0.1939829275489129)	(60, 0.19468495324915808)	(65, 0.19532084609358308)	(70, 0.19603813322209448)	(75, 0.1967248974940735)	(80, 0.1974879689073835)	(85, 0.1983069988910029)	(90, 0.1991718131594209)	(95, 0.2010184459796311)	(100, 0.22168241985206588)	(105, 0.6126751248893546)	(110, 1.6663241323878029)	(115, 2.799098558303743)	(120, 4.483741491753742)	(125, 5.927080895744096)	(130, 7.6833609734756365)	(135, 9.248481487887513)	(140, 10.267609144647817)
IDDLNTM141_R1 - nextera_transposase_sequence	(1, 0.0)	(2, 0.0)	(3, 0.0)	(4, 0.0)	(5, 0.0)	(6, 2.0292286029511882e-05)	(7, 2.0292286029511882e-05)	(8, 2.0292286029511882e-05)	(9, 2.0292286029511882e-05)	(10, 0.00016639674544199743)	(15, 0.00036120269132531153)	(20, 0.0017045520264789983)	(25, 0.06036143402338605)	(30, 0.5326968590179224)	(35, 1.4850584854121798)	(40, 2.4419939930774897)	(45, 3.949171070261838)	(50, 5.090701445480411)	(55, 6.697882966675399)	(60, 7.982542952174532)	(65, 9.737204749774806)	(70, 11.109373189547606)	(75, 12.953398156364646)	(80, 14.405173234231219)	(85, 16.342364144666952)	(90, 17.887751596444872)	(95, 19.84062844398142)	(100, 21.41803712311391)	(105, 23.375410741234596)	(110, 25.03120852129909)	(115, 26.947912339759426)	(120, 28.65733451488551)	(125, 30.552670556156773)	(130, 32.31513270850679)	(135, 34.163402821561206)	(140, 35.34078154927951)
IDDLNTM141_R1 - polyg	(1, 0.0)	(2, 0.0)	(3, 0.0003855534345607258)	(4, 0.0004870148647082852)	(5, 0.0009334451573575467)	(6, 0.0009943220154460823)	(7, 0.001562506024272415)	(8, 0.0018465980286855813)	(9, 0.002110397747069236)	(10, 0.0061769718673834175)	(15, 0.010458644219610425)	(20, 0.014017911189186808)	(25, 0.017191624724202468)	(30, 0.020584494948336855)	(35, 0.023981423629677142)	(40, 0.03547497443679267)	(45, 0.050203115637012394)	(50, 0.05470800313556403)	(55, 0.060592766084122486)	(60, 0.06960659953843167)	(65, 0.07846215316171065)	(70, 0.0847202941732121)	(75, 0.19116550976961966)	(80, 0.582473836648315)	(85, 1.1935313873978004)	(90, 2.090990204710611)	(95, 3.1873540096846966)	(100, 4.461502591020542)	(105, 5.860960097045829)	(110, 7.3296183568889575)	(115, 8.844530853507754)	(120, 10.395551443887467)	(125, 12.011706213964704)	(130, 13.6023211128452)	(135, 15.31635775381439)	(140, 16.184538860843823)
IDDLNTM141_R2 - nextera_transposase_sequence	(1, 0.0)	(2, 0.0)	(3, 0.0)	(4, 0.0)	(5, 0.0)	(6, 2.0292286029511882e-05)	(7, 2.0292286029511882e-05)	(8, 2.0292286029511882e-05)	(9, 2.0292286029511882e-05)	(10, 0.00012581217338297366)	(15, 0.0003490273197076044)	(20, 0.0017410781413321197)	(25, 0.061940173876482076)	(30, 0.5500792312308022)	(35, 1.5359109542021367)	(40, 2.5251842488840763)	(45, 4.076249482293052)	(50, 5.247142795396329)	(55, 6.8889632488436945)	(60, 8.186853804834069)	(65, 9.962209675727241)	(70, 11.352032404345714)	(75, 13.203800907511615)	(80, 14.640226900225466)	(85, 16.557320330577575)	(90, 18.094948012177806)	(95, 20.053482349059383)	(100, 21.632680807819675)	(105, 23.58635717142578)	(110, 25.217503882421624)	(115, 27.105786325069026)	(120, 28.778666151513164)	(125, 30.642630318582803)	(130, 32.36514101819792)	(135, 34.1642956821465)	(140, 35.29431221427193)
IDDLNTM141_R2 - polyg	(1, 0.18952995151564098)	(2, 0.19375074700977946)	(3, 0.19565822189655357)	(4, 0.19746423535318014)	(5, 0.20136035427084642)	(6, 0.2034098751598271)	(7, 0.20541881147674879)	(8, 0.20708277893116878)	(9, 0.2088685001017658)	(10, 0.21363718731870113)	(15, 0.218381523792401)	(20, 0.2220544275637426)	(25, 0.22523219955596416)	(30, 0.22798789199877195)	(35, 0.23086939661496259)	(40, 0.23406340243600776)	(45, 0.23650253521675507)	(50, 0.2389294926258847)	(55, 0.2412631055192786)	(60, 0.24377934898693807)	(65, 0.24599526662136073)	(70, 0.24784186465004635)	(75, 0.25008619148491035)	(80, 0.2522655830044799)	(85, 0.25421364246331307)	(90, 0.25646202775538296)	(95, 0.2592623632274556)	(100, 0.27800431860431274)	(105, 0.6155380875048018)	(110, 1.4839627019665862)	(115, 2.454347936812256)	(120, 3.9276977731854075)	(125, 5.21842921066457)	(130, 6.8163209233152475)	(135, 8.257138166725886)	(140, 9.18674402356665)
IDDLNTM143_R1 - nextera_transposase_sequence	(1, 0.0)	(2, 0.0)	(3, 0.0)	(4, 0.0)	(5, 0.0)	(6, 1.8013659037101474e-05)	(7, 1.8013659037101474e-05)	(8, 1.8013659037101474e-05)	(9, 1.8013659037101474e-05)	(10, 7.926009976324648e-05)	(15, 0.0002485884947120003)	(20, 0.0013726408186271323)	(25, 0.05681868333482547)	(30, 0.4827840758533566)	(35, 1.3478612292556953)	(40, 2.201863585082024)	(45, 3.558414603457218)	(50, 4.571167733645714)	(55, 5.990723325869074)	(60, 7.127176252665346)	(65, 8.670734270968303)	(70, 9.888241457967919)	(75, 11.535450070370358)	(80, 12.843540743203942)	(85, 14.594832277522755)	(90, 15.971083033420921)	(95, 17.732354134846286)	(100, 19.1551882130144)	(105, 20.92872301351223)	(110, 22.42102856912282)	(115, 24.186424798467687)	(120, 25.75421118817555)	(125, 27.506626774818272)	(130, 29.16142274040714)	(135, 30.92227232221104)	(140, 32.05141530617006)
IDDLNTM143_R1 - polyg	(1, 0.0)	(2, 0.0)	(3, 0.0007205463614840589)	(4, 0.0011528741783744943)	(5, 0.0019995161531182635)	(6, 0.002359789333860293)	(7, 0.0030623220363072503)	(8, 0.0034586225351234826)	(9, 0.0039089640110510195)	(10, 0.008909555759750387)	(15, 0.01319680661058054)	(20, 0.01654734719148141)	(25, 0.01984384679527098)	(30, 0.023554660556913885)	(35, 0.02776265130798079)	(40, 0.04974652079685942)	(45, 0.08251336658534701)	(50, 0.08725095891210469)	(55, 0.09179760645306909)	(60, 0.0966973217111607)	(65, 0.10196091288180176)	(70, 0.10872324048432964)	(75, 0.29425672310286)	(80, 0.9145570720454493)	(85, 1.7830676288602596)	(90, 2.910513726137981)	(95, 4.135057048357487)	(100, 5.412949623181273)	(105, 6.746882691269482)	(110, 8.157860179059375)	(115, 9.600267899137199)	(120, 11.095178229844562)	(125, 12.667540088947847)	(130, 14.201698579965244)	(135, 15.90748761155634)	(140, 16.705939445644056)
IDDLNTM143_R2 - nextera_transposase_sequence	(1, 0.0)	(2, 0.0)	(3, 0.0)	(4, 0.0)	(5, 0.0)	(6, 1.8013659037101474e-05)	(7, 1.8013659037101474e-05)	(8, 1.8013659037101474e-05)	(9, 1.8013659037101474e-05)	(10, 0.00011889014964486973)	(15, 0.0002738076173639424)	(20, 0.0014987364318868426)	(25, 0.05872092572914338)	(30, 0.5020046500459439)	(35, 1.4033685182126199)	(40, 2.29109604648821)	(45, 3.6965613546127485)	(50, 4.742636151288076)	(55, 6.202985475766854)	(60, 7.362463461544351)	(65, 8.939883556105253)	(70, 10.183467315926974)	(75, 11.855614037900379)	(80, 13.16531152912007)	(85, 14.918404429342592)	(90, 16.306198337951734)	(95, 18.0981539061809)	(100, 19.54227292386725)	(105, 21.340345930705418)	(110, 22.837551201574104)	(115, 24.608250652139493)	(120, 26.169101783118066)	(125, 27.91916838862236)	(130, 29.562169010273728)	(135, 31.309519155995226)	(140, 32.410283421507195)
IDDLNTM143_R2 - polyg	(1, 0.1966551157080368)	(2, 0.19971743774434403)	(3, 0.2015548309661284)	(4, 0.20346427882406112)	(5, 0.2076254340616316)	(6, 0.20971501850993535)	(7, 0.21130022050520028)	(8, 0.2127413132281684)	(9, 0.2143085015643962)	(10, 0.21953606541696305)	(15, 0.22502662869147158)	(20, 0.22963091994135473)	(25, 0.23364796590662834)	(30, 0.23673910979739493)	(35, 0.23999597935130296)	(40, 0.24308712324206955)	(45, 0.24572072019329377)	(50, 0.24864974115272648)	(55, 0.25130495449479523)	(60, 0.25384848315083397)	(65, 0.2572530647088461)	(70, 0.260355016795035)	(75, 0.2628048744240808)	(80, 0.2650709927309482)	(85, 0.26749923396914943)	(90, 0.2696716812490239)	(95, 0.2723629219091669)	(100, 0.2897749247344291)	(105, 0.5974986593334262)	(110, 1.3868283764847533)	(115, 2.2624831504736784)	(120, 3.5894089051964544)	(125, 4.751488063338908)	(130, 6.167102266964948)	(135, 7.4474951376630845)	(140, 8.273241267923815)
IDDLNTM144_R1 - nextera_transposase_sequence	(1, 0.0)	(2, 0.0)	(3, 0.0)	(4, 0.0)	(5, 0.0)	(6, 0.0)	(7, 0.0)	(8, 0.0)	(9, 0.0)	(10, 0.0002105545539050851)	(15, 0.0003743192069423736)	(20, 0.0016181507383446355)	(25, 0.0713740946154182)	(30, 0.6245788908921898)	(35, 1.7629069941543818)	(40, 2.8520277183372746)	(45, 4.598718112682559)	(50, 5.867562745257063)	(55, 7.6353592840521305)	(60, 8.988995015315895)	(65, 10.814366527128785)	(70, 12.176876742923806)	(75, 13.949531633092311)	(80, 15.292756611412992)	(85, 17.147847508593745)	(90, 18.660334953303682)	(95, 20.702456781728234)	(100, 22.388862287963768)	(105, 24.509146645787972)	(110, 26.269456800444193)	(115, 28.316932173359703)	(120, 30.135012258954028)	(125, 32.13398989962006)	(130, 34.00619810220162)	(135, 35.984662270495534)	(140, 37.26591402511682)
IDDLNTM144_R1 - polyg	(1, 0.0)	(2, 0.0)	(3, 0.0002534452963672321)	(4, 0.00046789900867796696)	(5, 0.0011112601456101715)	(6, 0.0013842012340056521)	(7, 0.0019300834107966137)	(8, 0.002222520291220343)	(9, 0.0026514277158418125)	(10, 0.007681342059129957)	(15, 0.01248900437329607)	(20, 0.015939759562296076)	(25, 0.01954258192911642)	(30, 0.022544933901466703)	(35, 0.025746142952505137)	(40, 0.045733228939865624)	(45, 0.07632212663218771)	(50, 0.08070867983854366)	(55, 0.08468972057071203)	(60, 0.08967674417153801)	(65, 0.09529153227567363)	(70, 0.10134302612124199)	(75, 0.3070665227617271)	(80, 1.0302629280496098)	(85, 2.0598941924375045)	(90, 3.400007642350475)	(95, 4.887766624451778)	(100, 6.420463407178195)	(105, 8.02102894111335)	(110, 9.64330888820957)	(115, 11.292118709097828)	(120, 12.895054931343617)	(125, 14.520649163084638)	(130, 16.055221441004175)	(135, 17.812794386459625)	(140, 18.65704406360931)
IDDLNTM144_R2 - nextera_transposase_sequence	(1, 0.0)	(2, 0.0)	(3, 0.0)	(4, 0.0)	(5, 0.0)	(6, 0.0)	(7, 0.0)	(8, 0.0)	(9, 1.9495792028248622e-05)	(10, 0.0002105545539050851)	(15, 0.0003626217317254244)	(20, 0.0015830583126937882)	(25, 0.07308582515549844)	(30, 0.6441058761876837)	(35, 1.820232421034244)	(40, 2.942839117604856)	(45, 4.733504220449058)	(50, 6.029970491169186)	(55, 7.83174819546949)	(60, 9.196239183734582)	(65, 11.0384004716422)	(70, 12.40921199568285)	(75, 14.179964096549401)	(80, 15.506469483626654)	(85, 17.3371243550792)	(90, 18.83931022328141)	(95, 20.88381443749181)	(100, 22.569432313729404)	(105, 24.679816708361667)	(110, 26.413027712098618)	(115, 28.425777180253412)	(120, 30.1970400708711)	(125, 32.15930713514795)	(130, 33.98290452988626)	(135, 35.9047841113974)	(140, 37.13262129501968)
IDDLNTM144_R2 - polyg	(1, 0.23240933676875183)	(2, 0.2370883268555315)	(3, 0.23907689764241286)	(4, 0.24102647684523773)	(5, 0.24572496272404565)	(6, 0.24802546618337898)	(7, 0.2501115159304016)	(8, 0.2513397508281812)	(9, 0.2533673131991191)	(10, 0.258677966947614)	(15, 0.2644292255959474)	(20, 0.26892105607925587)	(25, 0.2727344329999813)	(30, 0.27607991091202877)	(35, 0.2794643804081327)	(40, 0.2826616903007655)	(45, 0.2853950003431259)	(50, 0.28823358766243895)	(55, 0.29082652800219605)	(60, 0.2934233675003587)	(65, 0.2963282405125678)	(70, 0.29883539936740056)	(75, 0.30127627252933725)	(80, 0.30349099450374634)	(85, 0.30595526261611694)	(90, 0.30822847196661074)	(95, 0.31125031973098927)	(100, 0.3316078257668865)	(105, 0.7252122701836037)	(110, 1.761281045099226)	(115, 2.882975338602916)	(120, 4.583519193217336)	(125, 6.044506553705448)	(130, 7.808329850085158)	(135, 9.348731369821138)	(140, 10.321696165099725)
IDDLNTM145_R1 - nextera_transposase_sequence	(1, 0.0)	(2, 0.0)	(3, 0.0)	(4, 0.0)	(5, 0.0)	(6, 0.0)	(7, 0.0)	(8, 2.106141529762202e-05)	(9, 2.106141529762202e-05)	(10, 0.00013058077484525652)	(15, 0.00033698264476195226)	(20, 0.002055594133047909)	(25, 0.07918249695293975)	(30, 0.6915684204296569)	(35, 1.9219004810216638)	(40, 3.10140292193439)	(45, 4.964647361352176)	(50, 6.31706402185838)	(55, 8.202877873909099)	(60, 9.660824861905564)	(65, 11.628854054712082)	(70, 13.100444627538348)	(75, 15.02873092967825)	(80, 16.493156409020266)	(85, 18.48123185690706)	(90, 20.05874871183119)	(95, 22.13688698381367)	(100, 23.850856536168028)	(105, 26.00145028905739)	(110, 27.77992253190225)	(115, 29.864379228474018)	(120, 31.688963333971493)	(125, 33.70048856165066)	(130, 35.54777266055591)	(135, 37.485212253784155)	(140, 38.7354389272663)
IDDLNTM145_R1 - polyg	(1, 0.0)	(2, 0.0)	(3, 0.00029485981416670824)	(4, 0.00046335113654768443)	(5, 0.0008003337813096367)	(6, 0.0010530707648811009)	(7, 0.0015164219014287854)	(8, 0.0017480974697026276)	(9, 0.0020640186991669578)	(10, 0.007118758370596242)	(15, 0.011288918599525402)	(20, 0.014254365873430583)	(25, 0.016360507403192785)	(30, 0.018744659614883596)	(35, 0.020985594202550577)	(40, 0.03452808423892154)	(45, 0.05465016041426962)	(50, 0.05801156229577009)	(55, 0.06222805763835402)	(60, 0.06977646888102175)	(65, 0.07864332472132061)	(70, 0.08521027401111916)	(75, 0.24202514775109366)	(80, 0.8223134743142351)	(85, 1.681197990151261)	(90, 2.872713862349751)	(95, 4.269970276024591)	(100, 5.794425001247889)	(105, 7.428049466524881)	(110, 9.104289599515083)	(115, 10.796982910135785)	(120, 12.479811053831082)	(125, 14.17724318289375)	(130, 15.80389210742417)	(135, 17.57006027145216)	(140, 18.4435024375429)
IDDLNTM145_R2 - nextera_transposase_sequence	(1, 0.0)	(2, 0.0)	(3, 0.0)	(4, 0.0)	(5, 0.0)	(6, 0.0)	(7, 0.0)	(8, 2.106141529762202e-05)	(9, 4.212283059524404e-05)	(10, 0.00015164219014287853)	(15, 0.0003622563431190987)	(20, 0.0020471695669288604)	(25, 0.08083792419533284)	(30, 0.7123434004792315)	(35, 1.9809440526670177)	(40, 3.1922450183960933)	(45, 5.09756174101241)	(50, 6.477059169308295)	(55, 8.395374997446302)	(60, 9.864341317926486)	(65, 11.846089916657874)	(70, 13.325629067617465)	(75, 15.247529548639127)	(80, 16.689276095988664)	(85, 18.647275842830453)	(90, 20.2081289059711)	(95, 22.284485382219405)	(100, 23.98754933373266)	(105, 26.119377365591838)	(110, 27.86400812633648)	(115, 29.907264482303038)	(120, 31.679283507500706)	(125, 33.646781952641724)	(130, 35.44046474961452)	(135, 37.31320788733154)	(140, 38.502373305582815)
IDDLNTM145_R2 - polyg	(1, 0.21246755752241092)	(2, 0.21689045473491156)	(3, 0.2194178245706262)	(4, 0.22175564166866224)	(5, 0.22504122245509128)	(6, 0.2272737324766392)	(7, 0.22885333862396084)	(8, 0.23018020778771103)	(9, 0.23201255091860415)	(10, 0.23658709032124764)	(15, 0.24120375255448642)	(20, 0.24430820516935586)	(25, 0.24701249089357055)	(30, 0.24934609570854707)	(35, 0.2513090196142854)	(40, 0.2534025242948691)	(45, 0.2557656150912623)	(50, 0.25777066182759595)	(55, 0.25959458039236993)	(60, 0.26153223059975117)	(65, 0.26318765784214426)	(70, 0.2648809956320731)	(75, 0.2668102212733353)	(80, 0.2688616031233237)	(85, 0.27062654972526434)	(90, 0.27255998764958606)	(95, 0.27526848565686024)	(100, 0.2982296406143278)	(105, 0.73547304675908)	(110, 1.8609824434148219)	(115, 3.0719211528007784)	(120, 4.889542354400857)	(125, 6.439051739262206)	(130, 8.311116699406636)	(135, 9.955158140689834)	(140, 11.01118171599566)
IDDLNTM146_R1 - nextera_transposase_sequence	(1, 0.0)	(2, 0.0)	(3, 0.0)	(4, 0.0)	(5, 0.0)	(6, 0.0)	(7, 0.0)	(8, 0.0)	(9, 0.0)	(10, 0.00012886025041412464)	(15, 0.00030067391763295747)	(20, 0.0017353180389102114)	(25, 0.07019017840057369)	(30, 0.6364107094035982)	(35, 1.8099410099250313)	(40, 2.9253037934095283)	(45, 4.733475122562206)	(50, 6.055697266036498)	(55, 7.937293165875142)	(60, 9.398164643453352)	(65, 11.439280942621322)	(70, 13.006084136723302)	(75, 15.146208061626126)	(80, 16.78202451050823)	(85, 19.00620397675619)	(90, 20.73141507669225)	(95, 22.986645567948333)	(100, 24.804339669606613)	(105, 27.08108552734017)	(110, 28.97792559480281)	(115, 31.20892176829767)	(120, 33.167812341676395)	(125, 35.36408497302633)	(130, 37.404157504165944)	(135, 39.557081547276574)	(140, 40.95094998998112)
IDDLNTM146_R1 - polyg	(1, 0.0)	(2, 0.0)	(3, 0.00019329037562118695)	(4, 0.0003865807512423739)	(5, 0.0008590683360941642)	(6, 0.0010738354201177051)	(7, 0.0014818928797624333)	(8, 0.001846996922602453)	(9, 0.0021906242570401187)	(10, 0.00596622959417397)	(15, 0.00932518678830215)	(20, 0.011850847696418995)	(25, 0.014397985312938195)	(30, 0.01726297821381223)	(35, 0.020420054348958282)	(40, 0.035750128806558645)	(45, 0.05851114437137352)	(50, 0.06249722145085044)	(55, 0.0677761963761491)	(60, 0.07637117507877118)	(65, 0.08475138669736978)	(70, 0.09171413556141297)	(75, 0.2435544639660565)	(80, 0.8182153413712061)	(85, 1.6650032956009047)	(90, 2.8368670035503145)	(95, 4.223600883723597)	(100, 5.747270256670289)	(105, 7.398472619451842)	(110, 9.10930721078337)	(115, 10.882531640023736)	(120, 12.658449248497757)	(125, 14.510235477073937)	(130, 16.291951796816594)	(135, 18.244588352708547)	(140, 19.192746370597355)
IDDLNTM146_R2 - nextera_transposase_sequence	(1, 0.0)	(2, 0.0)	(3, 0.0)	(4, 0.0)	(5, 0.0)	(6, 0.0)	(7, 0.0)	(8, 0.0)	(9, 0.0)	(10, 8.590683360941641e-05)	(15, 0.0002448344757868368)	(20, 0.0016064577884960872)	(25, 0.07198992656469097)	(30, 0.6577542622138577)	(35, 1.8693498807076232)	(40, 3.015415766524126)	(45, 4.867665892001795)	(50, 6.216016598918389)	(55, 8.13167455828317)	(60, 9.605694076745298)	(65, 11.668037954498157)	(70, 13.24864208141949)	(75, 15.392575974392892)	(80, 17.008762711795246)	(85, 19.203321501814674)	(90, 20.913378636302035)	(95, 23.176787458117733)	(100, 24.99699433465909)	(105, 27.266330727993836)	(110, 29.133855088487262)	(115, 31.32810461390569)	(120, 33.241653560505355)	(125, 35.39415236478962)	(130, 37.381576892951706)	(135, 39.479335862860054)	(140, 40.81614069133954)
IDDLNTM146_R2 - polyg	(1, 0.17204991101125874)	(2, 0.17499222006238124)	(3, 0.17662444990096016)	(4, 0.17817077290592964)	(5, 0.18124194220746628)	(6, 0.1825520214200099)	(7, 0.18431311150900292)	(8, 0.18538694692912064)	(9, 0.186804409683676)	(10, 0.19065303582937787)	(15, 0.19487106135960022)	(20, 0.19855216917976368)	(25, 0.20213877948295686)	(30, 0.20478470995812686)	(35, 0.20716432924910771)	(40, 0.20943656499807678)	(45, 0.21165725664688018)	(50, 0.21412707811315088)	(55, 0.21641649522884182)	(60, 0.21842671513530218)	(65, 0.22013196578244912)	(70, 0.2217083561791819)	(75, 0.2233577673844827)	(80, 0.22520046896540472)	(85, 0.2265964550115577)	(90, 0.22843056590911875)	(95, 0.23105072433420598)	(100, 0.2522138727938857)	(105, 0.6497992894216258)	(110, 1.7169984066430035)	(115, 2.858227737727296)	(120, 4.609515857005498)	(125, 6.122356673575723)	(130, 7.976741583868586)	(135, 9.618365334702688)	(140, 10.688313470599567)
IDDLNTM147_R1 - nextera_transposase_sequence	(1, 0.0)	(2, 0.0)	(3, 0.0)	(4, 0.0)	(5, 0.0)	(6, 0.0)	(7, 0.0)	(8, 0.0)	(9, 1.9667690763324714e-05)	(10, 0.0001652086024119276)	(15, 0.0003146830522131954)	(20, 0.0017386238634779048)	(25, 0.06257079139444124)	(30, 0.5590737776382684)	(35, 1.5939089948413614)	(40, 2.576416353999553)	(45, 4.154705268836682)	(50, 5.306492442394808)	(55, 6.958267717000024)	(60, 8.25257877844366)	(65, 10.066372556018992)	(70, 11.467459510616717)	(75, 13.385613988920403)	(80, 14.89107344486094)	(85, 16.93122267543138)	(90, 18.533258360096145)	(95, 20.595045984044386)	(100, 22.255062021079436)	(105, 24.335313673116293)	(110, 26.08954974952212)	(115, 28.150546732301684)	(120, 29.982481987837104)	(125, 32.00880089826277)	(130, 33.913302065638554)	(135, 35.93205678219665)	(140, 37.22891284282506)
IDDLNTM147_R1 - polyg	(1, 0.0)	(2, 0.0)	(3, 0.0001573415261065977)	(4, 0.0002950153614498707)	(5, 0.0005310276506097672)	(6, 0.000885046084349612)	(7, 0.001298067590379431)	(8, 0.0015930829518293018)	(9, 0.0018094275502258735)	(10, 0.006057648755104011)	(15, 0.009460159257159187)	(20, 0.011403327104575669)	(25, 0.012862669759214362)	(30, 0.014912043136752798)	(35, 0.0171895617271458)	(40, 0.03435158868722295)	(45, 0.06102491090044393)	(50, 0.0636407137719661)	(55, 0.0657608908362525)	(60, 0.06792827035837087)	(65, 0.07059520922587773)	(70, 0.07560653683237287)	(75, 0.2771531646986192)	(80, 1.0120993666806897)	(85, 2.027235424815237)	(90, 3.327749675925625)	(95, 4.729312588639824)	(100, 6.195243919684232)	(105, 7.736832923556996)	(110, 9.361824736880717)	(115, 11.047947666635002)	(120, 12.759548123004098)	(125, 14.58376184314584)	(130, 16.339508398202295)	(135, 18.329882636988906)	(140, 19.244127375045753)
IDDLNTM147_R2 - nextera_transposase_sequence	(1, 0.0)	(2, 0.0)	(3, 0.0)	(4, 0.0)	(5, 0.0)	(6, 0.0)	(7, 0.0)	(8, 0.0)	(9, 1.9667690763324714e-05)	(10, 0.0001652086024119276)	(15, 0.0003304172048238552)	(20, 0.0018054940120732087)	(25, 0.06443528847880442)	(30, 0.5789696136144477)	(35, 1.6565309222317872)	(40, 2.676450162759975)	(45, 4.306024548031549)	(50, 5.489468836642325)	(55, 7.180709299533227)	(60, 8.496694156198046)	(65, 10.342263054970607)	(70, 11.766601153588734)	(75, 13.704738005707958)	(80, 15.204399426411467)	(85, 17.237570560299076)	(90, 18.84103411931326)	(95, 20.925238977193544)	(100, 22.60000971583924)	(105, 24.695731973430522)	(110, 26.441994768000903)	(115, 28.49749659798119)	(120, 30.30833235486572)	(125, 32.32768103568487)	(130, 34.207955541578386)	(135, 36.194459178822775)	(140, 37.45469793278803)
IDDLNTM147_R2 - polyg	(1, 0.18524997929975548)	(2, 0.1884558128941774)	(3, 0.19008823122753335)	(4, 0.19154364034401938)	(5, 0.1941004401432516)	(6, 0.19589020000271415)	(7, 0.19693258761317034)	(8, 0.19773896293446666)	(9, 0.1991353689786627)	(10, 0.20276995823172514)	(15, 0.2066090914687261)	(20, 0.20889447713542442)	(25, 0.2108179772920776)	(30, 0.21234025655715896)	(35, 0.2138232004407136)	(40, 0.215203872332299)	(45, 0.21688349312348693)	(50, 0.21848444315162158)	(55, 0.21997918764963426)	(60, 0.2211710497098917)	(65, 0.2225753228303931)	(70, 0.2239048587259939)	(75, 0.22558841305533445)	(80, 0.22709889170595782)	(85, 0.22867230696702373)	(90, 0.23014345023612046)	(95, 0.2321023522361476)	(100, 0.2512390153488625)	(105, 0.6044314060766477)	(110, 1.552374765487372)	(115, 2.5744928538428997)	(120, 4.115621633751803)	(125, 5.435437756577318)	(130, 7.075793969925347)	(135, 8.5338936265078)	(140, 9.488756079529061)
IDDLNTM148_R1 - nextera_transposase_sequence	(1, 0.0)	(2, 0.0)	(3, 0.0)	(4, 0.0)	(5, 0.0)	(6, 0.0)	(7, 0.0)	(8, 0.0)	(9, 0.0)	(10, 0.00012672073802157824)	(15, 0.000368642146971864)	(20, 0.0017740903323020956)	(25, 0.0657335028319205)	(30, 0.588911589821099)	(35, 1.655134119501112)	(40, 2.726252677695595)	(45, 4.416920444144667)	(50, 5.708279645020652)	(55, 7.523283495603079)	(60, 8.990917003100625)	(65, 11.010523005285984)	(70, 12.620054939199965)	(75, 14.809944813118591)	(80, 16.568724976254263)	(85, 18.954208309309195)	(90, 20.861793179083474)	(95, 23.344114196121076)	(100, 25.380527976194934)	(105, 27.93089802955012)	(110, 30.11300033811397)	(115, 32.6920668785975)	(120, 34.98485399178965)	(125, 37.5427984892584)	(130, 39.94438111607562)	(135, 42.4591368820132)	(140, 44.06661824398465)
IDDLNTM148_R1 - polyg	(1, 0.0)	(2, 0.0)	(3, 0.0005472031869113605)	(4, 0.0009504055351618368)	(5, 0.0013824080511444898)	(6, 0.0016704097284662585)	(7, 0.0021024122444489118)	(8, 0.002419214089502857)	(9, 0.0026496154313602723)	(10, 0.006042275190210708)	(15, 0.009319734278132435)	(20, 0.012297671621639524)	(25, 0.01497032718718554)	(30, 0.017591142450813634)	(35, 0.020165877446070242)	(40, 0.03598292956458178)	(45, 0.0580323379803364)	(50, 0.06162083887976564)	(55, 0.06515749947727696)	(60, 0.0688612010476349)	(65, 0.07395307070268378)	(70, 0.08021998720120546)	(75, 0.278440021634686)	(80, 0.9809049127902121)	(85, 1.9905178327758577)	(90, 3.3147322650007114)	(95, 4.775073570028472)	(100, 6.3449476729752465)	(105, 8.001493000695238)	(110, 9.77156282958192)	(115, 11.61882862805793)	(120, 13.526355897496748)	(125, 15.55643940070307)	(130, 17.54968748937994)	(135, 19.790138937769175)	(140, 20.857628674829403)
IDDLNTM148_R2 - nextera_transposase_sequence	(1, 0.0)	(2, 0.0)	(3, 0.0)	(4, 0.0)	(5, 0.0)	(6, 0.0)	(7, 0.0)	(8, 0.0)	(9, 0.0)	(10, 0.0001555209057537551)	(15, 0.0003974423147040408)	(20, 0.0018086505335807076)	(25, 0.06686822944056826)	(30, 0.6075683384780033)	(35, 1.71062628268747)	(40, 2.8143811909560563)	(45, 4.54568599407523)	(50, 5.866381045803211)	(55, 7.714597249814384)	(60, 9.194551469067756)	(65, 11.239438258488416)	(70, 12.864752684319635)	(75, 15.054308476292565)	(80, 16.791551873998113)	(85, 19.146599189793683)	(90, 21.040434859492624)	(95, 23.53003655893292)	(100, 25.56597225622242)	(105, 28.104021597821788)	(110, 30.24666767659255)	(115, 32.7828910875577)	(120, 35.02196588792933)	(125, 37.53001121478532)	(130, 39.86679346420514)	(135, 42.3065996736365)	(140, 43.84232253768646)
IDDLNTM148_R2 - polyg	(1, 0.1235239194033066)	(2, 0.12594313349280947)	(3, 0.12712394036982871)	(4, 0.1281319462404549)	(5, 0.13098316284594042)	(6, 0.1324807715680136)	(7, 0.1336039781095685)	(8, 0.13443918297380164)	(9, 0.13527438783803478)	(10, 0.13838480595310987)	(15, 0.14165650500748517)	(20, 0.14401811876152365)	(25, 0.14616661127434408)	(30, 0.14787158120408894)	(35, 0.14974935214022686)	(40, 0.15164440317700412)	(45, 0.15313049183198443)	(50, 0.15491034219783298)	(55, 0.15662683219467072)	(60, 0.1584009225269728)	(65, 0.1603535738992144)	(70, 0.16209886406378432)	(75, 0.16379807395998275)	(80, 0.16560672449356345)	(85, 0.16712161331627598)	(90, 0.16894754395049594)	(95, 0.17137251807354525)	(100, 0.18987374582469568)	(105, 0.5562003593108926)	(110, 1.518454283477747)	(115, 2.6029706797012384)	(120, 4.244614800636599)	(125, 5.695192848803151)	(130, 7.486540241610368)	(135, 9.109147451674758)	(140, 10.174379255584785)
IDDLNTM149_R1 - nextera_transposase_sequence	(1, 0.0)	(2, 0.0)	(3, 3.0362162915472042e-05)	(4, 3.0362162915472042e-05)	(5, 3.0362162915472042e-05)	(6, 3.0362162915472042e-05)	(7, 3.0362162915472042e-05)	(8, 3.0362162915472042e-05)	(9, 6.0724325830944084e-05)	(10, 0.0003157664943209093)	(15, 0.0006436778538080072)	(20, 0.0019431784265902107)	(25, 0.07983427116994218)	(30, 0.7652054470934757)	(35, 2.172570639849185)	(40, 3.413520817665193)	(45, 5.510289281579609)	(50, 6.899947260923016)	(55, 8.965266596489588)	(60, 10.412017586979248)	(65, 12.505944152444776)	(70, 13.918841331283684)	(75, 15.875421616584784)	(80, 17.257980922238556)	(85, 19.31495066300337)	(90, 20.945921040766365)	(95, 23.315475321178546)	(100, 25.23533560664968)	(105, 27.74434937376521)	(110, 29.79109921049268)	(115, 32.210313844569406)	(120, 34.32146790127318)	(125, 36.66732754974613)	(130, 38.86993851358388)	(135, 41.1695080084759)	(140, 42.709634794795804)
IDDLNTM149_R1 - polyg	(1, 0.0)	(2, 0.0)	(3, 0.0003036216291547204)	(4, 0.0005768810953939688)	(5, 0.0007894162358022731)	(6, 0.0009715892132951053)	(7, 0.0014877459828581301)	(8, 0.0018824541007592666)	(9, 0.002094989241167571)	(10, 0.0058963320381846705)	(15, 0.009217952661137311)	(20, 0.011719794885372208)	(25, 0.014300578733187333)	(30, 0.01680242095742223)	(35, 0.019383204805237354)	(40, 0.035353702498775647)	(45, 0.05803423819663327)	(50, 0.0609247161061862)	(55, 0.06366945563374486)	(60, 0.06773798546441813)	(65, 0.07175793583442662)	(70, 0.07697415542330473)	(75, 0.31423624130996947)	(80, 1.2453526914387507)	(85, 2.4386889253707142)	(90, 4.054283903833314)	(95, 5.757115448784647)	(100, 7.529354898160752)	(105, 9.333444256435186)	(110, 11.147146275488657)	(115, 12.982733341571599)	(120, 14.684077140540078)	(125, 16.455290348809637)	(130, 18.070879254839653)	(135, 20.01619517769911)	(140, 20.902375626712995)
IDDLNTM149_R2 - nextera_transposase_sequence	(1, 0.0)	(2, 0.0)	(3, 0.0)	(4, 0.0)	(5, 0.0)	(6, 0.0)	(7, 0.0)	(8, 0.0)	(9, 0.0)	(10, 0.0002246800055744931)	(15, 0.000625460556058724)	(20, 0.001949250859173305)	(25, 0.08125522039438629)	(30, 0.7878009687351699)	(35, 2.243320551874818)	(40, 3.519381534886277)	(45, 5.667030911414442)	(50, 7.087227154218231)	(55, 9.19117930587845)	(60, 10.649030703130006)	(65, 12.76039729497418)	(70, 14.183660116232431)	(75, 16.13819399175303)	(80, 17.50186195964079)	(85, 19.531493608916517)	(90, 21.14617165005907)	(95, 23.516053841830743)	(100, 25.42609500381501)	(105, 27.918014873209124)	(110, 29.928828053909843)	(115, 32.30622791721938)	(120, 34.35996712384999)	(125, 36.66024102092165)	(130, 38.80304459624851)	(135, 41.034396383502056)	(140, 42.50569214649258)
IDDLNTM149_R2 - polyg	(1, 0.15256986865024702)	(2, 0.15600079305969536)	(3, 0.1571241930875678)	(4, 0.15818686878960933)	(5, 0.16046403100826975)	(6, 0.1615874310361422)	(7, 0.1626804689010992)	(8, 0.16383423109188713)	(9, 0.1648665446310132)	(10, 0.16851607661345291)	(15, 0.17194092859031818)	(20, 0.17447313297746853)	(25, 0.17684138168487537)	(30, 0.17882099470696416)	(35, 0.18074595583580505)	(40, 0.1825798304758996)	(45, 0.18412830078458864)	(50, 0.18565248136294535)	(55, 0.18716451707613585)	(60, 0.18876156684548967)	(65, 0.19029181985642948)	(70, 0.19163989988987645)	(75, 0.19318229776598242)	(80, 0.19457895726009414)	(85, 0.1962306589226958)	(90, 0.19782163625946653)	(95, 0.20016559523654096)	(100, 0.21591748535708785)	(105, 0.6506975858740645)	(110, 1.931428269541923)	(115, 3.2057828989975325)	(120, 5.219292239765142)	(125, 6.871279306698229)	(130, 8.885414108021896)	(135, 10.595599368831357)	(140, 11.639790586089939)
IDDLNTM15.A_R1 - nextera_transposase_sequence	(1, 0.0)	(2, 0.0)	(3, 0.0)	(4, 0.0)	(5, 0.0)	(6, 0.0)	(7, 0.0)	(8, 0.0)	(9, 0.0)	(10, 0.00011848854193013278)	(15, 0.0004101526451427672)	(20, 0.0022831830579614046)	(25, 0.09609876475695038)	(30, 0.8657775468770292)	(35, 2.5332941409694643)	(40, 4.1163466336721655)	(45, 6.56841232189691)	(50, 8.380530509660236)	(55, 10.811017611498858)	(60, 12.703913084097243)	(65, 15.167371901353732)	(70, 17.042917917062578)	(75, 19.44841760830878)	(80, 21.261679666226893)	(85, 23.65798282371867)	(90, 25.533341992111396)	(95, 27.945044102802484)	(100, 29.87152651978645)	(105, 32.22941660343481)	(110, 34.135468861439044)	(115, 36.334028314204275)	(120, 38.1941343614493)	(125, 40.24494315967926)	(130, 42.06911527795817)	(135, 43.98412253538136)	(140, 45.1724577941535)
IDDLNTM15.A_R1 - polyg	(1, 0.0)	(2, 0.0)	(3, 0.0005012976773967156)	(4, 0.0008886640644759958)	(5, 0.0013216029676822501)	(6, 0.0015266792902536338)	(7, 0.0020051907095868624)	(8, 0.0024153433547296297)	(9, 0.0026659921934279874)	(10, 0.008590419289934627)	(15, 0.013361861728428816)	(20, 0.01730388437341208)	(25, 0.021551242876446074)	(30, 0.02631357081171487)	(35, 0.030629288088939322)	(40, 0.044579035275406104)	(45, 0.06198773643591023)	(50, 0.06670904910666475)	(55, 0.0713711175064542)	(60, 0.07619724696430076)	(65, 0.08113275046085207)	(70, 0.08855195608632345)	(75, 0.380667227208615)	(80, 1.4737559272753789)	(85, 3.065895579693798)	(90, 5.029701887385755)	(95, 7.1913111440752315)	(100, 9.383891482724598)	(105, 11.62557620750078)	(110, 13.909401837939575)	(115, 16.16210599711526)	(120, 18.397980226085252)	(125, 20.62015535670748)	(130, 22.729155700779973)	(135, 25.016444842444418)	(140, 26.100496512563204)
IDDLNTM15.A_R2 - nextera_transposase_sequence	(1, 0.0)	(2, 0.0)	(3, 0.0)	(4, 0.0)	(5, 0.0)	(6, 0.0)	(7, 0.0)	(8, 0.0)	(9, 0.0)	(10, 0.00010481678709204053)	(15, 0.0004466106580443466)	(20, 0.0023287555740883785)	(25, 0.09830903178910863)	(30, 0.891311827662973)	(35, 2.6113689755981966)	(40, 4.237624213589268)	(45, 6.747740172856554)	(50, 8.591403656282969)	(55, 11.060449664016625)	(60, 12.965572242691877)	(65, 15.447410455702377)	(70, 17.328694051191608)	(75, 19.727585727599397)	(80, 21.515987977970248)	(85, 23.873846160857312)	(90, 25.72740343753489)	(95, 28.13578331180032)	(100, 30.049519096023566)	(105, 32.39032860062753)	(110, 34.260861639562414)	(115, 36.419303606381064)	(120, 38.22857351188645)	(125, 40.231490152918575)	(130, 42.002479144877306)	(135, 43.85559436814846)	(140, 44.986909294742524)
IDDLNTM15.A_R2 - polyg	(1, 0.23027792398960034)	(2, 0.23351357263461553)	(3, 0.23576941218290073)	(4, 0.2383214730860113)	(5, 0.2430610147632166)	(6, 0.2458637245050255)	(7, 0.24823349534362815)	(8, 0.2504665486338499)	(9, 0.2527451744401986)	(10, 0.2598453724527812)	(15, 0.2666630208653765)	(20, 0.27195398998771825)	(25, 0.27629705077461886)	(30, 0.27983803527768475)	(35, 0.2834929510710681)	(40, 0.2872617981547688)	(45, 0.29032882849011415)	(50, 0.2934870038577134)	(55, 0.2968137975349826)	(60, 0.299789682838074)	(65, 0.3022369269540925)	(70, 0.30487557563784434)	(75, 0.3075552395861104)	(80, 0.31004349896664324)	(85, 0.31264568963749345)	(90, 0.3153663688502738)	(95, 0.31886633808882536)	(100, 0.34640125233274316)	(105, 0.8739213555089197)	(110, 2.35982691558375)	(115, 4.0106867550317755)	(120, 6.39196009670488)	(125, 8.474346091359223)	(130, 10.911568811081413)	(135, 13.048309145720399)	(140, 14.402578492962464)
IDDLNTM15.B_R1 - nextera_transposase_sequence	(1, 0.0)	(2, 0.0)	(3, 0.0)	(4, 0.0)	(5, 0.0)	(6, 0.0)	(7, 0.0)	(8, 0.0)	(9, 0.0)	(10, 0.00011550130805231368)	(15, 0.0003850043601743789)	(20, 0.002306526121408325)	(25, 0.09684259674240811)	(30, 0.852403153465713)	(35, 2.447140213862922)	(40, 4.013537453311659)	(45, 6.38590282034944)	(50, 8.18621120884194)	(55, 10.558639576593205)	(60, 12.456595570944842)	(65, 14.895202688170443)	(70, 16.80527581974866)	(75, 19.217289635805123)	(80, 21.095582407470765)	(85, 23.509801248499137)	(90, 25.404057700953462)	(95, 27.776741571598297)	(100, 29.64975278345027)	(105, 31.90560883102001)	(110, 33.742307131628266)	(115, 35.84596045550216)	(120, 37.63579672539792)	(125, 39.597173437989184)	(130, 41.348428770955834)	(135, 43.16765837373108)	(140, 44.29483913905325)
IDDLNTM15.B_R1 - polyg	(1, 0.0)	(2, 0.0)	(3, 0.00026250297284616746)	(4, 0.0008225093149179914)	(5, 0.0014875168461282824)	(6, 0.0018375208099231724)	(7, 0.0024325275483744854)	(8, 0.0027825315121693755)	(9, 0.0030625346832052875)	(10, 0.008732598896682504)	(15, 0.01396515815541611)	(20, 0.018074204690368117)	(25, 0.022281252335182695)	(30, 0.02649530005927317)	(35, 0.030905350003088784)	(40, 0.04699853225837782)	(45, 0.06792176921403634)	(50, 0.073014326887252)	(55, 0.07755737833730966)	(60, 0.08273043692219814)	(65, 0.08809249764753586)	(70, 0.09628259040033628)	(75, 0.3914549332271188)	(80, 1.429258686354623)	(85, 2.9701056364463327)	(90, 4.865079597026436)	(95, 6.95405725469841)	(100, 9.074059263721162)	(105, 11.259781517025681)	(110, 13.504346436723395)	(115, 15.73698672137462)	(120, 17.97240953753801)	(125, 20.20577433039429)	(130, 22.340088001496618)	(135, 24.62047582688874)	(140, 25.71389870990289)
IDDLNTM15.B_R2 - nextera_transposase_sequence	(1, 0.0)	(2, 0.0)	(3, 0.0)	(4, 0.0)	(5, 0.0)	(6, 0.0)	(7, 0.0)	(8, 0.0)	(9, 0.0)	(10, 0.0001330015062420582)	(15, 0.0003885043998123279)	(20, 0.0023625267556155074)	(25, 0.09964262845276722)	(30, 0.879111955942901)	(35, 2.5223595657220814)	(40, 4.134463822802793)	(45, 6.564492342875783)	(50, 8.401827650698143)	(55, 10.816371995412847)	(60, 12.731940189222643)	(65, 15.19452957804747)	(70, 17.118872371229607)	(75, 19.52856566100611)	(80, 21.38134664375074)	(85, 23.75986508047204)	(90, 25.641892394431363)	(95, 28.02176884653219)	(100, 29.895847570473734)	(105, 32.14507104292956)	(110, 33.95302351799134)	(115, 36.02337396471015)	(120, 37.77123075918835)	(125, 39.69121250298159)	(130, 41.39593130892207)	(135, 43.1599407863294)	(140, 44.23862850246779)
IDDLNTM15.B_R2 - polyg	(1, 0.25056783768076174)	(2, 0.2541378781114696)	(3, 0.2564479042725159)	(4, 0.2591429347937365)	(5, 0.2644804952416086)	(6, 0.2672980271501575)	(7, 0.2699405570768089)	(8, 0.27228558363423466)	(9, 0.27491061336269634)	(10, 0.28205419426375006)	(15, 0.2888862716370263)	(20, 0.29419583176779474)	(25, 0.29878438373314575)	(30, 0.30254692634394087)	(35, 0.3063269691529256)	(40, 0.3096905072449946)	(45, 0.3129245438704593)	(50, 0.31610607990135486)	(55, 0.3187416097487304)	(60, 0.3216536427275039)	(65, 0.3251116818897974)	(70, 0.32839471907019346)	(75, 0.33138725296063976)	(80, 0.33394578193598046)	(85, 0.3365008108716831)	(90, 0.33870583584359093)	(95, 0.34206937393565984)	(100, 0.37214871458419263)	(105, 0.9130448402328156)	(110, 2.337357970579017)	(115, 3.9608443565623377)	(120, 6.275018064579582)	(125, 8.317763698673888)	(130, 10.705109235362091)	(135, 12.826038754888902)	(140, 14.188548185308198)
IDDLNTM152_R1 - nextera_transposase_sequence	(1, 0.0)	(2, 0.0)	(3, 0.0)	(4, 0.0)	(5, 0.0)	(6, 0.0)	(7, 0.0)	(8, 2.7203644853152003e-05)	(9, 2.7203644853152003e-05)	(10, 0.00017954405603080322)	(15, 0.00028291790647278083)	(20, 0.0015669299435415555)	(25, 0.0702996590295154)	(30, 0.6313476304809222)	(35, 1.7735307447433037)	(40, 2.8879280561526754)	(45, 4.647438042338665)	(50, 5.944453421647246)	(55, 7.786608080897112)	(60, 9.228608005815051)	(65, 11.237482922911942)	(70, 12.79354773069915)	(75, 14.928174216494222)	(80, 16.599930685112916)	(85, 18.866946428950335)	(90, 20.660825500043796)	(95, 22.99845102446206)	(100, 24.902401483360347)	(105, 27.303449585389245)	(110, 29.321916507661363)	(115, 31.719335643466856)	(120, 33.84360298130185)	(125, 36.23449868307156)	(130, 38.4697024846177)	(135, 40.83077211017041)	(140, 42.348049961125994)
IDDLNTM152_R1 - polyg	(1, 0.0)	(2, 0.0)	(3, 0.0006800911213288002)	(4, 0.0008433129904477122)	(5, 0.0012785713080981443)	(6, 0.0015506077566296644)	(7, 0.001985866074280096)	(8, 0.0023395134573710725)	(9, 0.0026115499059025924)	(10, 0.0060772942601941575)	(15, 0.008917354782863226)	(20, 0.011409208651411951)	(25, 0.013139360464072419)	(30, 0.014907597379527298)	(35, 0.017024040949102526)	(40, 0.03080540743170933)	(45, 0.05059877942686273)	(50, 0.05326473662247162)	(55, 0.0565890220235268)	(60, 0.06141494862047596)	(65, 0.06665437061919303)	(70, 0.07192099626276327)	(75, 0.25303198223710804)	(80, 0.9111262363376496)	(85, 1.865723897150636)	(90, 3.1437348101648053)	(95, 4.572067623908522)	(100, 6.108866810410726)	(105, 7.739012583862035)	(110, 9.448103334677194)	(115, 11.218483897346502)	(120, 13.018565399466485)	(125, 14.925769414289203)	(130, 16.769202644847166)	(135, 18.80205485451763)	(140, 19.767202088804666)
IDDLNTM152_R2 - nextera_transposase_sequence	(1, 0.0)	(2, 0.0)	(3, 0.0)	(4, 0.0)	(5, 0.0)	(6, 0.0)	(7, 0.0)	(8, 2.7203644853152003e-05)	(9, 2.7203644853152003e-05)	(10, 0.00017954405603080322)	(15, 0.00028291790647278083)	(20, 0.0015778114014828163)	(25, 0.07225832145894236)	(30, 0.6510376286256337)	(35, 1.8314473046356643)	(40, 2.980948199363543)	(45, 4.789310490976822)	(50, 6.117174803548879)	(55, 7.996799763219475)	(60, 9.451492908825896)	(65, 11.481597550366187)	(70, 13.054049833812934)	(75, 15.193284617046128)	(80, 16.847119324435564)	(85, 19.08741564829822)	(90, 20.874662470776485)	(95, 23.220693921454373)	(100, 25.12930708508049)	(105, 27.52005044643902)	(110, 29.50934417997061)	(115, 31.87051173864479)	(120, 33.943995312267916)	(125, 36.29511928526232)	(130, 38.47796695192409)	(135, 40.776723908576166)	(140, 42.231536750219945)
IDDLNTM152_R2 - polyg	(1, 0.14352643024522999)	(2, 0.1464644238893704)	(3, 0.14768858790776224)	(4, 0.14885834463644776)	(5, 0.15146989454235035)	(6, 0.1528572804298611)	(7, 0.15378220435486828)	(8, 0.15465272099016913)	(9, 0.1555776449151763)	(10, 0.1585319607462286)	(15, 0.16143731001654527)	(20, 0.16347214265156101)	(25, 0.16513700571657391)	(30, 0.16657879889379099)	(35, 0.16790089603365418)	(40, 0.1693046041080768)	(45, 0.17070831218249946)	(50, 0.1722208348363347)	(55, 0.17355381343413917)	(60, 0.1751914728542989)	(65, 0.17688353956416497)	(70, 0.17876059105903247)	(75, 0.1802023842362495)	(80, 0.18162785522655467)	(85, 0.18323287027289065)	(90, 0.1848542075061385)	(95, 0.1870032954495375)	(100, 0.2066116826596895)	(105, 0.5969186975547732)	(110, 1.631837840161176)	(115, 2.7627205603515583)	(120, 4.472388028437602)	(125, 5.946183573459907)	(130, 7.763212946323401)	(135, 9.377689420339296)	(140, 10.425960111839625)
IDDLNTM18.A_R1 - nextera_transposase_sequence	(1, 0.0)	(2, 0.0)	(3, 0.0)	(4, 0.0)	(5, 0.0)	(6, 0.0)	(7, 0.0)	(8, 0.0)	(9, 5.406526163666901e-05)	(10, 0.00019463494189200843)	(15, 0.0005514656686940239)	(20, 0.0023139931980494335)	(25, 0.09213261235504766)	(30, 0.8043343038948885)	(35, 2.314847429183293)	(40, 3.8196026041073923)	(45, 6.091527622077334)	(50, 7.830909812926085)	(55, 10.127515622833165)	(60, 11.981435070459202)	(65, 14.368616413186194)	(70, 16.237863362486223)	(75, 18.636463288470882)	(80, 20.533261895100956)	(85, 22.983229226166614)	(90, 24.9123318266246)	(95, 27.335347624764374)	(100, 29.281605132739678)	(105, 31.676074472735298)	(110, 33.654198045919244)	(115, 35.9673261997825)	(120, 37.95814429639874)	(125, 40.18149167678813)	(130, 42.21409681412335)	(135, 44.40210173298086)	(140, 45.7690283364146)
IDDLNTM18.A_R1 - polyg	(1, 0.0)	(2, 0.0)	(3, 0.00024329367736501052)	(4, 0.000702848401276697)	(5, 0.0010813052327333802)	(6, 0.0012435010176433871)	(7, 0.0017571210031917428)	(8, 0.0019463494189200842)	(9, 0.0021896430962850947)	(10, 0.005455184899139902)	(15, 0.009039711745651057)	(20, 0.012061959871140856)	(25, 0.015035549261157652)	(30, 0.018030764755829116)	(35, 0.021534193709885265)	(40, 0.0353316484795632)	(45, 0.053897659325595336)	(50, 0.057514625329088485)	(55, 0.06072610187030664)	(60, 0.06408896114410745)	(65, 0.06791137514181994)	(70, 0.0747614437911859)	(75, 0.3652486880388448)	(80, 1.39180203031277)	(85, 2.9011311263713315)	(90, 4.764971549507695)	(95, 6.809833281655955)	(100, 8.900115240105178)	(105, 11.040780615873615)	(110, 13.283099496571316)	(115, 15.490827422873874)	(120, 17.741542638703756)	(125, 20.012029520714158)	(130, 22.206700686331462)	(135, 24.55926944855866)	(140, 25.689352360340642)
IDDLNTM18.A_R2 - nextera_transposase_sequence	(1, 0.0)	(2, 0.0)	(3, 0.0)	(4, 0.0)	(5, 0.0)	(6, 0.0)	(7, 0.0)	(8, 0.0)	(9, 2.7032630818334503e-05)	(10, 0.00018382188956467464)	(15, 0.0005784982995123584)	(20, 0.002292367093394766)	(25, 0.09377619630880239)	(30, 0.8248304445813497)	(35, 2.3758817030449286)	(40, 3.911383792261801)	(45, 6.2239172282470445)	(50, 7.9915268921963)	(55, 10.31200251511597)	(60, 12.167089772393357)	(65, 14.55829357058612)	(70, 16.43226041722703)	(75, 18.816457357511677)	(80, 20.673323361896912)	(85, 23.071696213782694)	(90, 24.96968966269494)	(95, 27.379010730062152)	(100, 29.3086539831365)	(105, 31.675555446223587)	(110, 33.6076748882809)	(115, 35.86558619043461)	(120, 37.79912754887297)	(125, 39.968404261099536)	(130, 41.9332818451825)	(135, 44.042892134666836)	(140, 45.33942576744963)
IDDLNTM18.A_R2 - polyg	(1, 0.1334871309809358)	(2, 0.13662291615586258)	(3, 0.13786641717350598)	(4, 0.1389747550370577)	(5, 0.14229976862771282)	(6, 0.1432999759679912)	(7, 0.14430018330826958)	(8, 0.1451652274944563)	(9, 0.14613840220391633)	(10, 0.14989053136150116)	(15, 0.15395623903657865)	(20, 0.1571028372638328)	(25, 0.15995207655208526)	(30, 0.16196330428496936)	(35, 0.1646503477883118)	(40, 0.16672645383515988)	(45, 0.16904044703320933)	(50, 0.1712463097079854)	(55, 0.17330619617634252)	(60, 0.1753444565400449)	(65, 0.17737190385142004)	(70, 0.17916146401159375)	(75, 0.18091317848862182)	(80, 0.1828000561197416)	(85, 0.18465449459387934)	(90, 0.1869793008442561)	(95, 0.1901313055976739)	(100, 0.2092217494815817)	(105, 0.6770268323190238)	(110, 1.987563367865717)	(115, 3.5392688159950993)	(120, 5.726965562861274)	(125, 7.728066872240814)	(130, 10.0177523286584)	(135, 12.101708651496134)	(140, 13.406887319614633)
IDDLNTM18.B_R1 - nextera_transposase_sequence	(1, 0.0)	(2, 0.0)	(3, 0.0)	(4, 0.0)	(5, 0.0)	(6, 0.0)	(7, 0.0)	(8, 0.0)	(9, 1.742135998104556e-05)	(10, 0.0001707293278142465)	(15, 0.00037630137559058413)	(20, 0.0023588521414335687)	(25, 0.09267466655516995)	(30, 0.8218422042898357)	(35, 2.359709272344636)	(40, 3.8849214645092056)	(45, 6.200080835110311)	(50, 7.968408105810371)	(55, 10.29139663558696)	(60, 12.16624855402712)	(65, 14.57192234254575)	(70, 16.4640632186311)	(75, 18.868496606319077)	(80, 20.761194965923817)	(85, 23.194509484188377)	(90, 25.098820922356484)	(95, 27.47597594458614)	(100, 29.359765020696575)	(105, 31.65678527128542)	(110, 33.53374517428328)	(115, 35.685659433318)	(120, 37.52736547225823)	(125, 39.55558459115552)	(130, 41.373865869465234)	(135, 43.285253864057644)	(140, 44.466105002020875)
IDDLNTM18.B_R1 - polyg	(1, 0.0)	(2, 0.0)	(3, 0.00024389903973463784)	(4, 0.000435533999526139)	(5, 0.0009930175189195969)	(6, 0.0012891806385973714)	(7, 0.0017595573580856017)	(8, 0.0019511923178771027)	(9, 0.0022473554375548772)	(10, 0.006930217000459924)	(15, 0.01118451310783125)	(20, 0.014741954815960754)	(25, 0.01778720854064752)	(30, 0.021149531016989312)	(35, 0.024661677189168098)	(40, 0.0370517484076877)	(45, 0.05205502362336414)	(50, 0.05598528243508801)	(55, 0.05930579364747529)	(60, 0.06258100932391186)	(65, 0.0659224261682764)	(70, 0.07283173753675906)	(75, 0.3685976502069658)	(80, 1.4184297082967485)	(85, 2.9542898356817324)	(90, 4.860705774135552)	(95, 6.9333180025365495)	(100, 9.050121252665468)	(105, 11.21425485359089)	(110, 13.45823403158144)	(115, 15.672210143412636)	(120, 17.925847723376677)	(125, 20.184603698903153)	(130, 22.363691795236303)	(135, 24.69785438530473)	(140, 25.810145503198562)
IDDLNTM18.B_R2 - nextera_transposase_sequence	(1, 0.0)	(2, 0.0)	(3, 0.0)	(4, 0.0)	(5, 0.0)	(6, 0.0)	(7, 0.0)	(8, 0.0)	(9, 1.742135998104556e-05)	(10, 0.0001707293278142465)	(15, 0.00036933283159816587)	(20, 0.0023309779654638956)	(25, 0.09459101615308498)	(30, 0.8433959108583853)	(35, 2.425631698512913)	(40, 3.9910279996097615)	(45, 6.358576883945868)	(50, 8.157966439492132)	(55, 10.516288971582279)	(60, 12.402753968585804)	(65, 14.819277780100625)	(70, 16.718101489874705)	(75, 19.120639433596743)	(80, 20.98226853981129)	(85, 23.37186241306741)	(90, 25.25562709927388)	(95, 27.62731529874148)	(100, 29.500574904879375)	(105, 31.776494404259175)	(110, 33.61460119022731)	(115, 35.721644994494845)	(120, 37.508721132806514)	(125, 39.483104765090374)	(130, 41.243487895639085)	(135, 43.08680018396956)	(140, 44.20765912670207)
IDDLNTM18.B_R2 - polyg	(1, 0.11391827291605693)	(2, 0.11707153907262617)	(3, 0.11862204011093921)	(4, 0.11982411394963137)	(5, 0.12325612186589734)	(6, 0.1245453025044947)	(7, 0.12574737634318686)	(8, 0.12682750066201168)	(9, 0.12801215314072278)	(10, 0.13246853702387423)	(15, 0.13684478265111288)	(20, 0.14027679056737888)	(25, 0.14321403186018317)	(30, 0.14558333681760532)	(35, 0.14841953422251955)	(40, 0.15105015957965745)	(45, 0.1530780058814511)	(50, 0.15544731083887334)	(55, 0.1577957101643183)	(60, 0.15965631141029393)	(65, 0.16137057323242882)	(70, 0.16317891039846136)	(75, 0.16478864406070995)	(80, 0.16659001268275006)	(85, 0.16828336887290768)	(90, 0.17008125322295162)	(95, 0.1730289473317445)	(100, 0.20020626890217558)	(105, 0.7118820643614724)	(110, 2.0831312455575532)	(115, 3.655607587350699)	(120, 5.91750986048975)	(125, 7.924084681746597)	(130, 10.27152583239258)	(135, 12.361970564870175)	(140, 13.705941380607936)
IDDLNTM19.A_R1 - nextera_transposase_sequence	(1, 0.0)	(2, 1.6679270635510232e-05)	(3, 1.6679270635510232e-05)	(4, 1.6679270635510232e-05)	(5, 1.6679270635510232e-05)	(6, 1.6679270635510232e-05)	(7, 6.671708254204093e-05)	(8, 8.339635317755117e-05)	(9, 0.00013343416508408186)	(10, 0.0006638349712933073)	(15, 0.0009206957390801649)	(20, 0.003679447102193557)	(25, 0.11761554481336396)	(30, 0.9940978732929183)	(35, 2.7474161307895)	(40, 4.509257495580828)	(45, 7.066149653755021)	(50, 9.033516327171233)	(55, 11.555395360427363)	(60, 13.594302761453406)	(65, 16.15696928312161)	(70, 18.153744846522358)	(75, 20.6533103515223)	(80, 22.59702581917736)	(85, 25.08248066121966)	(90, 27.05725293079804)	(95, 29.51044672757714)	(100, 31.48841474540928)	(105, 33.842200089200745)	(110, 35.79826488883433)	(115, 37.98941733636718)	(120, 39.892745618105415)	(125, 41.9267092833151)	(130, 43.771523347809826)	(135, 45.65161740555279)	(140, 46.83357390401346)
IDDLNTM19.A_R1 - polyg	(1, 0.0)	(2, 0.0)	(3, 0.000283547600803674)	(4, 0.0005170573897008172)	(5, 0.0008339635317755117)	(6, 0.001000756238130614)	(7, 0.0013343416508408187)	(8, 0.0016178892516444927)	(9, 0.0018347197699061257)	(10, 0.006568296776263929)	(15, 0.010588000999421896)	(20, 0.012749634473784022)	(25, 0.0143441727465388)	(30, 0.01601877151834403)	(35, 0.017740072247928684)	(40, 0.026690168870943477)	(45, 0.037992042653565206)	(50, 0.04016034783618154)	(55, 0.04267558184801649)	(60, 0.04560779762573918)	(65, 0.048516662424572164)	(70, 0.05548526169608834)	(75, 0.3801272494915325)	(80, 1.490963337962387)	(85, 3.122309425155609)	(90, 5.154875367486031)	(95, 7.3730849278438075)	(100, 9.66302535949666)	(105, 11.998250010924922)	(110, 14.392149000594781)	(115, 16.71468072706942)	(120, 19.026190791508117)	(125, 21.31380613283438)	(130, 23.48221139107452)	(135, 25.796113262922347)	(140, 26.91363773891804)
IDDLNTM19.A_R2 - nextera_transposase_sequence	(1, 0.0)	(2, 1.6679270635510232e-05)	(3, 1.6679270635510232e-05)	(4, 1.6679270635510232e-05)	(5, 1.6679270635510232e-05)	(6, 1.6679270635510232e-05)	(7, 6.671708254204093e-05)	(8, 8.339635317755117e-05)	(9, 0.00013343416508408186)	(10, 0.0006471557006577971)	(15, 0.0009073523225717568)	(20, 0.0037361566223542927)	(25, 0.12057778327823059)	(30, 1.0242339794771582)	(35, 2.8325171054259997)	(40, 4.645357008112464)	(45, 7.262828277234831)	(50, 9.269594723746243)	(55, 11.832821668907805)	(60, 13.883561344522679)	(65, 16.462820404619087)	(70, 18.471408227483902)	(75, 20.962890957933876)	(80, 22.872524003972337)	(85, 25.31369538247736)	(90, 27.263835705181215)	(95, 29.70802936752539)	(100, 31.677107334108804)	(105, 34.01207178891516)	(110, 35.9293706277377)	(115, 38.074961979602584)	(120, 39.92274495427044)	(125, 41.904062169646195)	(130, 43.69314078338532)	(135, 45.514106826725396)	(140, 46.639994289017736)
IDDLNTM19.A_R2 - polyg	(1, 0.22403596317617347)	(2, 0.22838925281204164)	(3, 0.2301405762287702)	(4, 0.23200865453994735)	(5, 0.234677337841629)	(6, 0.23652873688217063)	(7, 0.2377963614504694)	(8, 0.23871372133542246)	(9, 0.24028157277516043)	(10, 0.24367413642242322)	(15, 0.24712674544397384)	(20, 0.24914827304499765)	(25, 0.2506827659434646)	(30, 0.25220725127955024)	(35, 0.25338814364054435)	(40, 0.2544456093988357)	(45, 0.2556765395717364)	(50, 0.2567673638712987)	(55, 0.2578681957332424)	(60, 0.25893900490804217)	(65, 0.2599631121250625)	(70, 0.26113733277780243)	(75, 0.2621214097452976)	(80, 0.2631755396494618)	(85, 0.26464331546538666)	(90, 0.2658742456382873)	(95, 0.2688731784985521)	(100, 0.3075991090600797)	(105, 0.9458847735939125)	(110, 2.5377009893809754)	(115, 4.345743933832666)	(120, 6.8675829368392725)	(125, 9.071791917425601)	(130, 11.616521551452383)	(135, 13.865387611238225)	(140, 15.307717531881591)
IDDLNTM19.B_R1 - nextera_transposase_sequence	(1, 0.0)	(2, 0.0)	(3, 0.0)	(4, 1.6166543854821848e-05)	(5, 1.6166543854821848e-05)	(6, 3.2333087709643697e-05)	(7, 3.2333087709643697e-05)	(8, 3.2333087709643697e-05)	(9, 3.2333087709643697e-05)	(10, 0.00016166543854821848)	(15, 0.0003912303612866887)	(20, 0.0024088150343684555)	(25, 0.09987367462631842)	(30, 0.8920375568213601)	(35, 2.5766108263464225)	(40, 4.189265608878925)	(45, 6.685114848744197)	(50, 8.541451180109203)	(55, 11.033840779589545)	(60, 13.005134170997414)	(65, 15.588906776271523)	(70, 17.587605692822088)	(75, 20.185478757646372)	(80, 22.18854910765528)	(85, 24.804910232031936)	(90, 26.807159321613018)	(95, 29.330042256112325)	(100, 31.294287034399495)	(105, 33.69558139256669)	(110, 35.64191364026271)	(115, 37.90727323108102)	(120, 39.824192068887584)	(125, 41.91844172623769)	(130, 43.78368258995793)	(135, 45.7279261201879)	(140, 46.92631968305814)
IDDLNTM19.B_R1 - polyg	(1, 0.0)	(2, 0.0)	(3, 0.0002263316139675059)	(4, 0.0005011628594994773)	(5, 0.0010023257189989546)	(6, 0.0011801577014019951)	(7, 0.0016651540170466504)	(8, 0.0018591525433045127)	(9, 0.0021824834204009495)	(10, 0.007000113489137862)	(15, 0.011953542526255276)	(20, 0.016334675910911995)	(25, 0.02014028033433706)	(30, 0.02399761769809755)	(35, 0.027981054103925658)	(40, 0.0390939363497302)	(45, 0.05234080238437122)	(50, 0.0571616657618791)	(55, 0.06199546237447083)	(60, 0.0673692215518136)	(65, 0.07368387358150703)	(70, 0.08078745295131574)	(75, 0.30055868342253494)	(80, 1.1379436220882841)	(85, 2.417570834520227)	(90, 4.102703466462667)	(95, 6.0486250839447795)	(100, 8.123041625293787)	(105, 10.306495038326023)	(110, 12.573400150736855)	(115, 14.819705852967871)	(120, 17.115591111892854)	(125, 19.41160893647745)	(130, 21.64909417238127)	(135, 23.989372760731595)	(140, 25.14099651222983)
IDDLNTM19.B_R2 - nextera_transposase_sequence	(1, 0.0)	(2, 0.0)	(3, 0.0)	(4, 0.0)	(5, 0.0)	(6, 1.6166543854821848e-05)	(7, 1.6166543854821848e-05)	(8, 1.6166543854821848e-05)	(9, 3.2333087709643697e-05)	(10, 0.00021339837888364842)	(15, 0.0004591298454769405)	(20, 0.0024088150343684555)	(25, 0.10224692326420626)	(30, 0.9171441994278983)	(35, 2.651966320562518)	(40, 4.3109544177829395)	(45, 6.866820335054856)	(50, 8.758493497977726)	(55, 11.293404341105022)	(60, 13.280553878725701)	(65, 15.885194258807616)	(70, 17.90109437801971)	(75, 20.499209941001816)	(80, 22.47682445105692)	(85, 25.0513239267759)	(90, 27.038146900210716)	(95, 29.56069033728907)	(100, 31.524754050285065)	(105, 33.91774850483719)	(110, 35.83290518936358)	(115, 38.063438811409824)	(120, 39.93571535501569)	(125, 41.991132974026506)	(130, 43.80875366616798)	(135, 45.6999644659366)	(140, 46.84548696378403)
IDDLNTM19.B_R2 - polyg	(1, 0.19003772301343083)	(2, 0.1928183685564602)	(3, 0.1951140177838449)	(4, 0.19711866922184282)	(5, 0.20143513643108024)	(6, 0.20352062058835227)	(7, 0.20584860290344661)	(8, 0.2078370877975897)	(9, 0.20992257195486172)	(10, 0.2161660911915939)	(15, 0.22245164344234863)	(20, 0.2273468729215887)	(25, 0.23151137461859078)	(30, 0.23481258287374546)	(35, 0.23805882487979368)	(40, 0.2412501006367355)	(45, 0.24436054367440324)	(50, 0.24758091921028375)	(55, 0.2507204620268901)	(60, 0.25341704154187444)	(65, 0.256181520541049)	(70, 0.25892659968759774)	(75, 0.26134511464827903)	(80, 0.2638444623282345)	(85, 0.2668061731624379)	(90, 0.2694898194423383)	(95, 0.2725970291712351)	(100, 0.3012926445135438)	(105, 0.8547833731623085)	(110, 2.3670148185774282)	(115, 4.041558364294959)	(120, 6.483530980109654)	(125, 8.612153943003879)	(130, 11.125867213828732)	(135, 13.334666534316563)	(140, 14.764581171731699)
IDDLNTM19.C_R1 - nextera_transposase_sequence	(1, 0.0)	(2, 0.0)	(3, 0.0)	(4, 0.0)	(5, 0.0)	(6, 0.0)	(7, 0.0)	(8, 2.0397822817983698e-05)	(9, 4.0795645635967396e-05)	(10, 0.00016318258254386959)	(15, 0.00040387689179607726)	(20, 0.0026557965309014775)	(25, 0.09930068104250825)	(30, 0.8676295526920639)	(35, 2.4892605462863315)	(40, 4.075958228522521)	(45, 6.48216699942315)	(50, 8.295819017461351)	(55, 10.715755523118483)	(60, 12.636602179629756)	(65, 15.120485859821267)	(70, 17.067519241266265)	(75, 19.5553560195199)	(80, 21.489783546463386)	(85, 23.998944208690943)	(90, 25.944260093454666)	(95, 28.375133911706804)	(100, 30.29153384284375)	(105, 32.60651539097323)	(110, 34.494909111381084)	(115, 36.6857291120175)	(120, 38.5438035085887)	(125, 40.56889527839357)	(130, 42.38707153353279)	(135, 44.284277113398026)	(140, 45.45581382825523)
IDDLNTM19.C_R1 - polyg	(1, 0.0)	(2, 0.0)	(3, 0.0002243760509978207)	(4, 0.0005099455704495924)	(5, 0.0011218802549891034)	(6, 0.0014074497744408752)	(7, 0.0020601801046163538)	(8, 0.002366147446886109)	(9, 0.002570125675065946)	(10, 0.007208590583875439)	(15, 0.011838896363557741)	(20, 0.01577975573199219)	(25, 0.020002105055314818)	(30, 0.024775195594723)	(35, 0.02892003319133729)	(40, 0.041448375966142884)	(45, 0.05669778830486749)	(50, 0.06166261837876472)	(55, 0.06637043588515537)	(60, 0.07178401806104824)	(65, 0.0774668514981385)	(70, 0.08525881981460827)	(75, 0.3362621887190249)	(80, 1.249219783277212)	(85, 2.629336475141989)	(90, 4.388273373253233)	(95, 6.376004490784672)	(100, 8.458826178728987)	(105, 10.64125451505808)	(110, 12.886846749525342)	(115, 15.130191143918063)	(120, 17.391620248021205)	(125, 19.661424698173413)	(130, 21.835999872717586)	(135, 24.148986513775466)	(140, 25.259766273587022)
IDDLNTM19.C_R2 - nextera_transposase_sequence	(1, 0.0)	(2, 0.0)	(3, 0.0)	(4, 0.0)	(5, 0.0)	(6, 0.0)	(7, 0.0)	(8, 2.0397822817983698e-05)	(9, 4.0795645635967396e-05)	(10, 0.0001427847597258859)	(15, 0.0003875586335416903)	(20, 0.002663955660028671)	(25, 0.10111608727330879)	(30, 0.8933389685718506)	(35, 2.5661358609227487)	(40, 4.19841043846344)	(45, 6.659807558780406)	(50, 8.506960961014865)	(55, 10.96250390618307)	(60, 12.896303180183759)	(65, 15.398471468749312)	(70, 17.359599745761535)	(75, 19.844911273550306)	(80, 21.750443244689833)	(85, 24.217719017542944)	(90, 26.14034436420394)	(95, 28.56292034813372)	(100, 30.473343717185003)	(105, 32.77537672738962)	(110, 34.62667904678527)	(115, 36.77333776102074)	(120, 38.57732937017235)	(125, 40.55411093641509)	(130, 42.3193262843897)	(135, 44.15780653236196)	(140, 45.27592542882343)
IDDLNTM19.C_R2 - polyg	(1, 0.23896049431267904)	(2, 0.24220374814073845)	(3, 0.2442843260681728)	(4, 0.24656888222378695)	(5, 0.2510360054209254)	(6, 0.2531981746396317)	(7, 0.25554392426369976)	(8, 0.2570329653294126)	(9, 0.2587055868004873)	(10, 0.26565308525229253)	(15, 0.27224158202250126)	(20, 0.2765618408953502)	(25, 0.28073115587934605)	(30, 0.28433749095356553)	(35, 0.28775616605785964)	(40, 0.29079544165773924)	(45, 0.29403869548579864)	(50, 0.29739617712163874)	(55, 0.30039057751131876)	(60, 0.3032299544475821)	(65, 0.3060815700775362)	(70, 0.30879448051232805)	(75, 0.31140132226846634)	(80, 0.3138001062318612)	(85, 0.3165986875224886)	(90, 0.3192422453596993)	(95, 0.3229179330314999)	(100, 0.35166662451116615)	(105, 0.8893573135577801)	(110, 2.3326175057379075)	(115, 3.97188037737604)	(120, 6.313970632030619)	(125, 8.378213982952316)	(130, 10.79985574659703)	(135, 12.951038697933537)	(140, 14.317619394576301)
IDDLNTM1_R1 - nextera_transposase_sequence	(1, 0.0)	(2, 0.0)	(3, 0.0)	(4, 0.0)	(5, 0.0)	(6, 0.0)	(7, 0.0)	(8, 0.0)	(9, 0.0)	(10, 0.0)	(15, 0.0003444831031037928)	(20, 0.003189658362072156)	(25, 0.14281376350341868)	(30, 1.22581760512795)	(35, 3.5012816047298805)	(40, 5.784955784955785)	(45, 9.279392382840658)	(50, 11.973684042649559)	(55, 15.541840024598645)	(60, 18.408698581112375)	(65, 22.04908756632895)	(70, 24.8848022985954)	(75, 28.418248418248417)	(80, 31.113260940847148)	(85, 34.62131737993807)	(90, 37.4712388505492)	(95, 41.10955455783042)	(100, 44.032002480278344)	(105, 47.54703151254876)	(110, 50.371907785700884)	(115, 53.575900472452204)	(120, 56.25476056510539)	(125, 59.114882563158424)	(130, 61.618936618936615)	(135, 64.15555708659157)	(140, 65.69347000381484)
IDDLNTM1_R1 - polyg	(1, 0.0)	(2, 0.0)	(3, 0.00022327608534505086)	(4, 0.0004465521706901017)	(5, 0.0004784487543108233)	(6, 0.0005103453379315448)	(7, 0.0007017248396558742)	(8, 0.0009568975086216466)	(9, 0.0010206906758630895)	(10, 0.0032789687962101756)	(15, 0.005479833066039963)	(20, 0.007259662432076225)	(25, 0.008178284040353007)	(30, 0.00929466446707826)	(35, 0.010264320609148194)	(40, 0.02465605913881776)	(45, 0.04681142612177095)	(50, 0.048540220954014064)	(55, 0.050587981622464376)	(60, 0.05324177737970841)	(65, 0.05586367655333173)	(70, 0.06250454526316596)	(75, 0.4743340950237502)	(80, 1.8964432757536205)	(85, 4.054802158250434)	(90, 6.7859726480416125)	(95, 9.847712951161228)	(100, 13.017442327787155)	(105, 16.29621974449561)	(110, 19.668996393134325)	(115, 22.977896943414187)	(120, 26.281304901994552)	(125, 29.493616217754152)	(130, 32.53323942979115)	(135, 35.83538428366014)	(140, 37.46359004979695)
IDDLNTM1_R2 - nextera_transposase_sequence	(1, 0.0)	(2, 0.0)	(3, 0.0)	(4, 0.0)	(5, 0.0)	(6, 0.0)	(7, 0.0)	(8, 0.0)	(9, 0.0)	(10, 0.0)	(15, 0.0003444831031037928)	(20, 0.003189658362072155)	(25, 0.1459842839153184)	(30, 1.2581990168197064)	(35, 3.6006586006586003)	(40, 5.95031405376233)	(45, 9.525672284292975)	(50, 12.2728931349621)	(55, 15.89576451645417)	(60, 18.780217228493093)	(65, 22.449472621886414)	(70, 25.302462543841852)	(75, 28.824304686373647)	(80, 31.476250441767682)	(85, 34.91942285045734)	(90, 37.73622928795343)	(95, 41.365007916732054)	(100, 44.27458237803065)	(105, 47.76346259104879)	(110, 50.53512260408812)	(115, 53.67516264067988)	(120, 56.28545783718198)	(125, 59.081582529858395)	(130, 61.517078068802206)	(135, 63.97633656254345)	(140, 65.442507683887)
IDDLNTM1_R2 - polyg	(1, 0.061783682473337646)	(2, 0.06293195948368362)	(3, 0.06331471848713228)	(4, 0.06401644332678816)	(5, 0.06500523741903053)	(6, 0.06529230667161702)	(7, 0.06557937592420351)	(8, 0.06567506567506567)	(9, 0.06596213492765217)	(10, 0.06728903280627418)	(15, 0.06874351701937909)	(20, 0.06970041452800074)	(25, 0.07075300178748453)	(30, 0.07137817482645067)	(35, 0.07220748600058945)	(40, 0.07285817630645217)	(45, 0.07345145276179758)	(50, 0.07380231518162553)	(55, 0.07430628120283292)	(60, 0.07482938517421275)	(65, 0.07541628231283404)	(70, 0.0757416274657654)	(75, 0.07611162783576576)	(80, 0.07653266273955929)	(85, 0.0772535255293876)	(90, 0.07799352626938834)	(95, 0.08038577004094245)	(100, 0.12165994924615613)	(105, 0.9043638353983182)	(110, 2.931002586175)	(115, 5.286373907063562)	(120, 8.684144718627476)	(125, 11.726121898535691)	(130, 15.30396168327203)	(135, 18.49661194488781)	(140, 20.541623127830025)
IDDLNTM2.A_R1 - nextera_transposase_sequence	(1, 4.600736577926126e-05)	(2, 4.600736577926126e-05)	(3, 4.600736577926126e-05)	(4, 4.600736577926126e-05)	(5, 4.600736577926126e-05)	(6, 4.600736577926126e-05)	(7, 4.600736577926126e-05)	(8, 4.600736577926126e-05)	(9, 4.600736577926126e-05)	(10, 0.0001380220973377838)	(15, 0.0002944471409872721)	(20, 0.0026500242688854486)	(25, 0.18734199345315186)	(30, 1.597182508919678)	(35, 4.532001573451909)	(40, 7.468090441279648)	(45, 11.868234904408196)	(50, 15.187666345381896)	(55, 19.458309275314978)	(60, 22.789665825498663)	(65, 26.913471646810656)	(70, 29.99585473634329)	(75, 33.66934046140787)	(80, 36.392580852194435)	(85, 39.81419465256388)	(90, 42.47044831877584)	(95, 45.744884556017425)	(100, 48.25316933241012)	(105, 51.202342695065475)	(110, 53.54483532813604)	(115, 56.15176909823263)	(120, 58.32027107539917)	(125, 60.63465320797859)	(130, 62.68599282745167)	(135, 64.78843742883237)	(140, 66.06901564940547)
IDDLNTM2.A_R1 - polyg	(1, 0.0)	(2, 0.0)	(3, 0.0002300368288963063)	(4, 0.0004600736577926126)	(5, 0.0005060810235718739)	(6, 0.0006441031209096576)	(7, 0.0008741399498059639)	(8, 0.0009201473155852252)	(9, 0.0010121620471437477)	(10, 0.003146903819301471)	(15, 0.0049779969773160685)	(20, 0.006891903393733337)	(25, 0.008686190659124526)	(30, 0.010296448461398669)	(35, 0.012145944565724973)	(40, 0.04191271022490701)	(45, 0.08987078831320894)	(50, 0.0927140435183673)	(55, 0.09490399412946013)	(60, 0.09873180696229467)	(65, 0.10264243305353186)	(70, 0.11139303402474736)	(75, 0.6788754879656234)	(80, 2.615371520980509)	(85, 5.517672579379959)	(90, 9.088819520005153)	(95, 13.005941851290391)	(100, 16.92315619730719)	(105, 20.868241805513065)	(110, 24.804365178865133)	(115, 28.588590633360404)	(120, 32.184139880794916)	(125, 35.600738878294415)	(130, 38.717682701000435)	(135, 42.00034505524334)	(140, 43.55986593453612)
IDDLNTM2.A_R2 - nextera_transposase_sequence	(1, 0.0)	(2, 0.0)	(3, 0.0)	(4, 0.0)	(5, 0.0)	(6, 0.0)	(7, 0.0)	(8, 0.0)	(9, 0.0)	(10, 0.0001380220973377838)	(15, 0.00024843977520801083)	(20, 0.002604016903106187)	(25, 0.19223717717206526)	(30, 1.6499345545221789)	(35, 4.688343803842995)	(40, 7.716318582605075)	(45, 12.237002344075286)	(50, 15.642117903076283)	(55, 20.009164667263228)	(60, 23.379342232691453)	(65, 27.549403859557913)	(70, 30.660237904088444)	(75, 34.341830127003334)	(80, 37.035257744764934)	(85, 40.414425149466425)	(90, 43.059821077354485)	(95, 46.344424942433285)	(100, 48.85517571363175)	(105, 51.79362936006055)	(110, 54.10272064557536)	(115, 56.669784432487646)	(120, 58.79002468295174)	(125, 61.05900674698019)	(130, 63.06332683862686)	(135, 65.11614789527803)	(140, 66.34970658802474)
IDDLNTM2.A_R2 - polyg	(1, 0.1268423074534233)	(2, 0.12854457998725596)	(3, 0.12923469047394487)	(4, 0.13020084515530936)	(5, 0.13130502193401164)	(6, 0.131719088226025)	(7, 0.13208714715225908)	(8, 0.13250121344427243)	(9, 0.13291527973628578)	(10, 0.13444272428015727)	(15, 0.13605298208243138)	(20, 0.13739639716318583)	(25, 0.1388226255023429)	(30, 0.14005562290522713)	(35, 0.14128862030811135)	(40, 0.14180390280483907)	(45, 0.14248481181837214)	(50, 0.14333134734871053)	(55, 0.14395704752330846)	(60, 0.1447299712684001)	(65, 0.1452452537651278)	(70, 0.14600897603706353)	(75, 0.14683710862109026)	(80, 0.1477296515172079)	(85, 0.14901785775902718)	(90, 0.15060051114183381)	(95, 0.1531309162596932)	(100, 0.19829174650861603)	(105, 1.1723504933139797)	(110, 3.7446775228714118)	(115, 6.778642460657951)	(120, 11.040829236760805)	(125, 14.859449797912646)	(130, 19.165969271680396)	(135, 22.940514776415704)	(140, 25.25951604851937)
IDDLNTM2.B_R1 - nextera_transposase_sequence	(1, 0.0)	(2, 0.0)	(3, 0.0)	(4, 0.0)	(5, 0.0)	(6, 0.0)	(7, 0.0)	(8, 0.0)	(9, 3.928211155491168e-05)	(10, 0.0001335591792866997)	(15, 0.0002749747808843817)	(20, 0.0026083322072461357)	(25, 0.13642677343020826)	(30, 1.284383632244014)	(35, 3.8726583933302114)	(40, 6.383036727203019)	(45, 10.277559543824697)	(50, 13.177435726609072)	(55, 17.104814101335275)	(60, 20.141109201127556)	(65, 24.055469484084462)	(70, 27.01929694448024)	(75, 30.719868263510694)	(80, 33.46955322097601)	(85, 37.015030907165375)	(90, 39.748751614494786)	(95, 43.20863357960598)	(100, 45.91777154152433)	(105, 49.16135048756957)	(110, 51.705087190574794)	(115, 54.5595453959794)	(120, 56.89828447162417)	(125, 59.419316114150675)	(130, 61.59242609463532)	(135, 63.82266797816544)	(140, 65.16694111768606)
IDDLNTM2.B_R1 - polyg	(1, 0.0)	(2, 0.0)	(3, 0.0001964105577745584)	(4, 0.00047138533865894014)	(5, 0.0007463601195433219)	(6, 0.0008642064542080569)	(7, 0.001335591792866997)	(8, 0.0014141560159768203)	(9, 0.0015320023506415555)	(10, 0.0034254001275882983)	(15, 0.0052480901037362)	(20, 0.007479314040055182)	(25, 0.009356998972379963)	(30, 0.011376099506302422)	(35, 0.013340205084048007)	(40, 0.027756740024700587)	(45, 0.04826985867867547)	(50, 0.05118459135604991)	(55, 0.054154318989601234)	(60, 0.059001731555477346)	(65, 0.06424982165921354)	(70, 0.07086492924506067)	(75, 0.4227540845539595)	(80, 1.8388977753754585)	(85, 4.005856177190607)	(90, 6.8295564892477)	(95, 10.009859810000282)	(100, 13.365479194622434)	(105, 16.82930508373375)	(110, 20.350694979117627)	(115, 23.807300816125146)	(120, 27.235317132343006)	(125, 30.538604887951703)	(130, 33.64789400743532)	(135, 36.89426983982327)	(140, 38.46740056126281)
IDDLNTM2.B_R2 - nextera_transposase_sequence	(1, 0.0)	(2, 0.0)	(3, 0.0)	(4, 0.0)	(5, 0.0)	(6, 0.0)	(7, 0.0)	(8, 0.0)	(9, 3.928211155491168e-05)	(10, 0.00016498486853062905)	(15, 0.0003535390039942051)	(20, 0.0028047427650206938)	(25, 0.14045711807574218)	(30, 1.326305501695416)	(35, 4.004559867509294)	(40, 6.590666256037662)	(45, 10.586136242933149)	(50, 13.550678637759223)	(55, 17.551553843204665)	(60, 20.615142154105296)	(65, 24.574103346521646)	(70, 27.564312673037705)	(75, 31.26647884579728)	(80, 33.98383462545292)	(85, 37.483344384700715)	(90, 40.1989403257587)	(95, 43.67200536750773)	(100, 46.38147329916313)	(105, 49.60671535553454)	(110, 52.10827878357442)	(115, 54.91745257077851)	(120, 57.203640037585124)	(125, 59.67786311598279)	(130, 61.79703090088024)	(135, 63.97127220617765)	(140, 65.26432147223069)
IDDLNTM2.B_R2 - polyg	(1, 0.08720628765190393)	(2, 0.0888168542256553)	(3, 0.08964177856830845)	(4, 0.09070239558029107)	(5, 0.09227368004248754)	(6, 0.09290219382736611)	(7, 0.09333429705447015)	(8, 0.093844964504684)	(9, 0.09408065717401347)	(10, 0.09597405495096022)	(15, 0.09806386328568152)	(20, 0.10009082024191496)	(25, 0.10164639185948945)	(30, 0.10313911209857611)	(35, 0.10452969884761998)	(40, 0.10597528055284071)	(45, 0.10730301592339675)	(50, 0.10867003340550767)	(55, 0.10948710132584982)	(60, 0.11059485687169834)	(65, 0.11177332021834567)	(70, 0.11277108585184045)	(75, 0.11374528221840226)	(80, 0.11468805289572015)	(85, 0.11531656668059871)	(90, 0.11611006533400794)	(95, 0.11848270487192461)	(100, 0.15456725254626646)	(105, 0.9249994500504382)	(110, 3.2023405853348876)	(115, 5.787150664181942)	(120, 9.568957389907954)	(125, 12.86860762198667)	(130, 16.788734518919835)	(135, 20.215698074548023)	(140, 22.36652724135872)
IDDLNTM2.C_R1 - nextera_transposase_sequence	(1, 0.0)	(2, 0.0)	(3, 0.0)	(4, 0.0)	(5, 0.0)	(6, 2.714264000173713e-05)	(7, 2.714264000173713e-05)	(8, 5.428528000347426e-05)	(9, 8.142792000521138e-05)	(10, 0.001519987840097279)	(15, 0.0024862658241591212)	(20, 0.009879920960632314)	(25, 0.15534818578594228)	(30, 1.1779471478513888)	(35, 3.0308503246259746)	(40, 4.856344863526806)	(45, 7.5644909126441275)	(50, 9.529335765313878)	(55, 12.144447701561244)	(60, 14.134095498664582)	(65, 16.716918550365882)	(70, 18.633107506568518)	(75, 21.076580244500903)	(80, 22.97682561396652)	(85, 25.459307754109396)	(90, 27.39575597680933)	(95, 29.830982780709185)	(100, 31.835390745445466)	(105, 34.22536533993441)	(110, 36.26315332334484)	(115, 38.543905934466814)	(120, 40.53693570451436)	(125, 42.65720474236206)	(130, 44.65135278917769)	(135, 46.697549562460644)	(140, 48.027517208433764)
IDDLNTM2.C_R1 - polyg	(1, 0.0)	(2, 0.0)	(3, 0.0003799969600243198)	(4, 0.00040713960002605694)	(5, 0.0008142792000521139)	(6, 0.0009771350400625367)	(7, 0.0013571320000868563)	(8, 0.001682843680107702)	(9, 0.0017914142401146505)	(10, 0.0050756736803248435)	(15, 0.008354504592534688)	(20, 0.010411916704666364)	(25, 0.01200247540876816)	(30, 0.014043601936898789)	(35, 0.01594901526502074)	(40, 0.02461294595357523)	(45, 0.03511171910624715)	(50, 0.03828197945845004)	(55, 0.04179966560267518)	(60, 0.046696197858988556)	(65, 0.051614444227303324)	(70, 0.06471348229214166)	(75, 0.3744001476559616)	(80, 1.3923088615291077)	(85, 2.825114541940807)	(90, 4.720821661998132)	(95, 6.865372505591384)	(100, 9.127543265368164)	(105, 11.504489392656287)	(110, 13.882792651944499)	(115, 16.238192951599245)	(120, 18.506774802944435)	(125, 20.785887998610296)	(130, 22.939005059388094)	(135, 25.238486092111266)	(140, 26.33563502920548)
IDDLNTM2.C_R2 - nextera_transposase_sequence	(1, 0.0)	(2, 0.0)	(3, 0.0)	(4, 0.0)	(5, 0.0)	(6, 2.714264000173713e-05)	(7, 2.714264000173713e-05)	(8, 5.428528000347426e-05)	(9, 0.00010857056000694851)	(10, 0.001671986624107007)	(15, 0.0026436931361691965)	(20, 0.010325060256660804)	(25, 0.16013614748224872)	(30, 1.2189759624780145)	(35, 3.1385686057368685)	(40, 5.02359238268951)	(45, 7.806386120339608)	(50, 9.818062884068357)	(55, 12.486227824463118)	(60, 14.503387401472219)	(65, 17.118103055175556)	(70, 19.055696697283565)	(75, 21.512290187392786)	(80, 23.392368575337112)	(85, 25.849466918550366)	(90, 27.778760341345844)	(95, 30.224979914446397)	(100, 32.23301413588691)	(105, 34.622006166807815)	(110, 36.63043667079235)	(115, 38.880724382776364)	(120, 40.83337676155734)	(125, 42.9251514559312)	(130, 44.88026838642434)	(135, 46.87759755064816)	(140, 48.1578833083621)
IDDLNTM2.C_R2 - polyg	(1, 0.14157601024906086)	(2, 0.14450741536924847)	(3, 0.14602740320934576)	(4, 0.1473031072894274)	(5, 0.14974594488958373)	(6, 0.1508859357696567)	(7, 0.15218878248974008)	(8, 0.15305734696979567)	(9, 0.15400733936985647)	(10, 0.15738388378607254)	(15, 0.160765856730289)	(20, 0.1632901222504506)	(25, 0.1651738214665711)	(30, 0.16680237986667534)	(35, 0.16814322628276118)	(40, 0.16956550061885217)	(45, 0.17075434825092828)	(50, 0.1722526219790242)	(55, 0.17356089722710788)	(60, 0.17477688749918568)	(65, 0.17615030508327362)	(70, 0.1774748659153584)	(75, 0.17884285497144595)	(80, 0.18016741580353074)	(85, 0.18246911167567803)	(90, 0.18471109373982147)	(95, 0.190421905196187)	(100, 0.24557574967971685)	(105, 0.9936431937115933)	(110, 2.730272729246738)	(115, 4.590895272837818)	(120, 7.271583827329382)	(125, 9.527528065489761)	(130, 12.154137624041862)	(135, 14.416107528282632)	(140, 15.83531474605346)
IDDLNTM20_R1 - nextera_transposase_sequence	(1, 0.0)	(2, 0.0)	(3, 0.0)	(4, 1.5925613371017583e-05)	(5, 1.5925613371017583e-05)	(6, 1.5925613371017583e-05)	(7, 1.5925613371017583e-05)	(8, 1.5925613371017583e-05)	(9, 4.7776840113052745e-05)	(10, 0.00016562637905858285)	(15, 0.0003981403342754396)	(20, 0.0022486966079876824)	(25, 0.10390825700054132)	(30, 0.935976963918771)	(35, 2.701777123270458)	(40, 4.382617320410441)	(45, 6.992076848091784)	(50, 8.90820842742053)	(55, 11.477255118611579)	(60, 13.482716648461036)	(65, 16.11392737888452)	(70, 18.133403448500466)	(75, 20.765394533979126)	(80, 22.78264738796849)	(85, 25.41079403037938)	(90, 27.43398713815613)	(95, 29.98957668604867)	(100, 31.97284428110428)	(105, 34.39983131590318)	(110, 36.36365373703277)	(115, 38.62181652960818)	(120, 40.52952027434098)	(125, 42.625366030316314)	(130, 44.485535004259305)	(135, 46.422809427899416)	(140, 47.61199408904934)
IDDLNTM20_R1 - polyg	(1, 0.0)	(2, 0.0)	(3, 0.0003344378807913692)	(4, 0.0005733220813566329)	(5, 0.0012740490696814064)	(6, 0.0015129332702466703)	(7, 0.0020384785114902506)	(8, 0.0022932883254265317)	(9, 0.0027073542730729886)	(10, 0.007959621562834588)	(15, 0.013087669068302249)	(20, 0.016948037749436907)	(25, 0.02064596517418719)	(30, 0.02501595348319442)	(35, 0.02922668565849147)	(40, 0.04218694981982557)	(45, 0.058431075458263516)	(50, 0.0634062370753694)	(55, 0.06827947476690079)	(60, 0.07323552564796146)	(65, 0.07852282928713927)	(70, 0.08644104425520924)	(75, 0.4178880948555014)	(80, 1.6221511267451088)	(85, 3.3263223474736323)	(90, 5.45576477741646)	(95, 7.752865694684014)	(100, 10.083324401718503)	(105, 12.449195302644783)	(110, 14.891187450361851)	(115, 17.30026135524103)	(120, 19.72542968499296)	(125, 22.178279915906394)	(130, 24.503970494297597)	(135, 26.995211008803203)	(140, 28.157185166947407)
IDDLNTM20_R2 - nextera_transposase_sequence	(1, 0.0)	(2, 0.0)	(3, 0.0)	(4, 1.5925613371017583e-05)	(5, 1.5925613371017583e-05)	(6, 1.5925613371017583e-05)	(7, 1.5925613371017583e-05)	(8, 1.5925613371017583e-05)	(9, 4.7776840113052745e-05)	(10, 0.0001719966244069899)	(15, 0.0004236213156690677)	(20, 0.0023346949201911776)	(25, 0.10648502124397194)	(30, 0.9639327856302554)	(35, 2.7807299441186153)	(40, 4.505324171434132)	(45, 7.170810006954715)	(50, 9.120958696443953)	(55, 11.73038955802123)	(60, 13.748314472894844)	(65, 16.397269521736312)	(70, 18.426788283144028)	(75, 21.055055960216542)	(80, 23.040126334705754)	(85, 25.62820731899784)	(90, 27.630088770961493)	(95, 30.179731694821292)	(100, 32.15543143840299)	(105, 34.56971301885449)	(110, 36.49786525115568)	(115, 38.717905310443555)	(120, 40.57925915002134)	(125, 42.62826449194984)	(130, 44.432343455600105)	(135, 46.306657559339236)	(140, 47.43913748152032)
IDDLNTM20_R2 - polyg	(1, 0.2181968287963119)	(2, 0.221015662362982)	(3, 0.22324524823492445)	(4, 0.22576149514754523)	(5, 0.23049140231873746)	(6, 0.2326891369639379)	(7, 0.23477539231554118)	(8, 0.23628832558578786)	(9, 0.23808791989671285)	(10, 0.2442893537433871)	(15, 0.2507073759319072)	(20, 0.2557048334077325)	(25, 0.2602468183411467)	(30, 0.2644384397803985)	(35, 0.26815547794119404)	(40, 0.27189799708338314)	(45, 0.2747869033488858)	(50, 0.2779815813911119)	(55, 0.2809755967048632)	(60, 0.2837593939221171)	(65, 0.286403045741706)	(70, 0.28900529096653027)	(75, 0.29174131134367104)	(80, 0.29427348386966284)	(85, 0.29660180854450563)	(90, 0.29915946205189103)	(95, 0.30260576478537926)	(100, 0.3332848663833075)	(105, 0.9123688346575747)	(110, 2.498610888373713)	(115, 4.2388982151050305)	(120, 6.78273466032976)	(125, 8.985517724968798)	(130, 11.568215851941485)	(135, 13.824002543001944)	(140, 15.273602833994751)
IDDLNTM21.A_R1 - nextera_transposase_sequence	(1, 0.0)	(2, 0.0)	(3, 0.0)	(4, 3.4625349391416204e-05)	(5, 3.4625349391416204e-05)	(6, 3.4625349391416204e-05)	(7, 3.4625349391416204e-05)	(8, 3.4625349391416204e-05)	(9, 6.925069878283241e-05)	(10, 0.0003531785637924453)	(15, 0.0006128686842280668)	(20, 0.003199382283766857)	(25, 0.10539263847759264)	(30, 0.9355423152066745)	(35, 2.6660757273703863)	(40, 4.35090021580249)	(45, 6.890576105219512)	(50, 8.804028313148198)	(55, 11.346017175904567)	(60, 13.358989563054061)	(65, 15.992669813533837)	(70, 18.05402073885302)	(75, 20.73980175256206)	(80, 22.81938292433582)	(85, 25.494838658856338)	(90, 27.569534193830975)	(95, 30.126979812555675)	(100, 32.13632346308894)	(105, 34.54385863162351)	(110, 36.53416872759631)	(115, 38.79981960192967)	(120, 40.75786579733956)	(125, 42.860535152087515)	(130, 44.77061138845055)	(135, 46.71757400952024)	(140, 47.94385153342688)
IDDLNTM21.A_R1 - polyg	(1, 0.0)	(2, 0.0)	(3, 0.0002943154698270377)	(4, 0.0005366929155669511)	(5, 0.0010733858311339022)	(6, 0.0013503886262652318)	(7, 0.0017658928189622264)	(8, 0.00200827026470214)	(9, 0.0023198984092248857)	(10, 0.007787241078129503)	(15, 0.012004608634003999)	(20, 0.01438337013719429)	(25, 0.015958823534503726)	(30, 0.017935930984753594)	(35, 0.019521771986880453)	(40, 0.02967738696338283)	(45, 0.04251646651771996)	(50, 0.044798277042614285)	(55, 0.046913885890429816)	(60, 0.04901218206354964)	(65, 0.05171642185101925)	(70, 0.05790050925232617)	(75, 0.36255510840764077)	(80, 1.472858487062671)	(85, 3.086811810360424)	(90, 5.0900544743309295)	(95, 7.282611236099004)	(100, 9.525440542648475)	(105, 11.828517957139011)	(110, 14.193716710972685)	(115, 16.582512640416613)	(120, 18.98663028696624)	(125, 21.45068441331241)	(130, 23.771701221322637)	(135, 26.27231279155626)	(140, 27.441316525034562)
IDDLNTM21.A_R2 - nextera_transposase_sequence	(1, 0.0)	(2, 0.0)	(3, 0.0)	(4, 3.4625349391416204e-05)	(5, 3.4625349391416204e-05)	(6, 3.4625349391416204e-05)	(7, 3.4625349391416204e-05)	(8, 3.4625349391416204e-05)	(9, 6.925069878283241e-05)	(10, 0.00037049123848815335)	(15, 0.0006440314986803414)	(20, 0.003310183401819389)	(25, 0.1078441132145049)	(30, 0.9607876574479558)	(35, 2.7397411582006246)	(40, 4.471001702701557)	(45, 7.065157116851033)	(50, 9.012275551992992)	(55, 11.592785115947311)	(60, 13.613423555452064)	(65, 16.260929707943834)	(70, 18.329330354399104)	(75, 21.006049914172415)	(80, 23.048762013914196)	(85, 25.678373785840485)	(90, 27.724506870102136)	(95, 30.273618167228324)	(100, 32.271171886293814)	(105, 34.65930300902942)	(110, 36.611885324305355)	(115, 38.83685833817366)	(120, 40.74192774901469)	(125, 42.794199907723446)	(130, 44.6461955830173)	(135, 46.53278890742307)	(140, 47.70166452710862)
IDDLNTM21.A_R2 - polyg	(1, 0.17807817192005354)	(2, 0.18176577163023935)	(3, 0.18322003630467884)	(4, 0.18526293191877238)	(5, 0.18830996266521702)	(6, 0.1899892921107007)	(7, 0.19161668353209727)	(8, 0.1927766327367097)	(9, 0.1942655227605406)	(10, 0.19759994390693397)	(15, 0.20097591547259705)	(20, 0.20328542627700452)	(25, 0.20478470390565282)	(30, 0.20625628125478804)	(35, 0.2075235690425139)	(40, 0.20881509457481368)	(45, 0.20994041843003478)	(50, 0.2109618662370815)	(55, 0.21209411516218082)	(60, 0.2132402142270367)	(65, 0.21418548626542236)	(70, 0.2154873994025396)	(75, 0.21651923481440377)	(80, 0.21735370573473692)	(85, 0.218357840867088)	(90, 0.21961820358493553)	(95, 0.22215277916038723)	(100, 0.24734618337758169)	(105, 0.7975360601373067)	(110, 2.318385281456481)	(115, 4.057093738611506)	(120, 6.507325425480621)	(125, 8.694792260888159)	(130, 11.214316196959377)	(135, 13.467450007487733)	(140, 14.875327101347532)
IDDLNTM21.B_R1 - nextera_transposase_sequence	(1, 0.0)	(2, 2.1552416230607404e-05)	(3, 2.1552416230607404e-05)	(4, 2.1552416230607404e-05)	(5, 2.1552416230607404e-05)	(6, 2.1552416230607404e-05)	(7, 2.1552416230607404e-05)	(8, 2.1552416230607404e-05)	(9, 2.1552416230607404e-05)	(10, 0.00028018141099789626)	(15, 0.0006638144199027081)	(20, 0.002849229425686299)	(25, 0.1077750126027754)	(30, 1.0002347058127514)	(35, 2.9378917555757718)	(40, 4.7137332642793925)	(45, 7.507478149621616)	(50, 9.482287254482957)	(55, 12.159864616342206)	(60, 14.167554087404962)	(65, 16.79755664567677)	(70, 18.69697970904669)	(75, 21.09779387312222)	(80, 22.790253393912867)	(85, 25.024889807883916)	(90, 26.779933234925)	(95, 29.147397190125286)	(100, 31.095313190014075)	(105, 33.57344880255853)	(110, 35.540253340031825)	(115, 37.79667924681202)	(120, 39.69943862421444)	(125, 41.78567372098802)	(130, 43.635043452903986)	(135, 45.56897193465911)	(140, 46.77406666722703)
IDDLNTM21.B_R1 - polyg	(1, 0.0)	(2, 0.0)	(3, 0.00021552416230607405)	(4, 0.0004310483246121481)	(5, 0.0008405442329936888)	(6, 0.0011638304764528)	(7, 0.0017241932984485924)	(8, 0.002133689206830133)	(9, 0.0025647375314422813)	(10, 0.008021809321032075)	(15, 0.013146973900670517)	(20, 0.016797953210135413)	(25, 0.020160130142110166)	(30, 0.02359558528926899)	(35, 0.026668959843753604)	(40, 0.034833015111907686)	(45, 0.044182453272745184)	(50, 0.04793688418011699)	(55, 0.052380992406868235)	(60, 0.05984674938915065)	(65, 0.06783838532745987)	(70, 0.07387737235527606)	(75, 0.20324359553787397)	(80, 0.77317137985681)	(85, 1.7035029788672094)	(90, 3.0659131079855793)	(95, 4.80395598910396)	(100, 6.8862038888748796)	(105, 9.199653178518016)	(110, 11.528930562640912)	(115, 13.846651541180956)	(120, 16.063110647303112)	(125, 18.20780882834384)	(130, 20.218067347421286)	(135, 22.299862646451363)	(140, 23.394328826507575)
IDDLNTM21.B_R2 - nextera_transposase_sequence	(1, 0.0)	(2, 2.1552416230607404e-05)	(3, 2.1552416230607404e-05)	(4, 2.1552416230607404e-05)	(5, 2.1552416230607404e-05)	(6, 2.1552416230607404e-05)	(7, 2.1552416230607404e-05)	(8, 2.1552416230607404e-05)	(9, 2.1552416230607404e-05)	(10, 0.0002931128607362607)	(15, 0.0007155402188561659)	(20, 0.002883713291655271)	(25, 0.10928368173891792)	(30, 1.0236406298391911)	(35, 3.014329554979244)	(40, 4.833672460602722)	(45, 7.684026922416258)	(50, 9.688854232603589)	(55, 12.402118085257479)	(60, 14.41615689814177)	(65, 17.052129475709457)	(70, 18.952867236469448)	(75, 21.340797366122317)	(80, 23.0031007461231)	(85, 25.198753149616227)	(90, 26.933860591644)	(95, 29.290169016203322)	(100, 31.220942224222284)	(105, 33.668456163786296)	(110, 35.58780228071979)	(115, 37.784390059077325)	(120, 39.623656018264384)	(125, 41.65329878049963)	(130, 43.44522270219453)	(135, 45.31243352426619)	(140, 46.45595300366326)
IDDLNTM21.B_R2 - polyg	(1, 0.2307617205811135)	(2, 0.2345549458377004)	(3, 0.23705502612045085)	(4, 0.23940423948958706)	(5, 0.24384403723309217)	(6, 0.24692603275406905)	(7, 0.24992181861012347)	(8, 0.252033955400723)	(9, 0.2541245397750919)	(10, 0.26076268397411895)	(15, 0.26763790475168275)	(20, 0.27267685966639876)	(25, 0.2769528590465512)	(30, 0.2804357295094174)	(35, 0.2836513500110241)	(40, 0.2866083415178634)	(45, 0.28966016365611735)	(50, 0.2923843890676662)	(55, 0.29458704600643426)	(60, 0.29655262636666563)	(65, 0.29882425103737165)	(70, 0.30098380314367856)	(75, 0.3035011253594135)	(80, 0.3059365483934721)	(85, 0.30823403596365484)	(90, 0.31068670093069795)	(95, 0.31413508752759517)	(100, 0.3446576193933814)	(105, 0.9468191974268139)	(110, 2.6780687569493073)	(115, 4.510912096099637)	(120, 7.224831142206938)	(125, 9.495641131579442)	(130, 12.16908474000566)	(135, 14.441472366246245)	(140, 15.87714777909894)
IDDLNTM22.A_R1 - nextera_transposase_sequence	(1, 0.0)	(2, 0.0)	(3, 0.0)	(4, 0.0)	(5, 0.0)	(6, 0.0)	(7, 0.0)	(8, 0.0)	(9, 1.9427328967623967e-05)	(10, 0.00017873142650214052)	(15, 0.0003691192503848554)	(20, 0.002284653886592579)	(25, 0.09671312906662563)	(30, 0.838701104327088)	(35, 2.4078386941104886)	(40, 3.96933745814382)	(45, 6.3443595081621975)	(50, 8.151299260906697)	(55, 10.557385609944305)	(60, 12.5019796448218)	(65, 15.007615512955308)	(70, 16.965455100722927)	(75, 19.497865713639616)	(80, 21.48884443916021)	(85, 24.062472073214607)	(90, 26.080349878423778)	(95, 28.620916084041074)	(100, 30.632242993922354)	(105, 33.08833528772263)	(110, 35.11744597454088)	(115, 37.463665066631854)	(120, 39.49648637328291)	(125, 41.76100966159924)	(130, 43.82540814875428)	(135, 46.02412718839147)	(140, 47.398253249997865)
IDDLNTM22.A_R1 - polyg	(1, 0.0)	(2, 0.0)	(3, 0.00023312794761148762)	(4, 0.00046625589522297523)	(5, 0.0007576658297373348)	(6, 0.0009130844614783265)	(7, 0.0012822037118631819)	(8, 0.0015930409753451653)	(9, 0.001845596251924277)	(10, 0.004845175844525418)	(15, 0.0075106053788834256)	(20, 0.010529612300452192)	(25, 0.013513650029879231)	(30, 0.016474374964545124)	(35, 0.01988192846546637)	(40, 0.03573462890304753)	(45, 0.05722125474123964)	(50, 0.06096684376619754)	(55, 0.06437051180132526)	(60, 0.0677625234390724)	(65, 0.07162079097204252)	(70, 0.07836595958960156)	(75, 0.3793030562296839)	(80, 1.4234209661288404)	(85, 2.9780618830366006)	(90, 4.916559622084055)	(95, 7.041536406425939)	(100, 9.216849400122936)	(105, 11.45994045912218)	(110, 13.804453831729802)	(115, 16.109393735230373)	(120, 18.459902381557406)	(125, 20.83974240915975)	(130, 23.133150250185142)	(135, 25.576000876561082)	(140, 26.743311364909736)
IDDLNTM22.A_R2 - nextera_transposase_sequence	(1, 0.0)	(2, 0.0)	(3, 0.0)	(4, 0.0)	(5, 0.0)	(6, 0.0)	(7, 0.0)	(8, 0.0)	(9, 0.0)	(10, 0.00016707502912156614)	(15, 0.00035746285300428105)	(20, 0.00225357016024438)	(25, 0.09871025848449737)	(30, 0.862165432254184)	(35, 2.4800384194857665)	(40, 4.084945607364356)	(45, 6.512596291556028)	(50, 8.35119870505196)	(55, 10.788784525277674)	(60, 12.741378734224039)	(65, 15.263955233217313)	(70, 17.231726071553183)	(75, 19.75856881198775)	(80, 21.717263202229947)	(85, 24.24425747583046)	(90, 26.23510409551407)	(95, 28.763501022266052)	(100, 30.764263350654737)	(105, 33.19849601390064)	(110, 35.18579520331477)	(115, 37.48545864426773)	(120, 39.45979203432886)	(125, 41.67014415855187)	(130, 43.673521405419606)	(135, 45.802799400394925)	(140, 47.106532478220025)
IDDLNTM22.A_R2 - polyg	(1, 0.12318869298370358)	(2, 0.12625821096058817)	(3, 0.12777354262006282)	(4, 0.12890032770018503)	(5, 0.13222240095364873)	(6, 0.13346575000757666)	(7, 0.1345536804297636)	(8, 0.1353696282464038)	(9, 0.13599130277336777)	(10, 0.13906082075025236)	(15, 0.14292685921480955)	(20, 0.14557674688599345)	(25, 0.14804013219908815)	(30, 0.15025873316719082)	(35, 0.1525938981090992)	(40, 0.15490963572204)	(45, 0.15661146973960385)	(50, 0.15834438748351592)	(55, 0.1601161598853632)	(60, 0.16173251365546956)	(65, 0.1631545941358996)	(70, 0.16460387287688436)	(75, 0.16630959236024173)	(80, 0.1677938402933682)	(85, 0.16927031729490763)	(90, 0.17075845069382764)	(95, 0.1733694837070763)	(100, 0.19925834228933198)	(105, 0.7129985149749737)	(110, 2.0925719996238867)	(115, 3.7090462191698004)	(120, 6.013026412619371)	(125, 8.074747813842672)	(130, 10.478087138564259)	(135, 12.643523278214117)	(140, 14.032592841262403)
IDDLNTM22.B_R1 - nextera_transposase_sequence	(1, 0.0)	(2, 0.0)	(3, 0.0)	(4, 0.0)	(5, 0.0)	(6, 0.0)	(7, 0.0)	(8, 0.0)	(9, 0.0)	(10, 0.0002706842775498151)	(15, 0.0005577736628299221)	(20, 0.002874995129733643)	(25, 0.10164604749688815)	(30, 0.8592749352510906)	(35, 2.4289607569316707)	(40, 3.9830453211607435)	(45, 6.325395311830339)	(50, 8.115873377175983)	(55, 10.45634498301046)	(60, 12.343674703118817)	(65, 14.740592183376293)	(70, 16.61297274906542)	(75, 18.953214683391675)	(80, 20.78612045860479)	(85, 23.137747537695862)	(90, 24.992541827898116)	(95, 27.324089055127313)	(100, 29.196162025046497)	(105, 31.449309242432626)	(110, 33.29900564540769)	(115, 35.41412848890502)	(120, 37.21926041673074)	(125, 39.18692594939434)	(130, 40.96072002017828)	(135, 42.80359189833755)	(140, 43.93408837841662)
IDDLNTM22.B_R1 - polyg	(1, 0.0)	(2, 0.0)	(3, 0.00020506384662864784)	(4, 0.0005331660012344844)	(5, 0.001025319233143239)	(6, 0.0012919022337604814)	(7, 0.0017225363116806418)	(8, 0.002009625696960749)	(9, 0.002255702312915126)	(10, 0.007558653386731959)	(15, 0.012106969504955368)	(20, 0.015552042128316651)	(25, 0.019296507967755762)	(30, 0.022446288651971794)	(35, 0.026149741722085174)	(40, 0.042280063897894606)	(45, 0.06485759341170874)	(50, 0.06989806276184089)	(55, 0.07420440354104249)	(60, 0.07969601335375769)	(65, 0.08560185213666276)	(70, 0.09417352092574023)	(75, 0.3820667564846315)	(80, 1.3673288178274305)	(85, 2.838452752264417)	(90, 4.671817870493978)	(95, 6.708659641179281)	(100, 8.805224206556712)	(105, 10.963705749785195)	(110, 13.210200695986696)	(115, 15.416511330802845)	(120, 17.625959442472414)	(125, 19.817427556069582)	(130, 21.91905309718181)	(135, 24.145402571090507)	(140, 25.226318714331708)
IDDLNTM22.B_R2 - nextera_transposase_sequence	(1, 0.0)	(2, 0.0)	(3, 0.0)	(4, 0.0)	(5, 0.0)	(6, 0.0)	(7, 0.0)	(8, 0.0)	(9, 0.0)	(10, 0.0003198996007406906)	(15, 0.0005946851552230787)	(20, 0.002891400237463934)	(25, 0.10461537199607096)	(30, 0.8887549138424248)	(35, 2.5182701634153792)	(40, 4.125880492891462)	(45, 6.53730418965945)	(50, 8.372941415309658)	(55, 10.762800597966176)	(60, 12.675267044394271)	(65, 15.10626613596143)	(70, 17.004923582957552)	(75, 19.35898682054658)	(80, 21.174810777335523)	(85, 23.50465187336077)	(90, 25.350566899004004)	(95, 27.694151374030305)	(100, 29.574316163337453)	(105, 31.829308955343247)	(110, 33.65765821188427)	(115, 35.748575318925546)	(120, 37.51785388380672)	(125, 39.45834435551508)	(130, 41.19292201626977)	(135, 42.992037370835405)	(140, 44.08241105868312)
IDDLNTM22.B_R2 - polyg	(1, 0.20451017424275048)	(2, 0.20805777878942608)	(3, 0.21019044279436402)	(4, 0.21238462595329055)	(5, 0.21644489011653778)	(6, 0.2185980605061386)	(7, 0.22023857127916777)	(8, 0.2217970565135455)	(9, 0.22358111197921474)	(10, 0.22962639417782724)	(15, 0.2351262065444076)	(20, 0.23959249712397956)	(25, 0.24342719105593527)	(30, 0.24659337684788157)	(35, 0.25045267844143276)	(40, 0.2538362319108054)	(45, 0.2570639368567404)	(50, 0.2601357932792375)	(55, 0.26302309223976883)	(60, 0.26561509926115495)	(65, 0.2682194101133388)	(70, 0.27060225201116367)	(75, 0.27297689135512343)	(80, 0.27553608816104896)	(85, 0.2777917904739641)	(90, 0.2800474927868792)	(95, 0.2835417807334314)	(100, 0.3116642366600841)	(105, 0.8437146905689087)	(110, 2.2379109735816245)	(115, 3.852165371688476)	(120, 6.13619110309995)	(125, 8.17756888607268)	(130, 10.538497661246828)	(135, 12.64842008559365)	(140, 13.987979157310628)
IDDLNTM32_R1 - nextera_transposase_sequence	(1, 0.0)	(2, 0.0)	(3, 0.0)	(4, 1.9347673829175518e-05)	(5, 1.9347673829175518e-05)	(6, 1.9347673829175518e-05)	(7, 1.9347673829175518e-05)	(8, 3.8695347658351036e-05)	(9, 0.00011608604297505311)	(10, 0.0005301262629194092)	(15, 0.0008435585789520526)	(20, 0.0024416764372419504)	(25, 0.09083732862797907)	(30, 0.8133104256875197)	(35, 2.419956738601318)	(40, 3.9495877010707003)	(45, 6.332563295914932)	(50, 8.090597417472498)	(55, 10.478835579598265)	(60, 12.348799863792376)	(65, 14.830688506320886)	(70, 16.74257919970282)	(75, 19.24385808094293)	(80, 21.182003567711057)	(85, 23.681579853654192)	(90, 25.593489894709958)	(95, 27.98488946673941)	(100, 29.871844878090307)	(105, 32.15834523215274)	(110, 34.04646150393339)	(115, 36.17782060062918)	(120, 38.01289715937453)	(125, 39.99725649985103)	(130, 41.803582415286215)	(135, 43.65121561434668)	(140, 44.80362111063387)
IDDLNTM32_R1 - polyg	(1, 0.0)	(2, 0.0)	(3, 0.00036760580275433486)	(4, 0.0006965162578503187)	(5, 0.0011028174082630046)	(6, 0.0013543371680422862)	(7, 0.0018767243614300252)	(8, 0.0022056348165260093)	(9, 0.0027860650314012747)	(10, 0.00937201320285262)	(15, 0.014475929558989123)	(20, 0.016782172279426844)	(25, 0.018295160372868373)	(30, 0.019889408696392434)	(35, 0.02129791935115641)	(40, 0.031416752763815205)	(45, 0.04561020628489837)	(50, 0.04801318737448197)	(55, 0.052230980269242236)	(60, 0.06090260767947869)	(65, 0.06948523579010095)	(70, 0.07523923398689776)	(75, 0.21620251597150478)	(80, 0.7957388683158625)	(85, 1.7523884703342116)	(90, 3.0854122408862787)	(95, 4.749687535067659)	(100, 6.656102836755937)	(105, 8.750128662030964)	(110, 10.904913922199134)	(115, 13.072205518730481)	(120, 15.241714358682657)	(125, 17.428794756006482)	(130, 19.556733183969293)	(135, 21.771031888836006)	(140, 22.890910075881578)
IDDLNTM32_R2 - nextera_transposase_sequence	(1, 0.0)	(2, 0.0)	(3, 0.0)	(4, 1.9347673829175518e-05)	(5, 1.9347673829175518e-05)	(6, 1.9347673829175518e-05)	(7, 1.9347673829175518e-05)	(8, 3.8695347658351036e-05)	(9, 0.00011608604297505311)	(10, 0.0005378653324510794)	(15, 0.0008435585789520526)	(20, 0.0025113280630269822)	(25, 0.09267535764175074)	(30, 0.8393756118701848)	(35, 2.4977537350684327)	(40, 4.071087223183157)	(45, 6.511196498844944)	(50, 8.303007789373485)	(55, 10.729206087552093)	(60, 12.610477152331974)	(65, 15.112026901005695)	(70, 17.040769418292836)	(75, 19.539180974271463)	(80, 21.446428225934394)	(85, 23.901686730204425)	(90, 25.78988426221515)	(95, 28.173800154007484)	(100, 30.053724620688854)	(105, 32.32149255694988)	(110, 34.169419840652566)	(115, 36.25145784722302)	(120, 38.028158604490976)	(125, 39.964427366897674)	(130, 41.713859512670794)	(135, 43.49850442481301)	(140, 44.59346667750136)
IDDLNTM32_R2 - polyg	(1, 0.2751045741770467)	(2, 0.2792062810288319)	(3, 0.28168278327896634)	(4, 0.2839464611169799)	(5, 0.2875838237968649)	(6, 0.28977011093956173)	(7, 0.2920918317990628)	(8, 0.29396855616049283)	(9, 0.2966772304965774)	(10, 0.3016882780183338)	(15, 0.30658710903188113)	(20, 0.30919517546405395)	(25, 0.3109442051782114)	(30, 0.31222115165093706)	(35, 0.31332783859396585)	(40, 0.3145273943713747)	(45, 0.3156689071272961)	(50, 0.31684524569610995)	(55, 0.3182266696075131)	(60, 0.319495877010707)	(65, 0.3205445209322483)	(70, 0.3218717713569298)	(75, 0.3231487178296553)	(80, 0.32432118686370337)	(85, 0.3257567842618282)	(90, 0.32733942398105476)	(95, 0.32942510321983987)	(100, 0.3564499340244323)	(105, 0.8579493787461934)	(110, 2.2817679130438147)	(115, 3.871469533218021)	(120, 6.173765328194591)	(125, 8.186844355703112)	(130, 10.554055465911334)	(135, 12.648917110695782)	(140, 13.979893897356721)
IDDLNTM33.A_R1 - nextera_transposase_sequence	(1, 0.0)	(2, 0.0)	(3, 0.0)	(4, 2.186657453549929e-05)	(5, 2.186657453549929e-05)	(6, 2.186657453549929e-05)	(7, 2.186657453549929e-05)	(8, 2.186657453549929e-05)	(9, 4.373314907099858e-05)	(10, 0.0003454918776608888)	(15, 0.0004810646397809844)	(20, 0.0018411655758890405)	(25, 0.10366942987280214)	(30, 0.9755028765478801)	(35, 2.914914971824919)	(40, 4.735018663121366)	(45, 7.515909026303302)	(50, 9.537377629182256)	(55, 12.219662861153813)	(60, 14.295259982637939)	(65, 16.983300497027237)	(70, 19.011670190829598)	(75, 21.568729923751256)	(80, 23.51507809647095)	(85, 26.065949588799064)	(90, 28.07139873917331)	(95, 30.615627166157537)	(100, 32.656132808827095)	(105, 35.10046597670335)	(110, 37.09619762135402)	(115, 39.379706506836584)	(120, 41.32231549531072)	(125, 43.41941183287815)	(130, 45.28290318136793)	(135, 47.215575998373126)	(140, 48.41939652627597)
IDDLNTM33.A_R1 - polyg	(1, 0.0)	(2, 0.0)	(3, 0.00015306602174849503)	(4, 0.00032799861803248936)	(5, 0.000677863810600478)	(6, 0.0009402627050264695)	(7, 0.0014650604938784525)	(8, 0.002077324580872433)	(9, 0.0025146560715824185)	(10, 0.00892593572539081)	(15, 0.013732208808293556)	(20, 0.015638974107789094)	(25, 0.017095287971853345)	(30, 0.018870853824135884)	(35, 0.020274687909314942)	(40, 0.032143864567183954)	(45, 0.04793590469672154)	(50, 0.050113815520457274)	(55, 0.05205556733920961)	(60, 0.05410665203063945)	(65, 0.056367655837610074)	(70, 0.06179493963732099)	(75, 0.3913242178872953)	(80, 1.6844303429334886)	(85, 3.5645534080149743)	(90, 5.8272977943186275)	(95, 8.274202471360255)	(100, 10.684401916386593)	(105, 13.14161886997916)	(110, 15.627118051075945)	(115, 18.069662533155192)	(120, 20.44323546583457)	(125, 22.805219114010132)	(130, 25.027729003168467)	(135, 27.44930344026817)	(140, 28.591289668699527)
IDDLNTM33.A_R2 - nextera_transposase_sequence	(1, 0.0)	(2, 0.0)	(3, 0.0)	(4, 2.186657453549929e-05)	(5, 2.186657453549929e-05)	(6, 2.186657453549929e-05)	(7, 2.186657453549929e-05)	(8, 2.186657453549929e-05)	(9, 6.559972360649788e-05)	(10, 0.0003848517118247875)	(15, 0.0005029312143164837)	(20, 0.0019111386144026383)	(25, 0.10648584467297444)	(30, 1.009041828570429)	(35, 3.01302154513589)	(40, 4.885364482997645)	(45, 7.736612736405005)	(50, 9.800436894159219)	(55, 12.531143468782185)	(60, 14.627741248450207)	(65, 17.34515294575559)	(70, 19.39072288708757)	(75, 21.947231582330936)	(80, 23.867261145939704)	(85, 26.38004981205679)	(90, 28.370174866996564)	(95, 30.919874310929572)	(100, 32.957366739628135)	(105, 35.39338186255108)	(110, 37.35850030285206)	(115, 39.60934052597859)	(120, 41.50948900001968)	(125, 43.567872754029466)	(130, 45.38725484836624)	(135, 47.27214482669647)	(140, 48.42604396493476)
IDDLNTM33.A_R2 - polyg	(1, 0.18542855206103398)	(2, 0.18859920536868138)	(3, 0.19028293160791482)	(4, 0.19209785729436127)	(5, 0.19485304568583417)	(6, 0.1967554376704226)	(7, 0.19835169761151406)	(8, 0.19972929180725052)	(9, 0.20150048434462597)	(10, 0.20517406886658987)	(15, 0.20887389327799633)	(20, 0.21102993752719654)	(25, 0.21227633227572001)	(30, 0.21327782138944587)	(35, 0.21456357597213324)	(40, 0.2158580771846348)	(45, 0.21690329944743167)	(50, 0.21799662817420665)	(55, 0.21904622375191057)	(60, 0.22019203225757072)	(65, 0.2214078138017445)	(70, 0.22255362230740466)	(75, 0.2236425777192726)	(80, 0.2246571867777197)	(85, 0.22581611522810116)	(90, 0.22713248301513822)	(95, 0.22868063649225157)	(100, 0.25733022244866277)	(105, 0.8526652074372594)	(110, 2.573896995313993)	(115, 4.47395362974204)	(120, 7.166489911855838)	(125, 9.492529284809947)	(130, 12.160723696150827)	(135, 14.486802428939097)	(140, 15.957613831920389)
IDDLNTM33.B_R1 - nextera_transposase_sequence	(1, 0.0)	(2, 0.0)	(3, 0.0)	(4, 0.0)	(5, 0.0)	(6, 0.0)	(7, 0.0)	(8, 0.0)	(9, 0.0)	(10, 0.00023361522220393828)	(15, 0.00035247208964102973)	(20, 0.0015902229160548783)	(25, 0.09315099596931772)	(30, 0.8562407745041364)	(35, 2.549033068644554)	(40, 4.17005630741632)	(45, 6.599634125773927)	(50, 8.43025940101467)	(55, 10.827754062189602)	(60, 12.749075324310185)	(65, 15.213592963181625)	(70, 17.14732452166771)	(75, 19.61887930679396)	(80, 21.565849061204936)	(85, 24.042047461186574)	(90, 25.974045348813142)	(95, 28.375716394399056)	(100, 30.288738168362386)	(105, 32.58426593281431)	(110, 34.47525000414974)	(115, 36.65447427455814)	(120, 38.52421985323635)	(125, 40.58854641944712)	(130, 42.46141506478007)	(135, 44.41593427952963)	(140, 45.62624146510352)
IDDLNTM33.B_R1 - polyg	(1, 0.0)	(2, 0.0)	(3, 0.0003483735769707852)	(4, 0.0005737917738342345)	(5, 0.0007992099706976836)	(6, 0.0009836430408586875)	(7, 0.0013934943078831408)	(8, 0.0016598976314490352)	(9, 0.0021927042785808244)	(10, 0.007237973375651843)	(15, 0.011352880096577353)	(20, 0.01331196915295424)	(25, 0.014488242289314418)	(30, 0.015738288653739003)	(35, 0.016885872201407467)	(40, 0.027230518181104668)	(45, 0.04138678094412928)	(50, 0.043276195285112014)	(55, 0.04556726386777871)	(60, 0.04872721713653723)	(65, 0.051919958506657725)	(70, 0.05692014396435605)	(75, 0.2967610069143958)	(80, 1.2248118219138866)	(85, 2.6576477529187046)	(90, 4.419176203051793)	(95, 6.425439140263194)	(100, 8.495778224561198)	(105, 10.669121129287786)	(110, 12.899367783928051)	(115, 15.118392710877185)	(120, 17.351123064195615)	(125, 19.59403412298694)	(130, 21.737351323891318)	(135, 23.978356574290974)	(140, 25.06590920687837)
IDDLNTM33.B_R2 - nextera_transposase_sequence	(1, 0.0)	(2, 0.0)	(3, 0.0)	(4, 0.0)	(5, 0.0)	(6, 0.0)	(7, 0.0)	(8, 0.0)	(9, 0.0)	(10, 0.00023361522220393828)	(15, 0.0003606691149815188)	(20, 0.0016844887074705024)	(25, 0.09582322623031717)	(30, 0.8833893224318361)	(35, 2.6293229318546443)	(40, 4.29524537692894)	(45, 6.784337697771167)	(50, 8.652591417837424)	(55, 11.090071168623263)	(60, 13.0265774201871)	(65, 15.513046692920375)	(70, 17.463532971202415)	(75, 19.94171095280378)	(80, 21.86123296786213)	(85, 24.29843811829906)	(90, 26.213136183944528)	(95, 28.613815389464243)	(100, 30.51898441315139)	(105, 32.800786258670655)	(110, 34.65987980291892)	(115, 36.800557561663666)	(120, 38.621489854439275)	(125, 40.64348288327908)	(130, 42.465763586723185)	(135, 44.36386677456684)	(140, 45.522180228406015)
IDDLNTM33.B_R2 - polyg	(1, 0.1826092320227451)	(2, 0.1866872521296384)	(3, 0.18826517950768257)	(4, 0.19035542096950728)	(5, 0.1926505880648442)	(6, 0.19424900800623957)	(7, 0.19537609899055683)	(8, 0.1964417122848204)	(9, 0.19793766940945964)	(10, 0.2012082825203148)	(15, 0.20435594025106257)	(20, 0.2063191278201097)	(25, 0.20775360725469533)	(30, 0.20865937855481934)	(35, 0.20949957365221947)	(40, 0.2102823895722362)	(45, 0.21126603261309485)	(50, 0.21218409945122962)	(55, 0.2131759395174288)	(60, 0.21420876471033043)	(65, 0.21492190591495303)	(70, 0.2158686623417795)	(75, 0.2167703351292333)	(80, 0.21758593915061195)	(85, 0.21868434054623748)	(90, 0.21965568804908542)	(95, 0.2212008273257676)	(100, 0.2465091430645276)	(105, 0.7673563302245431)	(110, 2.2561205651275182)	(115, 3.952138388739418)	(120, 6.30854546039515)	(125, 8.396487656611855)	(130, 10.79201503170507)	(135, 12.922442410261528)	(140, 14.281841191240904)
IDDLNTM33.C_R1 - nextera_transposase_sequence	(1, 0.0)	(2, 0.0)	(3, 0.0)	(4, 1.6847391442569686e-05)	(5, 1.6847391442569686e-05)	(6, 1.6847391442569686e-05)	(7, 1.6847391442569686e-05)	(8, 1.6847391442569686e-05)	(9, 1.6847391442569686e-05)	(10, 0.0001651044361371829)	(15, 0.0003672731334480191)	(20, 0.0017015865356995383)	(25, 0.08295318598492461)	(30, 0.7303175716439533)	(35, 2.1525642487908208)	(40, 3.5365841947544974)	(45, 5.623251556656851)	(50, 7.217462927736316)	(55, 9.322790460400459)	(60, 11.018551168139156)	(65, 13.195318379476372)	(70, 14.911080310335688)	(75, 17.093582373719954)	(80, 18.816231518200997)	(85, 21.01326951092191)	(90, 22.746876198797196)	(95, 24.905977235467734)	(100, 26.63305724389817)	(105, 28.718491376746933)	(110, 30.4342667855194)	(115, 32.4168374851764)	(120, 34.131851391855676)	(125, 36.01079715622772)	(130, 37.70663199248876)	(135, 39.490130545382065)	(140, 40.58573662776211)
IDDLNTM33.C_R1 - polyg	(1, 0.0)	(2, 0.0)	(3, 0.00025271087163854526)	(4, 0.0004548795689493815)	(5, 0.0007918273978007752)	(6, 0.0010613856608818902)	(7, 0.0014657230555035626)	(8, 0.0017521287100272472)	(9, 0.0021227713217637804)	(10, 0.007810450672775307)	(15, 0.012200880882708967)	(20, 0.014529190380072096)	(25, 0.01583317847772699)	(30, 0.016988909530687272)	(35, 0.018468110499344888)	(40, 0.035642341335900427)	(45, 0.06137841650356988)	(50, 0.06375726817526071)	(55, 0.06602829654171911)	(60, 0.06967070257160268)	(65, 0.07359614477772142)	(70, 0.07865036221049233)	(75, 0.31416004718617396)	(80, 1.1846243292842875)	(85, 2.5059517622118737)	(90, 4.121165091463645)	(95, 5.92977973551954)	(100, 7.787831365024512)	(105, 9.716857685198741)	(110, 11.710170281639527)	(115, 13.690722663801711)	(120, 15.69226015674476)	(125, 17.699829015824246)	(130, 19.622520716816073)	(135, 21.65170814859467)	(140, 22.629449880442486)
IDDLNTM33.C_R2 - nextera_transposase_sequence	(1, 1.6847391442569686e-05)	(2, 1.6847391442569686e-05)	(3, 1.6847391442569686e-05)	(4, 3.369478288513937e-05)	(5, 3.369478288513937e-05)	(6, 5.054217432770906e-05)	(7, 5.054217432770906e-05)	(8, 5.054217432770906e-05)	(9, 5.054217432770906e-05)	(10, 0.00019879921902232227)	(15, 0.00040096791633315845)	(20, 0.0017757150580468447)	(25, 0.08522084487309449)	(30, 0.7570341649935803)	(35, 2.2300790968180837)	(40, 3.658141493490926)	(45, 5.805011323974158)	(50, 7.4360814180516766)	(55, 9.582890597925715)	(60, 11.296159114851532)	(65, 13.498103067960523)	(70, 15.23556443899787)	(75, 17.428515254554817)	(80, 19.13424287907094)	(85, 21.3069195437659)	(90, 23.03173863226474)	(95, 25.19693842463749)	(100, 26.927077919353895)	(105, 29.010766662449203)	(110, 30.70423275547342)	(115, 32.65928829542642)	(120, 34.33741652328133)	(125, 36.18733086271954)	(130, 37.85069740619245)	(135, 39.592208890132596)	(140, 40.645359546077366)
IDDLNTM33.C_R2 - polyg	(1, 0.21830849831281798)	(2, 0.22220024573605157)	(3, 0.22427247488348764)	(4, 0.22642894098813657)	(5, 0.22932669231625855)	(6, 0.23082611015464727)	(7, 0.23193803798985685)	(8, 0.2332521345223773)	(9, 0.23476839975220856)	(10, 0.23891622752536926)	(15, 0.24279449703544875)	(20, 0.24491726835721256)	(25, 0.24621451749829043)	(30, 0.2472927505506149)	(35, 0.24844848160357516)	(40, 0.24949301987301445)	(45, 0.2505139717944342)	(50, 0.2515955743250472)	(55, 0.25262663468133245)	(60, 0.25358019703698187)	(65, 0.2543450686084745)	(70, 0.25536939000818276)	(75, 0.2563229523638322)	(80, 0.25732705689380936)	(85, 0.25838507307640274)	(90, 0.2596991696089232)	(95, 0.2615658605807599)	(100, 0.2819983769223084)	(105, 0.7210279200025204)	(110, 1.9613867896571169)	(115, 3.4068222163855375)	(120, 5.420658305081662)	(125, 7.233026547950961)	(130, 9.327022525130833)	(135, 11.209310811965086)	(140, 12.397051908666247)
IDDLNTM35_R1 - nextera_transposase_sequence	(1, 0.0)	(2, 0.0)	(3, 0.0)	(4, 0.0)	(5, 0.0)	(6, 0.0)	(7, 0.0)	(8, 0.0)	(9, 2.477686574134984e-05)	(10, 0.0005252695537166167)	(15, 0.0007779935842783849)	(20, 0.0022695609019076452)	(25, 0.09166449249669786)	(30, 0.8225919426128148)	(35, 2.4208533994974757)	(40, 3.9553788469490883)	(45, 6.300063205784506)	(50, 8.04030105874025)	(55, 10.350466288224819)	(60, 12.177978173067894)	(65, 14.547523638988185)	(70, 16.382230725642547)	(75, 18.72326297446769)	(80, 20.541661928091095)	(85, 22.885117354385738)	(90, 24.728897729274586)	(95, 27.028394040370934)	(100, 28.867902883605968)	(105, 31.075908140265803)	(110, 32.89662620852259)	(115, 34.99589571218994)	(120, 36.79898751815835)	(125, 38.77966007626815)	(130, 40.562970032628655)	(135, 42.43406937968391)	(140, 43.58793297263172)
IDDLNTM35_R1 - polyg	(1, 0.0)	(2, 0.0)	(3, 0.0003220992546375479)	(4, 0.00039642985186159744)	(5, 0.0009910746296539936)	(6, 0.0012140664213261421)	(7, 0.0017839343333771883)	(8, 0.0021060335880147365)	(9, 0.002452909708393634)	(10, 0.008850296442810162)	(15, 0.013825491083673211)	(20, 0.01707621586893831)	(25, 0.019999886026417592)	(30, 0.02300284215426919)	(35, 0.0266648629108407)	(40, 0.04272522728438367)	(45, 0.06306703405803188)	(50, 0.06605512406643868)	(55, 0.06932071497114858)	(60, 0.0731115754295751)	(65, 0.07722453514263919)	(70, 0.08366156486224186)	(75, 0.36379376430709137)	(80, 1.3897839531637952)	(85, 2.915885266263349)	(90, 4.795047005430841)	(95, 6.854232495701834)	(100, 8.938105654997505)	(105, 11.075372959965787)	(110, 13.291732975753607)	(115, 15.463246864549584)	(120, 17.64885878995239)	(125, 19.82567988339016)	(130, 21.911118940600684)	(135, 24.13640358342854)	(140, 25.201912873142696)
IDDLNTM35_R2 - nextera_transposase_sequence	(1, 0.0)	(2, 0.0)	(3, 0.0)	(4, 0.0)	(5, 0.0)	(6, 0.0)	(7, 0.0)	(8, 0.0)	(9, 2.477686574134984e-05)	(10, 0.0005698679120510464)	(15, 0.0008523241815024346)	(20, 0.0024776865741349837)	(25, 0.09378539220415741)	(30, 0.8444500935698335)	(35, 2.4831325292249327)	(40, 4.052583446625552)	(45, 6.437951419008266)	(50, 8.200067244413622)	(55, 10.534875544564539)	(60, 12.368135662259606)	(65, 14.739311445945674)	(70, 16.57642188857695)	(75, 18.903281770198042)	(80, 20.68332118028069)	(85, 22.975924567327787)	(90, 24.79121154661408)	(95, 27.073661374080377)	(100, 28.895088060697372)	(105, 31.079520607290892)	(110, 32.8542379466123)	(115, 34.90205581088116)	(120, 36.650133064157465)	(125, 38.57991394003454)	(130, 40.299978468903674)	(135, 42.10024075680441)	(140, 43.19227120360811)
IDDLNTM35_R2 - polyg	(1, 0.24875973204315238)	(2, 0.25207983205249324)	(3, 0.25411153504328393)	(4, 0.25703520520076323)	(5, 0.26156937163143024)	(6, 0.26379928954815174)	(7, 0.266227422390804)	(8, 0.2677388112010264)	(9, 0.2700430597149719)	(10, 0.2766436167484675)	(15, 0.2823076082569401)	(20, 0.28608855796907007)	(25, 0.28925999678396286)	(30, 0.2914453163423499)	(35, 0.2940617533646364)	(40, 0.29694082516378123)	(45, 0.2991955199462441)	(50, 0.3015394114453758)	(55, 0.30387339219821097)	(60, 0.3056226389195503)	(65, 0.30720835832699667)	(70, 0.3089823819140773)	(75, 0.3108802898298647)	(80, 0.3126344919243523)	(85, 0.31480990073644277)	(90, 0.3170992831309435)	(95, 0.31951750522729927)	(100, 0.34325374260751235)	(105, 0.8424976765494151)	(110, 2.2427424224292083)	(115, 3.847698588437182)	(120, 6.1185776196022665)	(125, 8.127728707195178)	(130, 10.431883069050896)	(135, 12.487352029460684)	(140, 13.789440744019545)
IDDLNTM37_R1 - nextera_transposase_sequence	(1, 0.0)	(2, 0.0)	(3, 0.0)	(4, 0.0)	(5, 0.0)	(6, 0.0)	(7, 0.0)	(8, 0.0)	(9, 0.0)	(10, 0.000269676421485162)	(15, 0.0005891392592445077)	(20, 0.0021947511840869336)	(25, 0.0891757692831088)	(30, 0.7831569234650018)	(35, 2.3040448144128356)	(40, 3.7712919906932596)	(45, 6.05351375930591)	(50, 7.7520520301241005)	(55, 10.026000955899192)	(60, 11.8205440327661)	(65, 14.147868145655139)	(70, 15.947045508103571)	(75, 18.275900553293038)	(80, 20.112691553236616)	(85, 22.4786831160986)	(90, 24.3174572749571)	(95, 26.605678306730788)	(100, 28.407125099987717)	(105, 30.59744114415823)	(110, 32.38223023230342)	(115, 34.42838141041599)	(120, 36.161907085270855)	(125, 38.07134476429451)	(130, 39.78927899311952)	(135, 41.58746477611049)	(140, 42.69861460998981)
IDDLNTM37_R1 - polyg	(1, 0.0)	(2, 0.0)	(3, 0.0004356311423991078)	(4, 0.0006638188836557834)	(5, 0.001535081168453999)	(6, 0.0017425245695964313)	(7, 0.002178155711995539)	(8, 0.0025930425142804037)	(9, 0.0029456962962225385)	(10, 0.008654538695662278)	(15, 0.013944345424794299)	(20, 0.018279912508671135)	(25, 0.022026340333303463)	(30, 0.026266483452654775)	(35, 0.030178865998201056)	(40, 0.04639679109951641)	(45, 0.06885461370719613)	(50, 0.07388304175088868)	(55, 0.07947571584568866)	(60, 0.08868205398838981)	(65, 0.0979257319432966)	(70, 0.10588326081112029)	(75, 0.2886118551414432)	(80, 0.9901563957289893)	(85, 2.1052020166817687)	(90, 3.570196357625785)	(95, 5.30978352866204)	(100, 7.161958531234338)	(105, 9.15813659401169)	(110, 11.21178477664154)	(115, 13.254251759949815)	(120, 15.315351309548703)	(125, 17.38927915907424)	(130, 19.423821804458875)	(135, 21.536247000368416)	(140, 22.592100721239216)
IDDLNTM37_R2 - nextera_transposase_sequence	(1, 0.0)	(2, 0.0)	(3, 0.0)	(4, 0.0)	(5, 0.0)	(6, 0.0)	(7, 0.0)	(8, 0.0)	(9, 0.0)	(10, 0.00026137868543946467)	(15, 0.000597436995290205)	(20, 0.0022818774125667554)	(25, 0.09149083763985835)	(30, 0.8105560478878943)	(35, 2.39046158646075)	(40, 3.9090758977320625)	(45, 6.262853193134785)	(50, 8.008074526946068)	(55, 10.338630608024905)	(60, 12.164974758286949)	(65, 14.535052956151443)	(70, 16.36620564445197)	(75, 18.719609541732634)	(80, 20.55152147288134)	(85, 22.906489493406617)	(90, 24.745180674904656)	(95, 27.057012914596385)	(100, 28.87334169745127)	(105, 31.08160574468862)	(110, 32.85744572450853)	(115, 34.8954277814841)	(120, 36.61066524609426)	(125, 38.504889026078125)	(130, 40.19992150341701)	(135, 41.96611951395182)	(140, 43.04280470116533)
IDDLNTM37_R2 - polyg	(1, 0.2684939940986501)	(2, 0.27316147062435486)	(3, 0.27631461032171983)	(4, 0.2791358405772569)	(5, 0.2846953237278741)	(6, 0.28780697474501055)	(7, 0.290400017259291)	(8, 0.29286859373288593)	(9, 0.29550312492739483)	(10, 0.302651624530763)	(15, 0.30985405941842825)	(20, 0.3154508823812511)	(25, 0.3198984689017449)	(30, 0.32352457955371455)	(35, 0.32716313680975284)	(40, 0.3305486131163973)	(45, 0.33399217357536165)	(50, 0.3372365883692294)	(55, 0.3404602588229827)	(60, 0.3432607447384056)	(65, 0.34597825329337145)	(70, 0.34877459034077146)	(75, 0.3517908173933824)	(80, 0.35446268840009687)	(85, 0.35705987978240017)	(90, 0.3593915436112411)	(95, 0.3628807416184568)	(100, 0.39008901811229824)	(105, 0.8773279298476204)	(110, 2.2408948942370563)	(115, 3.7714869874903334)	(120, 5.995861089260407)	(125, 7.950865785779007)	(130, 10.235224221423428)	(135, 12.263302930428463)	(140, 13.559952802477373)
IDDLNTM38_R1 - nextera_transposase_sequence	(1, 1.9049429650551546e-05)	(2, 1.9049429650551546e-05)	(3, 1.9049429650551546e-05)	(4, 3.809885930110309e-05)	(5, 5.7148288951654645e-05)	(6, 5.7148288951654645e-05)	(7, 5.7148288951654645e-05)	(8, 5.7148288951654645e-05)	(9, 7.619771860220618e-05)	(10, 0.00046099619754334743)	(15, 0.0007619771860220618)	(20, 0.002903133078744056)	(25, 0.10063813684386383)	(30, 0.9667928437388621)	(35, 2.8309585996840463)	(40, 4.53314324542466)	(45, 7.204833373686375)	(50, 9.064884452827041)	(55, 11.63765470279937)	(60, 13.547733394088315)	(65, 16.106967119350962)	(70, 17.978284031186966)	(75, 20.471660068261727)	(80, 22.32924615120561)	(85, 24.832398355577034)	(90, 26.73320759439802)	(95, 29.195426384336336)	(100, 31.134631653560973)	(105, 33.49122516597292)	(110, 35.409411294521135)	(115, 37.60687730129016)	(120, 39.4914602359348)	(125, 41.53109790816308)	(130, 43.39544272874698)	(135, 45.29435083448884)	(140, 46.503658157222944)
IDDLNTM38_R1 - polyg	(1, 0.0)	(2, 0.0)	(3, 0.00017144486685496393)	(4, 0.0003238403040593763)	(5, 0.0007048288970704072)	(6, 0.0009334220528770258)	(7, 0.0013525095051891598)	(8, 0.0018858935354046033)	(9, 0.0023811787063189433)	(10, 0.009578053228297318)	(15, 0.015216684404860575)	(20, 0.017483566533276214)	(25, 0.01909133839578276)	(30, 0.020821026608052844)	(35, 0.022577384021833694)	(40, 0.03076482888564075)	(45, 0.04052575663858336)	(50, 0.042381171086547084)	(55, 0.044472798462177644)	(60, 0.047695961959050966)	(65, 0.05103723191975771)	(70, 0.05623391632842817)	(75, 0.3034040759302646)	(80, 1.332214242839462)	(85, 2.7887641130080745)	(90, 4.706214933571781)	(95, 6.815375404252708)	(100, 9.019070574517462)	(105, 11.282314261869843)	(110, 13.562218580394594)	(115, 15.81773200919478)	(120, 18.019914654745282)	(125, 20.256211018913987)	(130, 22.3412777709729)	(135, 24.598898066692435)	(140, 25.638208279225015)
IDDLNTM38_R2 - nextera_transposase_sequence	(1, 1.9049429650551546e-05)	(2, 1.9049429650551546e-05)	(3, 1.9049429650551546e-05)	(4, 1.9049429650551546e-05)	(5, 1.9049429650551546e-05)	(6, 1.9049429650551546e-05)	(7, 1.9049429650551546e-05)	(8, 1.9049429650551546e-05)	(9, 3.809885930110309e-05)	(10, 0.00038860836487125157)	(15, 0.0006972091252101867)	(20, 0.0028993231928139455)	(25, 0.1033622052838927)	(30, 0.9988530338407402)	(35, 2.927821139571171)	(40, 4.684517633199802)	(45, 7.429022301357786)	(50, 9.333778582002367)	(55, 11.95916335666952)	(60, 13.889880200041869)	(65, 16.48125793289686)	(70, 18.37262627438303)	(75, 20.873915444534635)	(80, 22.713854135850244)	(85, 25.1920706368091)	(90, 27.08268081099518)	(95, 29.553403266329507)	(100, 31.495843128708806)	(105, 33.84978496051339)	(110, 35.74593470884185)	(115, 37.91366455592636)	(120, 39.76159638792335)	(125, 41.76996632632321)	(130, 43.596101800914035)	(135, 45.45342500172873)	(140, 46.619269145772144)
IDDLNTM38_R2 - polyg	(1, 0.28918939152502304)	(2, 0.2929802280254828)	(3, 0.29570429646551166)	(4, 0.2996475284031758)	(5, 0.30334311775538286)	(6, 0.3062767299215678)	(7, 0.30842931547208013)	(8, 0.31018186299993084)	(9, 0.31282973372135753)	(10, 0.31859409113361437)	(15, 0.3238860226905376)	(20, 0.32648055500894274)	(25, 0.32836263865841725)	(30, 0.3299056424601119)	(35, 0.3312238629919301)	(40, 0.33266018998758173)	(45, 0.33396317097567935)	(50, 0.3352737717356374)	(55, 0.33644340671618117)	(60, 0.33775400747613915)	(65, 0.33876362724761844)	(70, 0.34006279834978603)	(75, 0.3409543116574318)	(80, 0.34195631165705087)	(85, 0.3431564257250356)	(90, 0.3444174979679021)	(95, 0.34660437249178544)	(100, 0.3730221215311703)	(105, 0.9469700072444981)	(110, 2.633442683409337)	(115, 4.388100888065361)	(120, 7.00017773117864)	(125, 9.156028353933069)	(130, 11.71299900695323)	(135, 13.882923348333488)	(140, 15.254421324998319)
IDDLNTM39_R1 - nextera_transposase_sequence	(1, 0.0)	(2, 0.0)	(3, 0.0)	(4, 0.0)	(5, 0.0)	(6, 0.0)	(7, 0.0)	(8, 0.0)	(9, 2.9664955097640715e-05)	(10, 8.899486529292215e-05)	(15, 0.00037971142524980116)	(20, 0.00214180975804966)	(25, 0.10554791023740569)	(30, 0.9550928943236405)	(35, 2.806162360452343)	(40, 4.584256037040849)	(45, 7.298083258256275)	(50, 9.338165952285106)	(55, 12.030213163467845)	(60, 14.177154958749398)	(65, 16.946390383096194)	(70, 19.10435567569203)	(75, 21.847539336472085)	(80, 23.998343508907347)	(85, 26.765971092687856)	(90, 28.96264915168611)	(95, 31.74181047000858)	(100, 34.01168977220577)	(105, 36.82206455628198)	(110, 39.13431134734963)	(115, 41.82772314646686)	(120, 44.15683743100302)	(125, 46.73252088931976)	(130, 49.08994740700111)	(135, 51.573586442640874)	(140, 53.113796844301405)
IDDLNTM39_R1 - polyg	(1, 0.0)	(2, 0.0)	(3, 0.00020765468568348502)	(4, 0.00041530937136697004)	(5, 0.0007416238774410179)	(6, 0.0008602836978315808)	(7, 0.0011569332488079878)	(8, 0.0014239178446867544)	(9, 0.0016019075752725987)	(10, 0.004859119644993549)	(15, 0.007944274975148184)	(20, 0.010839574592677918)	(25, 0.013598415416758502)	(30, 0.016535245971424934)	(35, 0.019347483714681275)	(40, 0.03202628552341292)	(45, 0.049451480147767075)	(50, 0.053319790292499426)	(55, 0.05787039440447751)	(60, 0.06436701957086083)	(65, 0.07175952638119289)	(70, 0.07946054872454042)	(75, 0.2934279368528034)	(80, 1.1187485186063049)	(85, 2.429832740083673)	(90, 4.144769727269303)	(95, 6.21154494789499)	(100, 8.433521280600512)	(105, 10.82156203194263)	(110, 13.275500514538646)	(115, 15.711224714704707)	(120, 18.150366317698023)	(125, 20.57879887190109)	(130, 22.935299842983394)	(135, 25.408751933042637)	(140, 26.660577440216958)
IDDLNTM39_R2 - nextera_transposase_sequence	(1, 0.0)	(2, 0.0)	(3, 0.0)	(4, 0.0)	(5, 0.0)	(6, 0.0)	(7, 0.0)	(8, 0.0)	(9, 0.0)	(10, 5.932991019528143e-05)	(15, 0.00032631450607404787)	(20, 0.002189273686205885)	(25, 0.10815249329497853)	(30, 0.9806937505729045)	(35, 2.8745578809254635)	(40, 4.693571396575655)	(45, 7.454999004740756)	(50, 9.521536905725663)	(55, 12.243343999862356)	(60, 14.391163877814796)	(65, 17.160606956847282)	(70, 19.31835866176641)	(75, 22.043464498909962)	(80, 24.144200160131426)	(85, 26.851050183907887)	(90, 29.012082832860823)	(95, 31.765453439221403)	(100, 34.01129226180747)	(105, 36.77508120039834)	(110, 39.021614182933696)	(115, 41.640311826142)	(120, 43.8830002304967)	(125, 46.37849931518451)	(130, 48.64493748259038)	(135, 51.032758713264776)	(140, 52.48804428147177)
IDDLNTM39_R2 - polyg	(1, 0.11349811820357338)	(2, 0.11557466506040823)	(3, 0.11652394362353273)	(4, 0.11750288714175487)	(5, 0.12076603220249536)	(6, 0.12165598085542458)	(7, 0.12302056878991605)	(8, 0.1237918576224547)	(9, 0.12450381654479808)	(10, 0.1281110750846712)	(15, 0.13178952951677864)	(20, 0.13493994774814808)	(25, 0.13691563375765098)	(30, 0.13928883016546223)	(35, 0.14171542349244923)	(40, 0.14398182606190899)	(45, 0.1461177028289391)	(50, 0.14823578062291068)	(55, 0.15027079654260883)	(60, 0.15210409076764303)	(65, 0.15393145200165767)	(70, 0.15540283377450065)	(75, 0.15696321041263656)	(80, 0.15873124173645597)	(85, 0.16043994315008006)	(90, 0.1620893146535089)	(95, 0.16472356266617935)	(100, 0.19639386872842063)	(105, 0.7922322908375931)	(110, 2.4356470712828107)	(115, 4.2859333825969355)	(120, 6.917487817344565)	(125, 9.250066968636133)	(130, 11.949844867117317)	(135, 14.345729032587249)	(140, 15.883388248109378)
IDDLNTM4.A_R1 - nextera_transposase_sequence	(1, 0.0)	(2, 0.0)	(3, 0.0)	(4, 2.319516130379074e-05)	(5, 2.319516130379074e-05)	(6, 2.319516130379074e-05)	(7, 2.319516130379074e-05)	(8, 2.319516130379074e-05)	(9, 4.639032260758148e-05)	(10, 0.0002690638711239726)	(15, 0.0004685422583365729)	(20, 0.002069008388298134)	(25, 0.0859241555337624)	(30, 0.7821362001315629)	(35, 2.3441586697482206)	(40, 3.853848216431266)	(45, 6.210110121347806)	(50, 7.979246825278272)	(55, 10.362243473113562)	(60, 12.260512279054492)	(65, 14.755267853083703)	(70, 16.687267062592603)	(75, 19.176752695973597)	(80, 21.109665794837873)	(85, 23.67384448664933)	(90, 25.690668401046196)	(95, 28.279113870613678)	(100, 30.358490496014603)	(105, 32.92284083201971)	(110, 35.05249065003048)	(115, 37.56739354116816)	(120, 39.7345684911362)	(125, 42.17187892868044)	(130, 44.38038765609184)	(135, 46.76273947844289)	(140, 48.23482502962022)
IDDLNTM4.A_R1 - polyg	(1, 0.0)	(2, 0.0)	(3, 0.0002551467743416981)	(4, 0.00037112258086065183)	(5, 0.0007886354843288851)	(6, 0.0009510016134554203)	(7, 0.0011365629038857462)	(8, 0.0014381000008350257)	(9, 0.0015772709686577703)	(10, 0.004741090970494828)	(15, 0.007714710649640799)	(20, 0.010498130006095688)	(25, 0.013443915491677111)	(30, 0.01640361807404081)	(35, 0.019525686785531043)	(40, 0.030742866792044243)	(45, 0.044121835832070744)	(50, 0.04738771454364448)	(55, 0.05070462261008655)	(60, 0.05414678454756909)	(65, 0.058071405840170495)	(70, 0.06441296294062689)	(75, 0.32874038212636536)	(80, 1.3386623443256749)	(85, 2.842738661973203)	(90, 4.723921912097761)	(95, 6.8094684504054985)	(100, 8.940120299384585)	(105, 11.15114802131357)	(110, 13.456784167168456)	(115, 15.753828825276418)	(120, 18.063626183069196)	(125, 20.38903388441944)	(130, 22.634780123787937)	(135, 25.07698010133502)	(140, 26.240500421688033)
IDDLNTM4.A_R2 - nextera_transposase_sequence	(1, 0.0)	(2, 0.0)	(3, 0.0)	(4, 0.0)	(5, 0.0)	(6, 0.0)	(7, 0.0)	(8, 0.0)	(9, 2.319516130379074e-05)	(10, 0.00019020032269108405)	(15, 0.0004175129034682333)	(20, 0.0020504522592551012)	(25, 0.08802563714788585)	(30, 0.8066581246619305)	(35, 2.421825347857834)	(40, 3.978234588438975)	(45, 6.387613412741195)	(50, 8.188666658625678)	(55, 10.609522448741014)	(60, 12.520836213399196)	(65, 15.03592466582731)	(70, 16.98180849889266)	(75, 19.472889959371358)	(80, 21.380617752091972)	(85, 23.90655226194574)	(90, 25.904022133750722)	(95, 28.49424435267408)	(100, 30.57010459162135)	(105, 33.12221252149032)	(110, 35.21346970851105)	(115, 37.68816610704474)	(120, 39.80058655923905)	(125, 42.188004204818846)	(130, 44.335115340259094)	(135, 46.644230760309554)	(140, 48.04856788435078)
IDDLNTM4.A_R2 - polyg	(1, 0.10556117909355166)	(2, 0.10857655006304445)	(3, 0.10980589361214536)	(4, 0.11103523716124626)	(5, 0.11365629038857462)	(6, 0.11460729200203004)	(7, 0.11574385490591578)	(8, 0.11630053877720677)	(9, 0.11706597910023187)	(10, 0.12020660394076513)	(15, 0.12382041007189573)	(20, 0.12690536652529988)	(25, 0.12976764943018768)	(30, 0.13198974588309084)	(35, 0.13423039846503698)	(40, 0.13634115814368197)	(45, 0.13835449814485098)	(50, 0.14033536492019474)	(55, 0.14210747524380435)	(60, 0.14343887750264192)	(65, 0.14503470460034276)	(70, 0.14656094621413213)	(75, 0.1480871878279216)	(80, 0.14972012718370847)	(85, 0.15149223750731808)	(90, 0.15329682105675296)	(95, 0.15580653750982315)	(100, 0.1822258262348408)	(105, 0.6733184203909591)	(110, 2.071884588299804)	(115, 3.6426052434053835)	(120, 5.938425196996505)	(125, 7.952396106553005)	(130, 10.346229533749423)	(135, 12.464935874657058)	(140, 13.846142783846147)
IDDLNTM4.B_R1 - nextera_transposase_sequence	(1, 0.0)	(2, 0.0)	(3, 0.0)	(4, 4.941641682549927e-05)	(5, 4.941641682549927e-05)	(6, 4.941641682549927e-05)	(7, 4.941641682549927e-05)	(8, 4.941641682549927e-05)	(9, 4.941641682549927e-05)	(10, 0.00023719880076239646)	(15, 0.000543580585080492)	(20, 0.0033108999273084513)	(25, 0.1620561973375423)	(30, 1.4692785549058394)	(35, 4.359130844294307)	(40, 7.1463946523530355)	(45, 11.443191628463659)	(50, 14.536698854873373)	(55, 18.651880615866922)	(60, 21.82252686894124)	(65, 25.870492419768738)	(70, 28.887157118014805)	(75, 32.6694105955716)	(80, 35.49873765763219)	(85, 39.043505719209)	(90, 41.73041466797851)	(95, 44.99188829517809)	(100, 47.49727097838081)	(105, 50.451532625459635)	(110, 52.807361464781664)	(115, 55.43865717805575)	(120, 57.62999853233242)	(125, 59.990146366485)	(130, 62.0822200226426)	(135, 64.25793590591904)	(140, 65.58764273314294)
IDDLNTM4.B_R1 - polyg	(1, 0.0)	(2, 0.0)	(3, 0.0001482492504764978)	(4, 0.00024708208412749634)	(5, 0.000543580585080492)	(6, 0.0006424134187314904)	(7, 0.0010377447533354847)	(8, 0.0012848268374629809)	(9, 0.0014330760879394788)	(10, 0.0034492658944198494)	(15, 0.005089890933026425)	(20, 0.007204913573157794)	(25, 0.008964138012145568)	(30, 0.010792545434689039)	(35, 0.012512236740216415)	(40, 0.028740588025710372)	(45, 0.049999530544040154)	(50, 0.052786616452998314)	(55, 0.05611728294703696)	(60, 0.059853164059044714)	(65, 0.06458725679092754)	(70, 0.07182182021418063)	(75, 0.5097698726884853)	(80, 2.19831895233243)	(85, 4.755598756485287)	(90, 8.012456890353372)	(95, 11.617384497773543)	(100, 15.248018525226342)	(105, 18.997271719627065)	(110, 22.737096261697484)	(115, 26.38716082424607)	(120, 29.92746164174185)	(125, 33.43263727015807)	(130, 36.62929632504933)	(135, 39.97459996175169)	(140, 41.52832128972894)
IDDLNTM4.B_R2 - nextera_transposase_sequence	(1, 0.0)	(2, 0.0)	(3, 0.0)	(4, 4.941641682549927e-05)	(5, 4.941641682549927e-05)	(6, 4.941641682549927e-05)	(7, 4.941641682549927e-05)	(8, 4.941641682549927e-05)	(9, 4.941641682549927e-05)	(10, 0.000336031634413395)	(15, 0.0006424134187314904)	(20, 0.0034492658944198485)	(25, 0.16473456712948437)	(30, 1.5075367448121408)	(35, 4.480962078335892)	(40, 7.340838369278012)	(45, 11.726802327908564)	(50, 14.876288471298205)	(55, 19.04290283892373)	(60, 22.226525843056425)	(65, 26.29330916541108)	(70, 29.319115900769855)	(75, 33.08769091414935)	(80, 35.85992224820977)	(85, 39.3340841334263)	(90, 41.98317964004094)	(95, 45.224521019025815)	(100, 47.71125394651859)	(105, 50.635450645600784)	(110, 52.93817660340212)	(115, 55.50003236775302)	(120, 57.61770372782623)	(125, 59.91539909439474)	(130, 61.93812175117945)	(135, 64.03171743297528)	(140, 65.29420805003313)
IDDLNTM4.B_R2 - polyg	(1, 0.08346432801826827)	(2, 0.08415615785382526)	(3, 0.08489740410620773)	(4, 0.08544098469128823)	(5, 0.0870223100297042)	(6, 0.0873682249474827)	(7, 0.0878623891157377)	(8, 0.08825772045034169)	(9, 0.08865305178494569)	(10, 0.09031344339028245)	(15, 0.09286333049847822)	(20, 0.09497835313860958)	(25, 0.09661897817721617)	(30, 0.09759742323036105)	(35, 0.09899096618484013)	(40, 0.10055252495652592)	(45, 0.10164956941005199)	(50, 0.10293439624751496)	(55, 0.10398202428421555)	(60, 0.10470350396986786)	(65, 0.10523720127158324)	(70, 0.10602786394079122)	(75, 0.10682840989336431)	(80, 0.10774755524631859)	(85, 0.10920039790098827)	(90, 0.11075207338930895)	(95, 0.11374670824893421)	(100, 0.1556814795670529)	(105, 1.0500988575418595)	(110, 3.6018736728603558)	(115, 6.487545333385386)	(120, 10.658557762108382)	(125, 14.259858204533561)	(130, 18.37041458891224)	(135, 21.96089283605264)	(140, 24.195315422517776)
IDDLNTM4.C_R1 - nextera_transposase_sequence	(1, 0.0)	(2, 0.0)	(3, 0.0)	(4, 0.0)	(5, 0.0)	(6, 0.0)	(7, 0.0)	(8, 0.0)	(9, 0.0)	(10, 0.00020954384497848884)	(15, 0.0004970574927396713)	(20, 0.0021344233511762355)	(25, 0.08303783996356862)	(30, 0.7267175468360951)	(35, 2.114633640607453)	(40, 3.4732428347578663)	(45, 5.532113447037671)	(50, 7.078010980584788)	(55, 9.109270536454172)	(60, 10.72479023077356)	(65, 12.76783297308848)	(70, 14.350005957380244)	(75, 16.31762753484093)	(80, 17.83329715047173)	(85, 19.772562085282882)	(90, 21.319677896998478)	(95, 23.314325757348715)	(100, 24.954298731065826)	(105, 26.97154321488502)	(110, 28.616077422064915)	(115, 30.519330054215818)	(120, 32.13974722677249)	(125, 33.92803825783298)	(130, 35.53226695008691)	(135, 37.24530250212407)	(140, 38.29942499707004)
IDDLNTM4.C_R1 - polyg	(1, 0.0)	(2, 0.0)	(3, 0.000268021197065509)	(4, 0.0004142145772830594)	(5, 0.0010477192248924444)	(6, 0.00126700929521877)	(7, 0.0015350304922842788)	(8, 0.001876148379458563)	(9, 0.0021198040131544804)	(10, 0.007314542123551438)	(15, 0.01240207175512219)	(20, 0.01626645010553944)	(25, 0.019331637977434077)	(30, 0.022815913539285696)	(35, 0.02713349136837735)	(40, 0.04195262700976304)	(45, 0.06125502631115361)	(50, 0.06546539566141904)	(55, 0.07155191339114306)	(60, 0.07938787857080377)	(65, 0.08675115182109439)	(70, 0.09341756995901469)	(75, 0.2797556523843044)	(80, 0.9698225187998595)	(85, 2.0629981387146143)	(90, 3.4799531109098516)	(95, 5.1357393352538265)	(100, 6.893120212623653)	(105, 8.731964914563369)	(110, 10.606870650290086)	(115, 12.434000389361703)	(120, 14.24498550614463)	(125, 16.008087417793636)	(130, 17.70158178800839)	(135, 19.466165125910265)	(140, 20.353432242901278)
IDDLNTM4.C_R2 - nextera_transposase_sequence	(1, 0.0)	(2, 0.0)	(3, 0.0)	(4, 0.0)	(5, 0.0)	(6, 0.0)	(7, 0.0)	(8, 0.0)	(9, 0.0)	(10, 0.00023878252102199895)	(15, 0.0005457886194788548)	(20, 0.0021734082525675822)	(25, 0.08439256528691792)	(30, 0.7462733479965294)	(35, 2.1730135304409943)	(40, 3.5651546129006397)	(45, 5.662688501135313)	(50, 7.231060830334542)	(55, 9.2877726536998)	(60, 10.909066986537784)	(65, 12.958293708835905)	(70, 14.542810660323823)	(75, 16.498960930550105)	(80, 17.983661915138157)	(85, 19.880784171545265)	(90, 21.401853196018767)	(95, 23.38245187253009)	(100, 25.00397524166375)	(105, 26.99420806193142)	(110, 28.59923107155118)	(115, 30.44783661817676)	(120, 32.013840614616456)	(125, 33.75079340365723)	(130, 35.30012648163945)	(135, 36.94677561971983)	(140, 37.944759856662266)
IDDLNTM4.C_R2 - polyg	(1, 0.20104026336250136)	(2, 0.20581591378294134)	(3, 0.20813064230305253)	(4, 0.2100067906825111)	(5, 0.21410020532860252)	(6, 0.21624437490512657)	(7, 0.21816925441132434)	(8, 0.21933880145306472)	(9, 0.22106875645230575)	(10, 0.22667283602731186)	(15, 0.23247184010927469)	(20, 0.23718414006495375)	(25, 0.2408535939084142)	(30, 0.24426477278015707)	(35, 0.24742742290553008)	(40, 0.25017098534094606)	(45, 0.2532020614241233)	(50, 0.25588714650745226)	(55, 0.25863558205554227)	(60, 0.2611647275333059)	(65, 0.2631675768422863)	(70, 0.26570159543272387)	(75, 0.2684743965441834)	(80, 0.2708670948670774)	(85, 0.2731964427252103)	(90, 0.2752723887242995)	(95, 0.2783765614975855)	(100, 0.3053394939223757)	(105, 0.7623692391584816)	(110, 1.9974840119264559)	(115, 3.4089664785888827)	(120, 5.412873253019564)	(125, 7.1770521225695045)	(130, 9.221990505714576)	(135, 11.032551661694873)	(140, 12.187313679582608)
IDDLNTM40_R1 - nextera_transposase_sequence	(1, 0.0)	(2, 0.0)	(3, 0.0)	(4, 0.0)	(5, 0.0)	(6, 0.0)	(7, 0.0)	(8, 0.0)	(9, 2.428959021032356e-05)	(10, 0.00014573754126194136)	(15, 0.0003449121809865946)	(20, 0.0021374839385084735)	(25, 0.07727490229512338)	(30, 0.6815270379573425)	(35, 2.0071557132759614)	(40, 3.308047869924386)	(45, 5.29758391446178)	(50, 6.794701954583324)	(55, 8.809674057988968)	(60, 10.42727332347176)	(65, 12.523683564934576)	(70, 14.179577798342965)	(75, 16.28436794842834)	(80, 17.9372794201589)	(85, 20.07270845933558)	(90, 21.758318577407284)	(95, 23.880752685821438)	(100, 25.588738374394886)	(105, 27.679153944993793)	(110, 29.412264785680797)	(115, 31.425857240362497)	(120, 33.173245502175135)	(125, 35.13192890922737)	(130, 36.92285869045104)	(135, 38.82731315839971)	(140, 40.01831435101858)
IDDLNTM40_R1 - polyg	(1, 0.0)	(2, 0.0)	(3, 0.0002914750825238827)	(4, 0.00048579180420647123)	(5, 0.0007286877063097069)	(6, 0.0008987148377819717)	(7, 0.001384506641988443)	(8, 0.0017002713147226494)	(9, 0.001943167216825885)	(10, 0.005970381273697532)	(15, 0.009497229772236512)	(20, 0.011542413267945755)	(25, 0.013344700861551765)	(30, 0.015278152242293518)	(35, 0.017537084131853613)	(40, 0.028481973480625405)	(45, 0.04341035562389027)	(50, 0.04634453812129735)	(55, 0.04981309160333156)	(60, 0.055739751614650515)	(65, 0.062307656807522004)	(70, 0.06815659013016792)	(75, 0.20608745709851126)	(80, 0.7448888629799927)	(85, 1.631837823264084)	(90, 2.8245392871976853)	(95, 4.265732974818982)	(100, 5.88449814063187)	(105, 7.643744580385184)	(110, 9.491541150209255)	(115, 11.335334795566663)	(120, 13.208023337438274)	(125, 15.053677565405792)	(130, 16.877315708806677)	(135, 18.769766261273407)	(140, 19.74709678673011)
IDDLNTM40_R2 - nextera_transposase_sequence	(1, 0.0)	(2, 0.0)	(3, 0.0)	(4, 0.0)	(5, 0.0)	(6, 0.0)	(7, 0.0)	(8, 2.428959021032356e-05)	(9, 2.428959021032356e-05)	(10, 0.0001603112953881355)	(15, 0.0003692017711969181)	(20, 0.0021909210369711854)	(25, 0.07968928756202955)	(30, 0.7066619059069854)	(35, 2.0859997230986713)	(40, 3.433945673902536)	(45, 5.485109266721561)	(50, 7.025841695024764)	(55, 9.09124870354312)	(60, 10.734978710174179)	(65, 12.866599141605883)	(70, 14.554030978943354)	(75, 16.685408514472954)	(80, 18.33292769717682)	(85, 20.461191307241457)	(90, 22.14867172375935)	(95, 24.293874894036662)	(100, 26.01896045411818)	(105, 28.13028450397013)	(110, 29.859120376780123)	(115, 31.87377671551303)	(120, 33.60355988234123)	(125, 35.56013009504517)	(130, 37.3342417640072)	(135, 39.220819093561076)	(140, 40.378018892443265)
IDDLNTM40_R2 - polyg	(1, 0.16045703292939745)	(2, 0.16312888785253304)	(3, 0.16427049859241824)	(4, 0.16570358441482733)	(5, 0.16774390999249453)	(6, 0.16869120401069715)	(7, 0.1701000002428959)	(8, 0.17131447975341207)	(9, 0.17218890500098372)	(10, 0.17583720145057433)	(15, 0.17973325172031024)	(20, 0.18205533654441713)	(25, 0.18394506666278035)	(30, 0.18565019589554504)	(35, 0.1875302101778241)	(40, 0.1890458806069483)	(45, 0.19068785690516615)	(50, 0.19211608480953318)	(55, 0.19322854804116602)	(60, 0.19437015878105118)	(65, 0.19550205368485227)	(70, 0.1967116752773264)	(75, 0.19796016021413704)	(80, 0.19920864515094766)	(85, 0.20051056718622098)	(90, 0.20159874082764348)	(95, 0.20351761845425909)	(100, 0.22670446126903396)	(105, 0.6574366223867437)	(110, 1.8444397484570036)	(115, 3.203524905331322)	(120, 5.144593501563035)	(125, 6.854804116599749)	(130, 8.876888212018974)	(135, 10.684704116356851)	(140, 11.854340185426732)
IDDLNTM41.A_R1 - nextera_transposase_sequence	(1, 0.0)	(2, 0.0)	(3, 0.0)	(4, 0.0)	(5, 0.0)	(6, 0.0)	(7, 0.0)	(8, 0.0)	(9, 0.0)	(10, 0.00038077799220367524)	(15, 0.0007573716108666506)	(20, 0.0030001958286817046)	(25, 0.09850015314807159)	(30, 0.8470301827232237)	(35, 2.3992737601282763)	(40, 3.945048296039407)	(45, 6.289858250161935)	(50, 8.062032500866165)	(55, 10.408499466910811)	(60, 12.282705482031464)	(65, 14.701285941676527)	(70, 16.586203953061375)	(75, 18.998984870979026)	(80, 20.8472435857738)	(85, 23.20916344330425)	(90, 25.07218044357707)	(95, 27.388637082587813)	(100, 29.24627716286084)	(105, 31.487607559321862)	(110, 33.344096936871196)	(115, 35.43326258952467)	(120, 37.242008264974615)	(125, 39.17346069450558)	(130, 40.931642400089714)	(135, 42.735852214621545)	(140, 43.8729055118242)
IDDLNTM41.A_R1 - polyg	(1, 0.0)	(2, 0.0)	(3, 0.0002719842801454823)	(4, 0.0005648904279944632)	(5, 0.0013599214007274116)	(6, 0.0015272963423554006)	(7, 0.002092186770349864)	(8, 0.002364171050495346)	(9, 0.002719842801454823)	(10, 0.007653219205939803)	(15, 0.012385745680471193)	(20, 0.01596338505776946)	(25, 0.01937364949343974)	(30, 0.023269301259831187)	(35, 0.027378356076798317)	(40, 0.03676390592858781)	(45, 0.047622355266703595)	(50, 0.052974169025258554)	(55, 0.05903314191219176)	(60, 0.07002130683006924)	(65, 0.08162875903197028)	(70, 0.08865013783326443)	(75, 0.17555957627359775)	(80, 0.5242810827819724)	(85, 1.152753066727368)	(90, 2.107447180652796)	(95, 3.437805982315164)	(100, 5.142138984804029)	(105, 7.130871303733633)	(110, 9.206199233088018)	(115, 11.321851970254126)	(120, 13.420679341413077)	(125, 15.51636424804297)	(130, 17.58119776855728)	(135, 19.724592902298223)	(140, 20.877094906613152)
IDDLNTM41.A_R2 - nextera_transposase_sequence	(1, 0.0)	(2, 0.0)	(3, 0.0)	(4, 0.0)	(5, 0.0)	(6, 0.0)	(7, 0.0)	(8, 0.0)	(9, 0.0)	(10, 0.00038077799220367524)	(15, 0.0007490028637852512)	(20, 0.0030755145524142997)	(25, 0.10031198689119458)	(30, 0.8716928803721078)	(35, 2.471847534818172)	(40, 4.061583099147894)	(45, 6.46043423754856)	(50, 8.266221560905231)	(55, 10.653293687788826)	(60, 12.545358609181184)	(65, 14.990229487782466)	(70, 16.894496042419505)	(75, 19.311440412010157)	(80, 21.137773009451664)	(85, 23.46978296491319)	(90, 25.31687005511657)	(95, 27.634293284415218)	(100, 29.489820256050184)	(105, 31.72380707694728)	(110, 33.5511690302798)	(115, 35.60891840638971)	(120, 37.376381052487105)	(125, 39.272496447466864)	(130, 40.98707279638336)	(135, 42.741681046963734)	(140, 43.82710754342124)
IDDLNTM41.A_R2 - polyg	(1, 0.2135913473850176)	(2, 0.21739912730705435)	(3, 0.21951223594510771)	(4, 0.22196009446641707)	(5, 0.2257260306530468)	(6, 0.22790190489421067)	(7, 0.230475294621741)	(8, 0.2321699659057244)	(9, 0.23405293399903926)	(10, 0.24041736615444353)	(15, 0.24742619183511558)	(20, 0.2519955277415597)	(25, 0.25589117950795115)	(30, 0.2593181814377842)	(35, 0.26261965216139627)	(40, 0.26578722293170604)	(45, 0.26905940304053316)	(50, 0.2727625736240525)	(55, 0.2756163163788096)	(60, 0.2785035341218925)	(65, 0.2811103988377484)	(70, 0.2838971916158544)	(75, 0.2866923531410418)	(80, 0.28935361471292687)	(85, 0.29228686056495745)	(90, 0.29497741275162725)	(95, 0.2984044146814604)	(100, 0.32635184555979385)	(105, 0.8516706529798599)	(110, 2.236790351169365)	(115, 3.8273125777247388)	(120, 6.102285337452988)	(125, 8.131593526606759)	(130, 10.479981120106585)	(135, 12.584758670440412)	(140, 13.922184879013024)
IDDLNTM41.B_R1 - nextera_transposase_sequence	(1, 0.0)	(2, 0.0)	(3, 0.0)	(4, 0.0)	(5, 0.0)	(6, 0.0)	(7, 0.0)	(8, 0.0)	(9, 3.5696730572143626e-05)	(10, 0.00042122142075129486)	(15, 0.0006925165730995864)	(20, 0.0024130989866769093)	(25, 0.09855867310968855)	(30, 0.8765046618145291)	(35, 2.572020831184093)	(40, 4.1807796665711185)	(45, 6.674731747993933)	(50, 8.509093920596907)	(55, 10.977105187912944)	(60, 12.911264710176459)	(65, 15.452282930858644)	(70, 17.40316637139521)	(75, 19.934343003458658)	(80, 21.88290615650803)	(85, 24.415703420139454)	(90, 26.368286025051255)	(95, 28.790059317257192)	(100, 30.693451827440576)	(105, 33.00088135227783)	(110, 34.87918263054205)	(115, 37.04354322891921)	(120, 38.88271732080331)	(125, 40.88936619383967)	(130, 42.682523630343226)	(135, 44.55128674219857)	(140, 45.7033987214145)
IDDLNTM41.B_R1 - polyg	(1, 0.0)	(2, 0.0)	(3, 0.0002498771140050054)	(4, 0.0004640574974378672)	(5, 0.0011244470130225242)	(6, 0.0012850823005971705)	(7, 0.001820533259179325)	(8, 0.0021418038343286178)	(9, 0.0024630744094779103)	(10, 0.008092448820704961)	(15, 0.013457667425698146)	(20, 0.017359320077233446)	(25, 0.02130737847851253)	(30, 0.025416072167366265)	(35, 0.02963542572099364)	(40, 0.04359998672081623)	(45, 0.06175534388980848)	(50, 0.06700633295697081)	(55, 0.0720003055640137)	(60, 0.07798307760790499)	(65, 0.08389088651759474)	(70, 0.0912872490921429)	(75, 0.36319638520627534)	(80, 1.3696335766303502)	(85, 2.8659834074456954)	(90, 4.753290970833272)	(95, 6.8578167094254)	(100, 9.024390505098028)	(105, 11.262336343876601)	(110, 13.566285437483065)	(115, 15.854752859040394)	(120, 18.16700501217794)	(125, 20.490387405907878)	(130, 22.70519462392959)	(135, 25.049506010793976)	(140, 26.162954861127226)
IDDLNTM41.B_R2 - nextera_transposase_sequence	(1, 0.0)	(2, 0.0)	(3, 0.0)	(4, 0.0)	(5, 0.0)	(6, 0.0)	(7, 0.0)	(8, 0.0)	(9, 3.5696730572143626e-05)	(10, 0.00043906978603736665)	(15, 0.0007460616689578018)	(20, 0.002480922774763982)	(25, 0.1010538745766814)	(30, 0.904244591142142)	(35, 2.653416516234695)	(40, 4.3093093146691785)	(45, 6.866276834570998)	(50, 8.738666734252476)	(55, 11.253740571154827)	(60, 13.206548065469232)	(65, 15.77341071908565)	(70, 17.742003307659054)	(75, 20.27883430184513)	(80, 22.20550821970766)	(85, 24.710529857280903)	(90, 26.65012956128361)	(95, 29.081198282130536)	(100, 30.987917727603246)	(105, 33.29472612932854)	(110, 35.14720082302382)	(115, 37.2869306773062)	(120, 39.089501341661624)	(125, 41.06680750216769)	(130, 42.82271896999225)	(135, 44.64849607889263)	(140, 45.758835743993046)
IDDLNTM41.B_R2 - polyg	(1, 0.24769961344010463)	(2, 0.2514656185154658)	(3, 0.2541785700389487)	(4, 0.2568915215624316)	(5, 0.26185336711195956)	(6, 0.26463771209658676)	(7, 0.2672078766977811)	(8, 0.269171196879249)	(9, 0.2719198451333041)	(10, 0.2791591420933348)	(15, 0.2866411768212561)	(20, 0.2925239980195454)	(25, 0.29693254424520515)	(30, 0.30048793861019063)	(35, 0.3040861690518627)	(40, 0.30772009622410695)	(45, 0.3109613593600576)	(50, 0.31405983557371964)	(55, 0.31710119701846623)	(60, 0.31984270592640696)	(65, 0.32246998529651666)	(70, 0.3248866539562508)	(75, 0.32762102351807704)	(80, 0.3304803316369057)	(85, 0.33312545937230154)	(90, 0.33548144359006304)	(95, 0.3388048092063296)	(100, 0.3674728535288182)	(105, 0.9082926003890229)	(110, 2.4195815129488105)	(115, 4.097863300798144)	(120, 6.526515352985335)	(125, 8.644213185158586)	(130, 11.117828839174448)	(135, 13.304042976007873)	(140, 14.69425571781306)
IDDLNTM41.C_R1 - nextera_transposase_sequence	(1, 0.0)	(2, 0.0)	(3, 0.0)	(4, 0.0)	(5, 1.9618179225015218e-05)	(6, 1.9618179225015218e-05)	(7, 1.9618179225015218e-05)	(8, 1.9618179225015218e-05)	(9, 1.9618179225015218e-05)	(10, 0.0002942726883752283)	(15, 0.0005610799258354353)	(20, 0.0023424105994668174)	(25, 0.0948735147321736)	(30, 0.846693149900742)	(35, 2.4676962156336093)	(40, 4.024449744404552)	(45, 6.410495098103648)	(50, 8.181290809491196)	(55, 10.546968569518882)	(60, 12.40044705906818)	(65, 14.78500535478202)	(70, 16.59818810420314)	(75, 18.88254458770729)	(80, 20.62889212414462)	(85, 22.921990468311442)	(90, 24.740474049759158)	(95, 27.07546897747892)	(100, 28.951429900420084)	(105, 31.23898414713791)	(110, 33.11062122337789)	(115, 35.25754451413911)	(120, 37.07850390980503)	(125, 39.07312342797078)	(130, 40.863360754970316)	(135, 42.738109274435374)	(140, 43.897147379413425)
IDDLNTM41.C_R1 - polyg	(1, 0.0)	(2, 0.0)	(3, 0.0002942726883752283)	(4, 0.0004904544806253805)	(5, 0.0011182362158258675)	(6, 0.00135365436652605)	(7, 0.0016479270549012784)	(8, 0.0020010542809515523)	(9, 0.002334563327776811)	(10, 0.007533380822405844)	(15, 0.012151500211974427)	(20, 0.015765168825222227)	(25, 0.01957894286656519)	(30, 0.023439800538048183)	(35, 0.027241803671856128)	(40, 0.041700401760692354)	(45, 0.061565770043942744)	(50, 0.06658802392554666)	(55, 0.07121791422265025)	(60, 0.0767070807698095)	(65, 0.08266315998252412)	(70, 0.08942358454346437)	(75, 0.35115756085608246)	(80, 1.320107280051274)	(85, 2.770722535579039)	(90, 4.592215545719872)	(95, 6.625808538734036)	(100, 8.715485982516672)	(105, 10.878543263872555)	(110, 13.066919767336241)	(115, 15.220474002675527)	(120, 17.34054000607771)	(125, 19.4403443539763)	(130, 21.42628871328875)	(135, 23.569280520933283)	(140, 24.594153821827305)
IDDLNTM41.C_R2 - nextera_transposase_sequence	(1, 0.0)	(2, 0.0)	(3, 0.0)	(4, 0.0)	(5, 1.9618179225015218e-05)	(6, 1.9618179225015218e-05)	(7, 1.9618179225015218e-05)	(8, 1.9618179225015218e-05)	(9, 1.9618179225015218e-05)	(10, 0.0003178145034452465)	(15, 0.0006081635559754717)	(20, 0.0024601196748169083)	(25, 0.09738856530882053)	(30, 0.872655848287127)	(35, 2.5430457184010478)	(40, 4.141075896261422)	(45, 6.577532123297118)	(50, 8.377209718139733)	(55, 10.777109430007537)	(60, 12.639004118444365)	(65, 15.0368753105803)	(70, 16.856535982781516)	(75, 19.135140416136895)	(80, 20.85695738127127)	(85, 23.11547672273608)	(90, 24.915401506636925)	(95, 27.243118089864208)	(100, 29.11049409757651)	(105, 31.377888703322714)	(110, 33.21231794084452)	(115, 35.317737011637305)	(120, 37.08980790467448)	(125, 39.03742226541709)	(130, 40.774470784901766)	(135, 42.5928248863666)	(140, 43.6969046240637)
IDDLNTM41.C_R2 - polyg	(1, 0.2200571163669957)	(2, 0.22349029773137338)	(3, 0.225609061087675)	(4, 0.22768858808552664)	(5, 0.2321615329488301)	(6, 0.23426067812590673)	(7, 0.23639905966143338)	(8, 0.23857667755541007)	(9, 0.24059735001558663)	(10, 0.24670645102625638)	(15, 0.25303919928009133)	(20, 0.25698637694016435)	(25, 0.26085900551918234)	(30, 0.2644530559532052)	(35, 0.2677175209762477)	(40, 0.2707387205769)	(45, 0.2735990511079072)	(50, 0.2766006325293346)	(55, 0.2793118648982317)	(60, 0.282325217227194)	(65, 0.28525224956756634)	(70, 0.2880027182949134)	(75, 0.29076103429395056)	(80, 0.29314268125186743)	(85, 0.29592453906597455)	(90, 0.2985494514462816)	(95, 0.3021709673312194)	(100, 0.32861627292653994)	(105, 0.8493298331885839)	(110, 2.2852903088352634)	(115, 3.9088712033182973)	(120, 6.220383170505715)	(125, 8.24830650972385)	(130, 10.612885651714931)	(135, 12.697093547129636)	(140, 14.010067657214693)
IDDLNTM42_R1 - nextera_transposase_sequence	(1, 0.0)	(2, 0.0)	(3, 0.0)	(4, 0.0)	(5, 0.0)	(6, 1.7064866801035426e-05)	(7, 1.7064866801035426e-05)	(8, 1.7064866801035426e-05)	(9, 1.7064866801035426e-05)	(10, 0.00047099032370857775)	(15, 0.0006450519650791391)	(20, 0.002559730020155314)	(25, 0.09683629314915565)	(30, 0.8794515624848016)	(35, 2.607852944534234)	(40, 4.2523839192299375)	(45, 6.802233381507453)	(50, 8.66172365734908)	(55, 11.177320518983555)	(60, 13.118964476578729)	(65, 15.674325890832975)	(70, 17.612369161533127)	(75, 20.13657695495541)	(80, 22.056016107869073)	(85, 24.582626634536936)	(90, 26.516321777176188)	(95, 28.979812774520376)	(100, 30.941098393803543)	(105, 33.32251762075484)	(110, 35.27807627073957)	(115, 37.50571374402666)	(120, 39.40800270580528)	(125, 41.464172397475565)	(130, 43.32588451897468)	(135, 45.24252844670634)	(140, 46.44959473501078)
IDDLNTM42_R1 - polyg	(1, 0.0)	(2, 0.0)	(3, 0.0003071676024186377)	(4, 0.0005802054712352046)	(5, 0.0009726974076590194)	(6, 0.0013651893440828342)	(7, 0.0017235515469045783)	(8, 0.002064848882925287)	(9, 0.0023720164853439246)	(10, 0.008221852824738871)	(15, 0.012740629553653049)	(20, 0.014573396248084255)	(25, 0.01590104288520481)	(30, 0.01722186357560495)	(35, 0.01858022697296737)	(40, 0.027143377133726953)	(45, 0.03845738382281344)	(50, 0.04047445107869583)	(55, 0.04345738979551682)	(60, 0.051515419898965756)	(65, 0.0596314705495382)	(70, 0.06500007764514394)	(75, 0.19334494085573142)	(80, 0.7343694779157586)	(85, 1.6488654508631666)	(90, 2.914846485311501)	(95, 4.572223891735024)	(100, 6.518048741696449)	(105, 8.697938717674235)	(110, 10.940494297518786)	(115, 13.173995259038705)	(120, 15.3803869731585)	(125, 17.575788913058425)	(130, 19.703105447395586)	(135, 21.932476711149654)	(140, 23.083781840695032)
IDDLNTM42_R2 - nextera_transposase_sequence	(1, 0.0)	(2, 0.0)	(3, 0.0)	(4, 0.0)	(5, 0.0)	(6, 1.7064866801035426e-05)	(7, 1.7064866801035426e-05)	(8, 1.7064866801035426e-05)	(9, 3.412973360207085e-05)	(10, 0.0004232086966656786)	(15, 0.0005938573646760328)	(20, 0.0025836208336767635)	(25, 0.09894892365912382)	(30, 0.9056597849178318)	(35, 2.6896038954312744)	(40, 4.378889189799374)	(45, 6.9843155102745005)	(50, 8.8737068457249)	(55, 11.42463139461088)	(60, 13.375094475368826)	(65, 15.945472972407988)	(70, 17.893642535067876)	(75, 20.41337250744156)	(80, 22.301081247025383)	(85, 24.78588967597743)	(90, 26.697496055029415)	(95, 29.15270035305503)	(100, 31.10458323073082)	(105, 33.473268654075184)	(110, 35.39222657774506)	(115, 37.58058072765616)	(120, 39.43031331266095)	(125, 41.44329523943118)	(130, 43.2543178805845)	(135, 45.11271941792421)	(140, 46.26442386535274)
IDDLNTM42_R2 - polyg	(1, 0.2407852705626099)	(2, 0.2436862979187859)	(3, 0.24561462786730293)	(4, 0.2482084876210603)	(5, 0.25102419064323117)	(6, 0.25286719625774295)	(7, 0.2545907478046475)	(8, 0.2562801696179501)	(9, 0.2578842670972474)	(10, 0.26200372594301735)	(15, 0.2658262561064493)	(20, 0.26822898935203504)	(25, 0.26963854734980064)	(30, 0.27095936804020077)	(35, 0.2723109054908427)	(40, 0.27362148726116226)	(45, 0.27488087443107867)	(50, 0.2760276334801083)	(55, 0.2771641536090573)	(60, 0.278413301858893)	(65, 0.279781904176336)	(70, 0.2810856599999351)	(75, 0.2822085282354433)	(80, 0.2830344677886134)	(85, 0.28417098791756235)	(90, 0.28545426590100026)	(95, 0.2874576812634418)	(100, 0.31344406042805856)	(105, 0.8453661975364135)	(110, 2.3810711036685537)	(115, 4.091506593949856)	(120, 6.560785994112962)	(125, 8.694928475170533)	(130, 11.193160128348277)	(135, 13.376671269061243)	(140, 14.757952782537453)
IDDLNTM43_R1 - nextera_transposase_sequence	(1, 0.0)	(2, 0.0)	(3, 0.0)	(4, 0.0)	(5, 0.0)	(6, 0.0)	(7, 0.0)	(8, 0.0)	(9, 0.0)	(10, 0.00022444183619874087)	(15, 0.00037273376368719463)	(20, 0.00193981872714626)	(25, 0.0825104300325621)	(30, 0.7145787196675375)	(35, 2.0650853269746823)	(40, 3.399099467211152)	(45, 5.393738112848954)	(50, 6.920427553682179)	(55, 8.93243639428579)	(60, 10.565591423275862)	(65, 12.658655829866676)	(70, 14.323068392437353)	(75, 16.449983437394856)	(80, 18.13752152487387)	(85, 20.29864791829195)	(90, 22.0231868456243)	(95, 24.188092679248367)	(100, 25.935163963779093)	(105, 28.07312475338952)	(110, 29.862407134685338)	(115, 31.949876526930915)	(120, 33.77789917231061)	(125, 35.84677195527115)	(130, 37.753144840933864)	(135, 39.78778222809423)	(140, 41.06173412980794)
IDDLNTM43_R1 - polyg	(1, 0.0)	(2, 0.0)	(3, 0.00022043394626662048)	(4, 0.00048094679185444464)	(5, 0.0009017752347270837)	(6, 0.0011222091809937043)	(7, 0.001583116523187547)	(8, 0.0019237871674177786)	(9, 0.0020841027647025934)	(10, 0.006340481872614429)	(15, 0.00956683326797133)	(20, 0.012011646126564756)	(25, 0.014063685771810386)	(30, 0.016344175143186875)	(35, 0.018676767083680934)	(40, 0.03340175469429118)	(45, 0.05449127151710857)	(50, 0.05766151245341579)	(55, 0.061517102568115586)	(60, 0.06653097287319817)	(65, 0.07198971896074612)	(70, 0.07879912395541863)	(75, 0.2835341653579236)	(80, 1.0210420233271218)	(85, 2.161030204059712)	(90, 3.607329388634466)	(95, 5.251806706682776)	(100, 6.994413201829121)	(105, 8.825974814018878)	(110, 10.74111295496314)	(115, 12.63293720017226)	(120, 14.567693962334252)	(125, 16.50038265329127)	(130, 18.38319315404305)	(135, 20.363667916660738)	(140, 21.35554051706189)
IDDLNTM43_R2 - nextera_transposase_sequence	(1, 0.0)	(2, 0.0)	(3, 0.0)	(4, 0.0)	(5, 0.0)	(6, 0.0)	(7, 0.0)	(8, 0.0)	(9, 0.0)	(10, 0.0002725365153841853)	(15, 0.00043686000260112056)	(20, 0.0020279923056529085)	(25, 0.08453842233821501)	(30, 0.7365058854861681)	(35, 2.128293759094153)	(40, 3.4993688575329394)	(45, 5.539809669315013)	(50, 7.096061306287558)	(55, 9.136137400085808)	(60, 10.779909329506065)	(65, 12.890392025741875)	(70, 14.564768202683803)	(75, 16.683679491446863)	(80, 18.343250522979538)	(85, 20.465768912681504)	(90, 22.169126141722593)	(95, 24.325218625385933)	(100, 26.06172911994552)	(105, 28.18687668544296)	(110, 29.944140034071076)	(115, 31.994768902060592)	(120, 33.77281716787668)	(125, 35.79555512982858)	(130, 37.64328457000452)	(135, 39.61143907897086)	(140, 40.82368550728965)
IDDLNTM43_R2 - polyg	(1, 0.16987441477292198)	(2, 0.1733412395642061)	(3, 0.17514479003366026)	(4, 0.1766477487582054)	(5, 0.17923283776442303)	(6, 0.18053540199236218)	(7, 0.1819381634686043)	(8, 0.1830403331999374)	(9, 0.18444309467617953)	(10, 0.18823856644189751)	(15, 0.19255506389879112)	(20, 0.19534455529154693)	(25, 0.1974406817260459)	(30, 0.19936446889346365)	(35, 0.20090349862739793)	(40, 0.20269101753712357)	(45, 0.20457472580522013)	(50, 0.20663478123033002)	(55, 0.2085505526178836)	(60, 0.21021382693971352)	(65, 0.2115885331864308)	(70, 0.21311553925056867)	(75, 0.21459845852545323)	(80, 0.2160493146808808)	(85, 0.21770858111277863)	(90, 0.21928768974603402)	(95, 0.22167639214557783)	(100, 0.24983582680865551)	(105, 0.712198033047858)	(110, 1.9307288327802112)	(115, 3.316853557914109)	(120, 5.280707600983296)	(125, 7.002881873255691)	(130, 9.031507425517875)	(135, 10.840737075005856)	(140, 12.020583721113384)
IDDLNTM44_R1 - nextera_transposase_sequence	(1, 0.0)	(2, 0.0)	(3, 0.0)	(4, 2.1825088069686633e-05)	(5, 2.1825088069686633e-05)	(6, 2.1825088069686633e-05)	(7, 2.1825088069686633e-05)	(8, 2.1825088069686633e-05)	(9, 4.3650176139373266e-05)	(10, 0.0001353155460320571)	(15, 0.00022698091592474097)	(20, 0.001593231429087124)	(25, 0.07524853864666556)	(30, 0.6630680006451496)	(35, 1.93019332881263)	(40, 3.18119864693184)	(45, 5.110156675759726)	(50, 6.566374566962972)	(55, 8.524717894367882)	(60, 10.114933096283776)	(65, 12.182139962980283)	(70, 13.837162581410306)	(75, 15.978247371222704)	(80, 17.67393012872655)	(85, 19.863222173067275)	(90, 21.59328380929849)	(95, 23.761990430571885)	(100, 25.494876233199317)	(105, 27.629492066907865)	(110, 29.396499212223443)	(115, 31.460427950691887)	(120, 33.275450289760784)	(125, 35.29253802421407)	(130, 37.14789312603574)	(135, 39.12651196025739)	(140, 40.3657404608542)
IDDLNTM44_R1 - polyg	(1, 0.0)	(2, 0.0)	(3, 0.00017460070455749307)	(4, 0.00048015193753310595)	(5, 0.0009821289631358986)	(6, 0.0011785547557630783)	(7, 0.0015714063410174376)	(8, 0.0018333073978536773)	(9, 0.001964257926271797)	(10, 0.005395161770826536)	(15, 0.008590354664228658)	(20, 0.011615311870687225)	(25, 0.014291067668030807)	(30, 0.017150154205159758)	(35, 0.020017970777516582)	(40, 0.03503799638707492)	(45, 0.05486390638957826)	(50, 0.05819441482901244)	(55, 0.06188721973040342)	(60, 0.06801570446037142)	(65, 0.07424458459545999)	(70, 0.08008497816290813)	(75, 0.25554559119034687)	(80, 0.9171731360228972)	(85, 1.9427078343117885)	(90, 3.2821745993950513)	(95, 4.831991563293956)	(100, 6.464796242069037)	(105, 8.197341573322584)	(110, 9.99897203835192)	(115, 11.815648719096496)	(120, 13.680179087942662)	(125, 15.570978132789511)	(130, 17.425722132145232)	(135, 19.37952584123165)	(140, 20.353182305178898)
IDDLNTM44_R2 - nextera_transposase_sequence	(1, 0.0)	(2, 0.0)	(3, 0.0)	(4, 2.1825088069686633e-05)	(5, 2.1825088069686633e-05)	(6, 2.1825088069686633e-05)	(7, 2.1825088069686633e-05)	(8, 2.1825088069686633e-05)	(9, 4.3650176139373266e-05)	(10, 0.0001353155460320571)	(15, 0.00022261589831080365)	(20, 0.0015670413234035)	(25, 0.07643145842004259)	(30, 0.6784503227166647)	(35, 1.9808711833104424)	(40, 3.2614756858697618)	(45, 5.2261482888148825)	(50, 6.705465853231084)	(55, 8.69044015309863)	(60, 10.286290592754115)	(65, 12.365025470969034)	(70, 14.025294840571007)	(75, 16.15697738244298)	(80, 17.82199589120892)	(85, 19.968065531136435)	(90, 21.672290628110755)	(95, 23.82714268347751)	(100, 25.549159592246248)	(105, 27.662216603959553)	(110, 29.390458027845757)	(115, 31.410247708202064)	(120, 33.17088629281891)	(125, 35.1357073063629)	(130, 36.930139857346866)	(135, 38.838839839428466)	(140, 40.01461844398908)
IDDLNTM44_R2 - polyg	(1, 0.16632899617908184)	(2, 0.16905713218779267)	(3, 0.17027933711969512)	(4, 0.17169796784422475)	(5, 0.17481895543818993)	(6, 0.176346711603068)	(7, 0.1775034412707614)	(8, 0.1787911214668729)	(9, 0.17968595007773006)	(10, 0.18293352318249945)	(15, 0.18663942313673218)	(20, 0.1898869962415016)	(25, 0.19319131457525213)	(30, 0.195779770020317)	(35, 0.19804521416195048)	(40, 0.20005312226436162)	(45, 0.20196936499688012)	(50, 0.2041169536629373)	(55, 0.2062296221880829)	(60, 0.2083772108541401)	(65, 0.2104200390974628)	(70, 0.21219660126633527)	(75, 0.21397316343520772)	(80, 0.2155183796705416)	(85, 0.21710724608201476)	(90, 0.21860444712359522)	(95, 0.22069965557828514)	(100, 0.23999739844950208)	(105, 0.6408326009197529)	(110, 1.7536152712760233)	(115, 3.042517672319437)	(120, 4.89956640097532)	(125, 6.562934933083189)	(130, 8.507890751466155)	(135, 10.275910580868171)	(140, 11.406445777860325)
IDDLNTM45_R1 - nextera_transposase_sequence	(1, 0.0)	(2, 0.0)	(3, 0.0)	(4, 2.0963152019537657e-05)	(5, 2.0963152019537657e-05)	(6, 2.0963152019537657e-05)	(7, 2.0963152019537657e-05)	(8, 2.0963152019537657e-05)	(9, 2.0963152019537657e-05)	(10, 0.0005324640612962566)	(15, 0.0008888376456283967)	(20, 0.0033960306271651)	(25, 0.11153235400474815)	(30, 0.9565234708690799)	(35, 2.697525823982894)	(40, 4.404924244409389)	(45, 6.946467446845307)	(50, 8.85420651849212)	(55, 11.348477813123981)	(60, 13.300637803900196)	(65, 15.76575354670328)	(70, 17.630522349340445)	(75, 19.960610237355287)	(80, 21.76100958540126)	(85, 24.12973256258811)	(90, 26.051869127041943)	(95, 28.50735439780725)	(100, 30.480682979492798)	(105, 32.83913820482048)	(110, 34.79095859253397)	(115, 36.975880845443925)	(120, 38.868241348769196)	(125, 40.89543684588415)	(130, 42.739615640607724)	(135, 44.630781244267894)	(140, 45.82656136176635)
IDDLNTM45_R1 - polyg	(1, 0.0)	(2, 0.0)	(3, 0.0001467420641367636)	(4, 0.00027252097625398954)	(5, 0.0005660051045275168)	(6, 0.0009014155368401193)	(7, 0.001278752273191797)	(8, 0.001530310097426249)	(9, 0.0019914994418560776)	(10, 0.007932456724193048)	(15, 0.012699477493435913)	(20, 0.014875452673063921)	(25, 0.01642672592250971)	(30, 0.01804508125841801)	(35, 0.019705362898365397)	(40, 0.03721378746508325)	(45, 0.06304877601396144)	(50, 0.06563982160357631)	(55, 0.06776129258795352)	(60, 0.06995823091960107)	(65, 0.07223902185932676)	(70, 0.07984026078161113)	(75, 0.42757283385129785)	(80, 1.6413980326081827)	(85, 3.399330227292976)	(90, 5.527853216009559)	(95, 7.816895252370148)	(100, 10.105970829773966)	(105, 12.42311187510154)	(110, 14.745657221019751)	(115, 16.99795504452049)	(120, 19.175762403635012)	(125, 21.350957754007894)	(130, 23.41258732463013)	(135, 25.706924653190857)	(140, 26.814554716447166)
IDDLNTM45_R2 - nextera_transposase_sequence	(1, 0.0)	(2, 0.0)	(3, 0.0)	(4, 0.0)	(5, 0.0)	(6, 0.0)	(7, 0.0)	(8, 0.0)	(9, 0.0)	(10, 0.0004905377572571812)	(15, 0.0008469113415893214)	(20, 0.0034421495616080836)	(25, 0.1137837965316465)	(30, 0.9806981777780107)	(35, 2.7713873938085327)	(40, 4.522628150368689)	(45, 7.116872716981726)	(50, 9.054865809623134)	(55, 11.57922761266384)	(60, 13.537265671266331)	(65, 16.00573132576214)	(70, 17.871204490307164)	(75, 20.183515625409434)	(80, 21.94533019584825)	(85, 24.262215490721182)	(90, 26.15046721625064)	(95, 28.58400406685149)	(100, 30.534876920093705)	(105, 32.861673593241484)	(110, 34.76486366090005)	(115, 36.88792365220034)	(120, 38.71249351452484)	(125, 40.678690431893344)	(130, 42.456000964305)	(135, 44.27366556435426)	(140, 45.404908522045375)
IDDLNTM45_R2 - polyg	(1, 0.2620603633962403)	(2, 0.2654144677193663)	(3, 0.26767848813747636)	(4, 0.27013117692376226)	(5, 0.2735481707029469)	(6, 0.2755187069927834)	(7, 0.27746828013060043)	(8, 0.27897762707600715)	(9, 0.28080142130170693)	(10, 0.2857361472871061)	(15, 0.28990362190859015)	(20, 0.2922640728259901)	(25, 0.29415075650774847)	(30, 0.29586973497335056)	(35, 0.2971736430289659)	(40, 0.29824276378196224)	(45, 0.2992783434917274)	(50, 0.3002300705934144)	(55, 0.30143754814973983)	(60, 0.3024521647074855)	(65, 0.3035757896557326)	(70, 0.3045945988438822)	(75, 0.30537442809900894)	(80, 0.3063009994182725)	(85, 0.30773068638600504)	(90, 0.30940773854756803)	(95, 0.3119820136155672)	(100, 0.3449025475470492)	(105, 0.9373505720320108)	(110, 2.4906530545932886)	(115, 4.254610059168496)	(120, 6.734295192625163)	(125, 8.905595589352814)	(130, 11.401439120386142)	(135, 13.584336332811)	(140, 14.952408404127645)
IDDLNTM46.A_R1 - nextera_transposase_sequence	(1, 0.0)	(2, 0.0)	(3, 0.0)	(4, 0.0)	(5, 0.0)	(6, 0.0)	(7, 0.0)	(8, 0.0)	(9, 2.1396466031291475e-05)	(10, 0.00033806416329440535)	(15, 0.0006119389284949362)	(20, 0.002550458750929944)	(25, 0.0974181098404701)	(30, 0.8738744656500064)	(35, 2.553723851646319)	(40, 4.159447320723825)	(45, 6.657061079849686)	(50, 8.516264202706695)	(55, 11.024165382700401)	(60, 13.000287354538802)	(65, 15.584749369285674)	(70, 17.59085206932712)	(75, 20.190531250715445)	(80, 22.212013730540185)	(85, 24.81883933158296)	(90, 26.830659167347967)	(95, 29.33527385015926)	(100, 31.30276020830744)	(105, 33.68690850806935)	(110, 35.62763216650559)	(115, 37.86815026909265)	(120, 39.77116479579534)	(125, 41.85640018580692)	(130, 43.715928534947594)	(135, 45.662848609946494)	(140, 46.85006576203835)
IDDLNTM46.A_R1 - polyg	(1, 0.0)	(2, 0.0)	(3, 0.00021396466031291475)	(4, 0.0004707222526884125)	(5, 0.0011340126996584481)	(6, 0.001390770292033946)	(7, 0.00203266427297269)	(8, 0.0024178006615359366)	(9, 0.0027601441180366004)	(10, 0.007698448478058673)	(15, 0.012375715952498988)	(20, 0.016475278844094436)	(25, 0.0204293457666771)	(30, 0.02428070965230957)	(35, 0.02825617304092352)	(40, 0.04521929131053141)	(45, 0.06808783420477574)	(50, 0.07306893149686039)	(55, 0.07907277986524078)	(60, 0.08619352376045458)	(65, 0.09389625153171952)	(70, 0.1015733035437469)	(75, 0.3418470584887377)	(80, 1.246947526664811)	(85, 2.6341660053375624)	(90, 4.405956005870335)	(95, 6.454505015224656)	(100, 8.589863766561132)	(105, 10.840810506691852)	(110, 13.133125174247471)	(115, 15.439950925065512)	(120, 17.75900261657383)	(125, 20.105715659367405)	(130, 22.354432887737666)	(135, 24.71604642947543)	(140, 25.868648378821863)
IDDLNTM46.A_R2 - nextera_transposase_sequence	(1, 2.1396466031291475e-05)	(2, 2.1396466031291475e-05)	(3, 2.1396466031291475e-05)	(4, 2.1396466031291475e-05)	(5, 2.1396466031291475e-05)	(6, 2.1396466031291475e-05)	(7, 2.1396466031291475e-05)	(8, 2.1396466031291475e-05)	(9, 4.279293206258295e-05)	(10, 0.0004236500274195712)	(15, 0.0006846869130013273)	(20, 0.0026788375471176926)	(25, 0.09987442414086237)	(30, 0.896285124171181)	(35, 2.621071368126412)	(40, 4.264893384619237)	(45, 6.811089959515746)	(50, 8.695763435536406)	(55, 11.232892188128854)	(60, 13.2126686763654)	(65, 15.80621563058916)	(70, 17.815780278834467)	(75, 20.403541628643364)	(80, 22.38576159330068)	(85, 24.943289736607362)	(90, 26.92729416653169)	(95, 29.421398905228422)	(100, 31.37356967299139)	(105, 33.73731430274587)	(110, 35.63919053745569)	(115, 37.8322127647465)	(120, 39.67997733686318)	(125, 41.7184058177847)	(130, 43.51456639312711)	(135, 45.39598760631101)	(140, 46.520346220496144)
IDDLNTM46.A_R2 - polyg	(1, 0.2239140170174653)	(2, 0.22658857527137674)	(3, 0.22874961834053717)	(4, 0.2309320578757289)	(5, 0.2349545934896117)	(6, 0.2374365835492415)	(7, 0.23979019481268357)	(8, 0.2417158767554998)	(9, 0.2435345763681596)	(10, 0.24988932677945316)	(15, 0.25673191661626016)	(20, 0.26148193207520687)	(25, 0.26494388027906984)	(30, 0.26810627795849473)	(35, 0.2711146210824943)	(40, 0.27436260462604434)	(45, 0.2772254517810312)	(50, 0.2800412267107491)	(55, 0.2832079036833802)	(60, 0.28554439777399726)	(65, 0.28803922571324586)	(70, 0.2905297743592882)	(75, 0.2928748270363178)	(80, 0.29550659235816656)	(85, 0.2981725920256655)	(90, 0.3005475997551389)	(95, 0.30377418683265756)	(100, 0.33140986235867365)	(105, 0.8737760419062625)	(110, 2.3674804527235453)	(115, 4.044847848660228)	(120, 6.461848282366594)	(125, 8.598858840880686)	(130, 11.10130820132962)	(135, 13.32671611960539)	(140, 14.746209027639742)
IDDLNTM46.B_R1 - nextera_transposase_sequence	(1, 0.0)	(2, 0.0)	(3, 0.0)	(4, 2.136150089323116e-05)	(5, 2.136150089323116e-05)	(6, 2.136150089323116e-05)	(7, 2.136150089323116e-05)	(8, 4.272300178646232e-05)	(9, 0.00012816900535938695)	(10, 0.0006280281262609961)	(15, 0.0009527229398381097)	(20, 0.00357164294934825)	(25, 0.11835980414921521)	(30, 1.0087028890789114)	(35, 2.8888994746993317)	(40, 4.7278512743951016)	(45, 7.4876802883973514)	(50, 9.530399445113654)	(55, 12.22828865112589)	(60, 14.3284873344457)	(65, 17.023655085244137)	(70, 19.023561521870224)	(75, 21.496672198583347)	(80, 23.321059726970113)	(85, 25.703452381689864)	(90, 27.628315865678026)	(95, 30.114157996923517)	(100, 32.17030926540148)	(105, 34.65401524655765)	(110, 36.71357581057818)	(115, 39.00258452799307)	(120, 40.97370847831562)	(125, 43.05932580112571)	(130, 44.968911539675034)	(135, 46.89293338052801)	(140, 48.124150479811355)
IDDLNTM46.B_R1 - polyg	(1, 0.0)	(2, 0.0)	(3, 0.00023497650982554275)	(4, 0.0004699530196510855)	(5, 0.0008971830375157087)	(6, 0.001046713543768327)	(7, 0.0016234740678855682)	(8, 0.001858450577711111)	(9, 0.002285680595575734)	(10, 0.00875394306604613)	(15, 0.013944787783101301)	(20, 0.016388543485286945)	(25, 0.017700139640131337)	(30, 0.018781031585328838)	(35, 0.02031478734946283)	(40, 0.03263610106467857)	(45, 0.05042168670838283)	(50, 0.05240403399127469)	(55, 0.054847789693460325)	(60, 0.06000445600908633)	(65, 0.06610530066419315)	(70, 0.07331267106556934)	(75, 0.3307102122286475)	(80, 1.283134091054252)	(85, 2.7576074179093544)	(90, 4.6606992601871395)	(95, 6.826550380352204)	(100, 9.101759568190076)	(105, 11.483985603202857)	(110, 13.884279195671136)	(115, 16.244284997454777)	(120, 18.50669010165725)	(125, 20.700558966393874)	(130, 22.728880471508138)	(135, 24.902011591177615)	(140, 25.972188607527066)
IDDLNTM46.B_R2 - nextera_transposase_sequence	(1, 0.0)	(2, 0.0)	(3, 0.0)	(4, 2.136150089323116e-05)	(5, 2.136150089323116e-05)	(6, 2.136150089323116e-05)	(7, 2.136150089323116e-05)	(8, 4.272300178646232e-05)	(9, 0.00012816900535938695)	(10, 0.0006194835259037036)	(15, 0.0009313614389448787)	(20, 0.0036442720523852364)	(25, 0.12074801994907847)	(30, 1.0402196474967844)	(35, 2.980694116337724)	(40, 4.87677938632253)	(45, 7.709639099578558)	(50, 9.797106328366002)	(55, 12.54551548399073)	(60, 14.67058322665044)	(65, 17.392965529586853)	(70, 19.4089059087834)	(75, 21.878799543462)	(80, 23.680061110981754)	(85, 26.03204780533008)	(90, 27.943778238569088)	(95, 30.43531534595271)	(100, 32.49324816360517)	(105, 34.9658589811974)	(110, 36.994560721027554)	(115, 39.248322961968626)	(120, 41.17739038933258)	(125, 43.22571907618344)	(130, 45.09085580367413)	(135, 46.967352577339845)	(140, 48.15151456245558)
IDDLNTM46.B_R2 - polyg	(1, 0.223633552851237)	(2, 0.22668824747896907)	(3, 0.22871759006382603)	(4, 0.2313664161745867)	(5, 0.23416477279159997)	(6, 0.2358950543639517)	(7, 0.23771078193987635)	(8, 0.2389924719934702)	(9, 0.24072275356582193)	(10, 0.24509331664857706)	(15, 0.24915200181829095)	(20, 0.2513479641101151)	(25, 0.2528090907712121)	(30, 0.253945522618732)	(35, 0.2552058511714327)	(40, 0.2564106398218109)	(45, 0.25773078057701254)	(50, 0.25900392603024913)	(55, 0.26008909027562527)	(60, 0.26111444231850045)	(65, 0.2620628929581598)	(70, 0.26303270509871257)	(75, 0.26431866745248506)	(80, 0.2652201227901795)	(85, 0.26662570954895404)	(90, 0.2682748174179115)	(95, 0.27063739941670284)	(100, 0.30070584807401507)	(105, 0.9062317692940814)	(110, 2.5609491683860894)	(115, 4.4588544382469975)	(120, 7.131780594315404)	(125, 9.480123016611344)	(130, 12.157838421180013)	(135, 14.528067837291156)	(140, 15.990536000644262)
IDDLNTM48_R1 - nextera_transposase_sequence	(1, 0.0)	(2, 0.0)	(3, 0.0)	(4, 2.0832000953272363e-05)	(5, 2.0832000953272363e-05)	(6, 2.0832000953272363e-05)	(7, 2.0832000953272363e-05)	(8, 2.0832000953272363e-05)	(9, 6.249600285981708e-05)	(10, 0.0004916352224972277)	(15, 0.0007957824364150043)	(20, 0.002458176112486139)	(25, 0.09656882361898937)	(30, 0.9510183411185992)	(35, 2.790988159715618)	(40, 4.397518742030458)	(45, 7.022046714928857)	(50, 8.767935050820707)	(55, 11.265496144309104)	(60, 13.073313852634843)	(65, 15.586128137221223)	(70, 17.362772839320485)	(75, 19.78299721246995)	(80, 21.548784275672368)	(85, 23.982120310221823)	(90, 25.80212890550542)	(95, 28.206462628327728)	(100, 30.03800381933906)	(105, 32.341127348729984)	(110, 34.17153111248926)	(115, 36.2966368609341)	(120, 38.083130933084064)	(125, 40.072462032115865)	(130, 41.84293212913258)	(135, 43.688434927182776)	(140, 44.85583942860321)
IDDLNTM48_R1 - polyg	(1, 0.0)	(2, 0.0)	(3, 0.00018748800857945128)	(4, 0.0003541440162056302)	(5, 0.000916608041943984)	(6, 0.0011665920533832524)	(7, 0.0018540480848412404)	(8, 0.002270688103906688)	(9, 0.00272899212487868)	(10, 0.008641113995417376)	(15, 0.01394494143812052)	(20, 0.01758220880456187)	(25, 0.021161146568334066)	(30, 0.024740084332106258)	(35, 0.028202362890540122)	(40, 0.040930715472989536)	(45, 0.05673387139614196)	(50, 0.0608669403852712)	(55, 0.06490418217001538)	(60, 0.06968720958888672)	(65, 0.0745577314117618)	(70, 0.0815114533299641)	(75, 0.36966802331600873)	(80, 1.5592502729512927)	(85, 3.125375106217165)	(90, 5.17189421426588)	(95, 7.324198223155311)	(100, 9.513204051324218)	(105, 11.725250072547443)	(110, 13.966477560706014)	(115, 16.17514879777481)	(120, 18.312891237997903)	(125, 20.495055837053755)	(130, 22.52554680356902)	(135, 24.766861786131596)	(140, 25.781934363781318)
IDDLNTM48_R2 - nextera_transposase_sequence	(1, 0.0)	(2, 0.0)	(3, 0.0)	(4, 0.0)	(5, 0.0)	(6, 0.0)	(7, 0.0)	(8, 0.0)	(9, 4.1664001906544726e-05)	(10, 0.0005249664240224635)	(15, 0.0008832768404187482)	(20, 0.0025623361172525004)	(25, 0.09836037570097078)	(30, 0.9701629499946567)	(35, 2.8518009368984107)	(40, 4.489346202232482)	(45, 7.155167367420458)	(50, 8.920146148985888)	(55, 11.431498027105349)	(60, 13.233195293551017)	(65, 15.739951632260187)	(70, 17.506721965907595)	(75, 19.897569051312765)	(80, 21.620683843762492)	(85, 23.98988648017721)	(90, 25.770326772850154)	(95, 28.14381246866086)	(100, 29.946480506350944)	(105, 32.20630263856041)	(110, 33.97942256609838)	(115, 36.03994077878769)	(120, 37.75483526366126)	(125, 39.67400834988262)	(130, 41.37194558598023)	(135, 43.1392242204509)	(140, 44.23850391235394)
IDDLNTM48_R2 - polyg	(1, 0.3034597578863185)	(2, 0.30698036604742157)	(3, 0.3101468301923189)	(4, 0.31306331032577706)	(5, 0.31754219053073063)	(6, 0.32189607872996456)	(7, 0.32464590285579653)	(8, 0.3272290709740023)	(9, 0.33056219112652585)	(10, 0.33851168269029464)	(15, 0.34672365746607453)	(20, 0.35170250569390665)	(25, 0.35589807068589574)	(30, 0.3587562212166847)	(35, 0.36179352695567185)	(40, 0.3647558374912271)	(45, 0.36733483920924226)	(50, 0.3702054889406032)	(55, 0.37297614506738846)	(60, 0.37540098997834936)	(65, 0.3779716588959831)	(70, 0.38041316940770664)	(75, 0.3828421807188582)	(80, 0.3850337072191425)	(85, 0.38808767855889215)	(90, 0.3906000178738568)	(95, 0.3934665012050271)	(100, 0.4175941247091071)	(105, 0.973316914938982)	(110, 2.644601689016973)	(115, 4.311240926882385)	(120, 6.865752544576836)	(125, 8.93079130147301)	(130, 11.404820566684588)	(135, 13.490374678119545)	(140, 14.809636133688949)
IDDLNTM49_R1 - nextera_transposase_sequence	(1, 0.0)	(2, 0.0)	(3, 0.0)	(4, 0.0)	(5, 0.0)	(6, 0.0)	(7, 0.0)	(8, 0.0)	(9, 3.0647395584323246e-05)	(10, 0.0005823005161021417)	(15, 0.0008642565554779155)	(20, 0.003040221641964866)	(25, 0.10374143405293416)	(30, 1.0178796905838943)	(35, 2.908382675640224)	(40, 4.567062631017616)	(45, 7.209045885280669)	(50, 9.00189400904711)	(55, 11.546602429725521)	(60, 13.390300712245473)	(65, 15.933010922731786)	(70, 17.746748311328503)	(75, 20.21464822919348)	(80, 22.002568251749967)	(85, 24.481899648167897)	(90, 26.36865139200471)	(95, 28.877661726306496)	(100, 30.8437902247067)	(105, 33.3095877312346)	(110, 35.33094283647775)	(115, 37.67222610422566)	(120, 39.68037831145109)	(125, 41.8861694433207)	(130, 43.917981439937236)	(135, 46.02531474875265)	(140, 47.38510291395437)
IDDLNTM49_R1 - polyg	(1, 0.0)	(2, 0.0)	(3, 0.00012258958233729299)	(4, 0.00036776874701187893)	(5, 0.0007048900984394346)	(6, 0.0008581270763610508)	(7, 0.0011339536366199601)	(8, 0.0013484854057102228)	(9, 0.0016856067571377783)	(10, 0.0069569587976413775)	(15, 0.0113395363661996)	(20, 0.013362264474764934)	(25, 0.014888504774864234)	(30, 0.016194083826756404)	(35, 0.01726061319309085)	(40, 0.026166746349895187)	(45, 0.038382798229806434)	(50, 0.04005614602871048)	(55, 0.04163755164086156)	(60, 0.044058695892023096)	(65, 0.04675566670344354)	(70, 0.051928947078077305)	(75, 0.3509494563152023)	(80, 1.5593027104556654)	(85, 3.138330084709401)	(90, 5.1771051696026875)	(95, 7.322232846652692)	(100, 9.5562624888137)	(105, 11.816440488887254)	(110, 14.104716021232516)	(115, 16.362534171846075)	(120, 18.563213318132224)	(125, 20.7961764309269)	(130, 22.86043176050899)	(135, 25.166127272504383)	(140, 26.2193066333223)
IDDLNTM49_R2 - nextera_transposase_sequence	(1, 0.0)	(2, 0.0)	(3, 0.0)	(4, 0.0)	(5, 0.0)	(6, 0.0)	(7, 0.0)	(8, 0.0)	(9, 3.0647395584323246e-05)	(10, 0.000557782599634683)	(15, 0.0008336091598935922)	(20, 0.003119904870484106)	(25, 0.10728427298248196)	(30, 1.0568938251627376)	(35, 3.0235004229340587)	(40, 4.745736947274221)	(45, 7.472172164809434)	(50, 9.313958049844924)	(55, 11.920807129810111)	(60, 13.791904183982444)	(65, 16.37788851703382)	(70, 18.216303188555038)	(75, 20.70050752087088)	(80, 22.472460250327927)	(85, 24.933740330746694)	(90, 26.819744278131243)	(95, 29.350262954654113)	(100, 31.328454267956307)	(105, 33.80514385887487)	(110, 35.81104041778529)	(115, 38.13347553724885)	(120, 40.108099493705026)	(125, 42.29446017677418)	(130, 44.29285425324556)	(135, 46.364017505792354)	(140, 47.68081963394751)
IDDLNTM49_R2 - polyg	(1, 0.20264057960354528)	(2, 0.20582790874431492)	(3, 0.20772804727054295)	(4, 0.20962818579677098)	(5, 0.21211062483910118)	(6, 0.2138268789918233)	(7, 0.21554313314454537)	(8, 0.2168609711546713)	(9, 0.21869981488973067)	(10, 0.22248170350483615)	(15, 0.22630649847375972)	(20, 0.22861731210081765)	(25, 0.22988611427800865)	(30, 0.23081779510377207)	(35, 0.23178012332511982)	(40, 0.23236855332033884)	(45, 0.23301827810672648)	(50, 0.23375994507986714)	(55, 0.23450161205300776)	(60, 0.2351329484020448)	(65, 0.2360033344366396)	(70, 0.2370759932820909)	(75, 0.23797702671227)	(80, 0.23886580118421535)	(85, 0.2400733085702377)	(90, 0.24132985178919494)	(95, 0.2436284064580192)	(100, 0.27156657227268827)	(105, 0.8883883147610117)	(110, 2.651582018560063)	(115, 4.375608350802349)	(120, 6.982684221494857)	(125, 9.068214973091587)	(130, 11.607633653292144)	(135, 13.72097385164209)	(140, 15.071010015568877)
IDDLNTM50_R1 - nextera_transposase_sequence	(1, 0.0)	(2, 0.0)	(3, 0.0)	(4, 0.0)	(5, 0.0)	(6, 0.0)	(7, 0.0)	(8, 0.0)	(9, 3.59995953645481e-05)	(10, 0.00041039538715584837)	(15, 0.0006335928784160467)	(20, 0.003016766091549131)	(25, 0.11426991560614859)	(30, 0.9633275721980885)	(35, 2.675050732429767)	(40, 4.369098091337453)	(45, 6.85355976598823)	(50, 8.726741111429908)	(55, 11.107178355315288)	(60, 12.983066870328377)	(65, 15.31802942534926)	(70, 17.1010173845646)	(75, 19.290397575931244)	(80, 20.96676193359587)	(85, 23.14856061017874)	(90, 24.935983719542993)	(95, 27.23020193253028)	(100, 29.167548956749727)	(105, 31.492158028143763)	(110, 33.414673219073016)	(115, 35.57595932621717)	(120, 37.46219412493803)	(125, 39.48035304083182)	(130, 41.362275088028014)	(135, 43.325743418643974)	(140, 44.60342665748437)
IDDLNTM50_R1 - polyg	(1, 0.0)	(2, 0.0)	(3, 0.0003959955490100291)	(4, 0.0004679947397391253)	(5, 0.0007919910980200582)	(6, 0.0008999898841137025)	(7, 0.0012959854331237317)	(8, 0.001403984219217376)	(9, 0.0016919809821337609)	(10, 0.006695924737805947)	(15, 0.0106270805516146)	(20, 0.012391060724477456)	(25, 0.01367264631945537)	(30, 0.014968631752579101)	(35, 0.016235817509411197)	(40, 0.032802831296176234)	(45, 0.05660576375121544)	(50, 0.05901773664064016)	(55, 0.061602507587814714)	(60, 0.06523846671963407)	(65, 0.06916242261436982)	(70, 0.0759519463001236)	(75, 0.386045260851268)	(80, 1.454563650704566)	(85, 3.051124105365056)	(90, 4.981487208083781)	(95, 7.112828851803707)	(100, 9.26549665581759)	(105, 11.445423353441507)	(110, 13.605492674262342)	(115, 15.71164900106523)	(120, 17.754676437436842)	(125, 19.759479503450383)	(130, 21.640724758253718)	(135, 23.706007144479695)	(140, 24.72218212267294)
IDDLNTM50_R2 - nextera_transposase_sequence	(1, 0.0)	(2, 0.0)	(3, 0.0)	(4, 0.0)	(5, 0.0)	(6, 0.0)	(7, 0.0)	(8, 0.0)	(9, 3.59995953645481e-05)	(10, 0.0003743957917913003)	(15, 0.000590393363978589)	(20, 0.0031247648776427757)	(25, 0.1154723020913245)	(30, 0.9830913500532255)	(35, 2.744025957148242)	(40, 4.483022410828102)	(45, 7.019654699081182)	(50, 8.926351667807253)	(55, 11.35043482111261)	(60, 13.241961560352063)	(65, 15.584080834931417)	(70, 17.362698443269498)	(75, 19.53508682562408)	(80, 21.18322030060382)	(85, 23.328184191209694)	(90, 25.098917888162937)	(95, 27.385763384019562)	(100, 29.303029833944663)	(105, 31.59416648156875)	(110, 33.47148058055827)	(115, 35.58186325985696)	(120, 37.411593093693625)	(125, 39.37581741581225)	(130, 41.199888113257614)	(135, 43.09518761009126)	(140, 44.30772598115997)
IDDLNTM50_R2 - polyg	(1, 0.18654990317908826)	(2, 0.1906178574552822)	(3, 0.19216584005595777)	(4, 0.1942898161824661)	(5, 0.19655779069043264)	(6, 0.19864576722157642)	(7, 0.19994175265470016)	(8, 0.20148973525537572)	(9, 0.20278572068849945)	(10, 0.20642887973939175)	(15, 0.20981284170365924)	(20, 0.2116488210672512)	(25, 0.213016805691104)	(30, 0.21374399751746792)	(35, 0.21462238764436287)	(40, 0.21548637793311204)	(45, 0.21626396919298627)	(50, 0.21720715859153744)	(55, 0.21819354750452602)	(60, 0.2191583366602959)	(65, 0.2201663253305033)	(70, 0.22110951472905443)	(75, 0.22224710194257416)	(80, 0.22309669239317748)	(85, 0.22434227839279086)	(90, 0.226005459698633)	(95, 0.22867662967468244)	(100, 0.26564821411407336)	(105, 0.8764245489880693)	(110, 2.4167464357700617)	(115, 4.1627916102223015)	(120, 6.588818741677343)	(125, 8.70801412192127)	(130, 11.110360719545513)	(135, 13.199568436850768)	(140, 14.517412824279855)
IDDLNTM52_R1 - nextera_transposase_sequence	(1, 0.0)	(2, 0.0)	(3, 0.0)	(4, 0.0)	(5, 0.0)	(6, 0.0)	(7, 0.0)	(8, 0.0)	(9, 5.3496581122661416e-05)	(10, 0.00036377675163409764)	(15, 0.0005848959536077648)	(20, 0.0025214721902481084)	(25, 0.10223553296414747)	(30, 1.0091202754717283)	(35, 2.9257066229659037)	(40, 4.622386357658526)	(45, 7.3359398056469205)	(50, 9.169567221574814)	(55, 11.728558347383617)	(60, 13.594750915460244)	(65, 16.15067847039009)	(70, 18.00013730789155)	(75, 20.498994710079735)	(80, 22.342690182574916)	(85, 24.85003214252916)	(90, 26.71860709168512)	(95, 29.15322936569995)	(100, 31.00887240797919)	(105, 33.32581646927914)	(110, 35.18401664813605)	(115, 37.34991846229427)	(120, 39.17312117778073)	(125, 41.16550861428697)	(130, 42.95187715045112)	(135, 44.806218442589696)	(140, 45.978688745300104)
IDDLNTM52_R1 - polyg	(1, 0.0)	(2, 0.0)	(3, 0.00023181851819819947)	(4, 0.00048146923010395276)	(5, 0.0008381131042550289)	(6, 0.001194756978406105)	(7, 0.001925876920415811)	(8, 0.0023716817631046563)	(9, 0.0027996544120859478)	(10, 0.0094118318388469)	(15, 0.014918413255739513)	(20, 0.01767170396418582)	(25, 0.02045709262130573)	(30, 0.023142620993663328)	(35, 0.02548933768557741)	(40, 0.036081660747864376)	(45, 0.0503402828364244)	(50, 0.053767630467016235)	(55, 0.056895397243321176)	(60, 0.05990903797989777)	(65, 0.06316876298963861)	(70, 0.06908191842306344)	(75, 0.4013741488471041)	(80, 1.7343948243840983)	(85, 3.478251410749425)	(90, 5.683548107246379)	(95, 7.965216522954046)	(100, 10.2414282873872)	(105, 12.518948934838491)	(110, 14.827611725380649)	(115, 17.117044278228583)	(120, 19.360669491880554)	(125, 21.666596823907977)	(130, 23.81376770179579)	(135, 26.18464701618361)	(140, 27.24049477204661)
IDDLNTM52_R2 - nextera_transposase_sequence	(1, 0.0)	(2, 0.0)	(3, 0.0)	(4, 0.0)	(5, 0.0)	(6, 0.0)	(7, 0.0)	(8, 0.0)	(9, 5.3496581122661416e-05)	(10, 0.00039944113904920526)	(15, 0.0006312596572474047)	(20, 0.002585668087595302)	(25, 0.10463931267592574)	(30, 1.0393565431222567)	(35, 3.0180916521259986)	(40, 4.764302088060722)	(45, 7.544091436356456)	(50, 9.413775547961022)	(55, 12.018702404760484)	(60, 13.901193597885817)	(65, 16.480089018310988)	(70, 18.342247944170968)	(75, 20.83962170784269)	(80, 22.656729379519902)	(85, 25.126577368984645)	(90, 26.978119006711147)	(95, 29.411257642209517)	(100, 31.260409765979205)	(105, 33.56045960696062)	(110, 35.3865083405628)	(115, 37.511278416715186)	(120, 39.28324923967985)	(125, 41.23513619783749)	(130, 42.97359319594817)	(135, 44.77482664878692)	(140, 45.89550156165436)
IDDLNTM52_R2 - polyg	(1, 0.31028017051143625)	(2, 0.3141140921585603)	(3, 0.31705640412030667)	(4, 0.3205871784744023)	(5, 0.3243497713466962)	(6, 0.32802320325045226)	(7, 0.3313221590863497)	(8, 0.33335502916901083)	(9, 0.3368858035231065)	(10, 0.3441114084134073)	(15, 0.35065225706533804)	(20, 0.35445051432504704)	(25, 0.3581881421261503)	(30, 0.3606311526640852)	(35, 0.362571295339467)	(40, 0.36469689282940737)	(45, 0.36687598690047046)	(50, 0.36904438165530906)	(55, 0.37105585310552114)	(60, 0.3728997019348822)	(65, 0.3747934809066244)	(70, 0.3766587283684345)	(75, 0.3785846052888503)	(80, 0.38058181098409627)	(85, 0.3824006947422669)	(90, 0.38407335451203545)	(95, 0.3865555958761269)	(100, 0.41311843162289896)	(105, 1.0167274893073706)	(110, 2.769154227968548)	(115, 4.527665311122742)	(120, 7.1832997939490015)	(125, 9.327895703065444)	(130, 11.885552980784919)	(135, 14.021664332135307)	(140, 15.386044703526405)
IDDLNTM55.A_R1 - nextera_transposase_sequence	(1, 0.0)	(2, 0.0)	(3, 0.0)	(4, 1.8370523539713306e-05)	(5, 1.8370523539713306e-05)	(6, 1.8370523539713306e-05)	(7, 1.8370523539713306e-05)	(8, 1.8370523539713306e-05)	(9, 1.8370523539713306e-05)	(10, 0.0002902542719274702)	(15, 0.0005327451826516859)	(20, 0.00200238706582875)	(25, 0.09507480752743225)	(30, 0.8440410522415437)	(35, 2.458258955676152)	(40, 4.023144655197214)	(45, 6.415622440182361)	(50, 8.21327736937042)	(55, 10.60523343148704)	(60, 12.514783219555495)	(65, 14.959488402964046)	(70, 16.864214091550974)	(75, 19.288065056637244)	(80, 21.19003884079792)	(85, 23.639648953991575)	(90, 25.556646152303028)	(95, 27.94669167997152)	(100, 29.839939465450833)	(105, 32.131405089700515)	(110, 34.02556037904269)	(115, 36.19142305974664)	(120, 38.02826231564491)	(125, 40.044155390380055)	(130, 41.85653980534225)	(135, 43.750081519198204)	(140, 44.91528708627514)
IDDLNTM55.A_R1 - polyg	(1, 0.0)	(2, 0.0)	(3, 0.0002939283766354129)	(4, 0.0004960041355722592)	(5, 0.000900155653445952)	(6, 0.0010103787946842318)	(7, 0.0014512713596373512)	(8, 0.0016533471185741974)	(9, 0.0017819407833521907)	(10, 0.006073295082229219)	(15, 0.009681265905428912)	(20, 0.011466880793489046)	(25, 0.0128667146872152)	(30, 0.014626610842319735)	(35, 0.016404877520963985)	(40, 0.030065198825094796)	(45, 0.04951958325365118)	(50, 0.05208043423508722)	(55, 0.054861731498999824)	(60, 0.05859094777756162)	(65, 0.062290771218459884)	(70, 0.06788643268865656)	(75, 0.34019270311782696)	(80, 1.3279059458587603)	(85, 2.8115571902872105)	(90, 4.661953892557788)	(95, 6.733616202654798)	(100, 8.854408640906417)	(105, 11.053430116599548)	(110, 13.313878948904778)	(115, 15.534820133285496)	(120, 17.776339978135404)	(125, 20.0150785257214)	(130, 22.16786139366507)	(135, 24.435044859899953)	(140, 25.520368042416806)
IDDLNTM55.A_R2 - nextera_transposase_sequence	(1, 0.0)	(2, 0.0)	(3, 0.0)	(4, 1.8370523539713306e-05)	(5, 1.8370523539713306e-05)	(6, 1.8370523539713306e-05)	(7, 1.8370523539713306e-05)	(8, 1.8370523539713306e-05)	(9, 1.8370523539713306e-05)	(10, 0.0003453658425466101)	(15, 0.0006025531721025964)	(20, 0.0020685209505717185)	(25, 0.09723885520041048)	(30, 0.8693152185274812)	(35, 2.5326265090696194)	(40, 4.141645554342489)	(45, 6.589668454302313)	(50, 8.419368924753048)	(55, 10.844156786539845)	(60, 12.760485297794453)	(65, 15.217101928666157)	(70, 17.131200258363044)	(75, 19.547703014033427)	(80, 21.414508267929676)	(85, 23.819786633717293)	(90, 25.70985631862424)	(95, 28.088041836295492)	(100, 29.972258672402678)	(105, 32.245978370912994)	(110, 34.100519463294134)	(115, 36.2215617406659)	(120, 38.00339230087684)	(125, 39.970544702556424)	(130, 41.72726275708859)	(135, 43.5577384636327)	(140, 44.66579700608229)
IDDLNTM55.A_R2 - polyg	(1, 0.19421317486184908)	(2, 0.19720757019882235)	(3, 0.19904462255279368)	(4, 0.20110212118924156)	(5, 0.2039128112908177)	(6, 0.20609890359204358)	(7, 0.20786247385185605)	(8, 0.20909329892901685)	(9, 0.2104159766238762)	(10, 0.21426276425309218)	(15, 0.2181573152435114)	(20, 0.22047200120951524)	(25, 0.22218413400341658)	(30, 0.22376767313253984)	(35, 0.22552022107822847)	(40, 0.22712580483559944)	(45, 0.2287497591165101)	(50, 0.23002099934545822)	(55, 0.23134735114502555)	(60, 0.2325414351751069)	(65, 0.2337979789852233)	(70, 0.2351390272036224)	(75, 0.23654620930676443)	(80, 0.23781377543100463)	(85, 0.2393973145601279)	(90, 0.24103229115516242)	(95, 0.243622534974262)	(100, 0.27017896380327155)	(105, 0.79379399625572)	(110, 2.221947889070696)	(115, 3.8542276912495494)	(120, 6.17139000382658)	(125, 8.22817218985642)	(130, 10.60994730782733)	(135, 12.743334577017777)	(140, 14.091679567366823)
IDDLNTM55.B_R1 - nextera_transposase_sequence	(1, 0.0)	(2, 0.0)	(3, 0.0)	(4, 0.0)	(5, 0.0)	(6, 0.0)	(7, 0.0)	(8, 0.0)	(9, 3.795240692267083e-05)	(10, 0.0003871145506112425)	(15, 0.0005958527886859321)	(20, 0.0023872063954359954)	(25, 0.10288897516736062)	(30, 0.8999464491538323)	(35, 2.6277563409932676)	(40, 4.3032146827235715)	(45, 6.856049177210794)	(50, 8.778342383084764)	(55, 11.313320270114872)	(60, 13.341094600549019)	(65, 15.959727182918078)	(70, 18.02450131486114)	(75, 20.666117874862564)	(80, 22.737040296727095)	(85, 25.38144256339665)	(90, 27.426344815074998)	(95, 29.95411554003049)	(100, 31.95995717450403)	(105, 34.37081550993423)	(110, 36.35126318893581)	(115, 38.62028958445531)	(120, 40.55983974975702)	(125, 42.66305207943135)	(130, 44.53376037381603)	(135, 46.484369870495)	(140, 47.68232241404634)
IDDLNTM55.B_R1 - polyg	(1, 0.0)	(2, 0.0)	(3, 0.00032259545884270207)	(4, 0.0006262147142240687)	(5, 0.0008729053592214292)	(6, 0.0009488101730667708)	(7, 0.0013283342422934791)	(8, 0.0015750248872908395)	(9, 0.0018406917357495353)	(10, 0.00674034746946634)	(15, 0.010835412176422522)	(20, 0.013234004293935318)	(25, 0.01513162464006886)	(30, 0.017757931199117682)	(35, 0.020418394924396906)	(40, 0.03426722821047949)	(45, 0.05363813670381068)	(50, 0.05639348144639659)	(55, 0.05963461699759267)	(60, 0.06310726223101706)	(65, 0.06673551233282439)	(70, 0.07259536396168478)	(75, 0.3731366791416228)	(80, 1.4486737341638836)	(85, 3.078968711656209)	(90, 5.069997521707828)	(95, 7.2856021092429675)	(100, 9.524353869760244)	(105, 11.843951847504192)	(110, 14.230114551749816)	(115, 16.61691865167243)	(120, 19.04210022547525)	(125, 21.476766105768046)	(130, 23.81328326651812)	(135, 26.26540345875465)	(140, 27.440671848688307)
IDDLNTM55.B_R2 - nextera_transposase_sequence	(1, 0.0)	(2, 0.0)	(3, 0.0)	(4, 0.0)	(5, 0.0)	(6, 0.0)	(7, 0.0)	(8, 0.0)	(9, 3.795240692267083e-05)	(10, 0.00039850027268804373)	(15, 0.0005768765852245967)	(20, 0.0023947968768205296)	(25, 0.10484352412387818)	(30, 0.924839432854412)	(35, 2.7067922284097294)	(40, 4.428742268620305)	(45, 7.037848796851772)	(50, 8.993134030063619)	(55, 11.564022484523957)	(60, 13.602935846389908)	(65, 16.239064488350316)	(70, 18.316116223932863)	(75, 20.952863490126113)	(80, 22.987613472952653)	(85, 25.58861336706543)	(90, 27.610603750684568)	(95, 30.133023186263962)	(100, 32.1330201500714)	(105, 34.53321006391565)	(110, 36.4782367615363)	(115, 38.706247990894454)	(120, 40.59409559224541)	(125, 42.653510844330995)	(130, 44.47155258362908)	(135, 46.3655940177898)	(140, 47.510682653738556)
IDDLNTM55.B_R2 - polyg	(1, 0.1845815310684096)	(2, 0.1873710329772259)	(3, 0.1891927485095141)	(4, 0.19114729746603165)	(5, 0.19403168039215463)	(6, 0.1961570151798242)	(7, 0.19763715904980836)	(8, 0.19887061227479516)	(9, 0.2001799703136273)	(10, 0.20444582085173552)	(15, 0.20863197133530606)	(20, 0.211558101909044)	(25, 0.21388458445340372)	(30, 0.21612377646184133)	(35, 0.21816182071358875)	(40, 0.21994178859826202)	(45, 0.22158512781801365)	(50, 0.22305009072522877)	(55, 0.22496289203413133)	(60, 0.22658725505042168)	(65, 0.22807498940179038)	(70, 0.22937675695923798)	(75, 0.23115672484391125)	(80, 0.23243572095720527)	(85, 0.2339727934375734)	(90, 0.23560854217594054)	(95, 0.2378363484623013)	(100, 0.26875237914150896)	(105, 0.8402966511934704)	(110, 2.3744809533948237)	(115, 4.1280225771278305)	(120, 6.607438140423147)	(125, 8.799140302078388)	(130, 11.342167894616793)	(135, 13.603364708588137)	(140, 15.049229964639743)
IDDLNTM56_R1 - nextera_transposase_sequence	(1, 0.0)	(2, 0.0)	(3, 0.0)	(4, 0.0)	(5, 0.0)	(6, 0.0)	(7, 0.0)	(8, 0.0)	(9, 2.21991203376575e-05)	(10, 0.0003152275087947365)	(15, 0.000523899239968717)	(20, 0.002504060774087766)	(25, 0.10273752892267891)	(30, 0.8965469934288384)	(35, 2.5879512498437736)	(40, 4.194679181642748)	(45, 6.657187642282487)	(50, 8.463641059759365)	(55, 10.864964304924452)	(60, 12.726484860310926)	(65, 15.100210159072237)	(70, 16.89555069690808)	(75, 19.145063037732065)	(80, 20.83123274157138)	(85, 23.037270325126094)	(90, 24.817666415150633)	(95, 27.130055544418997)	(100, 29.03207617494949)	(105, 31.375091210635684)	(110, 33.271832890349884)	(115, 35.468746635445825)	(120, 37.3455268661524)	(125, 39.40250179646381)	(130, 41.25049420791652)	(135, 43.192166907194135)	(140, 44.40332427387232)
IDDLNTM56_R1 - polyg	(1, 0.0)	(2, 0.0)	(3, 0.0001997920830389175)	(4, 0.00044398240675315)	(5, 0.0008213674524933275)	(6, 0.00106555777620756)	(7, 0.0015317393032983676)	(8, 0.0021089164320774625)	(9, 0.00239750499646701)	(10, 0.00748998320192564)	(15, 0.012049682519280491)	(20, 0.016049964004126373)	(25, 0.019615142730354168)	(30, 0.023522187909781885)	(35, 0.027327117135656387)	(40, 0.044691269063772084)	(45, 0.07006042378564707)	(50, 0.07512182322263297)	(55, 0.08046737139994091)	(60, 0.08627910110433964)	(65, 0.0922639839473721)	(70, 0.09899475723374987)	(75, 0.3721060949238826)	(80, 1.364224741230404)	(85, 2.8457585139731254)	(90, 4.703660612744559)	(95, 6.797570439473764)	(100, 8.928694871537022)	(105, 11.133427146815881)	(110, 13.339469170194665)	(115, 15.49126986294041)	(120, 17.590938141485204)	(125, 19.641808313703763)	(130, 21.5538185483862)	(135, 23.606744359148024)	(140, 24.618535865897776)
IDDLNTM56_R2 - nextera_transposase_sequence	(1, 0.0)	(2, 0.0)	(3, 0.0)	(4, 0.0)	(5, 0.0)	(6, 0.0)	(7, 0.0)	(8, 0.0)	(9, 2.21991203376575e-05)	(10, 0.0003152275087947365)	(15, 0.000523899239968717)	(20, 0.002468542181547514)	(25, 0.10517055251168617)	(30, 0.9269553484673617)	(35, 2.6753935848538064)	(40, 4.331496800107798)	(45, 6.859923328678178)	(50, 8.707649350686829)	(55, 11.158667546639796)	(60, 13.042831204770682)	(65, 15.442862461132117)	(70, 17.252494792641347)	(75, 19.505923058292893)	(80, 21.17551889888811)	(85, 23.358118651190328)	(90, 25.1311934713275)	(95, 27.45363436228476)	(100, 29.35931784767097)	(105, 31.69605941194974)	(110, 33.56799135477458)	(115, 35.7383238731782)	(120, 37.57789837819886)	(125, 39.6050332509524)	(130, 41.415735580061906)	(135, 43.31440414342141)	(140, 44.4822421466727)
IDDLNTM56_R2 - polyg	(1, 0.21080284672639563)	(2, 0.2143547059804208)	(3, 0.2165524188938489)	(4, 0.2187057335666017)	(5, 0.22274597346805536)	(6, 0.22536546966789894)	(7, 0.22738558961862576)	(8, 0.22942790868969026)	(9, 0.23158122336244305)	(10, 0.23726419816888336)	(15, 0.243275719956321)	(20, 0.24769778472758236)	(25, 0.2515915104348075)	(30, 0.25465942886547177)	(35, 0.25774954641647374)	(40, 0.26035128332004714)	(45, 0.26319277072326736)	(50, 0.26602981830241995)	(55, 0.26878250922428953)	(60, 0.2709491433692448)	(65, 0.27331112977317157)	(70, 0.27589510738047496)	(75, 0.27831037167321204)	(80, 0.2808899094564478)	(85, 0.283722517211533)	(90, 0.2861644204486753)	(95, 0.28942769113831096)	(100, 0.3208083676476236)	(105, 0.8889904128658997)	(110, 2.4083159680714497)	(115, 4.085241958202165)	(120, 6.489650881094185)	(125, 8.562995442742587)	(130, 10.979960188097587)	(135, 13.080787260724005)	(140, 14.415442773664651)
IDDLNTM58_R1 - nextera_transposase_sequence	(1, 0.0)	(2, 0.0)	(3, 0.0)	(4, 0.0)	(5, 0.0)	(6, 0.0)	(7, 0.0)	(8, 0.0)	(9, 2.78836115745987e-05)	(10, 0.0005465187868621344)	(15, 0.000920159181961757)	(20, 0.0029891231607969805)	(25, 0.10343146877481642)	(30, 0.9994824801691754)	(35, 2.866083936362906)	(40, 4.507530805814068)	(45, 7.162630606836615)	(50, 8.934957572296629)	(55, 11.474485380064781)	(60, 13.285481338056446)	(65, 15.82951513745505)	(70, 17.64630530993192)	(75, 20.157319336503885)	(80, 21.963290667689808)	(85, 24.463898530422135)	(90, 26.34097307112329)	(95, 28.84257359042767)	(100, 30.79558635889108)	(105, 33.251201225986634)	(110, 35.24352431004791)	(115, 37.60194248391673)	(120, 39.600009591962376)	(125, 41.830586983483975)	(130, 43.87950822231938)	(135, 46.01412137624584)	(140, 47.39374670973383)
IDDLNTM58_R1 - polyg	(1, 0.0)	(2, 0.0)	(3, 0.00033460333889518437)	(4, 0.00047402139676817786)	(5, 0.0006413230662157701)	(6, 0.0008086247356633622)	(7, 0.0012268789092823428)	(8, 0.0015614822481775272)	(9, 0.0018403183639235142)	(10, 0.006586109053920213)	(15, 0.00986522177509302)	(20, 0.011900725420038723)	(25, 0.01329490599876866)	(30, 0.015408483756123243)	(35, 0.017209765063842315)	(40, 0.028658775976372546)	(45, 0.043392476332390496)	(50, 0.04623102799068464)	(55, 0.04922015115148162)	(60, 0.05330231188600287)	(65, 0.0577748431825685)	(70, 0.06300580871396322)	(75, 0.3207396072202939)	(80, 1.375002230688926)	(85, 2.7796280103147053)	(90, 4.682996796730703)	(95, 6.748308022449653)	(100, 8.933942608835313)	(105, 11.177881827023459)	(110, 13.422138918383553)	(115, 15.662810177295153)	(120, 17.839627965700927)	(125, 20.06769583218081)	(130, 22.10548593327563)	(135, 24.350055321085364)	(140, 25.380583414381697)
IDDLNTM58_R2 - nextera_transposase_sequence	(1, 0.0)	(2, 0.0)	(3, 0.0)	(4, 0.0)	(5, 0.0)	(6, 0.0)	(7, 0.0)	(8, 0.0)	(9, 2.78836115745987e-05)	(10, 0.0005465187868621344)	(15, 0.0009313126265915964)	(20, 0.0030504671062610974)	(25, 0.10576253870245286)	(30, 1.0295912039474273)	(35, 2.9551943822330085)	(40, 4.639654510899146)	(45, 7.353912182238362)	(50, 9.158952200797694)	(55, 11.738219731781964)	(60, 13.558071524809723)	(65, 16.11815513103067)	(70, 17.943789985099)	(75, 20.4434163447039)	(80, 22.217594781972462)	(85, 24.668854228940067)	(90, 26.517788628840133)	(95, 29.004778135679423)	(100, 30.94335277006951)	(105, 33.380352538077865)	(110, 35.328507981404975)	(115, 37.63841424785631)	(120, 39.58267156228529)	(125, 41.765590284903595)	(130, 43.757601072515236)	(135, 45.82836075593586)	(140, 47.142487485835126)
IDDLNTM58_R2 - polyg	(1, 0.14697451660970975)	(2, 0.14931673998197603)	(3, 0.15062726972598217)	(4, 0.1520772175278613)	(5, 0.15386176866863563)	(6, 0.15503288035476875)	(7, 0.1561761084293273)	(8, 0.15720780205758747)	(9, 0.1584625645784444)	(10, 0.16127880934747887)	(15, 0.1647308004604142)	(20, 0.1670172566095313)	(25, 0.1684002837436314)	(30, 0.16974985054384195)	(35, 0.17126671901350016)	(40, 0.17231514280870502)	(45, 0.17372605355437973)	(50, 0.174891588518198)	(55, 0.176068276926646)	(60, 0.1770720869433316)	(65, 0.17810378057159174)	(70, 0.17881202430558651)	(75, 0.1800444799371838)	(80, 0.18110405717701855)	(85, 0.18268226959214082)	(90, 0.18407087344855586)	(95, 0.1863127158191536)	(100, 0.2136944223854095)	(105, 0.8093720164535615)	(110, 2.533549561446557)	(115, 4.217998536668064)	(120, 6.814726785220349)	(125, 8.878030390905929)	(130, 11.393996546893542)	(135, 13.474805483925655)	(140, 14.793120332283422)
IDDLNTM59_R1 - nextera_transposase_sequence	(1, 0.0)	(2, 0.0)	(3, 0.0)	(4, 0.0)	(5, 0.0)	(6, 0.0)	(7, 0.0)	(8, 0.0)	(9, 5.3890402011620927e-05)	(10, 0.00024250680905229418)	(15, 0.00044729033669645374)	(20, 0.002775355703598478)	(25, 0.11617692865665238)	(30, 1.0313329575375967)	(35, 2.902666389310731)	(40, 4.697076661252478)	(45, 7.448833757810067)	(50, 9.456170397139928)	(55, 12.164238544786695)	(60, 14.271590381209924)	(65, 17.03339264870248)	(70, 19.13733861171858)	(75, 21.878931978456773)	(80, 23.97079032430166)	(85, 26.702246906421472)	(90, 28.80506656003552)	(95, 31.470652903776532)	(100, 33.57372584228004)	(105, 36.14139871460613)	(110, 38.22049042421447)	(115, 40.613822456992764)	(120, 42.651418557052146)	(125, 44.88227102776541)	(130, 46.913195496055764)	(135, 49.02951469537372)	(140, 50.35093429789968)
IDDLNTM59_R1 - polyg	(1, 0.0)	(2, 0.0)	(3, 0.00032334241206972557)	(4, 0.0007275204271568825)	(5, 0.001104753241238229)	(6, 0.0012394792462672812)	(7, 0.0016167120603486278)	(8, 0.001913109271412543)	(9, 0.0020478352764415953)	(10, 0.005103421070500502)	(15, 0.007770995970075738)	(20, 0.01040084758824284)	(25, 0.012976808804398318)	(30, 0.015752164507996796)	(35, 0.018581410613606894)	(40, 0.02797450768423242)	(45, 0.039323826347879794)	(50, 0.042347077900731715)	(55, 0.04580684170987779)	(60, 0.05066236693112484)	(65, 0.05538316614734283)	(70, 0.06130572132841996)	(75, 0.29516850989805016)	(80, 1.1761256896624197)	(85, 2.5021906448417726)	(90, 4.282082842481588)	(95, 6.347567225581989)	(100, 8.570449305837732)	(105, 10.94138448754)	(110, 13.360018064062753)	(115, 15.78339399596253)	(120, 18.188986095198473)	(125, 20.602742590339172)	(130, 22.925208744472194)	(135, 25.37437123373453)	(140, 26.586829832433185)
IDDLNTM59_R2 - nextera_transposase_sequence	(1, 0.0)	(2, 0.0)	(3, 0.0)	(4, 0.0)	(5, 0.0)	(6, 0.0)	(7, 0.0)	(8, 0.0)	(9, 5.3890402011620927e-05)	(10, 0.00025328488945461835)	(15, 0.00044729033669645374)	(20, 0.002990917311644961)	(25, 0.11904389804367063)	(30, 1.0619049825987892)	(35, 2.9894622707906473)	(40, 4.836453407975133)	(45, 7.6556597316904655)	(50, 9.701199277006365)	(55, 12.454535362342897)	(60, 14.582144600882293)	(65, 17.37206688014451)	(70, 19.494389470246567)	(75, 22.23765343944713)	(80, 24.3034611649596)	(85, 27.000821289726655)	(90, 29.087657050104063)	(95, 31.756654656292405)	(100, 33.85533013799177)	(105, 36.41564697044328)	(110, 38.46373014273412)	(115, 40.81745273003387)	(120, 42.804650526131994)	(125, 44.9921212232259)	(130, 46.971887532886626)	(135, 49.02909973927824)	(140, 50.294511046993506)
IDDLNTM59_R2 - polyg	(1, 0.10131395578184735)	(2, 0.10314622945024245)	(3, 0.10414320188745745)	(4, 0.10514017432467243)	(5, 0.10829276284235226)	(6, 0.10953224208861953)	(7, 0.1105022693248287)	(8, 0.11109506374695655)	(9, 0.1117686937721018)	(10, 0.11507756445561532)	(15, 0.11833793377731841)	(20, 0.12100550867689364)	(25, 0.12371080685787701)	(30, 0.1259310914207558)	(35, 0.12800587189820317)	(40, 0.12970341956156925)	(45, 0.13126624121990624)	(50, 0.13287217519985256)	(55, 0.1344888872602012)	(60, 0.13624032532557886)	(65, 0.13793787298894494)	(70, 0.13938752480305752)	(75, 0.14114974094883753)	(80, 0.14256705852174317)	(85, 0.14384965008961975)	(90, 0.1455471977529858)	(95, 0.14806926856712965)	(100, 0.17610305569357484)	(105, 0.7971091032744886)	(110, 2.466719982237724)	(115, 4.3208515976887485)	(120, 7.0023895004251955)	(125, 9.315952960145891)	(130, 12.02434983924493)	(135, 14.40405837839469)	(140, 15.914778796066862)
IDDLNTM5_R1 - nextera_transposase_sequence	(1, 0.0)	(2, 0.0)	(3, 0.0)	(4, 0.0)	(5, 0.0)	(6, 0.0)	(7, 0.0)	(8, 0.0)	(9, 1.825586729883084e-05)	(10, 0.0002884427033215273)	(15, 0.0005805365801028207)	(20, 0.002132285300503442)	(25, 0.09701532999944686)	(30, 0.9131913428486564)	(35, 2.766968783014595)	(40, 4.51041506357332)	(45, 7.204188772239982)	(50, 9.172083638890912)	(55, 11.831215013771313)	(60, 13.91717057424378)	(65, 16.663316715017334)	(70, 18.772362296449362)	(75, 21.511158625048402)	(80, 23.607837681972207)	(85, 26.35065395255044)	(90, 28.442871275506413)	(95, 31.05935694437674)	(100, 33.09341472529211)	(105, 35.56141812307411)	(110, 37.556766162969026)	(115, 39.85360620013067)	(120, 41.80585578850651)	(125, 43.93071460219279)	(130, 45.82397218097917)	(135, 47.77881410251145)	(140, 48.97514299364458)
IDDLNTM5_R1 - polyg	(1, 0.0)	(2, 0.0)	(3, 0.0002373262748848009)	(4, 0.0004746525497696018)	(5, 0.0009493050995392036)	(6, 0.001241398976320497)	(7, 0.0018986101990784072)	(8, 0.00239151861614684)	(9, 0.0027931476967211185)	(10, 0.008945374976427112)	(15, 0.013743016902559854)	(20, 0.01598118623339652)	(25, 0.018040448064704635)	(30, 0.01976380193771427)	(35, 0.02130824831119536)	(40, 0.030615089460139317)	(45, 0.04285017172381574)	(50, 0.04502627110583639)	(55, 0.04727539395705234)	(60, 0.050221890939083635)	(65, 0.05331078368604582)	(70, 0.058287333111707106)	(75, 0.3172212525314042)	(80, 1.3694784901156345)	(85, 2.948735151362134)	(90, 4.933878161437)	(95, 7.133943846047541)	(100, 9.400628841604975)	(105, 11.762047183749504)	(110, 14.223168119559864)	(115, 16.674949353660146)	(120, 19.150817379074503)	(125, 21.62923757473724)	(130, 24.008057409591014)	(135, 26.52113819490731)	(140, 27.712516094829006)
IDDLNTM5_R2 - nextera_transposase_sequence	(1, 0.0)	(2, 0.0)	(3, 0.0)	(4, 1.825586729883084e-05)	(5, 1.825586729883084e-05)	(6, 1.825586729883084e-05)	(7, 1.825586729883084e-05)	(8, 1.825586729883084e-05)	(9, 1.825586729883084e-05)	(10, 0.0003066985706203581)	(15, 0.0006206994881602486)	(20, 0.002176099382020636)	(25, 0.09964782606393825)	(30, 0.9433354309324861)	(35, 2.8606578939921947)	(40, 4.660058407821836)	(45, 7.426658422316993)	(50, 9.43957225772684)	(55, 12.14919205920889)	(60, 14.257365010184035)	(65, 17.034557078885975)	(70, 19.16954424774965)	(75, 21.914919990923185)	(80, 23.989399913211606)	(85, 26.696474846792192)	(90, 28.774832315294894)	(95, 31.401574130413714)	(100, 33.442017813710194)	(105, 35.90555582635092)	(110, 37.879022383701454)	(115, 40.14630252053283)	(120, 42.056837452130836)	(125, 44.14742635172375)	(130, 45.9937517468583)	(135, 47.901683391779486)	(140, 49.049626932223816)
IDDLNTM5_R2 - polyg	(1, 0.23289009913118502)	(2, 0.23650476085635352)	(3, 0.23911534988008634)	(4, 0.24148861262893434)	(5, 0.2443182720602531)	(6, 0.24678281414559528)	(7, 0.24873619194657018)	(8, 0.2505070110745568)	(9, 0.25291678555800245)	(10, 0.25797731197323837)	(15, 0.2628333726747274)	(20, 0.2654293570046211)	(25, 0.2672695484283433)	(30, 0.2686752502103532)	(35, 0.2701941383696159)	(40, 0.27147204908053413)	(45, 0.27270979688339486)	(50, 0.2739475446862556)	(55, 0.2753021300398288)	(60, 0.2767881576379537)	(65, 0.27775206743133196)	(70, 0.2788620241631009)	(75, 0.27968353819154823)	(80, 0.28047584283231747)	(85, 0.2815638925233278)	(90, 0.2831485018048664)	(95, 0.28555462511485225)	(100, 0.3123542383095359)	(105, 0.8682673045996936)	(110, 2.5187948717808286)	(115, 4.337137673519737)	(120, 6.9654166326651135)	(125, 9.230440344298355)	(130, 11.897523974974126)	(135, 14.228214041281262)	(140, 15.729930731762709)
IDDLNTM6.A_R1 - nextera_transposase_sequence	(1, 0.0)	(2, 0.0)	(3, 0.0)	(4, 0.0)	(5, 0.0)	(6, 0.0)	(7, 2.1158025270722224e-05)	(8, 2.1158025270722224e-05)	(9, 4.231605054144445e-05)	(10, 0.00020311704259893333)	(15, 0.00038930766498128887)	(20, 0.002115802527072222)	(25, 0.09809283676012237)	(30, 0.8831655960353245)	(35, 2.584909800164567)	(40, 4.22772044070474)	(45, 6.737933948453549)	(50, 8.62473893641569)	(55, 11.148252378849676)	(60, 13.146179315533653)	(65, 15.737030289194234)	(70, 17.74990325492945)	(75, 20.332333334532287)	(80, 22.347673326014068)	(85, 24.95088904964286)	(90, 26.94480865634056)	(95, 29.434371931425147)	(100, 31.39455718263121)	(105, 33.783742554226436)	(110, 35.712685865317745)	(115, 37.931193678659106)	(120, 39.808164416475414)	(125, 41.88029254778382)	(130, 43.71259446264857)	(135, 45.639625088255414)	(140, 46.8104805855018)
IDDLNTM6.A_R1 - polyg	(1, 0.0)	(2, 0.0)	(3, 0.0002750543285193889)	(4, 0.0004654765559558889)	(5, 0.0009732691624532222)	(6, 0.0011848494151604444)	(7, 0.0016503259711163334)	(8, 0.0020311704259893333)	(9, 0.002285066729238)	(10, 0.0065420614137073115)	(15, 0.01069326597182301)	(20, 0.014891018185534299)	(25, 0.019393445963143987)	(30, 0.02346848163028509)	(35, 0.02845754398912139)	(40, 0.041207370017258604)	(45, 0.05676698180134772)	(50, 0.06163332761361384)	(55, 0.06639388329952634)	(60, 0.07275398569590544)	(65, 0.07904215080636408)	(70, 0.08614278408721845)	(75, 0.3414862962644025)	(80, 1.2968134532880522)	(85, 2.7538820215816093)	(90, 4.594723315445634)	(95, 6.684019068458696)	(100, 8.895345848023174)	(105, 11.182519916578139)	(110, 13.558629628556057)	(115, 15.888242464199033)	(120, 18.250552912095387)	(125, 20.605276092129657)	(130, 22.901510027105548)	(135, 25.280158702115948)	(140, 26.420428158030983)
IDDLNTM6.A_R2 - nextera_transposase_sequence	(1, 0.0)	(2, 0.0)	(3, 0.0)	(4, 0.0)	(5, 0.0)	(6, 0.0)	(7, 2.1158025270722224e-05)	(8, 2.1158025270722224e-05)	(9, 4.231605054144445e-05)	(10, 0.00020311704259893333)	(15, 0.0004020024801437222)	(20, 0.0021665817877219557)	(25, 0.09999705903448737)	(30, 0.9117627829912326)	(35, 2.6719073684727226)	(40, 4.3633391510850155)	(45, 6.940979053766563)	(50, 8.864814817557521)	(55, 11.431114018693963)	(60, 13.444185869866718)	(65, 16.061480143510654)	(70, 18.092629411474714)	(75, 20.684064346632773)	(80, 22.673841211982467)	(85, 25.237250226866927)	(90, 27.214670805458518)	(95, 29.707039634694002)	(100, 31.662434708978765)	(105, 34.04090988818196)	(110, 35.94108674811519)	(115, 38.121239293245786)	(120, 39.950976855447735)	(125, 41.9807423885591)	(130, 43.76466436283982)	(135, 45.63622287779189)	(140, 46.756337198834025)
IDDLNTM6.A_R2 - polyg	(1, 0.2011916622992976)	(2, 0.20362483520543068)	(3, 0.20561368958087856)	(4, 0.2077506501332215)	(5, 0.21189762308628307)	(6, 0.21388647746173095)	(7, 0.21595996393826172)	(8, 0.21786418621262674)	(9, 0.22017041096713544)	(10, 0.22682249411225053)	(15, 0.23290754218011026)	(20, 0.2379219941692714)	(25, 0.2421239779880368)	(30, 0.24557696771221868)	(35, 0.2487295134775563)	(40, 0.2521317239410884)	(45, 0.25527580649631776)	(50, 0.2584537418919802)	(55, 0.26159359284215544)	(60, 0.26434836773240344)	(65, 0.2670989110175973)	(70, 0.2696167160248133)	(75, 0.27227416399881604)	(80, 0.27501201246884743)	(85, 0.27782179822479935)	(90, 0.2801914970551203)	(95, 0.28346675936702803)	(100, 0.3111033719756454)	(105, 0.8557024792339272)	(110, 2.3660257971338914)	(115, 4.083465024408956)	(120, 6.525126530280625)	(125, 8.680710376466859)	(130, 11.207909546903005)	(135, 13.44630167239379)	(140, 14.87550935301086)
IDDLNTM6.B_R1 - nextera_transposase_sequence	(1, 0.0)	(2, 0.0)	(3, 0.0)	(4, 2.0936625045353963e-05)	(5, 2.0936625045353963e-05)	(6, 2.0936625045353963e-05)	(7, 2.0936625045353963e-05)	(8, 2.0936625045353963e-05)	(9, 2.0936625045353963e-05)	(10, 0.00015911835034469014)	(15, 0.00040617052587986686)	(20, 0.002181596329725883)	(25, 0.09622054138343775)	(30, 0.8818673962103454)	(35, 2.6308586172740975)	(40, 4.284805935281961)	(45, 6.871438025810254)	(50, 8.766763693966002)	(55, 11.317636028916827)	(60, 13.307415187302189)	(65, 15.921001088913869)	(70, 17.905763831938362)	(75, 20.474076375551967)	(80, 22.461401761482012)	(85, 25.050684428741043)	(90, 27.029961776003653)	(95, 29.541309950193863)	(100, 31.494408141499765)	(105, 33.9071615610264)	(110, 35.84637876992722)	(115, 38.09981284750872)	(120, 39.9901681608787)	(125, 42.07092532973614)	(130, 43.91338601965238)	(135, 45.86411837232815)	(140, 47.05194523230128)
IDDLNTM6.B_R1 - polyg	(1, 0.0)	(2, 0.0)	(3, 0.00041873250090707927)	(4, 0.0006280987513606189)	(5, 0.0010887045023584062)	(6, 0.0012980707528119457)	(7, 0.0015493102533561934)	(8, 0.0020099160043539803)	(9, 0.0021774090047168124)	(10, 0.007306882140828533)	(15, 0.012273049601586494)	(20, 0.01610445198488627)	(25, 0.019973540293267682)	(30, 0.024110617402229625)	(35, 0.0285868678369263)	(40, 0.04266465451742231)	(45, 0.059116654478061456)	(50, 0.06381902046324796)	(55, 0.06801472012233688)	(60, 0.0730604467582672)	(65, 0.07837416219477802)	(70, 0.08600765568631408)	(75, 0.3697868588760508)	(80, 1.4671423747031973)	(85, 3.0760173263134223)	(90, 5.091385227829214)	(95, 7.302083466368138)	(100, 9.54632636555473)	(105, 11.858190376312805)	(110, 14.244438028532013)	(115, 16.609736493730843)	(120, 18.97259793577439)	(125, 21.346853089167617)	(130, 23.62922995721182)	(135, 26.047493896450383)	(140, 27.18580982551626)
IDDLNTM6.B_R2 - nextera_transposase_sequence	(1, 0.0)	(2, 0.0)	(3, 0.0)	(4, 2.0936625045353963e-05)	(5, 2.0936625045353963e-05)	(6, 2.0936625045353963e-05)	(7, 2.0936625045353963e-05)	(8, 2.0936625045353963e-05)	(9, 2.0936625045353963e-05)	(10, 0.00018424230039911486)	(15, 0.0004606057509977872)	(20, 0.0022946541049707948)	(25, 0.09828907993791872)	(30, 0.9091938792195412)	(35, 2.7131646776523928)	(40, 4.418004743820503)	(45, 7.070348525716144)	(50, 9.004850806656759)	(55, 11.599572809102574)	(60, 13.606520000025125)	(65, 16.249316680900083)	(70, 18.251033902886302)	(75, 20.820372341127133)	(80, 22.781899617676288)	(85, 25.34203012822217)	(90, 27.31276951979129)	(95, 29.83206942417372)	(100, 31.786888606058348)	(105, 34.188516303035875)	(110, 36.09969099635096)	(115, 38.31452631199885)	(120, 40.16062997467297)	(125, 42.19901141443861)	(130, 43.995244036254704)	(135, 45.89210226536376)	(140, 47.03295571338514)
IDDLNTM6.B_R2 - polyg	(1, 0.2136163853377465)	(2, 0.2172593580956381)	(3, 0.21937395722521882)	(4, 0.22228414810652303)	(5, 0.22668083936604738)	(6, 0.2292560442466259)	(7, 0.23120315037584382)	(8, 0.23302463675478963)	(9, 0.23524391900959715)	(10, 0.24163796429844825)	(15, 0.24784776728690022)	(20, 0.25237845294671485)	(25, 0.2563647863553502)	(30, 0.25955134068725305)	(35, 0.26357117269596103)	(40, 0.26682472422800907)	(45, 0.2699652179848121)	(50, 0.2732271441668783)	(55, 0.2761498970232097)	(60, 0.27903077662945047)	(65, 0.28181116043547344)	(70, 0.28389644828999067)	(75, 0.2866726447710047)	(80, 0.2893483454518008)	(85, 0.29197379823248826)	(90, 0.29444431998784)	(95, 0.2977481194199969)	(100, 0.32671184650773955)	(105, 0.8678231081299218)	(110, 2.4227569389732975)	(115, 4.136495070785682)	(120, 6.644690189244061)	(125, 8.816463054498662)	(130, 11.365660459445861)	(135, 13.598710638883208)	(140, 15.032894578440008)
IDDLNTM60_R1 - nextera_transposase_sequence	(1, 2.812064657240251e-05)	(2, 2.812064657240251e-05)	(3, 2.812064657240251e-05)	(4, 2.812064657240251e-05)	(5, 2.812064657240251e-05)	(6, 2.812064657240251e-05)	(7, 2.812064657240251e-05)	(8, 2.812064657240251e-05)	(9, 5.624129314480502e-05)	(10, 0.0005567888021335698)	(15, 0.0009561019834616854)	(20, 0.00302578157119051)	(25, 0.11208327310828192)	(30, 0.9372723985168048)	(35, 2.6188308222533303)	(40, 4.315714998371815)	(45, 6.82140521120574)	(50, 8.761921045098207)	(55, 11.252437357041664)	(60, 13.275357933649897)	(65, 15.804984440846251)	(70, 17.790223351047466)	(75, 20.24044277645267)	(80, 22.15376594510962)	(85, 24.60363667449733)	(90, 26.59516898540145)	(95, 29.117326648868175)	(100, 31.203884248669755)	(105, 33.747379858755615)	(110, 35.8765458622437)	(115, 38.32251907001647)	(120, 40.47106582312226)	(125, 42.84002782819185)	(130, 45.02569383477321)	(135, 47.34975279139598)	(140, 48.81001859899564)
IDDLNTM60_R1 - polyg	(1, 0.0)	(2, 0.0)	(3, 0.00033744775886883013)	(4, 0.0005624129314480502)	(5, 0.0008998606903168803)	(6, 0.0012091878026133079)	(7, 0.001771600734061358)	(8, 0.001996565906640578)	(9, 0.0021934104326473956)	(10, 0.005528519116134333)	(15, 0.008666783273614453)	(20, 0.011760054396578729)	(25, 0.014842077260914044)	(30, 0.018104072263312735)	(35, 0.02140543617091279)	(40, 0.03599442761267522)	(45, 0.055212077480255084)	(50, 0.05907585431930319)	(55, 0.06469435950446921)	(60, 0.07395730048541861)	(65, 0.08153862680133832)	(70, 0.08849005063403623)	(75, 0.3274368086890548)	(80, 1.142929935159413)	(85, 2.4464400105058735)	(90, 4.154122514908161)	(95, 6.1727743773667045)	(100, 8.355977015308317)	(105, 10.638901090124985)	(110, 12.971514347435086)	(115, 15.250698376257626)	(120, 17.51642948775993)	(125, 19.735058516253453)	(130, 21.864500102077947)	(135, 24.103944033164364)	(140, 25.232796772649635)
IDDLNTM60_R2 - nextera_transposase_sequence	(1, 2.812064657240251e-05)	(2, 2.812064657240251e-05)	(3, 2.812064657240251e-05)	(4, 2.812064657240251e-05)	(5, 2.812064657240251e-05)	(6, 2.812064657240251e-05)	(7, 2.812064657240251e-05)	(8, 2.812064657240251e-05)	(9, 5.624129314480502e-05)	(10, 0.0004724268624163622)	(15, 0.0009111089489458414)	(20, 0.003222626097197328)	(25, 0.11526090617096343)	(30, 0.967462724676936)	(35, 2.7001951010459195)	(40, 4.444428821863015)	(45, 7.005229877849535)	(50, 8.97667279884233)	(55, 11.496271483470965)	(60, 13.524186286910458)	(65, 16.07055020294671)	(70, 18.064450272292223)	(75, 20.513578616610413)	(80, 22.39680144517627)	(85, 24.805863492258105)	(90, 26.77171602871231)	(95, 29.281978658678902)	(100, 31.35915521078393)	(105, 33.88844989435073)	(110, 35.9750412389282)	(115, 38.367905793584335)	(120, 40.45430591776511)	(125, 42.76893883365682)	(130, 44.892137635942234)	(135, 47.143847793063536)	(140, 48.5382044292268)
IDDLNTM60_R2 - polyg	(1, 0.13247636600258822)	(2, 0.13503534484067686)	(3, 0.13616017070357295)	(4, 0.13736935850618626)	(5, 0.14051887092229534)	(6, 0.1412781283797502)	(7, 0.14262791941522554)	(8, 0.1434434181658252)	(9, 0.14425891691642487)	(10, 0.1476333945051132)	(15, 0.15139031288718616)	(20, 0.1546691802775283)	(25, 0.15729564866739068)	(30, 0.1597983862123345)	(35, 0.16240798221425345)	(40, 0.16430893792254786)	(45, 0.16631112795850292)	(50, 0.1681670906322815)	(55, 0.17008491872851933)	(60, 0.17192963314366896)	(65, 0.17390932666236608)	(70, 0.17575966520683017)	(75, 0.17784621718250243)	(80, 0.17946596642507281)	(85, 0.18158626317663196)	(90, 0.1838527872903676)	(95, 0.18697980318921878)	(100, 0.21741196690987277)	(105, 0.8090422501466492)	(110, 2.295921437662432)	(115, 4.052618229040417)	(120, 6.491566899299403)	(125, 8.693571001539324)	(130, 11.197933919855034)	(135, 13.443215697169881)	(140, 14.867723290588076)
IDDLNTM61_R1 - nextera_transposase_sequence	(1, 0.0)	(2, 0.0)	(3, 0.0)	(4, 0.0)	(5, 0.0)	(6, 0.0)	(7, 0.0)	(8, 0.0)	(9, 0.0)	(10, 0.0003884441839323051)	(15, 0.0007968085824252413)	(20, 0.0031025734178182834)	(25, 0.11176236379242041)	(30, 0.9795964712335916)	(35, 2.852729106745209)	(40, 4.661853112819879)	(45, 7.415414411428626)	(50, 9.472759231089677)	(55, 12.185264967488965)	(60, 14.302529792548395)	(65, 16.994507747842952)	(70, 19.03087160151802)	(75, 21.529344592570606)	(80, 23.411122601201537)	(85, 25.881249126934343)	(90, 27.90888792663186)	(95, 30.563998544828326)	(100, 32.7262232941511)	(105, 35.34841575778613)	(110, 37.47601419414888)	(115, 39.929890804853855)	(120, 42.022962529329405)	(125, 44.32518156653065)	(130, 46.38383116024543)	(135, 48.51720147877713)	(140, 49.8326079470202)
IDDLNTM61_R1 - polyg	(1, 0.0)	(2, 0.0)	(3, 0.00034860375481104305)	(4, 0.0004980053640157758)	(5, 0.0008217088506260301)	(6, 0.0009960107280315516)	(7, 0.0016185174330512714)	(8, 0.0019173206514607368)	(9, 0.0021912236016694135)	(10, 0.006822673487016128)	(15, 0.010911297525585648)	(20, 0.014247933464491347)	(25, 0.017470028169673413)	(30, 0.020423199978286965)	(35, 0.023909237526397394)	(40, 0.04392407310619143)	(45, 0.07319184834939858)	(50, 0.07712111067148304)	(55, 0.08117985438821161)	(60, 0.08567684282527407)	(65, 0.09003438976041211)	(70, 0.09827139848123304)	(75, 0.4378263958281094)	(80, 1.6563459205019098)	(85, 3.4712766691210026)	(90, 5.680896588937159)	(95, 8.121302154545507)	(100, 10.57481024128111)	(105, 13.083885766533593)	(110, 15.616043840408205)	(115, 18.08159867689935)	(120, 20.473369038657914)	(125, 22.78762486550743)	(130, 24.957289814968597)	(135, 27.336191718120993)	(140, 28.51250030814082)
IDDLNTM61_R2 - nextera_transposase_sequence	(1, 0.0)	(2, 0.0)	(3, 0.0)	(4, 0.0)	(5, 0.0)	(6, 0.0)	(7, 0.0)	(8, 0.0)	(9, 0.0)	(10, 0.00041334445213309394)	(15, 0.0008316689579063455)	(20, 0.0031473939005797038)	(25, 0.11444661270446543)	(30, 1.0112546722240747)	(35, 2.947220644513562)	(40, 4.811249741970971)	(45, 7.633774823388623)	(50, 9.730058682462069)	(55, 12.488400832565368)	(60, 14.625451410737146)	(65, 17.34096509953509)	(70, 19.39304600249849)	(75, 21.894422364823292)	(80, 23.75366563073251)	(85, 26.186954699689068)	(90, 28.19773103776101)	(95, 30.85341436212609)	(100, 33.008756677318175)	(105, 35.616342643626616)	(110, 37.70842333742777)	(115, 40.12057207868186)	(120, 42.16662711674068)	(125, 44.42243205401566)	(130, 46.427909615014464)	(135, 48.50067766079908)	(140, 49.75785734188143)
IDDLNTM61_R2 - polyg	(1, 0.18209566135236843)	(2, 0.1861793053372978)	(3, 0.18827092786616403)	(4, 0.19001394664021926)	(5, 0.1940975906251486)	(6, 0.195940210472007)	(7, 0.19823103514647955)	(8, 0.19962545016572372)	(9, 0.20089536384396398)	(10, 0.20606963957608787)	(15, 0.21192120260327324)	(20, 0.21653771232769947)	(25, 0.21993908896392722)	(30, 0.22295700146986283)	(35, 0.22539224769989996)	(40, 0.22803665618282376)	(45, 0.23052170294926247)	(50, 0.23291212869653818)	(55, 0.23519797331737063)	(60, 0.23757345890372586)	(65, 0.23985930352455828)	(70, 0.24243399125651982)	(75, 0.24458537442906797)	(80, 0.24671185733341533)	(85, 0.2489678216324068)	(90, 0.25137816759424314)	(95, 0.2552725695408465)	(100, 0.2856957172285703)	(105, 0.8833668947448233)	(110, 2.528537574878219)	(115, 4.423159141847117)	(120, 7.089370299607497)	(125, 9.46183299340317)	(130, 12.174039926584049)	(135, 14.572373999040343)	(140, 16.062017603991613)
IDDLNTM63_R1 - nextera_transposase_sequence	(1, 0.0)	(2, 0.0)	(3, 0.0)	(4, 0.0)	(5, 0.0)	(6, 0.0)	(7, 0.0)	(8, 2.5313373232272223e-05)	(9, 2.5313373232272223e-05)	(10, 0.00031894850272663007)	(15, 0.0005973956082816244)	(20, 0.002708530935853128)	(25, 0.0966616470247547)	(30, 0.8064941965294861)	(35, 2.2782694056749038)	(40, 3.7571272966507117)	(45, 5.971981639704127)	(50, 7.682796094956538)	(55, 9.921075433599096)	(60, 11.751566454819047)	(65, 14.082011785400308)	(70, 15.941329676057169)	(75, 18.29375713995334)	(80, 20.164486299263306)	(85, 22.54916300065739)	(90, 24.457872345165054)	(95, 26.842462981090147)	(100, 28.78689962057785)	(105, 31.165420109601843)	(110, 33.13693699577343)	(115, 35.45263475510957)	(120, 37.460567460013095)	(125, 39.7157763826734)	(130, 41.797163434022345)	(135, 44.01327838306272)	(140, 45.400142413037806)
IDDLNTM63_R1 - polyg	(1, 0.0)	(2, 0.0)	(3, 0.0004556407181809)	(4, 0.0006581477040390778)	(5, 0.0009872215560586166)	(6, 0.0011644151686845223)	(7, 0.001493489020704061)	(8, 0.0016706826333299668)	(9, 0.0018731896191881445)	(10, 0.005098113368979626)	(15, 0.008181282228670383)	(20, 0.010677180829372423)	(25, 0.012869318951287201)	(30, 0.015334841504110514)	(35, 0.017830740104812552)	(40, 0.033585783604578784)	(45, 0.05609949775736169)	(50, 0.059369985578971274)	(55, 0.06308598876946883)	(60, 0.0688574378664269)	(65, 0.0756262338687365)	(70, 0.0829468614075096)	(75, 0.318558676778853)	(80, 1.1203445858871361)	(85, 2.380039291417931)	(90, 3.975232383094616)	(95, 5.824146477353011)	(100, 7.75521765577407)	(105, 9.795698295979655)	(110, 11.933240534507064)	(115, 14.050304254089564)	(120, 16.21121579878501)	(125, 18.359192209758763)	(130, 20.44727211699031)	(135, 22.641425183414373)	(140, 23.733185908247627)
IDDLNTM63_R2 - nextera_transposase_sequence	(1, 0.0)	(2, 0.0)	(3, 0.0)	(4, 0.0)	(5, 0.0)	(6, 0.0)	(7, 0.0)	(8, 2.5313373232272223e-05)	(9, 2.5313373232272223e-05)	(10, 0.0003391992013124478)	(15, 0.0005923329336351699)	(20, 0.0027287816344389454)	(25, 0.09880315840020493)	(30, 0.8275802364319688)	(35, 2.34085925232902)	(40, 3.85623927820435)	(45, 6.11242529707142)	(50, 7.846128104400452)	(55, 10.104273378355698)	(60, 11.932298877022824)	(65, 14.266875350115594)	(70, 16.12833981482255)	(75, 18.465938704679253)	(80, 20.294738792567284)	(85, 22.61959999301351)	(90, 24.488131951526917)	(95, 26.84743959026762)	(100, 28.767231129576373)	(105, 31.10135702462561)	(110, 33.015144231803674)	(115, 35.262819894590045)	(120, 37.19540987540505)	(125, 39.38081970271469)	(130, 41.375371758527635)	(135, 43.49636917631043)	(140, 44.79753224987033)
IDDLNTM63_R2 - polyg	(1, 0.17873772839307417)	(2, 0.18167407968801774)	(3, 0.18359789605367044)	(4, 0.1851673251940713)	(5, 0.18812898986224716)	(6, 0.1895212253900221)	(7, 0.19131847488951345)	(8, 0.19248289005819796)	(9, 0.19369793197334703)	(10, 0.19714561340758252)	(15, 0.20070467368404002)	(20, 0.2034132046198931)	(25, 0.20562559344039372)	(30, 0.20724058665261272)	(35, 0.20901758545351817)	(40, 0.21068826808684818)	(45, 0.21243489083987493)	(50, 0.21423214033936624)	(55, 0.21563956389108058)	(60, 0.21718874233289567)	(65, 0.21883917426763982)	(70, 0.22048454352773753)	(75, 0.2220337219695526)	(80, 0.2239069115887407)	(85, 0.22569403573893915)	(90, 0.22749634791307688)	(95, 0.23011881337994033)	(100, 0.26060117742624256)	(105, 0.7786089845768148)	(110, 2.0936184732947707)	(115, 3.625619260034411)	(120, 5.779387370803707)	(125, 7.713081014691627)	(130, 9.964978948133151)	(135, 11.97985257997697)	(140, 13.292533238357557)
IDDLNTM64_R1 - nextera_transposase_sequence	(1, 0.0)	(2, 0.0)	(3, 0.0)	(4, 0.0)	(5, 0.0)	(6, 0.0)	(7, 0.0)	(8, 0.0)	(9, 0.0)	(10, 0.00032500737819169035)	(15, 0.0005766259935659023)	(20, 0.0023379563011853856)	(25, 0.08697092599319896)	(30, 0.7694182734874182)	(35, 2.1989370161911337)	(40, 3.606087912398979)	(45, 5.749107933377681)	(50, 7.368735024105588)	(55, 9.537215703727467)	(60, 11.269704227559682)	(65, 13.53865412347869)	(70, 15.325230165507387)	(75, 17.66708655523107)	(80, 19.505700472151847)	(85, 21.871827574150167)	(90, 23.726513630127975)	(95, 26.048277225003137)	(100, 27.910024328374874)	(105, 30.1786859112971)	(110, 32.08417271730806)	(115, 34.28556825705358)	(120, 36.23423910792813)	(125, 38.39093564906333)	(130, 40.42285032519085)	(135, 42.539010058978356)	(140, 43.8954178677524)
IDDLNTM64_R1 - polyg	(1, 0.0)	(2, 0.0)	(3, 0.0003931540865222061)	(4, 0.0005504157211310886)	(5, 0.0008649389903488535)	(6, 0.0011532519871318046)	(7, 0.0016512471633932657)	(8, 0.0019919807050458446)	(9, 0.0022016628845243544)	(10, 0.006856607268947275)	(15, 0.009713526964341973)	(20, 0.011207512493126357)	(25, 0.012124872028344837)	(30, 0.013435385650085525)	(35, 0.014510006819912888)	(40, 0.02835951477446847)	(45, 0.04831601620633565)	(50, 0.04998823158767677)	(55, 0.05173383573183536)	(60, 0.05531415894643092)	(65, 0.059423929664209715)	(70, 0.06482848784026832)	(75, 0.3010669153497315)	(80, 1.1603916653430477)	(85, 2.4439925793476682)	(90, 4.062345850835243)	(95, 5.867027949061908)	(100, 7.734352598407779)	(105, 9.680711703253587)	(110, 11.692858591910777)	(115, 13.731158090403422)	(120, 15.794404526199525)	(125, 17.926300907556897)	(130, 19.941152696329357)	(135, 22.111363253931934)	(140, 23.1365675761107)
IDDLNTM64_R2 - nextera_transposase_sequence	(1, 0.0)	(2, 0.0)	(3, 0.0)	(4, 0.0)	(5, 0.0)	(6, 0.0)	(7, 0.0)	(8, 0.0)	(9, 0.0)	(10, 0.00030928121473080216)	(15, 0.0005556577756180513)	(20, 0.0023222301377244974)	(25, 0.08940323927514968)	(30, 0.7934216409832207)	(35, 2.27334797963357)	(40, 3.7283535912528984)	(45, 5.928380954777321)	(50, 7.583386671237738)	(55, 9.795690926370629)	(60, 11.546951247320655)	(65, 13.840465410565571)	(70, 15.645231381664027)	(75, 17.992591928599023)	(80, 19.80880130464252)	(85, 22.14585597245615)	(90, 23.99298298586375)	(95, 26.325990787613442)	(100, 28.191192404892092)	(105, 30.452787698365892)	(110, 32.33205374783307)	(115, 34.50419338148684)	(120, 36.41271533704575)	(125, 38.53727808417587)	(130, 40.520027531270166)	(135, 42.58678614357253)	(140, 43.89355693840953)
IDDLNTM64_R2 - polyg	(1, 0.1519933698494849)	(2, 0.15519102308653215)	(3, 0.1564229058909684)	(4, 0.15728784488131728)	(5, 0.15941087694853717)	(6, 0.16072139057027787)	(7, 0.16197948364714893)	(8, 0.16281821236506297)	(9, 0.16378799244515108)	(10, 0.16608925436492772)	(15, 0.16868407133597427)	(20, 0.17033531849936753)	(25, 0.17133655090637742)	(30, 0.17238496180376997)	(35, 0.17335474188385808)	(40, 0.17462331906970308)	(45, 0.17562979353119995)	(50, 0.1765314269029575)	(55, 0.17728628274908018)	(60, 0.178292757210577)	(65, 0.17929398961758689)	(70, 0.18014844449896178)	(75, 0.1807670069284234)	(80, 0.1816529141367201)	(85, 0.1826436624347561)	(90, 0.18382836674880967)	(95, 0.18576792690898586)	(100, 0.2098289570041449)	(105, 0.6813517581064441)	(110, 1.95318950184232)	(115, 3.4061507122117334)	(120, 5.480536513792631)	(125, 7.319706088489025)	(130, 9.477251842451102)	(135, 11.405447228499582)	(140, 12.628947987811175)
IDDLNTM67_R1 - nextera_transposase_sequence	(1, 0.0)	(2, 0.0)	(3, 0.0)	(4, 0.0)	(5, 0.0)	(6, 0.0)	(7, 0.0)	(8, 0.0)	(9, 0.0)	(10, 5.3747665946529386e-05)	(15, 0.00023942142103453994)	(20, 0.0012948301341663897)	(25, 0.06929539985942543)	(30, 0.6996040507172749)	(35, 2.0465303316402004)	(40, 3.2640029160551856)	(45, 5.26245840358194)	(50, 6.635261742582394)	(55, 8.638251578654456)	(60, 10.109061343432682)	(65, 12.207282271259094)	(70, 13.69639067321639)	(75, 15.770273680671924)	(80, 17.29818789744261)	(85, 19.458150234987237)	(90, 21.163314481746685)	(95, 23.478407241667338)	(100, 25.354088401717874)	(105, 27.73439662503747)	(110, 29.719908697374013)	(115, 32.0523619533954)	(120, 34.108459369574085)	(125, 36.3854792373988)	(130, 38.513295584555955)	(135, 40.73164254577286)	(140, 42.18092392726377)
IDDLNTM67_R1 - polyg	(1, 0.0)	(2, 0.0)	(3, 0.00017101530073895712)	(4, 0.00036646135872633667)	(5, 0.000659630445707406)	(6, 0.0009527995326884753)	(7, 0.0013436916486632344)	(8, 0.0015635684638990366)	(9, 0.0020033220943706403)	(10, 0.007241276448432412)	(15, 0.01157040663285287)	(20, 0.013187722762698436)	(25, 0.014233359172930915)	(30, 0.015161727948370968)	(35, 0.016129185935408498)	(40, 0.0267125899754251)	(45, 0.04174727798610427)	(50, 0.04356981247683659)	(55, 0.04510406403203752)	(60, 0.04724908451844901)	(65, 0.049843630938231465)	(70, 0.053293253861708724)	(75, 0.2665591061860876)	(80, 1.1399537916657403)	(85, 2.306488247217764)	(90, 3.8554178013735467)	(95, 5.503492254594876)	(100, 7.233839725925992)	(105, 9.019879551480614)	(110, 10.862344653976193)	(115, 12.718158722232308)	(120, 14.519418909552694)	(125, 16.407217725198443)	(130, 18.150132378058153)	(135, 20.176370522727815)	(140, 21.104827248893958)
IDDLNTM67_R2 - nextera_transposase_sequence	(1, 0.0)	(2, 0.0)	(3, 0.0)	(4, 0.0)	(5, 0.0)	(6, 0.0)	(7, 0.0)	(8, 0.0)	(9, 0.0)	(10, 2.9316908698106936e-05)	(15, 0.00022476296668548653)	(20, 0.001299716285616074)	(25, 0.07129872195379607)	(30, 0.7254615641890052)	(35, 2.123067007948058)	(40, 3.3837429434811535)	(45, 5.440812703798324)	(50, 6.845058427377498)	(55, 8.89497486197233)	(60, 10.384527903711547)	(65, 12.513428976490527)	(70, 14.021994033520462)	(75, 16.10549787318043)	(80, 17.620981720663117)	(85, 19.761384793954655)	(90, 21.45608290430888)	(95, 23.781329086941977)	(100, 25.66275147494589)	(105, 28.043714442559747)	(110, 30.006471707595107)	(115, 32.31241759200195)	(120, 34.32999259015132)	(125, 36.57274099170796)	(130, 38.65214046415018)	(135, 40.814980744898676)	(140, 42.205403546026695)
IDDLNTM67_R2 - polyg	(1, 0.18164268014202087)	(2, 0.18484310934156423)	(3, 0.18640667780546324)	(4, 0.18782366172587175)	(5, 0.1899247068492361)	(6, 0.191366121526893)	(7, 0.1927586746900531)	(8, 0.19400464330972264)	(9, 0.1953727657156343)	(10, 0.19871977945866817)	(15, 0.20138273199874618)	(20, 0.203151518823532)	(25, 0.20419715523376453)	(30, 0.20503757328311023)	(35, 0.20572163448606604)	(40, 0.20658159714121052)	(45, 0.20726077219271666)	(50, 0.2081256209993108)	(55, 0.20883411295951504)	(60, 0.2093960203762288)	(65, 0.2101387153965808)	(70, 0.21094004423432908)	(75, 0.2116925115575805)	(80, 0.21227396358009293)	(85, 0.21341243686786945)	(90, 0.2152105406013533)	(95, 0.21763407172039684)	(100, 0.23149119723170203)	(105, 0.6101239592192027)	(110, 1.7961443867525684)	(115, 3.0603481236323353)	(120, 4.9537953303539215)	(125, 6.586786234050075)	(130, 8.50948682950092)	(135, 10.230096200992817)	(140, 11.261626291990058)
IDDLNTM68_R1 - nextera_transposase_sequence	(1, 0.0)	(2, 0.0)	(3, 0.0)	(4, 0.0)	(5, 0.0)	(6, 0.0)	(7, 0.0)	(8, 0.0)	(9, 0.0)	(10, 0.0002819203799581921)	(15, 0.0003964505343162076)	(20, 0.0020571377725074327)	(25, 0.06981053408714732)	(30, 0.6804985321418966)	(35, 1.986560767387274)	(40, 3.189259538324543)	(45, 5.148011503232504)	(50, 6.525307089482629)	(55, 8.507815251408005)	(60, 10.002601156005708)	(65, 12.128994431852245)	(70, 13.701017710546619)	(75, 15.88214318515848)	(80, 17.510193734363604)	(85, 19.749738397709926)	(90, 21.48240343290923)	(95, 23.77743355103607)	(100, 25.625126506264245)	(105, 27.943146350375493)	(110, 29.865451296161986)	(115, 32.09933112187352)	(120, 34.06699441379172)	(125, 36.23284773282053)	(130, 38.24474609435655)	(135, 40.31791368346817)	(140, 41.67673026981322)
IDDLNTM68_R1 - polyg	(1, 0.0)	(2, 0.0)	(3, 0.00013215017810540254)	(4, 0.0003083504155792726)	(5, 0.0005726507717900777)	(6, 0.000903026217053584)	(7, 0.0015197270482121292)	(8, 0.001982252671581038)	(9, 0.002268578057476077)	(10, 0.008321056214703514)	(15, 0.012673202080308105)	(20, 0.01439996440755203)	(25, 0.015668606117363894)	(30, 0.017056182987470622)	(35, 0.01822350956073501)	(40, 0.029302099491904588)	(45, 0.04573277163634298)	(50, 0.048054209765061216)	(55, 0.051054018808053846)	(60, 0.055934765386080054)	(65, 0.060027015901410685)	(70, 0.06455536200448914)	(75, 0.23137293683287563)	(80, 0.9157302541754501)	(85, 1.8941393378262923)	(90, 3.2372564830124246)	(95, 4.759723444917272)	(100, 6.392694385753859)	(105, 8.133464631876958)	(110, 9.92595845771051)	(115, 11.7651761815162)	(120, 13.591945358544356)	(125, 15.49766545697862)	(130, 17.280142299311784)	(135, 19.278301447330776)	(140, 20.213955543358583)
IDDLNTM68_R2 - nextera_transposase_sequence	(1, 0.0)	(2, 0.0)	(3, 0.0)	(4, 0.0)	(5, 0.0)	(6, 0.0)	(7, 0.0)	(8, 0.0)	(9, 0.0)	(10, 0.00025989535027395833)	(15, 0.0004052605461899011)	(20, 0.0020967828259390534)	(25, 0.0713170461175489)	(30, 0.7018848359652876)	(35, 2.050887069083047)	(40, 3.2872312753659516)	(45, 5.292064007379265)	(50, 6.696622175372537)	(55, 8.715343891104729)	(60, 10.22040226954716)	(65, 12.365001434930685)	(70, 13.945993305712477)	(75, 16.122515549120333)	(80, 17.72285420597676)	(85, 19.92520740419828)	(90, 21.63787811745023)	(95, 23.928586924753027)	(100, 25.766606486943893)	(105, 28.06035474834311)	(110, 29.941516938679456)	(115, 32.12590211768458)	(120, 34.0374632539911)	(125, 36.152817584959905)	(130, 38.10674166336108)	(135, 40.1157591510144)	(140, 41.41179118774157)
IDDLNTM68_R2 - polyg	(1, 0.20106649598736998)	(2, 0.20322494889642487)	(3, 0.20489885115242665)	(4, 0.20666085352716534)	(5, 0.20870918128779908)	(6, 0.21069143395938011)	(7, 0.21225521106696071)	(8, 0.21318026231369852)	(9, 0.21476606445096336)	(10, 0.21848829446759885)	(15, 0.22189776906271824)	(20, 0.22366858144933066)	(25, 0.22507818334912164)	(30, 0.22634242005299665)	(35, 0.2272983063412924)	(40, 0.22811763744554586)	(45, 0.22891494352011513)	(50, 0.2297959447074845)	(55, 0.230729805966096)	(60, 0.23153592205253895)	(65, 0.23231560810336083)	(70, 0.23323184933822497)	(75, 0.23407320547216265)	(80, 0.23519207698012176)	(85, 0.2363549985474493)	(90, 0.23749589508509264)	(95, 0.23949136277448418)	(100, 0.2581773979585881)	(105, 0.6664818032508503)	(110, 1.8494725776266663)	(115, 3.0836715460183255)	(120, 4.978762365126977)	(125, 6.5698152694685295)	(130, 8.513823679505865)	(135, 10.206530905852029)	(140, 11.2971883507856)
IDDLNTM7.A_R1 - nextera_transposase_sequence	(1, 0.0)	(2, 0.0)	(3, 0.0)	(4, 0.0)	(5, 0.0)	(6, 0.0)	(7, 0.0)	(8, 0.0)	(9, 0.0)	(10, 0.00025174955953817144)	(15, 0.00045554682202145305)	(20, 0.002109901070415151)	(25, 0.0873850693330275)	(30, 0.7834006730104891)	(35, 2.3364077415786775)	(40, 3.8167351119106714)	(45, 6.124003840978995)	(50, 7.837127625438214)	(55, 10.158534290088221)	(60, 11.993864503591826)	(65, 14.387966850577044)	(70, 16.23777066574172)	(75, 18.636512397467)	(80, 20.477704779285567)	(85, 22.876178777352287)	(90, 24.729922672924975)	(95, 27.067109639330795)	(100, 28.912773572849733)	(105, 31.172269825977118)	(110, 33.00080679739794)	(115, 35.1184841319855)	(120, 36.89137645869888)	(125, 38.842487493441524)	(130, 40.577457545234004)	(135, 42.39500544857975)	(140, 43.51938691389805)
IDDLNTM7.A_R1 - polyg	(1, 0.0)	(2, 0.0)	(3, 0.00021978136150157824)	(4, 0.0005594434656403809)	(5, 0.0008591453222334421)	(6, 0.0011188869312807619)	(7, 0.001758250892012626)	(8, 0.002057952748605687)	(9, 0.0024375751002902314)	(10, 0.007676363553536941)	(15, 0.012339724442124975)	(20, 0.015928154671732562)	(25, 0.019512588876585572)	(30, 0.02333278854195846)	(35, 0.02758455888082535)	(40, 0.04056764330843677)	(45, 0.057946354966079736)	(50, 0.06230202194856558)	(55, 0.06667367303006969)	(60, 0.07275562270653155)	(65, 0.07990850701721927)	(70, 0.08731314088744517)	(75, 0.30394563488241894)	(80, 1.1430229207983895)	(85, 2.4312653772027586)	(90, 4.068065088849613)	(95, 5.937777099341575)	(100, 7.90143964783833)	(105, 9.971060788727375)	(110, 12.118300714449266)	(115, 14.249788310588624)	(120, 16.401663625025826)	(125, 18.553834645294863)	(130, 20.625701552095972)	(135, 22.808733871544586)	(140, 23.86292116602404)
IDDLNTM7.A_R2 - nextera_transposase_sequence	(1, 0.0)	(2, 0.0)	(3, 0.0)	(4, 0.0)	(5, 0.0)	(6, 0.0)	(7, 0.0)	(8, 0.0)	(9, 0.0)	(10, 0.00023976148527444897)	(15, 0.00045554682202145305)	(20, 0.002085924921887706)	(25, 0.08860785290792719)	(30, 0.8006435198264766)	(35, 2.3906737577457946)	(40, 3.902737556678616)	(45, 6.251564943194509)	(50, 7.986666863803888)	(55, 10.33062709216871)	(60, 12.165449810528486)	(65, 14.5614262931236)	(70, 16.410095237257977)	(75, 18.790718992746015)	(80, 20.588890172056836)	(85, 22.930312924702505)	(90, 24.747685002959056)	(95, 27.061299419337644)	(100, 28.885256946389735)	(105, 31.116717089839028)	(110, 32.896011048209246)	(115, 34.95493483083029)	(120, 36.66288376323234)	(125, 38.55476971508743)	(130, 40.22354561682039)	(135, 41.968421813979454)	(140, 43.03073302678495)
IDDLNTM7.A_R2 - polyg	(1, 0.22877241719937005)	(2, 0.23186933638416504)	(3, 0.23430691148445526)	(4, 0.23670452633719977)	(5, 0.24102023307213982)	(6, 0.24375751002902313)	(7, 0.24613514475799475)	(8, 0.24811317701150895)	(9, 0.2506106924831178)	(10, 0.2573959425163847)	(15, 0.26360576498499294)	(20, 0.2680893047596251)	(25, 0.2724849319896567)	(30, 0.276329107803557)	(35, 0.2796817725726447)	(40, 0.28275871163366684)	(45, 0.28589559106600754)	(50, 0.28881668516160125)	(55, 0.2914660495738839)	(60, 0.2939276008227016)	(65, 0.2964770646161199)	(70, 0.29882273114705493)	(75, 0.3006808826579319)	(80, 0.30292664857000257)	(85, 0.30557201695753067)	(90, 0.3079136874637111)	(95, 0.3110825350940884)	(100, 0.3384632967124305)	(105, 0.8299463693517689)	(110, 2.2158956270302306)	(115, 3.7558796509232613)	(120, 5.999116079324288)	(125, 7.956245127347314)	(130, 10.278558889616608)	(135, 12.330705414253899)	(140, 13.653157838582178)
IDDLNTM7.B_R1 - nextera_transposase_sequence	(1, 0.0)	(2, 0.0)	(3, 0.0)	(4, 0.0)	(5, 0.0)	(6, 0.0)	(7, 0.0)	(8, 0.0)	(9, 2.105619561711077e-05)	(10, 0.00019371699967741908)	(15, 0.0004421801079593262)	(20, 0.0019877048662552566)	(25, 0.08830126193991572)	(30, 0.9063007717516818)	(35, 2.6657059426479766)	(40, 4.220756523841088)	(45, 6.741132604339766)	(50, 8.447008714738242)	(55, 10.884638157700797)	(60, 12.649016802001855)	(65, 15.124134695641114)	(70, 16.89370579778135)	(75, 19.35374745535876)	(80, 21.133433953873457)	(85, 23.59961138685369)	(90, 25.412330845052512)	(95, 27.8191677075446)	(100, 29.661302671020525)	(105, 31.996662171870774)	(110, 33.86094404189678)	(115, 36.057433721413055)	(120, 37.903270364078466)	(125, 39.955533526095785)	(130, 41.80309256556267)	(135, 43.712308357035596)	(140, 44.919582177699134)
IDDLNTM7.B_R1 - polyg	(1, 0.0)	(2, 0.0)	(3, 0.0002105619561711077)	(4, 0.00031584293425666155)	(5, 0.0008001354334502092)	(6, 0.0011370345633239815)	(7, 0.0014318213019635323)	(8, 0.0018740014099228586)	(9, 0.0023161815178821847)	(10, 0.00852775922492986)	(15, 0.013787596890084134)	(20, 0.01721554553654977)	(25, 0.020597170552657758)	(30, 0.02431990593776294)	(35, 0.027596249975785376)	(40, 0.03442266859485269)	(45, 0.04094587799703361)	(50, 0.0449381326860378)	(55, 0.048622966919032194)	(60, 0.05258995417329585)	(65, 0.056855939405322506)	(70, 0.06163148457128322)	(75, 0.21777580878952985)	(80, 0.9352446182469623)	(85, 1.9551646215485736)	(90, 3.433389567413095)	(95, 5.143321101087426)	(100, 7.113524057545741)	(105, 9.22622271222329)	(110, 11.385114448845657)	(115, 13.526891709670437)	(120, 15.640773722541667)	(125, 17.773791605989732)	(130, 19.80926034638284)	(135, 21.98073526550599)	(140, 23.04402682053973)
IDDLNTM7.B_R2 - nextera_transposase_sequence	(1, 0.0)	(2, 0.0)	(3, 0.0)	(4, 0.0)	(5, 0.0)	(6, 0.0)	(7, 0.0)	(8, 0.0)	(9, 4.211239123422154e-05)	(10, 0.0002400406300350628)	(15, 0.0005095599339340806)	(20, 0.002076140887847122)	(25, 0.09048268380584841)	(30, 0.9337959519885051)	(35, 2.746283792035536)	(40, 4.344545897874083)	(45, 6.916732853308223)	(50, 8.649716709944167)	(55, 11.118951502528006)	(60, 12.891061981859664)	(65, 15.381226632886912)	(70, 17.160129840924654)	(75, 19.6092643891724)	(80, 21.357059173805418)	(85, 23.782459178353555)	(90, 25.574429861391273)	(95, 27.97561524097974)	(100, 29.806089283322898)	(105, 32.12600195906844)	(110, 33.952252128570805)	(115, 36.112314589669495)	(120, 37.90909450778616)	(125, 39.917358643441965)	(130, 41.705480253920875)	(135, 43.55425213025531)	(140, 44.70270336284289)
IDDLNTM7.B_R2 - polyg	(1, 0.24252526111788184)	(2, 0.245788971438534)	(3, 0.2481051529564162)	(4, 0.25077928979978925)	(5, 0.2552432032706167)	(6, 0.2582121268526294)	(7, 0.26088626369600243)	(8, 0.26286554608401086)	(9, 0.26526595238436146)	(10, 0.2720418361339477)	(15, 0.27923884379587616)	(20, 0.2839006855055045)	(25, 0.2879645312596069)	(30, 0.29064287934210337)	(35, 0.29330438246810614)	(40, 0.29573005620319737)	(45, 0.2980378152428327)	(50, 0.30050560136915805)	(55, 0.30274176934369523)	(60, 0.3048473889054063)	(65, 0.30675929146743997)	(70, 0.3086122366817457)	(75, 0.3105241392437793)	(80, 0.3124613092405536)	(85, 0.3143563668460935)	(90, 0.31623879073426325)	(95, 0.3190476872295858)	(100, 0.34637441790147216)	(105, 0.8957516177475092)	(110, 2.5371368122098987)	(115, 4.134666162440969)	(120, 6.633316460301913)	(125, 8.606012470321293)	(130, 11.05408999754906)	(135, 13.077337722005998)	(140, 14.407491289051872)
IDDLNTM7.C_R1 - nextera_transposase_sequence	(1, 0.0)	(2, 0.0)	(3, 0.0)	(4, 0.0)	(5, 0.0)	(6, 0.0)	(7, 0.0)	(8, 0.0)	(9, 1.82874598498819e-05)	(10, 0.000288941865628134)	(15, 0.0005522812874664333)	(20, 0.0021323178184962295)	(25, 0.08758961769699433)	(30, 0.7704433684915845)	(35, 2.249412423915023)	(40, 3.6908921866462046)	(45, 5.89969547721858)	(50, 7.565174678158994)	(55, 9.785616108179834)	(60, 11.561785646099613)	(65, 13.870379947580824)	(70, 15.69524899108084)	(75, 18.027474348180068)	(80, 19.855850926479288)	(85, 22.20833147410825)	(90, 24.03269944120838)	(95, 26.312267886415857)	(100, 28.110071489338043)	(105, 30.30532011466969)	(110, 32.07825642968801)	(115, 34.13838632917282)	(120, 35.89499194254519)	(125, 37.847119761648564)	(130, 39.57585162871775)	(135, 41.3983652473891)	(140, 42.5133516744364)
IDDLNTM7.C_R1 - polyg	(1, 0.0)	(2, 0.0)	(3, 0.0003291742772978742)	(4, 0.0006217736348959846)	(5, 0.0011155350508427959)	(6, 0.0013166971091914967)	(7, 0.0019384707440874814)	(8, 0.002322507400935001)	(9, 0.002724831517632403)	(10, 0.007669760661040468)	(15, 0.012311117970940495)	(20, 0.01595032248106699)	(25, 0.019926016252431317)	(30, 0.02357253574649777)	(35, 0.02739827234709306)	(40, 0.041936802927749164)	(45, 0.06019134534990128)	(50, 0.0645254733343233)	(55, 0.06892909366617486)	(60, 0.07384110538185314)	(65, 0.07926150848135813)	(70, 0.08619611325643334)	(75, 0.3328500567277005)	(80, 1.23568366205652)	(85, 2.588878883616411)	(90, 4.295351254556321)	(95, 6.200392522038218)	(100, 8.182811689636935)	(105, 10.217829249255885)	(110, 12.345125331277336)	(115, 14.440224511487084)	(120, 16.59471038881334)	(125, 18.725001956758206)	(130, 20.803916735000808)	(135, 22.977940934430677)	(140, 24.0323190620435)
IDDLNTM7.C_R2 - nextera_transposase_sequence	(1, 0.0)	(2, 0.0)	(3, 0.0)	(4, 0.0)	(5, 0.0)	(6, 0.0)	(7, 0.0)	(8, 0.0)	(9, 1.82874598498819e-05)	(10, 0.00023773697804846467)	(15, 0.0005230213517066223)	(20, 0.0021030578827364184)	(25, 0.08953906091699175)	(30, 0.7927796719522302)	(35, 2.319222973145963)	(40, 3.801652015972999)	(45, 6.061755288916264)	(50, 7.759877605688716)	(55, 10.016228291870785)	(60, 11.808106757801614)	(65, 14.134809302026179)	(70, 15.97548236832846)	(75, 18.31275506434626)	(80, 20.115624293646864)	(85, 22.436365125960368)	(90, 24.2442378042759)	(95, 26.52160078182548)	(100, 28.313731614702238)	(105, 30.500641158342336)	(110, 32.24696190429514)	(115, 34.27399150145166)	(120, 35.99091698444177)	(125, 37.90528119895512)	(130, 39.58948310128985)	(135, 41.35846566748862)	(140, 42.42471235654402)
IDDLNTM7.C_R2 - polyg	(1, 0.23678603013627084)	(2, 0.24048009702594697)	(3, 0.24240028031018457)	(4, 0.24455820057247063)	(5, 0.24870945395839383)	(6, 0.25081251184113024)	(7, 0.2526046829064187)	(8, 0.25436027905200737)	(9, 0.2560975877377461)	(10, 0.26171549540362987)	(15, 0.26788934184894997)	(20, 0.2720223077750233)	(25, 0.27603091897411736)	(30, 0.279190992036177)	(35, 0.2821718479917078)	(40, 0.2851563614392084)	(45, 0.2881225874268593)	(50, 0.29097908865541083)	(55, 0.2938099874401726)	(60, 0.2960886049374679)	(65, 0.29845865973401253)	(70, 0.3005873200605388)	(75, 0.30296834733299344)	(80, 0.3051884449587691)	(85, 0.3074414600122745)	(90, 0.3100785117226275)	(95, 0.3129752453628488)	(100, 0.3414232179053251)	(105, 0.8292046344812251)	(110, 2.152927785747046)	(115, 3.6502537933677965)	(120, 5.808163083177951)	(125, 7.703983813403537)	(130, 9.937720226735241)	(135, 11.922695981220972)	(140, 13.219382951844729)
IDDLNTM70_R1 - nextera_transposase_sequence	(1, 0.0)	(2, 0.0)	(3, 0.0)	(4, 0.0)	(5, 0.0)	(6, 0.0)	(7, 0.0)	(8, 0.0)	(9, 5.403484977636327e-05)	(10, 0.00015129757937381712)	(15, 0.0002431568239936347)	(20, 0.0013184503345432638)	(25, 0.05782809623066396)	(30, 0.5635402552876478)	(35, 1.6825857837011982)	(40, 2.7225242920421526)	(45, 4.401262794439274)	(50, 5.607136922958462)	(55, 7.336506079596036)	(60, 8.652146601950928)	(65, 10.47755730058101)	(70, 11.830222502002666)	(75, 13.651721077508938)	(80, 14.97844955103794)	(85, 16.798872833033663)	(90, 18.255517295879976)	(95, 20.225438796751966)	(100, 21.886594359031857)	(105, 24.04872322404335)	(110, 25.8497858193642)	(115, 27.981222889702714)	(120, 29.85392488885707)	(125, 31.95354623964726)	(130, 33.937830203589805)	(135, 36.060221840075755)	(140, 37.46798097432939)
IDDLNTM70_R1 - polyg	(1, 0.0)	(2, 0.0)	(3, 0.00018912197421727144)	(4, 0.0005403484977636327)	(5, 0.0007564878968690857)	(6, 0.0009726272959745388)	(7, 0.0011887666950799918)	(8, 0.0013778886692972633)	(9, 0.0017020977679554428)	(10, 0.007283897749853769)	(15, 0.011185213903707195)	(20, 0.012822469851931004)	(25, 0.01368162396337518)	(30, 0.014594812924595718)	(35, 0.01547558097595044)	(40, 0.021667974760321666)	(45, 0.030146042690233067)	(50, 0.03181571954832269)	(55, 0.03516588023445721)	(60, 0.043649351649346246)	(65, 0.053040608540478186)	(70, 0.057503887132005785)	(75, 0.11078765249647762)	(80, 0.3618443715274166)	(85, 0.7891843844687632)	(90, 1.4441624125479726)	(95, 2.335002559901008)	(100, 3.4830810130993983)	(105, 4.8618612574179725)	(110, 6.294227862259764)	(115, 7.789653136790574)	(120, 9.264377660372057)	(125, 10.771809478523176)	(130, 12.231906768270196)	(135, 13.800954525621298)	(140, 14.649226018320515)
IDDLNTM70_R2 - nextera_transposase_sequence	(1, 0.0)	(2, 0.0)	(3, 0.0)	(4, 0.0)	(5, 0.0)	(6, 0.0)	(7, 0.0)	(8, 0.0)	(9, 5.403484977636327e-05)	(10, 0.00015129757937381712)	(15, 0.00023234985403836205)	(20, 0.0012157841199681736)	(25, 0.05916275702014014)	(30, 0.5831549057564677)	(35, 1.7388900971681687)	(40, 2.810968534156104)	(45, 4.538084437558004)	(50, 5.772467352819201)	(55, 7.537975016987206)	(60, 8.867524109674534)	(65, 10.71338699894497)	(70, 12.077037485326162)	(75, 13.898806235081318)	(80, 15.21073456325657)	(85, 17.011186564774953)	(90, 18.46295168068646)	(95, 20.44547410852629)	(100, 22.112027752298847)	(105, 24.266186476968322)	(110, 26.044019490370317)	(115, 28.144564837091686)	(120, 29.97499537326599)	(125, 32.04246598843925)	(130, 33.98040966521358)	(135, 36.04735073885902)	(140, 37.39851917494188)
IDDLNTM70_R2 - polyg	(1, 0.13198012057876726)	(2, 0.1354923858142309)	(3, 0.1366541350844227)	(4, 0.13811307602838452)	(5, 0.14000429577055723)	(6, 0.1410579753411963)	(7, 0.14221972461138813)	(8, 0.14300322993314538)	(9, 0.14384077010467902)	(10, 0.146039988490577)	(15, 0.14818517202669862)	(20, 0.1494766049363537)	(25, 0.15061674026663496)	(30, 0.15146508740812387)	(35, 0.15231343454961277)	(40, 0.1530320980516384)	(45, 0.1537129371588206)	(50, 0.1543073205063606)	(55, 0.1550962293130955)	(60, 0.15603103221422657)	(65, 0.1567767131411404)	(70, 0.15743053482343436)	(75, 0.15795467286626508)	(80, 0.1587003537931789)	(85, 0.1595865253295113)	(90, 0.16038624110620145)	(95, 0.1615696043163038)	(100, 0.17746125363553222)	(105, 0.5199611489430107)	(110, 1.527440923023304)	(115, 2.5933107557719355)	(120, 4.221137622709767)	(125, 5.5965136714924295)	(130, 7.291165437148689)	(135, 8.770569378720804)	(140, 9.726921377942704)
IDDLNTM71_R1 - nextera_transposase_sequence	(1, 0.0)	(2, 0.0)	(3, 0.0)	(4, 0.0)	(5, 0.0)	(6, 0.0)	(7, 2.873498812382941e-05)	(8, 2.873498812382941e-05)	(9, 2.873498812382941e-05)	(10, 0.00023562690261540116)	(15, 0.0004425188171069729)	(20, 0.001701111296930701)	(25, 0.06549853192945675)	(30, 0.6319570998121307)	(35, 1.8701247500774407)	(40, 3.0139094583512205)	(45, 4.900315452699623)	(50, 6.235400470908985)	(55, 8.186908454350736)	(60, 9.664656941597286)	(65, 11.781471564717801)	(70, 13.368234849908537)	(75, 15.627701448070994)	(80, 17.343404371970973)	(85, 19.743908038842807)	(90, 21.57786118586997)	(95, 24.02016851346435)	(100, 25.95036088271585)	(105, 28.40461047137449)	(110, 30.467845835639316)	(115, 32.92638268452603)	(120, 35.09746045921959)	(125, 37.513377573721044)	(130, 39.76426390442973)	(135, 42.10878032044109)	(140, 43.631320907175066)
IDDLNTM71_R1 - polyg	(1, 0.0)	(2, 0.0)	(3, 0.0002873498812382941)	(4, 0.0005172297862289293)	(5, 0.000632169738724247)	(6, 0.0007471096912195646)	(7, 0.0015229543705629585)	(8, 0.0019539791924203997)	(9, 0.0022987990499063527)	(10, 0.0065400832969835735)	(15, 0.00986759492172302)	(20, 0.011729622152147165)	(25, 0.013177865553588167)	(30, 0.014321518080916576)	(35, 0.015465170608244988)	(40, 0.030303918475390497)	(45, 0.05254479928323445)	(50, 0.05433786254216141)	(55, 0.05672861355406402)	(60, 0.06056186096978287)	(65, 0.06419971046625965)	(70, 0.06895247750194104)	(75, 0.24806915247301928)	(80, 0.9755988227850066)	(85, 2.0014321518080918)	(90, 3.372211772264875)	(95, 4.896654615212648)	(100, 6.514239048665002)	(105, 8.23218330163864)	(110, 10.029844158665409)	(115, 11.887543899878107)	(120, 13.779386553979538)	(125, 15.797163167032465)	(130, 17.719528125519027)	(135, 19.890186369385976)	(140, 20.89154323552518)
IDDLNTM71_R2 - nextera_transposase_sequence	(1, 0.0)	(2, 0.0)	(3, 0.0)	(4, 0.0)	(5, 0.0)	(6, 0.0)	(7, 2.873498812382941e-05)	(8, 2.873498812382941e-05)	(9, 2.873498812382941e-05)	(10, 0.00023562690261540116)	(15, 0.00045975980998127055)	(20, 0.0016551353159325738)	(25, 0.06767664402924303)	(30, 0.656617466620001)	(35, 1.9385485037979038)	(40, 3.120119721454519)	(45, 5.0602314086063584)	(50, 6.426275503020335)	(55, 8.417242372153726)	(60, 9.914731796241348)	(65, 12.061057252165037)	(70, 13.67057290095222)	(75, 15.943975968354732)	(80, 17.64257582732341)	(85, 20.023407521325673)	(90, 21.842809270366928)	(95, 24.295070397847404)	(100, 26.2356131098211)	(105, 28.696293588821856)	(110, 30.738437471803792)	(115, 33.16530261678043)	(120, 35.29172621992956)	(125, 37.673988916340384)	(130, 39.880485437395365)	(135, 42.17249728310687)	(140, 43.636033445227376)
IDDLNTM71_R2 - polyg	(1, 0.16195039306590256)	(2, 0.16496756681890462)	(3, 0.1664043162250961)	(4, 0.16752498076192546)	(5, 0.16910540510873606)	(6, 0.17036974458618456)	(7, 0.17120305924177562)	(8, 0.17212257886173815)	(9, 0.17338691833918665)	(10, 0.17587536831071027)	(15, 0.17807072140337085)	(20, 0.17926609690932213)	(25, 0.17981206168367492)	(30, 0.18046147241527344)	(35, 0.18093272622050424)	(40, 0.18167983591172382)	(45, 0.18246717458631675)	(50, 0.1834499111801517)	(55, 0.184449888766861)	(60, 0.1851222874889586)	(65, 0.1856912402538104)	(70, 0.1862544460210375)	(75, 0.18671420583101875)	(80, 0.18734637556974298)	(85, 0.18809923225858732)	(90, 0.1891279448334204)	(95, 0.19058193523248618)	(100, 0.20786890408778197)	(105, 0.587297181270075)	(110, 1.706662896636225)	(115, 2.8805446314709036)	(120, 4.703181940174904)	(125, 6.238911886457718)	(130, 8.146374880103261)	(135, 9.81553861723789)	(140, 10.899956840047839)
IDDLNTM72_R1 - nextera_transposase_sequence	(1, 4.78364529078823e-05)	(2, 4.78364529078823e-05)	(3, 4.78364529078823e-05)	(4, 4.78364529078823e-05)	(5, 9.56729058157646e-05)	(6, 9.56729058157646e-05)	(7, 9.56729058157646e-05)	(8, 0.0001435093587236469)	(9, 0.0002870187174472938)	(10, 0.004018262044262113)	(15, 0.006496190304890416)	(20, 0.03138071310757079)	(25, 0.3792473986536909)	(30, 2.396481915907343)	(35, 5.272419032019808)	(40, 8.306857451197251)	(45, 12.512877573122802)	(50, 15.744296938084322)	(55, 19.855218191629003)	(60, 23.091717787889344)	(65, 27.206647736187705)	(70, 30.385475704822294)	(75, 34.32444404474431)	(80, 37.449628215088)	(85, 41.10632321369118)	(90, 44.08375014829301)	(95, 47.339499133203475)	(100, 50.102743133555556)	(105, 52.9687207001726)	(110, 55.568316195126805)	(115, 58.07814180255409)	(120, 60.45071505929807)	(125, 62.64178724641897)	(130, 64.8244306505375)	(135, 66.75615272457301)	(140, 68.02042233847543)
IDDLNTM72_R1 - polyg	(1, 0.0)	(2, 0.0)	(3, 0.0003348551703551761)	(4, 0.0006218738878024699)	(5, 0.0007175467936182345)	(6, 0.0007653832465261168)	(7, 0.0010045655110655282)	(8, 0.0012437477756049398)	(9, 0.0012437477756049398)	(10, 0.0030902348578491965)	(15, 0.004372251795780442)	(20, 0.005195038785796018)	(25, 0.005577730409059076)	(30, 0.006410084689656229)	(35, 0.007692101627587473)	(40, 0.026855384662485122)	(45, 0.05591124615873283)	(50, 0.05821696318889276)	(55, 0.06516281615111727)	(60, 0.08530196282533573)	(65, 0.10948807341556102)	(70, 0.13827605077552457)	(75, 0.5858530387628346)	(80, 1.8172972786798671)	(85, 3.5303589264734585)	(90, 6.042825106101253)	(95, 9.100454637648436)	(100, 12.613458499006914)	(105, 16.334321315540723)	(110, 19.97947816170252)	(115, 23.681082022295612)	(120, 27.221515305751474)	(125, 30.854416452678265)	(130, 34.19859590443425)	(135, 37.69773676174002)	(140, 39.511283662511914)
IDDLNTM72_R2 - nextera_transposase_sequence	(1, 4.78364529078823e-05)	(2, 4.78364529078823e-05)	(3, 4.78364529078823e-05)	(4, 4.78364529078823e-05)	(5, 4.78364529078823e-05)	(6, 4.78364529078823e-05)	(7, 4.78364529078823e-05)	(8, 9.56729058157646e-05)	(9, 0.0002391822645394115)	(10, 0.003903454557283196)	(15, 0.0065631613389614514)	(20, 0.03255748984910469)	(25, 0.395215206634342)	(30, 2.508113062413177)	(35, 5.5226515171809405)	(40, 8.697030695695101)	(45, 13.06993306723509)	(50, 16.413949875051184)	(55, 20.65462272346321)	(60, 23.967459731273944)	(65, 28.194164335436863)	(70, 31.456390376071056)	(75, 35.467869211310834)	(80, 38.603032065731114)	(85, 42.27778054166173)	(90, 45.279977191579256)	(95, 48.59743520074089)	(100, 51.40837214464212)	(105, 54.321994818355414)	(110, 56.93804605310995)	(115, 59.4658007630871)	(120, 61.836173542997315)	(125, 64.03188586605027)	(130, 66.21280715786413)	(135, 68.1379086668172)	(140, 69.37754250747206)
IDDLNTM72_R2 - polyg	(1, 0.15015862567784255)	(2, 0.15145020990635535)	(3, 0.15231126605869724)	(4, 0.1535071773813943)	(5, 0.1543203970808283)	(6, 0.15465525225118348)	(7, 0.15494227096863078)	(8, 0.1551336167802623)	(9, 0.15527712613898595)	(10, 0.15604250938551206)	(15, 0.15697053657192497)	(20, 0.15788899646775634)	(25, 0.1582621208004378)	(30, 0.15873091803893505)	(35, 0.1591136096621981)	(40, 0.15962067606302166)	(45, 0.16011817517326363)	(50, 0.16056783783059772)	(55, 0.1608739911292082)	(60, 0.16132365378654226)	(65, 0.16178288373445793)	(70, 0.16215600806713942)	(75, 0.16241432491284197)	(80, 0.16277788195494186)	(85, 0.16585854952220952)	(90, 0.1697524367889111)	(95, 0.18534712043688076)	(100, 0.3243598525871867)	(105, 1.9036420761785944)	(110, 4.761152590630944)	(115, 7.82328831604205)	(120, 12.087994198394991)	(125, 15.761766810686282)	(130, 19.93069454702706)	(135, 23.634642393812644)	(140, 25.84957540364399)
IDDLNTM73_R1 - nextera_transposase_sequence	(1, 0.0)	(2, 0.0)	(3, 0.0)	(4, 0.0)	(5, 0.0)	(6, 0.0)	(7, 1.9217922788535972e-05)	(8, 3.8435845577071945e-05)	(9, 0.0001345254595197518)	(10, 0.0013683161025437613)	(15, 0.0020678484920464706)	(20, 0.0080676839866274)	(25, 0.11836318645459305)	(30, 0.8872338413783403)	(35, 2.2177290718742624)	(40, 3.55897865196265)	(45, 5.58625810900252)	(50, 7.064927367782613)	(55, 9.110529192409075)	(60, 10.673119276422145)	(65, 12.800785474940213)	(70, 14.41251578752357)	(75, 16.551424470872934)	(80, 18.213263595335114)	(85, 20.38512717268226)	(90, 22.136537191677256)	(95, 24.27176756460489)	(100, 26.101263847474264)	(105, 28.19569072673728)	(110, 30.090116683540003)	(115, 32.095510770108284)	(120, 34.0121949250847)	(125, 35.92649221405076)	(130, 37.85170143957616)	(135, 39.69200588222181)	(140, 40.95667972716699)
IDDLNTM73_R1 - polyg	(1, 0.0)	(2, 0.0)	(3, 0.00030748676461657556)	(4, 0.0005188839152904712)	(5, 0.0008263706799070468)	(6, 0.0010569857533694784)	(7, 0.001422126286351662)	(8, 0.0017103951281797014)	(9, 0.002113971506738957)	(10, 0.006511032240755987)	(15, 0.010158593986020113)	(20, 0.012230286062624291)	(25, 0.013625507257072003)	(30, 0.015112974480904687)	(35, 0.016469759829775325)	(40, 0.03071024061608048)	(45, 0.0523034986612795)	(50, 0.05459043147311528)	(55, 0.05818033945001381)	(60, 0.06488355091865515)	(65, 0.07225938968489524)	(70, 0.083394254148573)	(75, 0.31642309871324475)	(80, 1.0661642332932832)	(85, 2.0931700271126457)	(90, 3.509135047418303)	(95, 5.118935880553691)	(100, 6.834120115092295)	(105, 8.667863558897936)	(110, 10.481358999253576)	(115, 12.388380382651905)	(120, 14.204693170488344)	(125, 16.14966226422491)	(130, 17.911034854393485)	(135, 19.914476400006457)	(140, 20.855001541277407)
IDDLNTM73_R2 - nextera_transposase_sequence	(1, 0.0)	(2, 0.0)	(3, 0.0)	(4, 0.0)	(5, 0.0)	(6, 0.0)	(7, 0.0)	(8, 1.9217922788535972e-05)	(9, 0.00011530753673121583)	(10, 0.0013529417643129323)	(15, 0.0020294126464693984)	(20, 0.008325204151993783)	(25, 0.12199153027706862)	(30, 0.9189933805786747)	(35, 2.297348925987167)	(40, 3.683726032367594)	(45, 5.768478609298861)	(50, 7.2831122887854205)	(55, 9.367388261231532)	(60, 10.945037509541697)	(65, 13.09405482027783)	(70, 14.719595132177028)	(75, 16.86141725262113)	(80, 18.50265860743857)	(85, 20.647686277403796)	(90, 22.38622028813047)	(95, 24.527984754806205)	(100, 26.358472682491474)	(105, 28.447157246425274)	(110, 30.312087535332147)	(115, 32.28552221630311)	(120, 34.160165243387304)	(125, 36.04014700942217)	(130, 37.919417712313845)	(135, 39.70841030111411)	(140, 40.919800533335795)
IDDLNTM73_R2 - polyg	(1, 0.2034024947938647)	(2, 0.2069193746641668)	(3, 0.20891803863417455)	(4, 0.21070530545350838)	(5, 0.21318441749322953)	(6, 0.21468341547073533)	(7, 0.216105541757087)	(8, 0.21720096335603353)	(9, 0.2183540387233457)	(10, 0.22126747581808776)	(15, 0.2245998636296199)	(20, 0.2267407402282628)	(25, 0.2280667769006718)	(30, 0.22937743923484993)	(35, 0.23054204535583525)	(40, 0.2314414441423387)	(45, 0.23229856349870742)	(50, 0.23332095699105754)	(55, 0.2343894734981001)	(60, 0.23527349794637278)	(65, 0.23618058390199165)	(70, 0.2371568543796493)	(75, 0.23828686823961523)	(80, 0.23926698230183058)	(85, 0.24133483079387702)	(90, 0.2436256071902705)	(95, 0.24823790865951914)	(100, 0.2856436735751256)	(105, 0.8391429113923078)	(110, 2.091428883308004)	(115, 3.4378634589647383)	(120, 5.434428831803972)	(125, 7.132920378608453)	(130, 9.143999126737587)	(135, 10.928744554601577)	(140, 12.01779349035145)
IDDLNTM74_R1 - nextera_transposase_sequence	(1, 4.542333755694667e-05)	(2, 4.542333755694667e-05)	(3, 4.542333755694667e-05)	(4, 4.542333755694667e-05)	(5, 6.813500633542e-05)	(6, 6.813500633542e-05)	(7, 6.813500633542e-05)	(8, 9.084667511389334e-05)	(9, 0.00013627001267084)	(10, 0.0031705489614748776)	(15, 0.004810331447280653)	(20, 0.017746897983499064)	(25, 0.1754340143124394)	(30, 1.1254903733185133)	(35, 2.5044020892009877)	(40, 4.002963418542215)	(45, 6.079618480303191)	(50, 7.711451882036501)	(55, 9.800675581299483)	(60, 11.48132090157149)	(65, 13.634986689826514)	(70, 15.349236195223146)	(75, 17.488262041783564)	(80, 19.22818027523363)	(85, 21.348196455026464)	(90, 23.14264086287989)	(95, 25.20952990706612)	(100, 27.060966976552248)	(105, 29.065299000255056)	(110, 30.954800826613898)	(115, 32.868381564211674)	(120, 34.75003423784068)	(125, 36.56923436466265)	(130, 38.46205209466314)	(135, 40.232626538630385)	(140, 41.43457801605851)
IDDLNTM74_R1 - polyg	(1, 0.0)	(2, 0.0)	(3, 0.00029525169412015335)	(4, 0.0006359267257972533)	(5, 0.0011128717701451934)	(6, 0.0013399884579299267)	(7, 0.0017942218334993936)	(8, 0.0019532035149487066)	(9, 0.0020894735276195467)	(10, 0.0058959492148916775)	(15, 0.008793958151024874)	(20, 0.010665399658371079)	(25, 0.01214620046272754)	(30, 0.013990387967539574)	(35, 0.015471188771896035)	(40, 0.02798986060259054)	(45, 0.046336346641841296)	(50, 0.04861659818720002)	(55, 0.053099881604070656)	(60, 0.060440292953273245)	(65, 0.06867100171859197)	(70, 0.08620441001557339)	(75, 0.3730709560227144)	(80, 1.151199982375745)	(85, 2.194101643348218)	(90, 3.6477710881819148)	(95, 5.3043965475538055)	(100, 7.099426916461712)	(105, 9.00925568637729)	(110, 10.891984893106395)	(115, 12.85360081017065)	(120, 14.727894903115427)	(125, 16.698586403023562)	(130, 18.487907058400555)	(135, 20.473779037720224)	(140, 21.458189066920614)
IDDLNTM74_R2 - nextera_transposase_sequence	(1, 4.542333755694667e-05)	(2, 4.542333755694667e-05)	(3, 4.542333755694667e-05)	(4, 4.542333755694667e-05)	(5, 6.813500633542e-05)	(6, 6.813500633542e-05)	(7, 6.813500633542e-05)	(8, 9.084667511389334e-05)	(9, 0.00011355834389236668)	(10, 0.0030933292876280686)	(15, 0.004705857770899676)	(20, 0.017896794997436988)	(25, 0.17889527263427876)	(30, 1.1509092730153807)	(35, 2.5660233889307413)	(40, 4.098434189419406)	(45, 6.214689316862527)	(50, 7.8701383117916945)	(55, 9.980869961387892)	(60, 11.66333675749593)	(65, 13.824965256824687)	(70, 15.542539750530489)	(75, 17.666121662321547)	(80, 19.37020996710669)	(85, 21.441850292401377)	(90, 23.20809134996569)	(95, 25.261952980940595)	(100, 27.100453483890497)	(105, 29.084077008001096)	(110, 30.92916389489676)	(115, 32.79794359466213)	(120, 34.62382095210495)	(125, 36.39474515577139)	(130, 38.22433814222638)	(135, 39.93203760234729)	(140, 41.07237232237942)
IDDLNTM74_R2 - polyg	(1, 0.13667882270885254)	(2, 0.1404489597260791)	(3, 0.1412211564645472)	(4, 0.1424248749098063)	(5, 0.14517298683200155)	(6, 0.14612687692069745)	(7, 0.1471716136845072)	(8, 0.1476939820664121)	(9, 0.14842075546732325)	(10, 0.1510916477156717)	(15, 0.15368986262392906)	(20, 0.15557038879878665)	(25, 0.157037562601876)	(30, 0.15864100641763623)	(35, 0.15965848917891184)	(40, 0.16079407261783552)	(45, 0.16190694438798073)	(50, 0.16307432416319423)	(55, 0.1642053652683622)	(60, 0.16520013636085934)	(65, 0.16648107447996524)	(70, 0.16779835126911669)	(75, 0.16891122303926187)	(80, 0.16989690946424763)	(85, 0.17290847674427318)	(90, 0.17602906003443544)	(95, 0.18516823555089312)	(100, 0.24695305929585198)	(105, 0.9637696646145159)	(110, 2.304616623624269)	(115, 3.7854446819832646)	(120, 5.855268073775677)	(125, 7.680291472472436)	(130, 9.76285611044957)	(135, 11.652212582128232)	(140, 12.788259339094981)
IDDLNTM75_R1 - nextera_transposase_sequence	(1, 0.0)	(2, 0.0)	(3, 0.0)	(4, 2.3636873333304968e-05)	(5, 2.3636873333304968e-05)	(6, 2.3636873333304968e-05)	(7, 2.3636873333304968e-05)	(8, 2.3636873333304968e-05)	(9, 0.00011818436666652484)	(10, 0.002448780077330395)	(15, 0.003696806989328897)	(20, 0.01136933607331969)	(25, 0.1467424370278239)	(30, 1.081112767268036)	(35, 2.624288589204851)	(40, 4.141099842625698)	(45, 6.450436549413593)	(50, 8.086448555054295)	(55, 10.354208001648908)	(60, 12.0274433554149)	(65, 14.345052967869453)	(70, 16.03062676951543)	(75, 18.256118759215425)	(80, 19.929647210210753)	(85, 22.12750769498411)	(90, 23.929384368179285)	(95, 26.168647200283267)	(100, 28.137513656203573)	(105, 30.362698366550227)	(110, 32.37095330819315)	(115, 34.45545134845999)	(120, 36.47018279339623)	(125, 38.403367025332585)	(130, 40.397340568107516)	(135, 42.22867351285066)	(140, 43.52344943292777)
IDDLNTM75_R1 - polyg	(1, 0.0)	(2, 0.0)	(3, 0.0002600056066663547)	(4, 0.0005672849599993192)	(5, 0.0008745643133322838)	(6, 0.0011345699199986385)	(7, 0.0015836705133314328)	(8, 0.0018909498666643974)	(9, 0.002127318599997447)	(10, 0.007880533569323877)	(15, 0.012291174133318584)	(20, 0.014342854738649454)	(25, 0.01578470401198106)	(30, 0.017340010277312527)	(35, 0.018928408165310617)	(40, 0.028383157498632607)	(45, 0.039969952806618705)	(50, 0.042310003266615895)	(55, 0.045836624767945)	(60, 0.05354224547460242)	(65, 0.06096422370126018)	(70, 0.07126990047458115)	(75, 0.27178622433567384)	(80, 0.9390882501575397)	(85, 1.8600375637191013)	(90, 3.2281728838734596)	(95, 4.874660751775484)	(100, 6.731682250457256)	(105, 8.73451016598285)	(110, 10.686542440715176)	(115, 12.728730477715391)	(120, 14.614324228882463)	(125, 16.609942898041403)	(130, 18.402189909040583)	(135, 20.427576856475486)	(140, 21.43467311858761)
IDDLNTM75_R2 - nextera_transposase_sequence	(1, 0.0)	(2, 0.0)	(3, 0.0)	(4, 2.3636873333304968e-05)	(5, 2.3636873333304968e-05)	(6, 2.3636873333304968e-05)	(7, 2.3636873333304968e-05)	(8, 2.3636873333304968e-05)	(9, 9.454749333321987e-05)	(10, 0.002500781198663666)	(15, 0.0037818997333287953)	(20, 0.011761708170652552)	(25, 0.15040615239448618)	(30, 1.1135614669799971)	(35, 2.7097547958034154)	(40, 4.269963348664208)	(45, 6.635489630740037)	(50, 8.307363500602031)	(55, 10.615735822957927)	(60, 12.304160231527902)	(65, 14.642211012041097)	(70, 16.339631614601725)	(75, 18.565378882533725)	(80, 20.216371938493076)	(85, 22.386165999870467)	(90, 24.17300962162566)	(95, 26.4156808908643)	(100, 28.38206547508461)	(105, 30.59753543049128)	(110, 32.576343555335576)	(115, 34.63173987715444)	(120, 36.599571038022745)	(125, 38.49881271985247)	(130, 40.44415575943147)	(135, 42.225581809818664)	(140, 43.46717003752117)
IDDLNTM75_R2 - polyg	(1, 0.19230960143976922)	(2, 0.19474419939309964)	(3, 0.19639878052643098)	(4, 0.19814790915309555)	(5, 0.2012679764330918)	(6, 0.20285164694642324)	(7, 0.20424622247308824)	(8, 0.20509714991308722)	(9, 0.20634990419975238)	(10, 0.21013180393308115)	(15, 0.21381915617307676)	(20, 0.21592756527440754)	(25, 0.21747814416507233)	(30, 0.21865998783173762)	(35, 0.21995056111573605)	(40, 0.22104258466373478)	(45, 0.22199751434640028)	(50, 0.22298080827706576)	(55, 0.22450775029439723)	(60, 0.22571323083439582)	(65, 0.2270368957410609)	(70, 0.22852129138639246)	(75, 0.22947622106905796)	(80, 0.23060606361438993)	(85, 0.2332533934277201)	(90, 0.2359763612357168)	(95, 0.24179103207570987)	(100, 0.2919295677903163)	(105, 0.9768694284934945)	(110, 2.467443752514373)	(115, 3.9860844999312173)	(120, 6.26686786373248)	(125, 8.154428202760881)	(130, 10.392391006831527)	(135, 12.335185991465197)	(140, 13.510434970470454)
IDDLNTM76_R1 - nextera_transposase_sequence	(1, 0.0)	(2, 0.0)	(3, 0.0)	(4, 0.0)	(5, 0.0)	(6, 0.0)	(7, 0.0)	(8, 0.0)	(9, 8.477218217796266e-05)	(10, 0.0022379856094982145)	(15, 0.003721498797612561)	(20, 0.013953501186492656)	(25, 0.15355209218805266)	(30, 1.0212928647890052)	(35, 2.367614991875646)	(40, 3.789019840717308)	(45, 5.8501410079285305)	(50, 7.4201091060370725)	(55, 9.530529535793889)	(60, 11.192729768112052)	(65, 13.39269081529434)	(70, 15.119487450432114)	(75, 17.34815659710897)	(80, 19.133340072721815)	(85, 21.36289508870243)	(90, 23.206253474334904)	(95, 25.378663562309356)	(100, 27.28883514332539)	(105, 29.40753781528099)	(110, 31.372751974185178)	(115, 33.407000359645984)	(120, 35.41117581347916)	(125, 37.3589820047731)	(130, 39.38276526434403)	(135, 41.27722432139338)	(140, 42.58850586697676)
IDDLNTM76_R1 - polyg	(1, 0.0)	(2, 0.0)	(3, 0.00023312350098939733)	(4, 0.0004026678653453227)	(5, 0.0008689148673241173)	(6, 0.0009960731405910612)	(7, 0.0016106714613812907)	(8, 0.0018649880079151786)	(9, 0.0020557254178155946)	(10, 0.0058280875247349335)	(15, 0.008862931646705995)	(20, 0.011181450829273278)	(25, 0.01264800958095203)	(30, 0.014368884879164674)	(35, 0.015826966412625633)	(40, 0.028055353691796747)	(45, 0.04537007190164562)	(50, 0.04802344120381585)	(55, 0.05257570738677244)	(60, 0.06344773975109616)	(65, 0.07546843518393126)	(70, 0.08838771574785279)	(75, 0.2990211568054366)	(80, 0.9202147533691114)	(85, 1.7993912933458713)	(90, 3.0914253149657447)	(95, 4.652505049772927)	(100, 6.418945395906223)	(105, 8.307440729939351)	(110, 10.19654642368416)	(115, 12.159179269641026)	(120, 14.054341935802452)	(125, 16.056088666616226)	(130, 17.914468682930636)	(135, 19.957317206273395)	(140, 20.964351390020067)
IDDLNTM76_R2 - nextera_transposase_sequence	(1, 0.0)	(2, 0.0)	(3, 0.0)	(4, 0.0)	(5, 0.0)	(6, 0.0)	(7, 0.0)	(8, 0.0)	(9, 6.3579136633472e-05)	(10, 0.0022973261370227882)	(15, 0.0037257374067214593)	(20, 0.014089136677977395)	(25, 0.15651487995517246)	(30, 1.0478011261560543)	(35, 2.4340212807847528)	(40, 3.89129747851502)	(45, 5.993634880701168)	(50, 7.5874917797474595)	(55, 9.71905015313035)	(60, 11.385323688802165)	(65, 13.586785203609006)	(70, 15.311382000619261)	(75, 17.522321045393596)	(80, 19.26929345988972)	(85, 21.447603691743762)	(90, 23.25499324047812)	(95, 25.408363496335404)	(100, 27.297778608545165)	(105, 29.38183065103552)	(110, 31.29305764571967)	(115, 33.27268307559412)	(120, 35.20857453668293)	(125, 37.096747736423794)	(130, 39.04432504282585)	(135, 40.864366839750275)	(140, 42.10422358323961)
IDDLNTM76_R2 - polyg	(1, 0.15879949026486856)	(2, 0.16151220009456338)	(3, 0.16272020369059934)	(4, 0.16405536555990224)	(5, 0.16676807538959706)	(6, 0.16791249984899956)	(7, 0.16895095908067959)	(8, 0.1696291365381033)	(9, 0.17060401663314986)	(10, 0.1732489087171023)	(15, 0.17604215211986615)	(20, 0.17792409456421696)	(25, 0.17936098305213338)	(30, 0.18092502981331685)	(35, 0.18223476002796635)	(40, 0.1834470022331112)	(45, 0.18453632477409804)	(50, 0.1855154434782535)	(55, 0.186867559783992)	(60, 0.18798231397963222)	(65, 0.1891479314845792)	(70, 0.1903050717713084)	(75, 0.1914622120580376)	(80, 0.1925430573808066)	(85, 0.19529391469248153)	(90, 0.19836266768732375)	(95, 0.2062040945387853)	(100, 0.26418826714851174)	(105, 0.9264455087591916)	(110, 2.2298347641818035)	(115, 3.6450851525973462)	(120, 5.693749047637516)	(125, 7.4660471515593105)	(130, 9.556130734811632)	(135, 11.439026866211908)	(140, 12.593416295629423)
IDDLNTM77_R1 - nextera_transposase_sequence	(1, 0.0)	(2, 0.0)	(3, 0.0)	(4, 0.0)	(5, 3.354050183298843e-05)	(6, 3.354050183298843e-05)	(7, 3.354050183298843e-05)	(8, 3.354050183298843e-05)	(9, 3.354050183298843e-05)	(10, 0.0016434845898164329)	(15, 0.003166223373034107)	(20, 0.01663608890916226)	(25, 0.257959999597514)	(30, 1.8348197365728987)	(35, 4.392256168936799)	(40, 7.047791861061825)	(45, 10.925523315679849)	(50, 13.816218174256324)	(55, 17.640801349669793)	(60, 20.54485874417653)	(65, 24.260831066554413)	(70, 26.96563104777174)	(75, 30.217456489584)	(80, 32.580740373037465)	(85, 35.41478532401802)	(90, 37.70938496781789)	(95, 40.36760390008955)	(100, 42.65930564453105)	(105, 45.13235417428316)	(110, 47.33525408607163)	(115, 49.543044203027364)	(120, 51.6460605003572)	(125, 53.68999184965806)	(130, 55.78333506625927)	(135, 57.73046181916974)	(140, 59.060128057636)
IDDLNTM77_R1 - polyg	(1, 0.0)	(2, 0.0)	(3, 0.00023478351283091897)	(4, 0.00043602652382884955)	(5, 0.0006037290329937916)	(6, 0.0006708100366597685)	(7, 0.0009055935494906874)	(8, 0.0009726745531566643)	(9, 0.0010732960586556297)	(10, 0.003045477566435349)	(15, 0.005044491475681459)	(20, 0.006251949541669043)	(25, 0.006949591979795201)	(30, 0.007861893629652488)	(35, 0.00895531398940791)	(40, 0.02502121436740936)	(45, 0.04936491059779237)	(50, 0.05173287002720135)	(55, 0.05758904164724112)	(60, 0.07236027865448923)	(65, 0.08797673630792865)	(70, 0.10582028328307849)	(75, 0.4556678417022475)	(80, 1.542172149979708)	(85, 3.1111767014258063)	(90, 5.384162845844498)	(95, 8.157660482916146)	(100, 11.28741191425706)	(105, 14.692074714821882)	(110, 17.998624839424846)	(115, 21.35365440537721)	(120, 24.409019711752926)	(125, 27.44149697967781)	(130, 30.122181340077212)	(135, 32.94772041979292)	(140, 34.3663696096221)
IDDLNTM77_R2 - nextera_transposase_sequence	(1, 0.0)	(2, 0.0)	(3, 0.0)	(4, 0.0)	(5, 3.354050183298843e-05)	(6, 3.354050183298843e-05)	(7, 3.354050183298843e-05)	(8, 3.354050183298843e-05)	(9, 3.354050183298843e-05)	(10, 0.001636776489449835)	(15, 0.003193055774500498)	(20, 0.01715261263739028)	(25, 0.26586214182936607)	(30, 1.8967690434584281)	(35, 4.547555400523903)	(40, 7.289001734043945)	(45, 11.275927646429446)	(50, 14.232066732182446)	(55, 18.135812200022137)	(60, 21.07325581005343)	(65, 24.83244171499294)	(70, 27.5653888853485)	(75, 30.826028771042473)	(80, 33.15849564141179)	(85, 35.954559328116666)	(90, 38.230000637269534)	(95, 40.89624245757965)	(100, 43.18845401764901)	(105, 45.649394426239404)	(110, 47.81460823016834)	(115, 49.986369140055075)	(120, 52.03731716233938)	(125, 54.040396180407654)	(130, 56.08232180769888)	(135, 57.97851395452578)	(140, 59.25201326862253)
IDDLNTM77_R2 - polyg	(1, 0.14549869695150378)	(2, 0.14737696505415113)	(3, 0.14841672061097377)	(4, 0.14962417867696137)	(5, 0.15086517724478193)	(6, 0.15130120376861078)	(7, 0.15177077079427262)	(8, 0.15197201380527056)	(9, 0.1524751213327654)	(10, 0.15340754728372247)	(15, 0.1544070542383455)	(20, 0.15510469667647167)	(25, 0.15566146900689928)	(30, 0.15613103603256112)	(35, 0.1568420946714205)	(40, 0.157600110012846)	(45, 0.15802272033594167)	(50, 0.15833129295280518)	(55, 0.15892160578506576)	(60, 0.15951191861732633)	(65, 0.16007539904812057)	(70, 0.1607797495866133)	(75, 0.16158472163060505)	(80, 0.162268947867998)	(85, 0.16402647016404662)	(90, 0.1666560455077529)	(95, 0.17490700895866804)	(100, 0.2569806169439907)	(105, 1.3988133370451488)	(110, 3.826756599932248)	(115, 6.472397844016543)	(120, 10.297155430039544)	(125, 13.607247431636072)	(130, 17.39851818062902)	(135, 20.74633653868729)	(140, 22.717954566036216)
IDDLNTM78_R1 - nextera_transposase_sequence	(1, 0.0)	(2, 0.0)	(3, 0.0)	(4, 2.1766338357729772e-05)	(5, 2.1766338357729772e-05)	(6, 2.1766338357729772e-05)	(7, 4.3532676715459544e-05)	(8, 6.529901507318932e-05)	(9, 0.0002176633835772977)	(10, 0.0034260216575066663)	(15, 0.005097676443380312)	(20, 0.014748870871197695)	(25, 0.1607835881808783)	(30, 1.074582358382761)	(35, 2.561179735538989)	(40, 4.059126081514937)	(45, 6.2959917287914235)	(50, 7.945579800838004)	(55, 10.192466670294388)	(60, 11.920722642433477)	(65, 14.253625727811936)	(70, 16.02869238722316)	(75, 18.368765304456655)	(80, 20.21727158948686)	(85, 22.546491810415194)	(90, 24.465738695108012)	(95, 26.70152037873429)	(100, 28.666850954998097)	(105, 30.81039560319965)	(110, 32.82519671328291)	(115, 34.864872394841385)	(120, 36.87641726070632)	(125, 38.782430211677635)	(130, 40.76976655602111)	(135, 42.5735560755292)	(140, 43.83020079447135)
IDDLNTM78_R1 - polyg	(1, 0.0)	(2, 0.0)	(3, 6.529901507318932e-05)	(4, 0.0002611960602927573)	(5, 0.000565924797300974)	(6, 0.0007835881808782718)	(7, 0.001327746639821516)	(8, 0.0016977743919029222)	(9, 0.002089568482342058)	(10, 0.009241987266692061)	(15, 0.01453556075529194)	(20, 0.016498884475159167)	(25, 0.018061707569244165)	(30, 0.0194765195624966)	(35, 0.020752026990259565)	(40, 0.03318060619252326)	(45, 0.05003210534907765)	(50, 0.05251346792185885)	(55, 0.057676443380312345)	(60, 0.06819393807476737)	(65, 0.07824998639603853)	(70, 0.09100506067366818)	(75, 0.2984382652228329)	(80, 0.9500527833705176)	(85, 1.8568906785655983)	(90, 3.2003874408227673)	(95, 4.80839310007074)	(100, 6.628886107634543)	(105, 8.613610491375088)	(110, 10.566238232573326)	(115, 12.618812646242585)	(120, 14.571000707405997)	(125, 16.666319856342167)	(130, 18.594673777003862)	(135, 20.734940414648747)	(140, 21.811155248408337)
IDDLNTM78_R2 - nextera_transposase_sequence	(1, 0.0)	(2, 0.0)	(3, 0.0)	(4, 2.1766338357729772e-05)	(5, 2.1766338357729772e-05)	(6, 2.1766338357729772e-05)	(7, 6.529901507318932e-05)	(8, 8.706535343091909e-05)	(9, 0.0002176633835772977)	(10, 0.0033781357131196605)	(15, 0.005102029711051859)	(20, 0.015258203188768568)	(25, 0.1661294008815367)	(30, 1.1160254666158784)	(35, 2.665122707732492)	(40, 4.222778473091364)	(45, 6.537985525384992)	(50, 8.236970125700603)	(55, 10.54330086521195)	(60, 12.299008543287806)	(65, 14.678269576100561)	(70, 16.488680415737065)	(75, 18.85770691625401)	(80, 20.699718125918267)	(85, 23.020136039614737)	(90, 24.94256080970779)	(95, 27.20650378190129)	(100, 29.190888610763455)	(105, 31.35608205909561)	(110, 33.370291124775534)	(115, 35.406253469010174)	(120, 37.39690700331936)	(125, 39.29278554715133)	(130, 41.257541492082495)	(135, 43.0393121837079)	(140, 44.25908472547206)
IDDLNTM78_R2 - polyg	(1, 0.18261957882135277)	(2, 0.18640692169559775)	(3, 0.18799586439571203)	(4, 0.18962833977254176)	(5, 0.19219676769875388)	(6, 0.1936768787070795)	(7, 0.1952875877455515)	(8, 0.19620177395657615)	(9, 0.19729009087446264)	(10, 0.20022419328508462)	(15, 0.20330630679653913)	(20, 0.2051607988246177)	(25, 0.20680198073679054)	(30, 0.20810360777058276)	(35, 0.20930510964792948)	(40, 0.210632856287751)	(45, 0.2116384611198781)	(50, 0.21260488654296128)	(55, 0.21381509495565107)	(60, 0.21498612395929695)	(65, 0.21603961473581107)	(70, 0.21719323066877078)	(75, 0.21792457963759046)	(80, 0.21885617891930131)	(85, 0.22215595581433312)	(90, 0.22538172715894872)	(95, 0.2320117538227132)	(100, 0.2912597268324536)	(105, 0.9801556293192577)	(110, 2.429040648636883)	(115, 3.935018773466834)	(120, 6.171753822713174)	(125, 8.059117374979595)	(130, 10.300266637644883)	(135, 12.2839549436796)	(140, 13.491647167655222)
IDDLNTM79_R1 - nextera_transposase_sequence	(1, 0.0)	(2, 0.0)	(3, 0.0)	(4, 3.980872702837407e-05)	(5, 3.980872702837407e-05)	(6, 3.980872702837407e-05)	(7, 3.980872702837407e-05)	(8, 3.980872702837407e-05)	(9, 3.980872702837407e-05)	(10, 0.0013654393370732304)	(15, 0.0019705319879045166)	(20, 0.008562857183803263)	(25, 0.13079157265172298)	(30, 0.9793543979885445)	(35, 2.436843454569485)	(40, 3.877776061579324)	(45, 6.083255175532601)	(50, 7.66298489019957)	(55, 9.884566634235822)	(60, 11.554212320641781)	(65, 13.882421740023535)	(70, 15.604376093744772)	(75, 17.958075041042797)	(80, 19.76773598215295)	(85, 22.16804298705579)	(90, 24.06963422149257)	(95, 26.388345278605357)	(100, 28.34449437343452)	(105, 30.574133403821314)	(110, 32.571006826400506)	(115, 34.67387894643815)	(120, 36.692579494047)	(125, 38.66903103966064)	(130, 40.66450717592113)	(135, 42.528674226078536)	(140, 43.817465840131334)
IDDLNTM79_R1 - polyg	(1, 0.0)	(2, 0.0)	(3, 0.0004976090878546759)	(4, 0.0008160789040816684)	(5, 0.0012937836284221571)	(6, 0.0014132098095072795)	(7, 0.0022491930771031347)	(8, 0.0025875672568443143)	(9, 0.002826419619014559)	(10, 0.00807320984135426)	(15, 0.012109814762031391)	(20, 0.014072385004530234)	(25, 0.015509480050254537)	(30, 0.017352624111668255)	(35, 0.019016628901454294)	(40, 0.03528645563795078)	(45, 0.05973299490607529)	(50, 0.06185480005668763)	(55, 0.0643627498594752)	(60, 0.06727674867795216)	(65, 0.07066845222076965)	(70, 0.0859350990361511)	(75, 0.4611602173874966)	(80, 1.6159078857903544)	(85, 3.0586557707526874)	(90, 4.9395822949890364)	(95, 6.888808652187967)	(100, 8.854973622737472)	(105, 10.915083208201235)	(110, 12.959209589763105)	(115, 15.135871166220545)	(120, 17.16397055428079)	(125, 19.44622477918099)	(130, 21.439204908256805)	(135, 23.848062827725347)	(140, 24.895561804641062)
IDDLNTM79_R2 - nextera_transposase_sequence	(1, 0.0)	(2, 0.0)	(3, 0.0)	(4, 3.980872702837407e-05)	(5, 3.980872702837407e-05)	(6, 3.980872702837407e-05)	(7, 3.980872702837407e-05)	(8, 5.97130905425611e-05)	(9, 5.97130905425611e-05)	(10, 0.0015127316270782147)	(15, 0.002161613877640712)	(20, 0.00882559478219053)	(25, 0.1339842325593986)	(30, 1.0103096641258085)	(35, 2.5173287388754515)	(40, 4.003651256443042)	(45, 6.266972450768547)	(50, 7.881670151257239)	(55, 10.142889444795646)	(60, 11.828339195831868)	(65, 14.181070791063101)	(70, 15.916651672046152)	(75, 18.269502693458474)	(80, 20.052881912984493)	(85, 22.420306909361898)	(90, 24.304481825723762)	(95, 26.61858701311936)	(100, 28.567570537083423)	(105, 30.78252412806945)	(110, 32.74400361144772)	(115, 34.80802639477837)	(120, 36.76851862172633)	(125, 38.69798392682837)	(130, 40.63586877769693)	(135, 42.44197479948345)	(140, 43.66917833195065)
IDDLNTM79_R2 - polyg	(1, 0.1747005985640196)	(2, 0.17768625309114766)	(3, 0.17886061053848468)	(4, 0.18029372471150615)	(5, 0.18262253524266603)	(6, 0.18399593632514494)	(7, 0.18526981559005293)	(8, 0.18626503376576226)	(9, 0.1875787217576986)	(10, 0.19077536253807706)	(15, 0.19403569728170086)	(20, 0.1961017702144735)	(25, 0.19740351558830133)	(30, 0.19872516532564335)	(35, 0.20023789695272157)	(40, 0.20153964232654936)	(45, 0.20251097526604173)	(50, 0.20351415518715674)	(55, 0.20449344987205476)	(60, 0.20570761604642018)	(65, 0.20699741880213945)	(70, 0.20815585275866516)	(75, 0.20933021020600223)	(80, 0.21035329449063145)	(85, 0.21239946305988985)	(90, 0.21468846486402135)	(95, 0.21938191378066665)	(100, 0.26050432880097707)	(105, 0.86414794196843)	(110, 2.236219412964588)	(115, 3.6845803284379217)	(120, 5.842981641807444)	(125, 7.672184687015826)	(130, 9.840359042870814)	(135, 11.766830731700326)	(140, 12.937657144949945)
IDDLNTM81_R1 - nextera_transposase_sequence	(1, 0.0)	(2, 0.0)	(3, 0.0)	(4, 0.0)	(5, 0.0)	(6, 0.0)	(7, 0.0)	(8, 0.0)	(9, 2.5089947461650016e-05)	(10, 0.0001354857162929101)	(15, 0.0002759894220781502)	(20, 0.0015304867951606508)	(25, 0.06836007085401163)	(30, 0.6864659805402369)	(35, 2.0153801377939913)	(40, 3.2059081808282692)	(45, 5.151257257267303)	(50, 6.506952424441623)	(55, 8.477898265281032)	(60, 9.950246634183548)	(65, 12.060642403014807)	(70, 13.623354726695203)	(75, 15.819753817435503)	(80, 17.472027217575008)	(85, 19.747881153936866)	(90, 21.476859541456122)	(95, 23.772840633671713)	(100, 25.584982161047357)	(105, 27.865482755679114)	(110, 29.77586648133559)	(115, 32.00893703928584)	(120, 33.96976159531922)	(125, 36.13311220726304)	(130, 38.148622812783834)	(135, 40.25134607568132)	(140, 41.620534616600516)
IDDLNTM81_R1 - polyg	(1, 0.0)	(2, 0.0)	(3, 0.0003010793695398002)	(4, 0.0004767090017713503)	(5, 0.0007025185289262004)	(6, 0.0009283280560810506)	(7, 0.0013297672154674509)	(8, 0.001706116427392201)	(9, 0.0019821058494703513)	(10, 0.007301174711340156)	(15, 0.011511267895405028)	(20, 0.013463265807921398)	(25, 0.014978698634605058)	(30, 0.01660954521961231)	(35, 0.017818880687263845)	(40, 0.022756582347716565)	(45, 0.028416874495064803)	(50, 0.030067793038041378)	(55, 0.03246639201537512)	(60, 0.03829729580546258)	(65, 0.04389737207890286)	(70, 0.04680780598445427)	(75, 0.11104810746526295)	(80, 0.4272818052718998)	(85, 0.941490242519432)	(90, 1.7271668933125255)	(95, 2.838215000777788)	(100, 4.26420718275016)	(105, 5.933852862512106)	(110, 7.6571157599995985)	(115, 9.446435471164126)	(120, 11.190999734046555)	(125, 13.019399547377347)	(130, 14.794814409658624)	(135, 16.735592097670146)	(140, 17.7373885379084)
IDDLNTM81_R2 - nextera_transposase_sequence	(1, 0.0)	(2, 0.0)	(3, 0.0)	(4, 0.0)	(5, 0.0)	(6, 0.0)	(7, 0.0)	(8, 0.0)	(9, 2.5089947461650016e-05)	(10, 0.0001354857162929101)	(15, 0.00028100741157048017)	(20, 0.001681026479930551)	(25, 0.07061816612556013)	(30, 0.7115559280018868)	(35, 2.087935247863591)	(40, 3.3156716829834956)	(45, 5.31538063959294)	(50, 6.7011435998053015)	(55, 8.710361646502713)	(60, 10.197929577535465)	(65, 12.334443981674301)	(70, 13.914859772283638)	(75, 16.117993004922646)	(80, 17.749903403702273)	(85, 19.998735466647933)	(90, 21.71195234917178)	(95, 24.011616645674746)	(100, 25.820642001575653)	(105, 28.093349658525813)	(110, 29.974794638780025)	(115, 32.17281955811585)	(120, 34.08641981503691)	(125, 36.21061505497208)	(130, 38.17438517083745)	(135, 40.22187542339286)	(140, 41.53309614969666)
IDDLNTM81_R2 - polyg	(1, 0.20626445808222477)	(2, 0.20957633114716256)	(3, 0.21175915657632613)	(4, 0.21374126242579647)	(5, 0.2164007968567314)	(6, 0.21825745296889348)	(7, 0.21958722018436094)	(8, 0.22114279692698324)	(9, 0.22274855356452883)	(10, 0.2271242404018406)	(15, 0.23089776850007276)	(20, 0.2331809537190829)	(25, 0.2347064225247512)	(30, 0.23573009238118656)	(35, 0.23697957176477674)	(40, 0.23805342151613534)	(45, 0.239036947456632)	(50, 0.24020613900834492)	(55, 0.2411746109803646)	(60, 0.24224846073172318)	(65, 0.24299112317658808)	(70, 0.2439495591696231)	(75, 0.24472232955144194)	(80, 0.24584635919772385)	(85, 0.24689511900162078)	(90, 0.24802416663739507)	(95, 0.24963494126443297)	(100, 0.26796063889042215)	(105, 0.6760988142490829)	(110, 1.8918021105663807)	(115, 3.1199349668561793)	(120, 5.00665385406683)	(125, 6.571674452913696)	(130, 8.507539529212227)	(135, 10.174907041744655)	(140, 11.252465087338107)
IDDLNTM82_R1 - nextera_transposase_sequence	(1, 0.0)	(2, 4.676441676822339e-05)	(3, 4.676441676822339e-05)	(4, 4.676441676822339e-05)	(5, 4.676441676822339e-05)	(6, 4.676441676822339e-05)	(7, 4.676441676822339e-05)	(8, 7.014662515233509e-05)	(9, 7.014662515233509e-05)	(10, 0.00021979275881064993)	(15, 0.0003600860091153201)	(20, 0.00173963630377791)	(25, 0.06966495165962239)	(30, 0.6896816184977586)	(35, 2.0202461865956343)	(40, 3.227128225224914)	(45, 5.1815254365692125)	(50, 6.551792994503311)	(55, 8.5155945300597)	(60, 9.979082276379575)	(65, 12.020021717395148)	(70, 13.500195007617924)	(75, 15.526155805942633)	(80, 17.01024795429059)	(85, 19.09739999195652)	(90, 20.73400493271068)	(95, 22.95464132159983)	(100, 24.744764489720716)	(105, 26.98946584747879)	(110, 28.83428467745179)	(115, 30.996030636304717)	(120, 32.86375467761079)	(125, 34.91817629998064)	(130, 36.81582956801837)	(135, 38.787992581292926)	(140, 40.06740155388804)
IDDLNTM82_R1 - polyg	(1, 0.0)	(2, 0.0)	(3, 0.0004676441676822339)	(4, 0.0007482306682915742)	(5, 0.001005434960516803)	(6, 0.0012158748359738082)	(7, 0.001543225753351372)	(8, 0.0019407232958812708)	(9, 0.002384985255179393)	(10, 0.00803412680078078)	(15, 0.012331776701780508)	(20, 0.014249117789277668)	(25, 0.015642697408970722)	(30, 0.017340245737657235)	(35, 0.01887411860765496)	(40, 0.029180996063371396)	(45, 0.044589871388501)	(50, 0.04678312253493068)	(55, 0.04870514006410466)	(60, 0.05117430126946686)	(65, 0.05367619756656681)	(70, 0.05791305372576784)	(75, 0.2681845772824075)	(80, 1.1263209778626604)	(85, 2.2856763397303936)	(90, 3.803382750851346)	(95, 5.429933342000338)	(100, 7.128459046997304)	(105, 8.882400585864612)	(110, 10.677279695170826)	(115, 12.494184844774871)	(120, 14.266355153298434)	(125, 16.090882902835702)	(130, 17.776917832113874)	(135, 19.737254124387736)	(140, 20.63175921188864)
IDDLNTM82_R2 - nextera_transposase_sequence	(1, 0.0)	(2, 4.676441676822339e-05)	(3, 4.676441676822339e-05)	(4, 4.676441676822339e-05)	(5, 4.676441676822339e-05)	(6, 4.676441676822339e-05)	(7, 4.676441676822339e-05)	(8, 4.676441676822339e-05)	(9, 4.676441676822339e-05)	(10, 0.00021979275881064993)	(15, 0.0003600860091153201)	(20, 0.0017723713955156665)	(25, 0.07252225752416083)	(30, 0.7168844797318341)	(35, 2.1027666764248414)	(40, 3.3542572922093283)	(45, 5.3761963506919725)	(50, 6.786522308029731)	(55, 8.800749914187296)	(60, 10.290070324329935)	(65, 12.374126557605813)	(70, 13.879795807850622)	(75, 15.925991569310947)	(80, 17.404911573164334)	(85, 19.48465612721418)	(90, 21.12852825833412)	(95, 23.37543222012198)	(100, 25.183714011273967)	(105, 27.44319760117248)	(110, 29.279467895760245)	(115, 31.428685667360963)	(120, 33.27528622161283)	(125, 35.31265753762899)	(130, 37.18622713103109)	(135, 39.12598240348526)	(140, 40.37104291196412)
IDDLNTM82_R2 - polyg	(1, 0.2219205397736041)	(2, 0.22521743115576384)	(3, 0.22692433236780402)	(4, 0.22898196670560583)	(5, 0.23143709858593756)	(6, 0.23342458629858706)	(7, 0.2351314875106272)	(8, 0.23641750897175337)	(9, 0.23824132122571406)	(10, 0.24275876388552448)	(15, 0.24690209121118906)	(20, 0.24917484186612468)	(25, 0.25096591902834764)	(30, 0.2524717332482845)	(35, 0.25352393262556944)	(40, 0.25445922096093393)	(45, 0.2554927145715117)	(50, 0.25663844278233316)	(55, 0.2576438777428499)	(60, 0.25895328141236024)	(65, 0.26008498029815125)	(70, 0.2610810623753144)	(75, 0.26195088052720333)	(80, 0.26300775634616513)	(85, 0.264013191306682)	(90, 0.26498589117546106)	(95, 0.2667395568042694)	(100, 0.28686696178131277)	(105, 0.7064045739340752)	(110, 1.9263806492584563)	(115, 3.1657546046582974)	(120, 5.071839497039345)	(125, 6.643526074435857)	(130, 8.5759627156658)	(135, 10.239120492260957)	(140, 11.30964684447745)
IDDLNTM83_R1 - nextera_transposase_sequence	(1, 0.0)	(2, 0.0)	(3, 0.0)	(4, 0.0)	(5, 0.0)	(6, 0.0)	(7, 0.0)	(8, 0.0)	(9, 0.0)	(10, 0.00014721305787780838)	(15, 0.0003222772348135805)	(20, 0.001273194014078343)	(25, 0.0630668697411119)	(30, 0.6114394890672422)	(35, 1.833793274670919)	(40, 2.967771480772383)	(45, 4.840440938916926)	(50, 6.1777243566789375)	(55, 8.121390296033523)	(60, 9.589084589418803)	(65, 11.670171928936675)	(70, 13.214802949353935)	(75, 15.336306241356207)	(80, 16.912015131910856)	(85, 19.088261787787207)	(90, 20.768667013612035)	(95, 23.00504821426582)	(100, 24.797780981982715)	(105, 27.056705674148276)	(110, 28.9212346480653)	(115, 31.108032899333324)	(120, 33.000651716185956)	(125, 35.09782108759416)	(130, 37.01517965563285)	(135, 39.02144297443586)	(140, 40.310635467047355)
IDDLNTM83_R1 - polyg	(1, 0.0)	(2, 0.0)	(3, 0.0002984048470496116)	(4, 0.0004973414117493527)	(5, 0.0007758526023289901)	(6, 0.0010145764799686795)	(7, 0.0015318115481880062)	(8, 0.0017705354258276955)	(9, 0.002247983181107074)	(10, 0.008307590941861186)	(15, 0.012926897974189172)	(20, 0.015186817349178233)	(25, 0.016583352033370417)	(30, 0.017737184108628918)	(35, 0.018894994915181408)	(40, 0.02891741904475436)	(45, 0.043169234539843816)	(50, 0.045063110635785344)	(55, 0.048858820290256406)	(60, 0.05592902579968519)	(65, 0.06272469884982837)	(70, 0.06737583573250831)	(75, 0.17860126905613355)	(80, 0.6628168462665973)	(85, 1.4062825758624695)	(90, 2.470939346628662)	(95, 3.7796753673562606)	(100, 5.270450280978004)	(105, 6.9223001523058345)	(110, 8.63068779532133)	(115, 10.394630463394876)	(120, 12.147030831984544)	(125, 13.952404029022457)	(130, 15.671550161456915)	(135, 17.559450202994874)	(140, 18.49397858805967)
IDDLNTM83_R2 - nextera_transposase_sequence	(1, 0.0)	(2, 0.0)	(3, 0.0)	(4, 0.0)	(5, 0.0)	(6, 0.0)	(7, 0.0)	(8, 0.0)	(9, 0.0)	(10, 0.00017904290822976695)	(15, 0.0003740007416355133)	(20, 0.0013209387896062806)	(25, 0.06446738315659808)	(30, 0.6290652686996392)	(35, 1.8889504265995694)	(40, 3.052124562936367)	(45, 4.9644858444698015)	(50, 6.321448067211913)	(55, 8.288787457765768)	(60, 9.759390203726957)	(65, 11.849688306190428)	(70, 13.39721186425842)	(75, 15.506369153055427)	(80, 17.048612934696287)	(85, 19.1792354788244)	(90, 20.831733883353145)	(95, 23.051854009208377)	(100, 24.827780615939435)	(105, 27.057465611825428)	(110, 28.87279757329221)	(115, 30.999771620823726)	(120, 32.82781562877482)	(125, 34.86116217149605)	(130, 36.707870407947276)	(135, 38.63767842620488)	(140, 39.85849244279778)
IDDLNTM83_R2 - polyg	(1, 0.2503616666746241)	(2, 0.25449954722037876)	(3, 0.2572846591261751)	(4, 0.25973157887198195)	(5, 0.2620790303354389)	(6, 0.2641280769518462)	(7, 0.26593839969061384)	(8, 0.2678084033987914)	(9, 0.2700563865798985)	(10, 0.27439320369035286)	(15, 0.27859872266810537)	(20, 0.28096606778803224)	(25, 0.28248196441104434)	(30, 0.28344481738419103)	(35, 0.28467424535403546)	(40, 0.2857206516843561)	(45, 0.2868227602527927)	(50, 0.2879447624776992)	(55, 0.28889170052567004)	(60, 0.28987842588658064)	(65, 0.29098451318631124)	(70, 0.2922099624248617)	(75, 0.29316087920412637)	(80, 0.2940123277010413)	(85, 0.29491549970477815)	(90, 0.2960892254365066)	(95, 0.2976011433282246)	(100, 0.31149885173814856)	(105, 0.6620768022459143)	(110, 1.7413076657420095)	(115, 2.9080706177059907)	(120, 4.694039542223092)	(125, 6.245147937186973)	(130, 8.131380890312744)	(135, 9.798107237948821)	(140, 10.856087697603689)
IDDLNTM84_R1 - nextera_transposase_sequence	(1, 0.0)	(2, 0.0)	(3, 0.0)	(4, 0.0)	(5, 0.0)	(6, 0.0)	(7, 0.0)	(8, 2.1036214474303948e-05)	(9, 2.1036214474303948e-05)	(10, 0.0008919354937104874)	(15, 0.0014472915558321117)	(20, 0.005995321125176626)	(25, 0.1041124326762251)	(30, 0.8308042544481602)	(35, 2.1588835828543913)	(40, 3.4838832094615846)	(45, 5.5326337950572055)	(50, 7.030105136896322)	(55, 9.111192591381842)	(60, 10.707201769061493)	(65, 12.91243233964567)	(70, 14.566615064832561)	(75, 16.801628707869458)	(80, 18.52231952873831)	(85, 20.785180912496294)	(90, 22.59827961630786)	(95, 24.841892863821855)	(100, 26.726371650587634)	(105, 28.936583596759327)	(110, 30.89422213022384)	(115, 33.0131032476339)	(120, 34.99568652422205)	(125, 37.01437635933388)	(130, 39.03057129940907)	(135, 40.966311133605835)	(140, 42.29276225901176)
IDDLNTM84_R1 - polyg	(1, 0.0)	(2, 0.0)	(3, 0.00029450700264025526)	(4, 0.00039968807501177504)	(5, 0.0007152312921263343)	(6, 0.0008835210079207658)	(7, 0.0013463177263554527)	(8, 0.0015356436566241883)	(9, 0.0018511868737387475)	(10, 0.006479154058085615)	(15, 0.010564386908995443)	(20, 0.012815261857745966)	(25, 0.014447672100951953)	(30, 0.01614319098758085)	(35, 0.01773773604473309)	(40, 0.029829352124562995)	(45, 0.04745769985402971)	(50, 0.04994838764778729)	(55, 0.05399575531264337)	(60, 0.06108916683337866)	(65, 0.06741686014724929)	(70, 0.07608798775355738)	(75, 0.2738999269412271)	(80, 0.9544088434562752)	(85, 1.9214436228400278)	(90, 3.297018516286342)	(95, 4.8932885430254744)	(100, 6.626500118749431)	(105, 8.486202452107376)	(110, 10.367647816745963)	(115, 12.324983428722048)	(120, 14.207345972311714)	(125, 16.21309853552186)	(130, 18.057940886975153)	(135, 20.124202017499186)	(140, 21.104476990273064)
IDDLNTM84_R2 - nextera_transposase_sequence	(1, 0.0)	(2, 0.0)	(3, 0.0)	(4, 0.0)	(5, 0.0)	(6, 0.0)	(7, 0.0)	(8, 2.1036214474303948e-05)	(9, 2.1036214474303948e-05)	(10, 0.0009340079226590952)	(15, 0.0015188146850447452)	(20, 0.006159403598076196)	(25, 0.10657366976971865)	(30, 0.8556606454709976)	(35, 2.2249120528463364)	(40, 3.584692956465344)	(45, 5.680661429069987)	(50, 7.2025179507277155)	(55, 9.311179675146155)	(60, 10.916798195597668)	(65, 13.13568126937567)	(70, 14.797268742057515)	(75, 17.019572304309037)	(80, 18.707093222194807)	(85, 20.929186422301584)	(90, 22.712981679350456)	(95, 24.944448616626982)	(100, 26.814437658862865)	(105, 28.999099018934068)	(110, 30.911349816048823)	(115, 32.98456551907806)	(120, 34.90761630870393)	(125, 36.87534801787321)	(130, 38.82461413797695)	(135, 40.69363972158991)	(140, 41.954478894050474)
IDDLNTM84_R2 - polyg	(1, 0.1907563928529882)	(2, 0.19525814275048925)	(3, 0.1971724382676509)	(4, 0.19885533542559522)	(5, 0.20175833302304916)	(6, 0.20377780961258235)	(7, 0.20508205490998918)	(8, 0.20594453970343565)	(9, 0.20756432821795706)	(10, 0.21098481669147887)	(15, 0.21470822665343067)	(20, 0.21683288431533537)	(25, 0.21855364665933347)	(30, 0.21983264849937112)	(35, 0.2212084169259906)	(40, 0.2225168694662923)	(45, 0.2237453843915916)	(50, 0.22488975445899378)	(55, 0.2260467462550805)	(60, 0.22713642216484944)	(65, 0.22804097938724452)	(70, 0.22940412608517943)	(75, 0.23039703540836656)	(80, 0.23135628678839484)	(85, 0.23304759843212888)	(90, 0.23504183156429287)	(95, 0.23863060975360914)	(100, 0.2705888267829717)	(105, 0.7816257922501324)	(110, 2.0164473746488794)	(115, 3.347387628223616)	(120, 5.345651299080906)	(125, 7.066304254763703)	(130, 9.108777633960191)	(135, 10.93066526817913)	(140, 12.059367563040801)
IDDLNTM85_R1 - nextera_transposase_sequence	(1, 0.0)	(2, 0.0)	(3, 0.0)	(4, 1.983904188537557e-05)	(5, 3.967808377075114e-05)	(6, 3.967808377075114e-05)	(7, 3.967808377075114e-05)	(8, 5.951712565612671e-05)	(9, 9.919520942687786e-05)	(10, 0.0007142055078735206)	(15, 0.0011030507288268818)	(20, 0.004376492639913851)	(25, 0.09155717830100826)	(30, 0.7770159144826196)	(35, 2.07324336195578)	(40, 3.3310941668058702)	(45, 5.287191954236885)	(50, 6.704596269545919)	(55, 8.699455577012582)	(60, 10.221721132110957)	(65, 12.34701420435721)	(70, 13.959971955530392)	(75, 16.15666573952211)	(80, 17.847158434191716)	(85, 20.11184855034137)	(90, 21.881967223522118)	(95, 24.111276392373394)	(100, 25.92984597364661)	(105, 28.097110522905563)	(110, 29.97741523471769)	(115, 32.063296066354454)	(120, 33.95930933153142)	(125, 35.932417113474955)	(130, 37.83628267143015)	(135, 39.722642258825694)	(140, 40.9838299905209)
IDDLNTM85_R1 - polyg	(1, 0.0)	(2, 0.0)	(3, 0.00031742467016600913)	(4, 0.0006546883822173939)	(5, 0.001011791136154154)	(6, 0.0013093767644347877)	(7, 0.001666479518371548)	(8, 0.002083099397964435)	(9, 0.002360845984359693)	(10, 0.008090361280856159)	(15, 0.012435111453753407)	(20, 0.014490436193078318)	(25, 0.015910911592071208)	(30, 0.017430582200490978)	(35, 0.018993898701058574)	(40, 0.030564027928609606)	(45, 0.04728040462122706)	(50, 0.049371439635945646)	(55, 0.051708478770042886)	(60, 0.05482717615442393)	(65, 0.05847359205295596)	(70, 0.0658497478259386)	(75, 0.3088859465385435)	(80, 1.154457654160267)	(85, 2.2966706516688804)	(90, 3.8019103410212267)	(95, 5.441619056272648)	(100, 7.140015625229388)	(105, 8.93440538225271)	(110, 10.769953215571427)	(115, 12.702454446583975)	(120, 14.587885566819281)	(125, 16.61895906134351)	(130, 18.48326556977927)	(135, 20.625326600227034)	(140, 21.596542927917223)
IDDLNTM85_R2 - nextera_transposase_sequence	(1, 0.0)	(2, 0.0)	(3, 0.0)	(4, 1.983904188537557e-05)	(5, 3.967808377075114e-05)	(6, 3.967808377075114e-05)	(7, 3.967808377075114e-05)	(8, 5.951712565612671e-05)	(9, 9.919520942687786e-05)	(10, 0.0008094329089233232)	(15, 0.0012577952555328112)	(20, 0.004737563202227686)	(25, 0.09510043118173635)	(30, 0.8084449246374316)	(35, 2.1580909762911547)	(40, 3.4639046488033287)	(45, 5.486983009447749)	(50, 6.94548191611815)	(55, 8.992359191408266)	(60, 10.540748796861305)	(65, 12.704724032975662)	(70, 14.347507799719315)	(75, 16.566774445568218)	(80, 18.250263958452283)	(85, 20.5073279469012)	(90, 22.276978418693453)	(95, 24.529915886430214)	(100, 26.3640154696913)	(105, 28.539846517236356)	(110, 30.40661703467428)	(115, 32.47767016640592)	(120, 34.343984385880475)	(125, 36.29788797527896)	(130, 38.17683966443451)	(135, 40.026620026401794)	(140, 41.245625987240324)
IDDLNTM85_R2 - polyg	(1, 0.19347033646618256)	(2, 0.19714055921497706)	(3, 0.19852929214695333)	(4, 0.20037432304229327)	(5, 0.20315178890624586)	(6, 0.2045603608801075)	(7, 0.20634587464979132)	(8, 0.20715927536709172)	(9, 0.2086472035084949)	(10, 0.2121864885808459)	(15, 0.21538454213276842)	(20, 0.21759857920717635)	(25, 0.2189793765223985)	(30, 0.22014987999363567)	(35, 0.22153067730885775)	(40, 0.2226773739298325)	(45, 0.22378836027541352)	(50, 0.2248596685372238)	(55, 0.2256691014461471)	(60, 0.22663327888177637)	(65, 0.2276768124849471)	(70, 0.2288711228064467)	(75, 0.23003765846930682)	(80, 0.23122403317405227)	(85, 0.23293812639294872)	(90, 0.2344220867259748)	(95, 0.23760426904438905)	(100, 0.2646409153257789)	(105, 0.7396629664208344)	(110, 1.9383735874106205)	(115, 3.218150501352427)	(120, 5.131792739148739)	(125, 6.763415060927682)	(130, 8.726488255485595)	(135, 10.462206030037104)	(140, 11.553543788534858)
IDDLNTM86_R1 - nextera_transposase_sequence	(1, 0.0)	(2, 0.0)	(3, 0.0)	(4, 0.0)	(5, 0.0)	(6, 0.0)	(7, 0.0)	(8, 0.0)	(9, 6.148216279492994e-05)	(10, 0.0009263312527769444)	(15, 0.0014263861768423745)	(20, 0.004279158530527124)	(25, 0.08120154180869046)	(30, 0.7578865219622484)	(35, 2.0960007082745156)	(40, 3.2761139338255183)	(45, 5.231111449946141)	(50, 6.515457435488815)	(55, 8.457211693743412)	(60, 9.824247089434413)	(65, 11.886297347413569)	(70, 13.32524228070952)	(75, 15.471744437503792)	(80, 17.01500000819762)	(85, 19.21612291841891)	(90, 20.857061349361324)	(95, 23.02738989364406)	(100, 24.763203499400753)	(105, 26.883797072793243)	(110, 28.704538039424005)	(115, 30.74856992489339)	(120, 32.64330262504242)	(125, 34.60112832065162)	(130, 36.5555274103877)	(135, 38.44485377902163)	(140, 39.76635548494671)
IDDLNTM86_R1 - polyg	(1, 0.0)	(2, 0.0)	(3, 0.0003279048682396263)	(4, 0.0006148216279492993)	(5, 0.0008812443333939958)	(6, 0.0012296432558985986)	(7, 0.0017829827210529682)	(8, 0.002192863806352501)	(9, 0.002705215162976917)	(10, 0.011599634713976782)	(15, 0.017731455750057794)	(20, 0.02036699112853379)	(25, 0.022190961958116713)	(30, 0.023654237432636043)	(35, 0.025260971287010214)	(40, 0.03719670849093261)	(45, 0.0542231687742752)	(50, 0.056411933769774714)	(55, 0.05864988449551016)	(60, 0.062301924965529)	(65, 0.06565065343242618)	(70, 0.07262273069337125)	(75, 0.30472199405508477)	(80, 1.224958315093625)	(85, 2.359865755746943)	(90, 3.8926816551981935)	(95, 5.4923614560943586)	(100, 7.152478223017937)	(105, 8.866912431365412)	(110, 10.613620676369372)	(115, 12.44991663018725)	(120, 14.202588644982319)	(125, 16.172624698122583)	(130, 17.899248769946862)	(135, 19.978604207347367)	(140, 20.843990241551122)
IDDLNTM86_R2 - nextera_transposase_sequence	(1, 0.0)	(2, 0.0)	(3, 0.0)	(4, 0.0)	(5, 0.0)	(6, 0.0)	(7, 0.0)	(8, 0.0)	(9, 6.148216279492994e-05)	(10, 0.0010165050915428415)	(15, 0.001569844556697211)	(20, 0.004533284803412834)	(25, 0.08340260323674895)	(30, 0.7831638884926704)	(35, 2.1680086173399373)	(40, 3.381855056211092)	(45, 5.385333307100945)	(50, 6.698846430673532)	(55, 8.67428061770719)	(60, 10.053083699357142)	(65, 12.132275184323523)	(70, 13.581766357944232)	(75, 15.723956565721153)	(80, 17.243836618120348)	(85, 19.407234073250667)	(90, 21.027034936624187)	(95, 23.192785109184122)	(100, 24.9254180377189)	(105, 27.032215013780206)	(110, 28.821628769061522)	(115, 30.829250917723748)	(120, 32.671067969760614)	(125, 34.5885900582523)	(130, 36.484044149111455)	(135, 38.31138010240469)	(140, 39.57231777916591)
IDDLNTM86_R2 - polyg	(1, 0.28736762890350254)	(2, 0.292224719764302)	(3, 0.294847958710219)	(4, 0.2977171263073157)	(5, 0.30101666904397695)	(6, 0.3040497890751935)	(7, 0.30644759342419575)	(8, 0.30831255236230865)	(9, 0.3108538150911658)	(10, 0.31645688952721035)	(15, 0.3210926446019481)	(20, 0.3236093144656872)	(25, 0.3253021233479743)	(30, 0.32683507860699457)	(35, 0.3280770182954521)	(40, 0.32899925073737607)	(45, 0.3301018308568318)	(50, 0.3313027824367595)	(55, 0.33224960774380136)	(60, 0.33318003780743133)	(65, 0.3338358475439106)	(70, 0.33483595739204147)	(75, 0.3357253993471414)	(80, 0.33639350551617964)	(85, 0.337852682179846)	(90, 0.33952499700786803)	(95, 0.3423080895770519)	(100, 0.36680258323455195)	(105, 0.8230330216597561)	(110, 2.0868275695855116)	(115, 3.2936445478437797)	(120, 5.214261238529478)	(125, 6.7239803388241)	(130, 8.623656204861845)	(135, 10.215388411514052)	(140, 11.232770648579434)
IDDLNTM88_R1 - nextera_transposase_sequence	(1, 0.0)	(2, 0.0)	(3, 0.0)	(4, 0.0)	(5, 0.0)	(6, 0.0)	(7, 0.0)	(8, 0.0)	(9, 1.7717327830095078e-05)	(10, 0.00016654288160289373)	(15, 0.0003649769532999586)	(20, 0.00205166656272501)	(25, 0.06311266519636469)	(30, 0.5350314092787771)	(35, 1.4649891428215056)	(40, 2.3920802127213245)	(45, 3.814402486662395)	(50, 4.898685232536384)	(55, 6.38709313928371)	(60, 7.582796616415601)	(65, 9.182621710955264)	(70, 10.44847517589763)	(75, 12.115388703998729)	(80, 13.444673746038408)	(85, 15.190170709997108)	(90, 16.579506862984108)	(95, 18.348078874708726)	(100, 19.790719380205353)	(105, 21.57071906838038)	(110, 23.086478985831803)	(115, 24.85080238234277)	(120, 26.417581117013736)	(125, 28.155909650132383)	(130, 29.768551459624337)	(135, 31.478454311972378)	(140, 32.564873767582675)
IDDLNTM88_R1 - polyg	(1, 0.0)	(2, 0.0)	(3, 0.00031891190094171144)	(4, 0.00044293319575237694)	(5, 0.0010276050141455146)	(6, 0.0012047782924464654)	(7, 0.0016299941603687472)	(8, 0.002019775372630839)	(9, 0.0022323833065919798)	(10, 0.007044409545245803)	(15, 0.011066242962677386)	(20, 0.01462033892539446)	(25, 0.018475629461223147)	(30, 0.0223238330659198)	(35, 0.026023211116843647)	(40, 0.04150106870921471)	(45, 0.06393474920768111)	(50, 0.06885307941331549)	(55, 0.07423206014253236)	(60, 0.08090794926891218)	(65, 0.08792401108962984)	(70, 0.09492589904808342)	(75, 0.2574788384236397)	(80, 0.8112126589598653)	(85, 1.6117736604282775)	(90, 2.673803442547667)	(95, 3.872260192424354)	(100, 5.161245400581696)	(105, 6.527467527681553)	(110, 7.956897993548057)	(115, 9.414204903022434)	(120, 10.91063167234566)	(125, 12.44723425425641)	(130, 13.94666588237962)	(135, 15.566908425510684)	(140, 16.348646537892403)
IDDLNTM88_R2 - nextera_transposase_sequence	(1, 0.0)	(2, 0.0)	(3, 0.0)	(4, 0.0)	(5, 0.0)	(6, 0.0)	(7, 0.0)	(8, 0.0)	(9, 1.7717327830095078e-05)	(10, 0.0001984340716970649)	(15, 0.00042521586792228195)	(20, 0.0021792313231016945)	(25, 0.06488085451380818)	(30, 0.5542121883876381)	(35, 1.5174643243886812)	(40, 2.4722723819459014)	(45, 3.932290042578282)	(50, 5.044077168175711)	(55, 6.563997114201643)	(60, 7.772591719062712)	(65, 9.393713041654147)	(70, 10.677379507996893)	(75, 12.355695908289443)	(80, 13.67280205917871)	(85, 15.398452072502142)	(90, 16.78026190462692)	(95, 18.560715156394394)	(100, 20.010559527386736)	(105, 21.792111253479682)	(110, 23.286450921584525)	(115, 25.029336351421072)	(120, 26.565903498676164)	(125, 28.27408068329355)	(130, 29.85169887913097)	(135, 31.518895884477352)	(140, 32.56313746945533)
IDDLNTM88_R2 - polyg	(1, 0.19875298359800658)	(2, 0.20320003288336044)	(3, 0.2051843736003311)	(4, 0.20754077820173375)	(5, 0.21179293688095657)	(6, 0.21390129889273787)	(7, 0.21549585839744645)	(8, 0.21662976737857254)	(9, 0.2181711748997908)	(10, 0.22349346017995134)	(15, 0.22873424575209347)	(20, 0.23292262205112796)	(25, 0.23620032769969557)	(30, 0.2391236867916612)	(35, 0.24201869815909877)	(40, 0.24509088280483726)	(45, 0.24812408932934954)	(50, 0.2509517748510327)	(55, 0.25393891632318677)	(60, 0.256592972032135)	(65, 0.2591194629807065)	(70, 0.26136956361512864)	(75, 0.26368699009530505)	(80, 0.26625600263066884)	(85, 0.26889942794291904)	(90, 0.27130898452781194)	(95, 0.27449810353722903)	(100, 0.29405803346165404)	(105, 0.6328452327631661)	(110, 1.4846376593850812)	(115, 2.4305835095616874)	(120, 3.822896173624143)	(125, 5.0512030774289745)	(130, 6.536347452389995)	(135, 7.878938207630074)	(140, 8.74320008957881)
IDDLNTM89_R1 - nextera_transposase_sequence	(1, 0.0)	(2, 0.0)	(3, 0.0)	(4, 0.0)	(5, 0.0)	(6, 2.1267857822669026e-05)	(7, 2.1267857822669026e-05)	(8, 2.1267857822669026e-05)	(9, 6.380357346800708e-05)	(10, 0.0003573000114208397)	(15, 0.0005869928759056651)	(20, 0.0026457215131400263)	(25, 0.08346783481084687)	(30, 0.7912578895777076)	(35, 2.1690450157605463)	(40, 3.420820084344071)	(45, 5.451704842116994)	(50, 6.8411765293876075)	(55, 8.858534929585312)	(60, 10.315285358292156)	(65, 12.382168092215732)	(70, 13.84081986741192)	(75, 15.863537767780937)	(80, 17.328863396761886)	(85, 19.439430310653215)	(90, 21.091679142037602)	(95, 23.33285622438951)	(100, 25.160011918507525)	(105, 27.40765017606596)	(110, 29.31069809403839)	(115, 31.460015044882624)	(120, 33.41058811794558)	(125, 35.47130742667215)	(130, 37.4580060830327)	(135, 39.43427072834544)	(140, 40.78411614292086)
IDDLNTM89_R1 - polyg	(1, 0.0)	(2, 0.0)	(3, 0.00027648215169469737)	(4, 0.00046789287209871857)	(5, 0.0006593035925027399)	(6, 0.000808178597261423)	(7, 0.0013611429006508177)	(8, 0.0019141072040402124)	(9, 0.002233125071380248)	(10, 0.009459943159523183)	(15, 0.014789668329884043)	(20, 0.016997271971877084)	(25, 0.018554079164496463)	(30, 0.019677022057533383)	(35, 0.02085951495247378)	(40, 0.03263340104310335)	(45, 0.04944776943770549)	(50, 0.051468215930859054)	(55, 0.0531228552694627)	(60, 0.055092258903841854)	(65, 0.05755507683970692)	(70, 0.0628124912934707)	(75, 0.3195665780718603)	(80, 1.290112509094668)	(85, 2.514966723246258)	(90, 4.130456189169939)	(95, 5.82241636468081)	(100, 7.565283284676019)	(105, 9.367291863704509)	(110, 11.181231710971513)	(115, 13.044980881259212)	(120, 14.79306267999254)	(125, 16.664038668368377)	(130, 18.342072650576966)	(135, 20.381579397911203)	(140, 21.273897894290666)
IDDLNTM89_R2 - nextera_transposase_sequence	(1, 0.0)	(2, 0.0)	(3, 0.0)	(4, 0.0)	(5, 0.0)	(6, 2.1267857822669026e-05)	(7, 2.1267857822669026e-05)	(8, 4.253571564533805e-05)	(9, 6.380357346800708e-05)	(10, 0.0003190178673400354)	(15, 0.0005529643033893946)	(20, 0.0025989322259301548)	(25, 0.08604124560738982)	(30, 0.8185870868798372)	(35, 2.2453711039145405)	(40, 3.541145116761603)	(45, 5.628359922763647)	(50, 7.050771268230011)	(55, 9.110975894797265)	(60, 10.585080895487408)	(65, 12.67754035522852)	(70, 14.151870795211584)	(75, 16.180756374349176)	(80, 17.630471395688282)	(85, 19.717358676679858)	(90, 21.36097275778824)	(95, 23.61032520468718)	(100, 25.44005005603017)	(105, 27.680414706213252)	(110, 29.5558271697309)	(115, 31.67544993748313)	(120, 33.58634569499212)	(125, 35.610454513262745)	(130, 37.556178514742136)	(135, 39.484581972810744)	(140, 40.78160653569778)
IDDLNTM89_R2 - polyg	(1, 0.23739182901663167)	(2, 0.24158159700769746)	(3, 0.24379345422125506)	(4, 0.246175454297394)	(5, 0.24847238294224225)	(6, 0.2508331151605585)	(7, 0.25285356165371203)	(8, 0.25425724027000823)	(9, 0.2564052939100978)	(10, 0.26092684048319725)	(15, 0.2646827441746805)	(20, 0.266813783528512)	(25, 0.26807709428317855)	(30, 0.2691617550321347)	(35, 0.2704548407877529)	(40, 0.2717479265433712)	(45, 0.27274326228947215)	(50, 0.2735769623161207)	(55, 0.2745255087750118)	(60, 0.27553360523580633)	(65, 0.276439615979052)	(70, 0.27755405172895986)	(75, 0.2785621481897544)	(80, 0.27932353749980593)	(85, 0.2805783411113434)	(90, 0.28184165186600996)	(95, 0.2840194805070513)	(100, 0.3081967812798614)	(105, 0.7951711754170786)	(110, 2.0915874775703855)	(115, 3.3670677004830574)	(120, 5.360325364196115)	(125, 6.969396190628915)	(130, 8.960463264986236)	(135, 10.637718843598513)	(140, 11.699214641814182)
IDDLNTM90_R1 - nextera_transposase_sequence	(1, 0.0)	(2, 0.0)	(3, 0.0)	(4, 0.0)	(5, 0.0)	(6, 0.0)	(7, 0.0)	(8, 0.0)	(9, 4.10056891293098e-05)	(10, 0.0002870398239051686)	(15, 0.0005658785099844752)	(20, 0.0023168214358060034)	(25, 0.06470697744605086)	(30, 0.5643325955043001)	(35, 1.5897782658366022)	(40, 2.5852692802599426)	(45, 4.15917424383459)	(50, 5.328955839333149)	(55, 6.9775895707770506)	(60, 8.28889820173651)	(65, 10.102506021685448)	(70, 11.510481464198344)	(75, 13.408823440164088)	(80, 14.89826078470127)	(85, 16.900609590574597)	(90, 18.478861157196953)	(95, 20.528354203862243)	(100, 22.196039178475623)	(105, 24.25254829855094)	(110, 25.983566560024535)	(115, 28.0123107279904)	(120, 29.79242510105852)	(125, 31.774779532912397)	(130, 33.604929047856096)	(135, 35.5494270275058)	(140, 36.78854104218419)
IDDLNTM90_R1 - polyg	(1, 0.0)	(2, 0.0)	(3, 0.000205028445646549)	(4, 0.0003075426684698235)	(5, 0.0006765938706336117)	(6, 0.0009636336945387803)	(7, 0.0014967076532198078)	(8, 0.0018042503216896312)	(9, 0.0021733015238534193)	(10, 0.006187758489612849)	(15, 0.009558426136042113)	(20, 0.011727627090982603)	(25, 0.013437564327674822)	(30, 0.015943011933475647)	(35, 0.018210626542326483)	(40, 0.030610746935029763)	(45, 0.049009999647351074)	(50, 0.05213053259009155)	(55, 0.056255704916500116)	(60, 0.0636777346489052)	(65, 0.07205109636911025)	(70, 0.0784356821665438)	(75, 0.20856723661840845)	(80, 0.6902856702338882)	(85, 1.4165292292652683)	(90, 2.4245351800108748)	(95, 3.6166484738092564)	(100, 4.933214034115093)	(105, 6.368404952503111)	(110, 7.869717544612139)	(115, 9.427117718312237)	(120, 11.011069075723565)	(125, 12.667067428935091)	(130, 14.282494753322078)	(135, 16.038030316326086)	(140, 16.897726890628807)
IDDLNTM90_R2 - nextera_transposase_sequence	(1, 0.0)	(2, 0.0)	(3, 0.0)	(4, 0.0)	(5, 0.0)	(6, 0.0)	(7, 0.0)	(8, 0.0)	(9, 4.10056891293098e-05)	(10, 0.0003075426684698235)	(15, 0.000610984768026716)	(20, 0.002456240778845657)	(25, 0.06609707030753446)	(30, 0.5810957212203621)	(35, 1.6436187356633858)	(40, 2.670540610804343)	(45, 4.284873083291576)	(50, 5.479545132091626)	(55, 7.162422714527414)	(60, 8.489334010200576)	(65, 10.325626177375849)	(70, 11.74876142315985)	(75, 13.654738658441474)	(80, 15.128720958745816)	(85, 17.11155105659359)	(90, 18.68343033912525)	(95, 20.743781692271988)	(100, 22.41669899281826)	(105, 24.47655827769545)	(110, 26.192158400056428)	(115, 28.20153968161543)	(120, 29.951264738469813)	(125, 31.90794550835983)	(130, 33.7011735008115)	(135, 35.60465348962515)	(140, 36.798033859217625)
IDDLNTM90_R2 - polyg	(1, 0.18181922559935965)	(2, 0.18622733718076045)	(3, 0.18768303914485096)	(4, 0.18942578093284662)	(5, 0.19227567632733367)	(6, 0.1936083612240362)	(7, 0.19531009732290258)	(8, 0.1961097082609241)	(9, 0.19750390169132065)	(10, 0.20117801143730682)	(15, 0.20505714962893956)	(20, 0.20764870918191192)	(25, 0.2095800771399024)	(30, 0.21122850584290065)	(35, 0.2131926783521946)	(40, 0.21514454915474973)	(45, 0.21661665339449193)	(50, 0.21792063430880404)	(55, 0.21944604594441436)	(60, 0.22079923368568152)	(65, 0.22236975157933409)	(70, 0.22370653704494964)	(75, 0.225166339577953)	(80, 0.22670405292030216)	(85, 0.22823356512482543)	(90, 0.22995170349934352)	(95, 0.23221931810819435)	(100, 0.2517175232891812)	(105, 0.6007784520024309)	(110, 1.5299386636902004)	(115, 2.5522186948217196)	(120, 4.077831258308779)	(125, 5.408736508103134)	(130, 7.031138900211016)	(135, 8.4977770815923)	(140, 9.450232625274431)
IDDLNTM91_R1 - nextera_transposase_sequence	(1, 0.0)	(2, 0.0)	(3, 0.0)	(4, 2.0324897552353886e-05)	(5, 2.0324897552353886e-05)	(6, 2.0324897552353886e-05)	(7, 2.0324897552353886e-05)	(8, 2.0324897552353886e-05)	(9, 4.064979510470777e-05)	(10, 0.0002357688116073051)	(15, 0.0003739781149633115)	(20, 0.0014674576032799509)	(25, 0.06723882608269713)	(30, 0.6664818455982572)	(35, 1.985547371848472)	(40, 3.1498347382580016)	(45, 5.115508425279783)	(50, 6.462345891545533)	(55, 8.46891733742216)	(60, 9.949582059131632)	(65, 12.095659536828105)	(70, 13.658176685960417)	(75, 15.894000781289062)	(80, 17.552825424983446)	(85, 19.87478643613897)	(90, 21.607418912804967)	(95, 23.91892479665956)	(100, 25.724982998223197)	(105, 28.00363571767417)	(110, 29.8786441016944)	(115, 32.07702567075211)	(120, 34.0018259887961)	(125, 36.12874521805973)	(130, 38.10021963084295)	(135, 40.137436957249015)	(140, 41.46092111622711)
IDDLNTM91_R1 - polyg	(1, 0.0)	(2, 0.0)	(3, 0.00018292407797118498)	(4, 0.00040649795104707776)	(5, 0.0008942954923035711)	(6, 0.0011585191604841715)	(7, 0.0018902154723689116)	(8, 0.0023780130136254046)	(9, 0.0029267852475389597)	(10, 0.010085214165477998)	(15, 0.015564806545592605)	(20, 0.017499736792576697)	(25, 0.019178573330401127)	(30, 0.0206013161590659)	(35, 0.021902109602416547)	(40, 0.035198657581166456)	(45, 0.053653664558703795)	(50, 0.056064197408412966)	(55, 0.0592308164470697)	(60, 0.06314132673614259)	(65, 0.06682826315213958)	(70, 0.07092169751918365)	(75, 0.2508864704067459)	(80, 1.0081352434943054)	(85, 2.0496033189744707)	(90, 3.459273173533569)	(95, 5.035460848759592)	(100, 6.719435520685257)	(105, 8.491994226103104)	(110, 10.314409905216873)	(115, 12.197922226373018)	(120, 14.067544512541886)	(125, 16.0661526635575)	(130, 17.923860494781174)	(135, 20.022219178004235)	(140, 20.964420453838702)
IDDLNTM91_R2 - nextera_transposase_sequence	(1, 0.0)	(2, 0.0)	(3, 0.0)	(4, 2.0324897552353886e-05)	(5, 2.0324897552353886e-05)	(6, 2.0324897552353886e-05)	(7, 2.0324897552353886e-05)	(8, 2.0324897552353886e-05)	(9, 4.064979510470777e-05)	(10, 0.0002357688116073051)	(15, 0.0003617831764318992)	(20, 0.0014186778491543013)	(25, 0.06882010311227027)	(30, 0.6884937096474566)	(35, 2.051253700655722)	(40, 3.249971443518939)	(45, 5.267754102885445)	(50, 6.64287163160554)	(55, 8.681349101659855)	(60, 10.17087547870215)	(65, 12.335875436019865)	(70, 13.908132276059263)	(75, 16.144704327617838)	(80, 17.775431832935848)	(85, 20.058763343803367)	(90, 21.77261561513099)	(95, 24.078109394289598)	(100, 25.870862917915463)	(105, 28.13009723024491)	(110, 29.96606555104659)	(115, 32.120350222374704)	(120, 33.988480661063235)	(125, 36.06010397404592)	(130, 37.964754188656514)	(135, 39.9340416424631)	(140, 41.19019348082976)
IDDLNTM91_R2 - polyg	(1, 0.2630041743274593)	(2, 0.2673740273012154)	(3, 0.26969106562218376)	(4, 0.27210972843091386)	(5, 0.27546333652705224)	(6, 0.2782478474917247)	(7, 0.28040228663227423)	(8, 0.28237380169485254)	(9, 0.2849550636840015)	(10, 0.2894915808176869)	(15, 0.2936378599183671)	(20, 0.2961215623992647)	(25, 0.29784511371170436)	(30, 0.2992597265813482)	(35, 0.30035320606966476)	(40, 0.30133286613168825)	(45, 0.3022434215420337)	(50, 0.3031946267474839)	(55, 0.30423932648167484)	(60, 0.30545069037579514)	(65, 0.3064872601509652)	(70, 0.3077758586557845)	(75, 0.30864169929151475)	(80, 0.3096335542920696)	(85, 0.3106091493745825)	(90, 0.31173108371947256)	(95, 0.3132107362612838)	(100, 0.3292877302251958)	(105, 0.7155989930232758)	(110, 1.89806088282412)	(115, 3.1068191250782005)	(120, 4.989843648693089)	(125, 6.563632986007934)	(130, 8.51431909357461)	(135, 10.213126875733982)	(140, 11.28836680098714)
IDDLNTM94_R1 - nextera_transposase_sequence	(1, 0.0)	(2, 0.0)	(3, 0.0)	(4, 0.0)	(5, 0.0)	(6, 0.0)	(7, 0.0)	(8, 0.0)	(9, 0.0)	(10, 0.00014129824398395962)	(15, 0.0002911600179063411)	(20, 0.001601380098484876)	(25, 0.0691462224877868)	(30, 0.6099930828086922)	(35, 1.731926830631147)	(40, 2.819726348119053)	(45, 4.55393107771382)	(50, 5.822151325709365)	(55, 7.615148970096368)	(60, 9.015517330336667)	(65, 10.92089845987055)	(70, 12.384281555162726)	(75, 14.355982942304715)	(80, 15.886611156438349)	(85, 17.962308051152533)	(90, 19.592298903161673)	(95, 21.725247277279173)	(100, 23.439922876849373)	(105, 25.598972890219187)	(110, 27.399626330371138)	(115, 29.532912963921206)	(120, 31.40506759729401)	(125, 33.51822993548878)	(130, 35.47995909201748)	(135, 37.57193097537964)	(140, 38.91013239003197)
IDDLNTM94_R1 - polyg	(1, 0.0)	(2, 0.0)	(3, 0.00017127059876843593)	(4, 0.0003211323726908174)	(5, 0.0007707176944579617)	(6, 0.0009633971180724522)	(7, 0.001434391264685651)	(8, 0.0017555236373764684)	(9, 0.0018625677616067409)	(10, 0.0065254098130774095)	(15, 0.010661594773335139)	(20, 0.014326785586979664)	(25, 0.0176408716731489)	(30, 0.021712830158868466)	(35, 0.02535233038269773)	(40, 0.04418781448225647)	(45, 0.0730426286097687)	(50, 0.07785961420013099)	(55, 0.08347728983973567)	(60, 0.09141568209265268)	(65, 0.09960241671378392)	(70, 0.1074123560176246)	(75, 0.2742727368677733)	(80, 0.8873101545695745)	(85, 1.7930019261519714)	(90, 3.006167240173403)	(95, 4.396768894518933)	(100, 5.881796311730474)	(105, 7.479532628226551)	(110, 9.129827609719692)	(115, 10.824126289801413)	(120, 12.530148442368835)	(125, 14.309204660016084)	(130, 16.00984463401721)	(135, 17.880791809668697)	(140, 18.775218257617098)
IDDLNTM94_R2 - nextera_transposase_sequence	(1, 0.0)	(2, 0.0)	(3, 0.0)	(4, 0.0)	(5, 0.0)	(6, 0.0)	(7, 0.0)	(8, 0.0)	(9, 0.0)	(10, 0.00014129824398395962)	(15, 0.0003125688427523956)	(20, 0.0017255512825919924)	(25, 0.0710344808392088)	(30, 0.6282077109877153)	(35, 1.7860098039572498)	(40, 2.9053616475032706)	(45, 4.6814163479071045)	(50, 5.972937960865097)	(55, 7.793608652248109)	(60, 9.203983497221454)	(65, 11.125160057726754)	(70, 12.599761377238266)	(75, 14.570015527820663)	(80, 16.077967514677358)	(85, 18.119551587881833)	(90, 19.73018029870021)	(95, 21.86112052504715)	(100, 23.56500607689493)	(105, 25.712542424262534)	(110, 27.481416604813)	(115, 29.575936138331837)	(120, 31.39827243628787)	(125, 33.46401422744864)	(130, 35.3661026797212)	(135, 37.39203690196321)	(140, 38.66510838966887)
IDDLNTM94_R2 - polyg	(1, 0.2022491683206768)	(2, 0.20533203909850864)	(3, 0.20710897156073116)	(4, 0.2092070363956445)	(5, 0.212932171918858)	(6, 0.21468769555623446)	(7, 0.2161649044706122)	(8, 0.21747084278622153)	(9, 0.21924777524844405)	(10, 0.22437304791658946)	(15, 0.22957967411914995)	(20, 0.2336987320195308)	(25, 0.23706848105029982)	(30, 0.24021129653770062)	(35, 0.24308436083204113)	(40, 0.24589748041681272)	(45, 0.24843228527858555)	(50, 0.2509114271957587)	(55, 0.2531079726249639)	(60, 0.25530879981913823)	(65, 0.25757813525282003)	(70, 0.2597275812673639)	(75, 0.26211252435521437)	(80, 0.264968461589678)	(85, 0.26718213407876)	(90, 0.269412933627719)	(95, 0.27238876028132053)	(100, 0.2930097403730402)	(105, 0.6718217689640975)	(110, 1.6850500677482263)	(115, 2.8024322994084097)	(120, 4.485324357612154)	(125, 5.946433835705681)	(130, 7.718138262900797)	(135, 9.298721828930216)	(140, 10.323442384891706)
IDDLNTM96_R1 - nextera_transposase_sequence	(1, 0.0)	(2, 0.0)	(3, 0.0)	(4, 0.0)	(5, 0.0)	(6, 0.0)	(7, 0.0)	(8, 0.0)	(9, 0.0)	(10, 0.00022217017242532542)	(15, 0.0005246997689193855)	(20, 0.0026045907448160486)	(25, 0.08064777259039313)	(30, 0.7766171093249785)	(35, 2.1908058892112985)	(40, 3.462531591298587)	(45, 5.530647548056708)	(50, 6.969643754855541)	(55, 9.040567564431123)	(60, 10.554123135690904)	(65, 12.692217969738058)	(70, 14.214480720946934)	(75, 16.291890008747362)	(80, 17.801782135674596)	(85, 19.90911349137826)	(90, 21.5574932681256)	(95, 23.804054416565762)	(100, 25.632831646297518)	(105, 27.94057467860366)	(110, 29.865457052496687)	(115, 32.08046058240256)	(120, 34.03753872319747)	(125, 36.14727613459825)	(130, 38.13538246713359)	(135, 40.15454062653407)	(140, 41.49874107508146)
IDDLNTM96_R1 - polyg	(1, 0.0)	(2, 0.0)	(3, 0.00035452687089147675)	(4, 0.0005436078687002643)	(5, 0.000898134739591741)	(6, 0.0011817562363049224)	(7, 0.0014890128577442023)	(8, 0.0019380802275400727)	(9, 0.0025762285951447307)	(10, 0.009099523019547903)	(15, 0.014568690881167084)	(20, 0.01690856822905083)	(25, 0.018076143390520095)	(30, 0.01936189417561985)	(35, 0.02057201256159609)	(40, 0.02940682218421169)	(45, 0.041285835871548764)	(50, 0.04318137287458187)	(55, 0.04557324749686303)	(60, 0.05016318871867135)	(65, 0.054871305564110164)	(70, 0.059423430586356726)	(75, 0.24234511489152305)	(80, 0.9788392364814769)	(85, 1.9815452219113676)	(90, 3.372647211965235)	(95, 4.950362692806484)	(100, 6.679409150243998)	(105, 8.48774199708768)	(110, 10.327944446112035)	(115, 12.187669508160145)	(120, 13.973104646169185)	(125, 15.808197181227754)	(130, 17.497654804749054)	(135, 19.37971978668827)	(140, 20.267166722878873)
IDDLNTM96_R2 - nextera_transposase_sequence	(1, 0.0)	(2, 0.0)	(3, 0.0)	(4, 0.0)	(5, 0.0)	(6, 0.0)	(7, 0.0)	(8, 0.0)	(9, 0.0)	(10, 0.00024580529715142384)	(15, 0.0005483348936454839)	(20, 0.0026093177697612685)	(25, 0.08301128506300297)	(30, 0.8025259330497276)	(35, 2.2655874238446736)	(40, 3.5783437024564693)	(45, 5.702016383395757)	(50, 7.172626933028221)	(55, 9.280880058596201)	(60, 10.806659716364322)	(65, 12.96422989318578)	(70, 14.496395761654892)	(75, 16.571857515177886)	(80, 18.05931518171511)	(85, 20.132706498312096)	(90, 21.76140294318754)	(95, 24.001421889103526)	(100, 25.82154866318553)	(105, 28.11157953302193)	(110, 29.997827932037673)	(115, 32.165282318019585)	(120, 34.06265340673143)	(125, 36.11906524972519)	(130, 38.04897245113497)	(135, 40.00137556425906)	(140, 41.28129792760136)
IDDLNTM96_R2 - polyg	(1, 0.2603172637332483)	(2, 0.264807937431207)	(3, 0.26743143627580396)	(4, 0.2698894892473182)	(5, 0.27326931208315025)	(6, 0.275609189431034)	(7, 0.2775945399080263)	(8, 0.27927263376357925)	(9, 0.28123434911584544)	(10, 0.28604173348513384)	(15, 0.2901778803122011)	(20, 0.2926217522088797)	(25, 0.29428093796465177)	(30, 0.29551469147535414)	(35, 0.2967342639112208)	(40, 0.2979254741974161)	(45, 0.29889924133613144)	(50, 0.300137721871779)	(55, 0.30129584298335776)	(60, 0.30265722616758106)	(65, 0.3035317257824467)	(70, 0.30441095242225763)	(75, 0.30516727641349267)	(80, 0.3061599516519889)	(85, 0.30805548865502197)	(90, 0.31058444700071447)	(95, 0.3143282507573285)	(100, 0.32943109545730537)	(105, 0.7210225689442498)	(110, 1.9404248319129018)	(115, 3.2756108438897646)	(120, 5.187990236802678)	(125, 6.935831345422384)	(130, 8.882930736557935)	(135, 10.698042137173065)	(140, 11.714371408495078)
IDDLNTM97_R1 - nextera_transposase_sequence	(1, 0.0)	(2, 8.267956761893318e-05)	(3, 0.0001102394234919109)	(4, 0.000303158414602755)	(5, 0.0003582781263487104)	(6, 0.0004409576939676436)	(7, 0.0007165562526974209)	(8, 0.0009370350996812427)	(9, 0.0023701476050760847)	(10, 0.046471428973015046)	(15, 0.07709042884789331)	(20, 0.2815349516848167)	(25, 1.4058888797635143)	(30, 4.850942519510999)	(35, 7.477209377185841)	(40, 9.961328010239038)	(45, 12.178303448344286)	(50, 13.877379586855714)	(55, 15.416740848612056)	(60, 16.607205358958854)	(65, 17.755497777848824)	(70, 18.637881683333948)	(75, 19.543895409244566)	(80, 20.286969755262966)	(85, 21.15814782335014)	(90, 21.947759741995654)	(95, 22.897202288790908)	(100, 23.793559041203636)	(105, 24.828938730582017)	(110, 25.834338808741762)	(115, 26.938491362465573)	(120, 28.066417047865407)	(125, 29.281338174313884)	(130, 30.58033890905964)	(135, 31.935782228633258)	(140, 32.88480586561924)
IDDLNTM97_R1 - polyg	(1, 0.0)	(2, 0.0)	(3, 0.0003582781263487104)	(4, 0.00060631682920551)	(5, 0.0010748343790461313)	(6, 0.0013779927936488864)	(7, 0.0018740701993624853)	(8, 0.0020669891904733294)	(9, 0.002315027893330129)	(10, 0.006167895744372415)	(15, 0.009271135515669706)	(20, 0.01098535855096892)	(25, 0.01201609716061829)	(30, 0.013289362501949861)	(35, 0.01575321361699407)	(40, 0.04269572871841709)	(45, 0.08478514060762868)	(50, 0.08960260341422518)	(55, 0.11004650450080007)	(60, 0.14712553459230432)	(65, 0.21152740579627868)	(70, 0.5370699353390661)	(75, 2.613390893010986)	(80, 5.61500645176226)	(85, 8.099676281932917)	(90, 10.607694821999159)	(95, 12.756327329510597)	(100, 14.663215805246626)	(105, 16.263357573145235)	(110, 17.63165480949801)	(115, 18.79422874570135)	(120, 19.799645359774622)	(125, 20.726108498742995)	(130, 21.549244226072396)	(135, 22.4482522366201)	(140, 22.911748380720667)
IDDLNTM97_R2 - nextera_transposase_sequence	(1, 0.0)	(2, 8.267956761893318e-05)	(3, 0.0001102394234919109)	(4, 0.0002755985587297773)	(5, 0.0003307182704757327)	(6, 0.0004133978380946659)	(7, 0.0005787569733325322)	(8, 0.0007441161085703986)	(9, 0.0022599081815841736)	(10, 0.047006090176950815)	(15, 0.0777022576482734)	(20, 0.28553113078639847)	(25, 1.4344519143902685)	(30, 4.9717814635716575)	(35, 7.674565505092235)	(40, 10.222639539684263)	(45, 12.486769891188176)	(50, 14.213736603843056)	(55, 15.770945628262742)	(60, 16.9646070818908)	(65, 18.117281517864573)	(70, 19.003303324324932)	(75, 19.90619727455073)	(80, 20.635734219364327)	(85, 21.489825176810257)	(90, 22.26883206291584)	(95, 23.21189174709092)	(100, 24.09783638595484)	(105, 25.11983300932129)	(110, 26.102253679654154)	(115, 27.179965307653426)	(120, 28.27101590589522)	(125, 29.451272245626665)	(130, 30.70596224409985)	(135, 32.013390782771566)	(140, 32.914873668376664)
IDDLNTM97_R2 - polyg	(1, 0.20124206758448335)	(2, 0.20485240870384344)	(3, 0.20642332048860318)	(4, 0.20804935198510885)	(5, 0.21091557699589855)	(6, 0.21176993252796086)	(7, 0.21259672820415018)	(8, 0.21336840416859357)	(9, 0.21411252027716396)	(10, 0.2165267636516368)	(15, 0.2186598964962053)	(20, 0.22005442520337795)	(25, 0.22115130746712247)	(30, 0.22193951934508963)	(35, 0.22261197982839026)	(40, 0.22328995228286552)	(45, 0.22392934093911862)	(50, 0.2244254183448322)	(55, 0.22491598377937122)	(60, 0.2256931717149892)	(65, 0.22631602445771848)	(70, 0.22712628422038406)	(75, 0.22773260104958956)	(80, 0.2289176748521276)	(85, 0.2621217892078912)	(90, 0.29651648933736735)	(95, 0.42682499987598066)	(100, 1.057025200181013)	(105, 4.137511554469574)	(110, 7.232858183044845)	(115, 9.875787729580491)	(120, 12.384611017438221)	(125, 14.345423107175318)	(130, 16.059139041126468)	(135, 17.428433944261847)	(140, 18.169744459504376)
IDDLNTM99_R1 - nextera_transposase_sequence	(1, 0.0)	(2, 0.0)	(3, 0.0)	(4, 0.0)	(5, 0.0)	(6, 0.0)	(7, 0.0)	(8, 0.0)	(9, 2.1396177615661318e-05)	(10, 0.0003765727260356392)	(15, 0.0006204891508541782)	(20, 0.0024006511284772)	(25, 0.06799705246257166)	(30, 0.570075477156157)	(35, 1.5333099972356137)	(40, 2.498555758010943)	(45, 3.9874729659295824)	(50, 5.098683450398953)	(55, 6.640607548742632)	(60, 7.857301188857212)	(65, 9.535031105763018)	(70, 10.815087386268617)	(75, 12.556727685712403)	(80, 13.92558238255852)	(85, 15.744082031233285)	(90, 17.186967502629592)	(95, 19.02535275878035)	(100, 20.541087935722462)	(105, 22.388724899074226)	(110, 23.983056794869707)	(115, 25.825361830759658)	(120, 27.485953409395318)	(125, 29.29283493362478)	(130, 31.018008734775556)	(135, 32.80525284718935)	(140, 33.97747239251202)
IDDLNTM99_R1 - polyg	(1, 0.0)	(2, 0.0)	(3, 0.00014977324330962922)	(4, 0.00029954648661925843)	(5, 0.0006204891508541782)	(6, 0.0009628279927047593)	(7, 0.0012623744793240177)	(8, 0.0015191286107119535)	(9, 0.0018614674525625347)	(10, 0.007565688404897841)	(15, 0.011695150684720474)	(20, 0.01395458704093431)	(25, 0.015503670300308192)	(30, 0.016958610378173162)	(35, 0.018670304587426065)	(40, 0.032719034809869284)	(45, 0.054474668209473706)	(50, 0.05699513793259862)	(55, 0.060773702899524405)	(60, 0.06878015256330487)	(65, 0.077261597370153)	(70, 0.08351783970497237)	(75, 0.21072239486560207)	(80, 0.6546160541511579)	(85, 1.3149149330770356)	(90, 2.2491020024254706)	(95, 3.3568163514724416)	(100, 4.599129774664016)	(105, 5.944564215492031)	(110, 7.3512302374205465)	(115, 8.792707840329742)	(120, 10.2325507752691)	(125, 11.743553117722625)	(130, 13.201240464793447)	(135, 14.787814106585486)	(140, 15.574234894084642)
IDDLNTM99_R2 - nextera_transposase_sequence	(1, 0.0)	(2, 0.0)	(3, 0.0)	(4, 0.0)	(5, 0.0)	(6, 0.0)	(7, 0.0)	(8, 2.1396177615661318e-05)	(9, 4.2792355231322635e-05)	(10, 0.0003765727260356392)	(15, 0.0006247683863773105)	(20, 0.002409209599523464)	(25, 0.06972158437839397)	(30, 0.5888228079829994)	(35, 1.5859060810504324)	(40, 2.5798056028886553)	(45, 4.109384106748097)	(50, 5.24663801861125)	(55, 6.81842690167087)	(60, 8.047688656516891)	(65, 9.747298304652471)	(70, 11.041608718685623)	(75, 12.788833420487098)	(80, 14.143742088763327)	(85, 15.9422277528964)	(90, 17.37443653166249)	(95, 19.217049672510107)	(100, 20.73662760295199)	(105, 22.58324182901373)	(110, 24.159472558546362)	(115, 25.983312693153994)	(120, 27.615126412896593)	(125, 29.397158416443215)	(130, 31.085517954388486)	(135, 32.83168996425126)	(140, 33.96078337397181)
IDDLNTM99_R2 - polyg	(1, 0.2120575163488193)	(2, 0.2150529812150119)	(3, 0.2170428257332684)	(4, 0.21860474669921168)	(5, 0.2207015721055465)	(6, 0.2222420968938741)	(7, 0.22361145226127643)	(8, 0.2247882420301378)	(9, 0.2262859744632341)	(10, 0.22940553715959755)	(15, 0.2329059518175197)	(20, 0.23495998486862318)	(25, 0.236410645710965)	(30, 0.2378399103756912)	(35, 0.2393119673956487)	(40, 0.24051871181317203)	(45, 0.24170833928860275)	(50, 0.24285089517327907)	(55, 0.24388219093435395)	(60, 0.24481078504287365)	(65, 0.2455724889659912)	(70, 0.24660806396258922)	(75, 0.247669314372326)	(80, 0.24861502542293828)	(85, 0.2498474452536003)	(90, 0.251032793493508)	(95, 0.2528300724132235)	(100, 0.27277986842206614)	(105, 0.6317692156931549)	(110, 1.5205493169056334)	(115, 2.4980936005744443)	(120, 3.961694851138234)	(125, 5.222293447720151)	(130, 6.757469191643851)	(135, 8.119340176116216)	(140, 9.002398939434268)
