Sample	0	1	2	3	4	5	6	7	8	9	10	11	12	13	14	15	16	17	18	19	20	21	22	23	24	25	26	27	28	29	30	31	32	33	34	35	36	37
IDDLNTM10.A_R1	(1, 0.0)	(2, 0.26113240897474166)	(3, 0.2674502732925029)	(4, 0.0)	(5, 0.0)	(6, 0.0)	(7, 0.0)	(8, 0.5103649769191545)	(9, 0.21983296069301225)	(10, 0.0462281003887102)	(15, 0.0)	(20, 0.0)	(25, 0.10602525027806681)	(30, 0.4171262224932842)	(35, 0.19568507815575079)	(40, 0.3376252332629095)	(45, 0.10929546300163528)	(50, 0.05465311604427028)	(55, 0.11343797176453103)	(60, 0.24763515338679706)	(65, 0.0593699761087807)	(70, 0.0)	(75, 0.20024758130795225)	(80, 0.05611412216775258)	(85, 0.057661280986477076)	(90, 0.0)	(95, 0.12109120285854642)	(100, 0.045998359868064324)	(105, 0.27461530578014587)	(110, 0.0)	(115, 0.0593699761087807)	(120, 0.0)	(125, 0.0)	(130, 0.0521510981866114)	(135, 0.0)	(140, 0.0)	(145, 0.0)	(150, 0.0)
IDDLNTM10.A_R2	(1, 0.0)	(2, 0.260755490933057)	(3, 0.29038842840073853)	(4, 0.0)	(5, 0.0)	(6, 0.0)	(7, 0.0)	(8, 0.0)	(9, 0.0)	(10, 0.0)	(15, 0.0)	(20, 0.08328093873412613)	(25, 0.0)	(30, 0.1656608638638443)	(35, 0.04970651545911399)	(40, 0.0)	(45, 0.05468183360935101)	(50, 0.0)	(55, 0.060202785496121965)	(60, 0.0)	(65, 0.0)	(70, 0.0)	(75, 0.13177054737294405)	(80, 0.33321708702301694)	(85, 0.3448764184457946)	(90, 0.2665277215142844)	(95, 0.2196175789549068)	(100, 0.2196175789549068)	(105, 0.27472299664919864)	(110, 0.10476526711014962)	(115, 0.05882793206788186)	(120, 0.11056262556082264)	(125, 0.0)	(130, 0.0)	(135, 0.052470581098134565)	(140, 0.0)	(145, 0.0)	(150, 0.1362020266344647)
IDDLNTM10.B_R1	(1, 0.0)	(2, 0.2804739455038798)	(3, 0.274623034969522)	(4, 0.0)	(5, 0.0)	(6, 0.0)	(7, 0.0)	(8, 0.5305405567065247)	(9, 0.2140693735284362)	(10, 0.04671158164902149)	(15, 0.0)	(20, 0.0)	(25, 0.10854852830024524)	(30, 0.4066535075556136)	(35, 0.19083538604590464)	(40, 0.3426110503906951)	(45, 0.10910969369722082)	(50, 0.05544227119731597)	(55, 0.11868430640065686)	(60, 0.25667009238565985)	(65, 0.061684692473749754)	(70, 0.0)	(75, 0.18928239343566988)	(80, 0.05656460199126714)	(85, 0.05836990152417307)	(90, 0.0)	(95, 0.12455696753179664)	(100, 0.04584590789709793)	(105, 0.2702598652550529)	(110, 0.0)	(115, 0.061684692473749754)	(120, 0.0)	(125, 0.0)	(130, 0.05436779171628522)	(135, 0.0)	(140, 0.0)	(145, 0.0)	(150, 0.0)
IDDLNTM10.B_R2	(1, 0.0)	(2, 0.2718389585814261)	(3, 0.300702000511139)	(4, 0.0)	(5, 0.0)	(6, 0.0)	(7, 0.0)	(8, 0.0)	(9, 0.0)	(10, 0.0)	(15, 0.0)	(20, 0.08695453581507642)	(25, 0.0)	(30, 0.16918049188974624)	(35, 0.05243198860268728)	(40, 0.0)	(45, 0.05512036236494239)	(50, 0.0)	(55, 0.06275917195478051)	(60, 0.0)	(65, 0.0)	(70, 0.0)	(75, 0.1368591050716954)	(80, 0.34509931866255583)	(85, 0.3527816294459579)	(90, 0.27479703974377795)	(95, 0.2280985084528257)	(100, 0.2280985084528257)	(105, 0.283980141705138)	(110, 0.10948815408122761)	(115, 0.061610740444690955)	(120, 0.11353376508267946)	(125, 0.0)	(130, 0.0)	(135, 0.05387622822901204)	(140, 0.0)	(145, 0.0)	(150, 0.1347231964677031)
IDDLNTM100_R1	(1, 0.0)	(2, 0.2758930350120264)	(3, 0.2740895415830651)	(4, 0.0)	(5, 0.0)	(6, 0.0)	(7, 0.0)	(8, 0.5163173659211466)	(9, 0.1982391685190479)	(10, 0.043715022333260294)	(15, 0.0)	(20, 0.0)	(25, 0.10703629851837833)	(30, 0.39591448621892633)	(35, 0.18823081647878895)	(40, 0.3416023852548035)	(45, 0.10527011874656791)	(50, 0.05394311035451913)	(55, 0.11590451103458126)	(60, 0.25474033736935814)	(65, 0.061476323137100115)	(70, 0.0)	(75, 0.18113292969630207)	(80, 0.05479303254517907)	(85, 0.05777812511725298)	(90, 0.0)	(95, 0.12069309703561651)	(100, 0.046695968943428555)	(105, 0.256597728303093)	(110, 0.0)	(115, 0.061476323137100115)	(120, 0.0)	(125, 0.0)	(130, 0.05456915060227352)	(135, 0.0)	(140, 0.0)	(145, 0.0)	(150, 0.0)
IDDLNTM100_R2	(1, 0.0)	(2, 0.2728457530113676)	(3, 0.29262199130135735)	(4, 0.0)	(5, 0.0)	(6, 0.0)	(7, 0.0)	(8, 0.0)	(9, 0.0)	(10, 0.0)	(15, 0.0)	(20, 0.0881929016571617)	(25, 0.0)	(30, 0.1683467831792521)	(35, 0.04950693111546483)	(40, 0.0)	(45, 0.054461355592726406)	(50, 0.0)	(55, 0.06536938136651319)	(60, 0.0)	(65, 0.0)	(70, 0.0)	(75, 0.13154307934272408)	(80, 0.33608825592027813)	(85, 0.34278398439791613)	(90, 0.2647362515239001)	(95, 0.2192384655712068)	(100, 0.2192384655712068)	(105, 0.27525041091664937)	(110, 0.1079028045566609)	(115, 0.06235526706109966)	(120, 0.11170050566224382)	(125, 0.0)	(130, 0.0)	(135, 0.05225570385891624)	(140, 0.0)	(145, 0.0)	(150, 0.13049415098059255)
IDDLNTM101_R1	(1, 0.0)	(2, 0.2774059105576837)	(3, 0.2713802317700748)	(4, 0.0)	(5, 0.0)	(6, 0.0)	(7, 0.0)	(8, 0.5251940779220355)	(9, 0.21165452066848675)	(10, 0.045578642870069616)	(15, 0.0)	(20, 0.0)	(25, 0.10627254778363278)	(30, 0.4097379871454909)	(35, 0.1925643532281502)	(40, 0.3424546450221561)	(45, 0.10727342324326952)	(50, 0.05465597050808115)	(55, 0.115627669426768)	(60, 0.25459412048988156)	(65, 0.061261748541683606)	(70, 0.0)	(75, 0.1910078897582661)	(80, 0.055285092225567094)	(85, 0.05822235530915409)	(90, 0.0)	(95, 0.12184126768843115)	(100, 0.046465132562890726)	(105, 0.2662778095289063)	(110, 0.0)	(115, 0.061261748541683606)	(120, 0.0)	(125, 0.0)	(130, 0.05340589748502465)	(135, 0.0)	(140, 0.0)	(145, 0.0)	(150, 0.0)
IDDLNTM101_R2	(1, 0.0)	(2, 0.2670294874251233)	(3, 0.2942982371927772)	(4, 0.0)	(5, 0.0)	(6, 0.0)	(7, 0.0)	(8, 0.0)	(9, 0.0)	(10, 0.0)	(15, 0.0)	(20, 0.08623052735515187)	(25, 0.0)	(30, 0.1679346465091711)	(35, 0.05160432165767854)	(40, 0.0)	(45, 0.054692737361700466)	(50, 0.0)	(55, 0.062319816884728145)	(60, 0.0)	(65, 0.0)	(70, 0.0)	(75, 0.13502014210797444)	(80, 0.3401587592739282)	(85, 0.34750804479183217)	(90, 0.2710534152934587)	(95, 0.22503357017995743)	(100, 0.22503357017995743)	(105, 0.280339088435313)	(110, 0.10782084084160146)	(115, 0.06164575790170749)	(120, 0.11224103368783389)	(125, 0.0)	(130, 0.0)	(135, 0.054271961148057254)	(140, 0.0)	(145, 0.0)	(150, 0.13612927552549026)
IDDLNTM102_R1	(1, 0.0)	(2, 0.321081528551195)	(3, 0.3103775931927355)	(4, 0.0)	(5, 0.0)	(6, 0.0)	(7, 0.0)	(8, 0.58506322445641)	(9, 0.11657425846021881)	(10, 0.03520243041437381)	(15, 0.0)	(20, 0.0)	(25, 0.10940664031233573)	(30, 0.33102559409581156)	(35, 0.1484449519985124)	(40, 0.37212432200798523)	(45, 0.09499103317087462)	(50, 0.061220665097973886)	(55, 0.13492073060021312)	(60, 0.28356295649270397)	(65, 0.0705436831985843)	(70, 0.0)	(75, 0.1370249854693164)	(80, 0.06168097085059023)	(85, 0.0657725775405133)	(90, 0.0)	(95, 0.12630643722982152)	(100, 0.05236525919049753)	(105, 0.22104905142309367)	(110, 0.0)	(115, 0.0705436831985843)	(120, 0.0)	(125, 0.0)	(130, 0.061081842728137214)	(135, 0.0)	(140, 0.0)	(145, 0.0)	(150, 0.0)
IDDLNTM102_R2	(1, 0.0)	(2, 0.3054092136406861)	(3, 0.33598666720734327)	(4, 0.0)	(5, 0.0)	(6, 0.0)	(7, 0.0)	(8, 0.0)	(9, 0.0)	(10, 0.0)	(15, 0.0)	(20, 0.09960870357807353)	(25, 0.0)	(30, 0.19090998428749967)	(35, 0.05452796558374259)	(40, 0.0)	(45, 0.060226989187563994)	(50, 0.0)	(55, 0.07168348791934859)	(60, 0.0)	(65, 0.0)	(70, 0.0)	(75, 0.13899041796858305)	(80, 0.35046803231346385)	(85, 0.36530010656443496)	(90, 0.2716534584488207)	(95, 0.23165069661430504)	(100, 0.23165069661430504)	(105, 0.28810025605420797)	(110, 0.11853969095948544)	(115, 0.07077748929515133)	(120, 0.1274389355100681)	(125, 0.0)	(130, 0.0)	(135, 0.053417386625049176)	(140, 0.0)	(145, 0.0)	(150, 0.12771658024974145)
IDDLNTM105_R1	(1, 0.0)	(2, 0.28182380590970263)	(3, 0.2728183018374545)	(4, 0.0)	(5, 0.0)	(6, 0.0)	(7, 0.0)	(8, 0.5327278641265873)	(9, 0.21472897387000695)	(10, 0.0458540878738209)	(15, 0.0)	(20, 0.0)	(25, 0.10643332291620161)	(30, 0.40423233180052687)	(35, 0.19298820738170708)	(40, 0.3466481284241006)	(45, 0.10970387708634953)	(50, 0.05614536363230501)	(55, 0.11927573297277301)	(60, 0.25480729369295824)	(65, 0.06107415509620965)	(70, 0.0)	(75, 0.19083505003412143)	(80, 0.05668620410349952)	(85, 0.05793625990956229)	(90, 0.0)	(95, 0.11077535349154617)	(100, 0.04764498415107817)	(105, 0.26034325511980766)	(110, 0.0)	(115, 0.06107415509620965)	(120, 0.0)	(125, 0.0)	(130, 0.05440549004100949)	(135, 0.0)	(140, 0.0)	(145, 0.0)	(150, 0.0)
IDDLNTM105_R2	(1, 0.0)	(2, 0.2720274502050474)	(3, 0.2985847582481361)	(4, 0.0)	(5, 0.0)	(6, 0.0)	(7, 0.0)	(8, 0.0)	(9, 0.0)	(10, 0.0)	(15, 0.0)	(20, 0.08605996441167654)	(25, 0.0)	(30, 0.1707525208395783)	(35, 0.05172169675942166)	(40, 0.0)	(45, 0.05486979648326137)	(50, 0.0)	(55, 0.06381917560095157)	(60, 0.0)	(65, 0.0)	(70, 0.0)	(75, 0.13035275809506802)	(80, 0.3293667446888573)	(85, 0.3300147328005714)	(90, 0.2615984131944666)	(95, 0.21725459682511333)	(100, 0.21725459682511333)	(105, 0.27276727915149274)	(110, 0.10805074206118896)	(115, 0.06179867723686644)	(120, 0.1136989533971542)	(125, 0.0)	(130, 0.0)	(135, 0.053466672619313364)	(140, 0.0)	(145, 0.0)	(150, 0.13241662574222063)
IDDLNTM107_R1	(1, 0.0)	(2, 0.2697393783521931)	(3, 0.2647347921180895)	(4, 0.0)	(5, 0.0)	(6, 0.0)	(7, 0.0)	(8, 0.5110151724979219)	(9, 0.2176017553586216)	(10, 0.04521721859172507)	(15, 0.0)	(20, 0.0)	(25, 0.10754777620428722)	(30, 0.4136016834176945)	(35, 0.19162091510423224)	(40, 0.340882699536372)	(45, 0.10689483409405649)	(50, 0.054217654147120764)	(55, 0.11490217206862226)	(60, 0.25205520371402856)	(65, 0.05905411756242243)	(70, 0.0)	(75, 0.19490126498736732)	(80, 0.05499571091320406)	(85, 0.05684115208702975)	(90, 0.0)	(95, 0.12201024845424752)	(100, 0.04535406274656384)	(105, 0.27125639355440573)	(110, 0.0)	(115, 0.05905411756242243)	(120, 0.0)	(125, 0.0)	(130, 0.05278665527080677)	(135, 0.0)	(140, 0.0)	(145, 0.0)	(150, 0.0)
IDDLNTM107_R2	(1, 0.0)	(2, 0.2639332763540338)	(3, 0.2870012910268551)	(4, 0.0)	(5, 0.0)	(6, 0.0)	(7, 0.0)	(8, 0.0)	(9, 0.0)	(10, 0.0)	(15, 0.0)	(20, 0.08713453813533809)	(25, 0.0)	(30, 0.16617572197021177)	(35, 0.05006541150601293)	(40, 0.0)	(45, 0.05379148235062287)	(50, 0.0)	(55, 0.061724533498276155)	(60, 0.0)	(65, 0.0)	(70, 0.0)	(75, 0.1327544695255887)	(80, 0.33549494966871984)	(85, 0.3446087703809819)	(90, 0.2685742481195658)	(95, 0.22125744920931445)	(100, 0.22125744920931445)	(105, 0.2776216016709062)	(110, 0.10635136730769681)	(115, 0.05964841217772224)	(120, 0.1100070611583897)	(125, 0.0)	(130, 0.0)	(135, 0.05383058068057681)	(140, 0.0)	(145, 0.0)	(150, 0.1369712244111205)
IDDLNTM108.A_R1	(1, 0.0)	(2, 0.2698175212629652)	(3, 0.2619710085154378)	(4, 0.0)	(5, 0.0)	(6, 0.0)	(7, 0.0)	(8, 0.5091953046309999)	(9, 0.19145096806843895)	(10, 0.04455163192679006)	(15, 0.0)	(20, 0.0)	(25, 0.10610929876819608)	(30, 0.4013234977230327)	(35, 0.18800481121349474)	(40, 0.341705772726744)	(45, 0.10445325085163248)	(50, 0.05508725105311833)	(55, 0.11569071885688532)	(60, 0.24703897646775624)	(65, 0.060536437292858465)	(70, 0.0)	(75, 0.18316284254316123)	(80, 0.05565109593899593)	(85, 0.05785127388528753)	(90, 0.0)	(95, 0.12113596212539555)	(100, 0.04614459230367503)	(105, 0.26111932672977656)	(110, 0.0)	(115, 0.060536437292858465)	(120, 0.0)	(125, 0.0)	(130, 0.052563749465973836)	(135, 0.0)	(140, 0.0)	(145, 0.0)	(150, 0.0)
IDDLNTM108.A_R2	(1, 0.0)	(2, 0.26281874732986915)	(3, 0.2948751034290641)	(4, 0.0)	(5, 0.0)	(6, 0.0)	(7, 0.0)	(8, 0.0)	(9, 0.0)	(10, 0.0)	(15, 0.0)	(20, 0.08195859998497729)	(25, 0.0)	(30, 0.1670479191265057)	(35, 0.04978789772011489)	(40, 0.0)	(45, 0.05537903092413191)	(50, 0.0)	(55, 0.06284307546235773)	(60, 0.0)	(65, 0.0)	(70, 0.0)	(75, 0.13533460152431326)	(80, 0.34275460307390093)	(85, 0.350798264382924)	(90, 0.2713119073591023)	(95, 0.22555766920718875)	(100, 0.22555766920718875)	(105, 0.2805857756918584)	(110, 0.10721333071257179)	(115, 0.06082821716387205)	(120, 0.1095633415656001)	(125, 0.0)	(130, 0.0)	(135, 0.05347851879131372)	(140, 0.0)	(145, 0.0)	(150, 0.13461303778923914)
IDDLNTM108.B_R1	(1, 0.0)	(2, 0.2781379840934208)	(3, 0.27579239079658324)	(4, 0.0)	(5, 0.0)	(6, 0.0)	(7, 0.0)	(8, 0.5281041581690348)	(9, 0.19742488422645293)	(10, 0.045198348307271735)	(15, 0.0)	(20, 0.0)	(25, 0.10766520137041906)	(30, 0.4005532637325846)	(35, 0.18694625480352817)	(40, 0.3468218939159754)	(45, 0.10631216439498012)	(50, 0.057805295016379654)	(55, 0.1199956149750577)	(60, 0.2532351904177329)	(65, 0.06161750138513457)	(70, 0.0)	(75, 0.18083289795829682)	(80, 0.05715346698441637)	(85, 0.05958300783082495)	(90, 0.0)	(95, 0.12556084370250173)	(100, 0.04788960798469587)	(105, 0.2632743297281976)	(110, 0.0)	(115, 0.06161750138513457)	(120, 0.0)	(125, 0.0)	(130, 0.054299250299001414)	(135, 0.0)	(140, 0.0)	(145, 0.0)	(150, 0.0)
IDDLNTM108.B_R2	(1, 0.0)	(2, 0.2714962514950071)	(3, 0.30048284655276797)	(4, 0.0)	(5, 0.0)	(6, 0.0)	(7, 0.0)	(8, 0.0)	(9, 0.0)	(10, 0.0)	(15, 0.0)	(20, 0.08367595455771)	(25, 0.0)	(30, 0.17308009485085485)	(35, 0.05197340936676882)	(40, 0.0)	(45, 0.055188106706224066)	(50, 0.0)	(55, 0.06385939476779615)	(60, 0.0)	(65, 0.0)	(70, 0.0)	(75, 0.13131371989369278)	(80, 0.33624450267002587)	(85, 0.3437207726729986)	(90, 0.26489896171695454)	(95, 0.2188561998228213)	(100, 0.2188561998228213)	(105, 0.27518006749382984)	(110, 0.10722077316680774)	(115, 0.06295078599596854)	(120, 0.11426249114847162)	(125, 0.0)	(130, 0.0)	(135, 0.05559796827177674)	(140, 0.0)	(145, 0.0)	(150, 0.13448891250393813)
IDDLNTM109_R1	(1, 0.0)	(2, 0.2741600720851478)	(3, 0.27016769499856225)	(4, 0.0)	(5, 0.0)	(6, 0.0)	(7, 0.0)	(8, 0.5262609973564399)	(9, 0.20502625114275477)	(10, 0.045129022004062117)	(15, 0.0)	(20, 0.0)	(25, 0.10866340774147185)	(30, 0.4078390071413014)	(35, 0.19046670888142184)	(40, 0.34543158354352277)	(45, 0.1084612620662017)	(50, 0.05624703414392065)	(55, 0.1171939552378724)	(60, 0.2527932742090924)	(65, 0.06082058004690791)	(70, 0.0)	(75, 0.19099228763712425)	(80, 0.0552767349026239)	(85, 0.05816236441710536)	(90, 0.0)	(95, 0.12409217640646644)	(100, 0.04737283899956084)	(105, 0.26562447094686553)	(110, 0.0)	(115, 0.06082058004690791)	(120, 0.0)	(125, 0.0)	(130, 0.053962788013367895)	(135, 0.0)	(140, 0.0)	(145, 0.0)	(150, 0.0)
IDDLNTM109_R2	(1, 0.0)	(2, 0.26981394006683945)	(3, 0.2925805967441407)	(4, 0.0)	(5, 0.0)	(6, 0.0)	(7, 0.0)	(8, 0.0)	(9, 0.0)	(10, 0.0)	(15, 0.0)	(20, 0.08429474658765465)	(25, 0.0)	(30, 0.16962043611918712)	(35, 0.05147639620754499)	(40, 0.0)	(45, 0.05502910645041796)	(50, 0.0)	(55, 0.06332213277837608)	(60, 0.0)	(65, 0.0)	(70, 0.0)	(75, 0.12997461555682793)	(80, 0.33240329477236125)	(85, 0.34083276943112667)	(90, 0.26338570759324853)	(95, 0.2166243592613799)	(100, 0.2166243592613799)	(105, 0.27285117883777354)	(110, 0.10670764833323311)	(115, 0.06177066472067763)	(120, 0.1113418379388014)	(125, 0.0)	(130, 0.0)	(135, 0.053892037027023346)	(140, 0.0)	(145, 0.0)	(150, 0.13375726650532074)
IDDLNTM111_R1	(1, 0.0)	(2, 0.2728139190743493)	(3, 0.2722536072008963)	(4, 0.0)	(5, 0.0)	(6, 0.0)	(7, 0.0)	(8, 0.5166655106209048)	(9, 0.20234987071286545)	(10, 0.04501816086708456)	(15, 0.0)	(20, 0.0)	(25, 0.10683794949812479)	(30, 0.404417653379096)	(35, 0.19280138354526324)	(40, 0.3437919086714832)	(45, 0.10533090376952711)	(50, 0.0557877414968326)	(55, 0.11639802932517777)	(60, 0.2531720897449595)	(65, 0.06056778141035909)	(70, 0.0)	(75, 0.18601194932693985)	(80, 0.0554979250105638)	(85, 0.058318805476913316)	(90, 0.0)	(95, 0.11824126217784724)	(100, 0.04750285420936227)	(105, 0.2596021515203097)	(110, 0.0)	(115, 0.06056778141035909)	(120, 0.0)	(125, 0.0)	(130, 0.054110670096290565)	(135, 0.0)	(140, 0.0)	(145, 0.0)	(150, 0.0)
IDDLNTM111_R2	(1, 0.0)	(2, 0.27055335048145285)	(3, 0.2936034216893635)	(4, 0.0)	(5, 0.0)	(6, 0.0)	(7, 0.0)	(8, 0.0)	(9, 0.0)	(10, 0.0)	(15, 0.0)	(20, 0.08630734961084408)	(25, 0.0)	(30, 0.1701145490001428)	(35, 0.05037783375314861)	(40, 0.0)	(45, 0.05572977819957885)	(50, 0.0)	(55, 0.06238396472431014)	(60, 0.0)	(65, 0.0)	(70, 0.0)	(75, 0.13344310293759923)	(80, 0.33889207794363224)	(85, 0.3445145177772467)	(90, 0.2694134056354623)	(95, 0.22240517156266537)	(100, 0.22240517156266537)	(105, 0.2777021571427495)	(110, 0.10714322286366125)	(115, 0.06089237587498012)	(120, 0.11376263141004028)	(125, 0.0)	(130, 0.0)	(135, 0.054187954492628906)	(140, 0.0)	(145, 0.0)	(150, 0.1349868587544576)
IDDLNTM112_R1	(1, 0.0)	(2, 0.27093986769658124)	(3, 0.26615679517188184)	(4, 0.0)	(5, 0.0)	(6, 0.0)	(7, 0.0)	(8, 0.516733286592422)	(9, 0.2074682934764138)	(10, 0.04441597473568983)	(15, 0.0)	(20, 0.0)	(25, 0.10442032591896547)	(30, 0.4049789161355842)	(35, 0.19313925764292608)	(40, 0.3390936057383954)	(45, 0.1067089353042014)	(50, 0.053408958351749164)	(55, 0.11550413786227738)	(60, 0.25004772981654394)	(65, 0.059758133947826975)	(70, 0.0)	(75, 0.1902976685649612)	(80, 0.054034592310676095)	(85, 0.05681967251493146)	(90, 0.0)	(95, 0.12373021533513597)	(100, 0.04545331620307191)	(105, 0.2667582110420761)	(110, 0.0)	(115, 0.059758133947826975)	(120, 0.0)	(125, 0.0)	(130, 0.05293266927334028)	(135, 0.0)	(140, 0.0)	(145, 0.0)	(150, 0.0)
IDDLNTM112_R2	(1, 0.0)	(2, 0.2646633463667014)	(3, 0.2884778002871458)	(4, 0.0)	(5, 0.0)	(6, 0.0)	(7, 0.0)	(8, 0.0)	(9, 0.0)	(10, 0.0)	(15, 0.0)	(20, 0.0848642192673463)	(25, 0.0)	(30, 0.16758917402997475)	(35, 0.05089834981979724)	(40, 0.0)	(45, 0.053558303232267214)	(50, 0.0)	(55, 0.06240194196780851)	(60, 0.0)	(65, 0.0)	(70, 0.0)	(75, 0.13384126738101956)	(80, 0.33709157706982923)	(85, 0.3468555031772114)	(90, 0.26809020592237215)	(95, 0.22306877896836594)	(100, 0.22306877896836594)	(105, 0.2784878386849255)	(110, 0.10756867745421066)	(115, 0.06065823957905733)	(120, 0.11054750236832726)	(125, 0.0)	(130, 0.0)	(135, 0.052755069955967474)	(140, 0.0)	(145, 0.0)	(150, 0.13039422608473827)
IDDLNTM113_R1	(1, 0.0)	(2, 0.2749999541360984)	(3, 0.2679827771876623)	(4, 0.0)	(5, 0.0)	(6, 0.0)	(7, 0.0)	(8, 0.5040442788451837)	(9, 0.21331300645213366)	(10, 0.04567127323694576)	(15, 0.0)	(20, 0.0)	(25, 0.10669778073752823)	(30, 0.4049323874362263)	(35, 0.19071127573194202)	(40, 0.3409430718907485)	(45, 0.10678950854077576)	(50, 0.05608237890554055)	(55, 0.11554034097059024)	(60, 0.24898594913509856)	(65, 0.05944878928472493)	(70, 0.0)	(75, 0.18752832095925268)	(80, 0.05510089141079196)	(85, 0.05754085097717629)	(90, 0.0)	(95, 0.12096145414251933)	(100, 0.04548781763045069)	(105, 0.2680928505515593)	(110, 0.0)	(115, 0.05944878928472493)	(120, 0.0)	(125, 0.0)	(130, 0.0534314453916869)	(135, 0.0)	(140, 0.0)	(145, 0.0)	(150, 0.0)
IDDLNTM113_R2	(1, 0.0)	(2, 0.26715722695843447)	(3, 0.29889504688208024)	(4, 0.0)	(5, 0.0)	(6, 0.0)	(7, 0.0)	(8, 0.0)	(9, 0.0)	(10, 0.0)	(15, 0.0)	(20, 0.08437123342707915)	(25, 0.0)	(30, 0.16597228719608287)	(35, 0.04969812379951238)	(40, 0.0)	(45, 0.053761665483378004)	(50, 0.0)	(55, 0.06203551333630532)	(60, 0.0)	(65, 0.0)	(70, 0.0)	(75, 0.13288606856469837)	(80, 0.33704464025272846)	(85, 0.34377746101109724)	(90, 0.26761586597467213)	(95, 0.22147678094116396)	(100, 0.22147678094116396)	(105, 0.2776967515515758)	(110, 0.10671612629817773)	(115, 0.06201716777565581)	(120, 0.11160521821127115)	(125, 0.0)	(130, 0.0)	(135, 0.053541518755583925)	(140, 0.0)	(145, 0.0)	(150, 0.1358718085604055)
IDDLNTM116_R1	(1, 0.0)	(2, 0.2621181264639639)	(3, 0.26451018595213815)	(4, 0.0)	(5, 0.0)	(6, 0.0)	(7, 0.0)	(8, 0.5088989303272806)	(9, 0.2202805369845229)	(10, 0.046452857197800804)	(15, 0.0)	(20, 0.0)	(25, 0.10592602251162495)	(30, 0.41988617549086465)	(35, 0.1933581419607571)	(40, 0.338556152892938)	(45, 0.11062102554625727)	(50, 0.055514541376531744)	(55, 0.1150908935702379)	(60, 0.24887737365001075)	(65, 0.05913546279784659)	(70, 0.0)	(75, 0.20052963011255812)	(80, 0.0544170081996047)	(85, 0.056790306436891376)	(90, 0.0)	(95, 0.11468752667615362)	(100, 0.04472682211613777)	(105, 0.2677465017302563)	(110, 0.0)	(115, 0.05913546279784659)	(120, 0.0)	(125, 0.0)	(130, 0.05205309058776185)	(135, 0.0)	(140, 0.0)	(145, 0.0)	(150, 0.0)
IDDLNTM116_R2	(1, 0.0)	(2, 0.2602654529388092)	(3, 0.2901661965409882)	(4, 0.0)	(5, 0.0)	(6, 0.0)	(7, 0.0)	(8, 0.0)	(9, 0.0)	(10, 0.0)	(15, 0.0)	(20, 0.0838581011550364)	(25, 0.0)	(30, 0.16566184533787606)	(35, 0.05028015237887971)	(40, 0.0)	(45, 0.054923561973571025)	(50, 0.0)	(55, 0.059923435335127534)	(60, 0.0)	(65, 0.0)	(70, 0.0)	(75, 0.13364577069811553)	(80, 0.33790419942459243)	(85, 0.3392737707393903)	(90, 0.27030272216369755)	(95, 0.22274295116352588)	(100, 0.22274295116352588)	(105, 0.27818713784922894)	(110, 0.105452300926712)	(115, 0.05920581748867525)	(120, 0.10967827268915328)	(125, 0.0)	(130, 0.0)	(135, 0.05405116380729569)	(140, 0.0)	(145, 0.0)	(150, 0.1391967558044965)
IDDLNTM117_R1	(1, 0.0)	(2, 0.26565547589839983)	(3, 0.26767882587594843)	(4, 0.0)	(5, 0.0)	(6, 0.0)	(7, 0.0)	(8, 0.5283537479834594)	(9, 0.23411196855610372)	(10, 0.04816610561938764)	(15, 0.0)	(20, 0.0)	(25, 0.10908450417419695)	(30, 0.43085421944994456)	(35, 0.19959050509300535)	(40, 0.34357520234148287)	(45, 0.114179195656127)	(50, 0.05962656741529751)	(55, 0.1193517082910397)	(60, 0.2505062914511129)	(65, 0.058189470123551454)	(70, 0.0)	(75, 0.20801075384572681)	(80, 0.055865211687803326)	(85, 0.058184282046685944)	(90, 0.0)	(95, 0.1263296716751496)	(100, 0.046002677566470286)	(105, 0.28928716602079435)	(110, 0.0)	(115, 0.058189470123551454)	(120, 0.0)	(125, 0.0)	(130, 0.051927461346881816)	(135, 0.0)	(140, 0.0)	(145, 0.0)	(150, 0.0)
IDDLNTM117_R2	(1, 0.0)	(2, 0.2596373067344091)	(3, 0.29066200639015427)	(4, 0.0)	(5, 0.0)	(6, 0.0)	(7, 0.0)	(8, 0.0)	(9, 0.0)	(10, 0.0)	(15, 0.0)	(20, 0.08418173521975267)	(25, 0.0)	(30, 0.17028824695660927)	(35, 0.051932649423747326)	(40, 0.0)	(45, 0.0557925786116862)	(50, 0.0)	(55, 0.059751081260069734)	(60, 0.0)	(65, 0.0)	(70, 0.0)	(75, 0.13033486701532274)	(80, 0.3321406809299005)	(85, 0.3449033500190532)	(90, 0.2668954262692565)	(95, 0.21722477835887122)	(100, 0.21722477835887122)	(105, 0.275040706948106)	(110, 0.10334649116094374)	(115, 0.05849037858175099)	(120, 0.11166297837635503)	(125, 0.0)	(130, 0.0)	(135, 0.05557986746020032)	(140, 0.0)	(145, 0.0)	(150, 0.14167340900489314)
IDDLNTM12.A_R1	(1, 0.0)	(2, 0.2728539407039804)	(3, 0.28066803949657215)	(4, 0.0)	(5, 0.0)	(6, 0.0)	(7, 0.0)	(8, 0.5153508070705004)	(9, 0.23148518239025886)	(10, 0.04767599508850916)	(15, 0.0)	(20, 0.0)	(25, 0.10715907346771718)	(30, 0.42258086692929503)	(35, 0.1976747160544357)	(40, 0.33715737874756985)	(45, 0.11251103166888365)	(50, 0.05400721375217436)	(55, 0.11534888851939015)	(60, 0.2508185818070193)	(65, 0.060886018878542926)	(70, 0.0)	(75, 0.2039699618847846)	(80, 0.0556979369180395)	(85, 0.057500575565333056)	(90, 0.0)	(95, 0.12293915634912513)	(100, 0.04441845518264606)	(105, 0.28239073851427404)	(110, 0.0)	(115, 0.060886018878542926)	(120, 0.0)	(125, 0.0)	(130, 0.05399122582625601)	(135, 0.0)	(140, 0.0)	(145, 0.0)	(150, 0.0)
IDDLNTM12.A_R2	(1, 0.0)	(2, 0.2699561291312801)	(3, 0.29199948199120024)	(4, 0.0)	(5, 0.0)	(6, 0.0)	(7, 0.0)	(8, 0.0)	(9, 0.0)	(10, 0.0)	(15, 0.0)	(20, 0.0851117236263174)	(25, 0.0)	(30, 0.16692593753197585)	(35, 0.05097350480916811)	(40, 0.0)	(45, 0.05321181443773662)	(50, 0.0)	(55, 0.061269729100583245)	(60, 0.0)	(65, 0.0)	(70, 0.0)	(75, 0.13048545738258466)	(80, 0.33305647574951397)	(85, 0.3396674831167502)	(90, 0.2637967806712371)	(95, 0.2174757623043078)	(100, 0.2174757623043078)	(105, 0.2741289777959685)	(110, 0.10546035633889286)	(115, 0.06070215773048194)	(120, 0.11434564616801392)	(125, 0.0)	(130, 0.0)	(135, 0.05248036682697227)	(140, 0.0)	(145, 0.0)	(150, 0.1355176570653842)
IDDLNTM12.B_R1	(1, 0.0)	(2, 0.26867232521002565)	(3, 0.2665460320766507)	(4, 0.0)	(5, 0.0)	(6, 0.0)	(7, 0.0)	(8, 0.515018572519614)	(9, 0.21358397556064707)	(10, 0.04568058737762966)	(15, 0.0)	(20, 0.0)	(25, 0.10480021523293759)	(30, 0.407940186072346)	(35, 0.19302402277303338)	(40, 0.34078403804762897)	(45, 0.10906148024717073)	(50, 0.05487138096229952)	(55, 0.11632559189057835)	(60, 0.24808199680622095)	(65, 0.058902659168228844)	(70, 0.0)	(75, 0.19430413802679997)	(80, 0.05573057696313268)	(85, 0.05746632645976532)	(90, 0.0)	(95, 0.12298219121016456)	(100, 0.045255328750954664)	(105, 0.27146254252586266)	(110, 0.0)	(115, 0.058902659168228844)	(120, 0.0)	(125, 0.0)	(130, 0.053179025203082694)	(135, 0.0)	(140, 0.0)	(145, 0.0)	(150, 0.0)
IDDLNTM12.B_R2	(1, 0.0)	(2, 0.26589512601541343)	(3, 0.2837950426994376)	(4, 0.0)	(5, 0.0)	(6, 0.0)	(7, 0.0)	(8, 0.0)	(9, 0.0)	(10, 0.0)	(15, 0.0)	(20, 0.08321617024231064)	(25, 0.0)	(30, 0.16780792196070263)	(35, 0.05024560855377352)	(40, 0.0)	(45, 0.05487572033604111)	(50, 0.0)	(55, 0.061159133513851285)	(60, 0.0)	(65, 0.0)	(70, 0.0)	(75, 0.13209487606748593)	(80, 0.33306863153509686)	(85, 0.34509737554676106)	(90, 0.2657172116920086)	(95, 0.22015812677914326)	(100, 0.22015812677914326)	(105, 0.2757541831562869)	(110, 0.10519075886967993)	(115, 0.05909793098660001)	(120, 0.11069308477400543)	(125, 0.0)	(130, 0.0)	(135, 0.053842949385544674)	(140, 0.0)	(145, 0.0)	(150, 0.13406495174616398)
IDDLNTM120_R1	(1, 0.0)	(2, 0.2723538033251217)	(3, 0.27004854674172585)	(4, 0.0)	(5, 0.0)	(6, 0.0)	(7, 0.0)	(8, 0.5183590143821525)	(9, 0.20137151976149323)	(10, 0.04441591812042523)	(15, 0.0)	(20, 0.0)	(25, 0.10693251474162538)	(30, 0.40118723656925637)	(35, 0.18873871368448375)	(40, 0.3444838103792069)	(45, 0.10554543695059482)	(50, 0.05509465138291361)	(55, 0.11873150460761935)	(60, 0.25320938312020497)	(65, 0.060656695990511364)	(70, 0.0)	(75, 0.18225849028452065)	(80, 0.05606580202868466)	(85, 0.05861629867414394)	(90, 0.0)	(95, 0.12252193500687113)	(100, 0.04652694457466692)	(105, 0.2639234309516305)	(110, 0.0)	(115, 0.060656695990511364)	(120, 0.0)	(125, 0.0)	(130, 0.05387826067507919)	(135, 0.0)	(140, 0.0)	(145, 0.0)	(150, 0.0)
IDDLNTM120_R2	(1, 0.0)	(2, 0.2693913033753959)	(3, 0.295504465183906)	(4, 0.0)	(5, 0.0)	(6, 0.0)	(7, 0.0)	(8, 0.0)	(9, 0.0)	(10, 0.0)	(15, 0.0)	(20, 0.08582813596069802)	(25, 0.0)	(30, 0.17085973219981415)	(35, 0.05032914649689776)	(40, 0.0)	(45, 0.05511230866738218)	(50, 0.0)	(55, 0.0628618946285854)	(60, 0.0)	(65, 0.0)	(70, 0.0)	(75, 0.13293580900233104)	(80, 0.3382076267108805)	(85, 0.346851848418491)	(90, 0.2674117255944202)	(95, 0.22155968167055176)	(100, 0.22155968167055176)	(105, 0.277372395955187)	(110, 0.10835294518109653)	(115, 0.061712209217632215)	(120, 0.11236703451695015)	(125, 0.0)	(130, 0.0)	(135, 0.05359574412358215)	(140, 0.0)	(145, 0.0)	(150, 0.13495560615348517)
IDDLNTM121_R1	(1, 0.0)	(2, 0.28190058718451216)	(3, 0.2716933661470749)	(4, 0.0)	(5, 0.0)	(6, 0.0)	(7, 0.0)	(8, 0.5192940123679465)	(9, 0.18598949221111527)	(10, 0.04315145387873086)	(15, 0.0)	(20, 0.0)	(25, 0.10746876945053623)	(30, 0.38655810142010427)	(35, 0.18343046176311945)	(40, 0.34732138611171615)	(45, 0.10329917877192286)	(50, 0.05584151246581501)	(55, 0.1185088576871672)	(60, 0.2563733388962907)	(65, 0.062331045532087855)	(70, 0.0)	(75, 0.17452640202158148)	(80, 0.056277651125329696)	(85, 0.058894483082417855)	(90, 0.0)	(95, 0.12179040699881691)	(100, 0.047854394845786886)	(105, 0.252834310135048)	(110, 0.0)	(115, 0.062331045532087855)	(120, 0.0)	(125, 0.0)	(130, 0.05510848423687163)	(135, 0.0)	(140, 0.0)	(145, 0.0)	(150, 0.0)
IDDLNTM121_R2	(1, 0.0)	(2, 0.2755424211843582)	(3, 0.3006072573998412)	(4, 0.0)	(5, 0.0)	(6, 0.0)	(7, 0.0)	(8, 0.0)	(9, 0.0)	(10, 0.0)	(15, 0.0)	(20, 0.08767700726906523)	(25, 0.0)	(30, 0.17314442048601084)	(35, 0.05016120052683448)	(40, 0.0)	(45, 0.055715400082340875)	(50, 0.0)	(55, 0.06440927251808859)	(60, 0.0)	(65, 0.0)	(70, 0.0)	(75, 0.1366900596380207)	(80, 0.34433409902817275)	(85, 0.3533511344465729)	(90, 0.2730832297066127)	(95, 0.2278167660633678)	(100, 0.2278167660633678)	(105, 0.2841075538953094)	(110, 0.11070302661838315)	(115, 0.06329790713872284)	(120, 0.11350639980936011)	(125, 0.0)	(130, 0.0)	(135, 0.05307229471202894)	(140, 0.0)	(145, 0.0)	(150, 0.13337698223050243)
IDDLNTM124_R1	(1, 0.0)	(2, 0.2819991620233293)	(3, 0.27645606387936184)	(4, 0.0)	(5, 0.0)	(6, 0.0)	(7, 0.0)	(8, 0.5271184561661646)	(9, 0.191324241381753)	(10, 0.04437019763606717)	(15, 0.0)	(20, 0.0)	(25, 0.10790140845517826)	(30, 0.3919843941933744)	(35, 0.18649269279895964)	(40, 0.3482812742709079)	(45, 0.10527121632726705)	(50, 0.057016085149611234)	(55, 0.12043293978924792)	(60, 0.26060185021945265)	(65, 0.0629086049530838)	(70, 0.0)	(75, 0.17667712072740696)	(80, 0.05713361788962659)	(85, 0.05982098810727499)	(90, 0.0)	(95, 0.12680512023440477)	(100, 0.047715115885693375)	(105, 0.26240613660671547)	(110, 0.0)	(115, 0.0629086049530838)	(120, 0.0)	(125, 0.0)	(130, 0.05484967086067955)	(135, 0.0)	(140, 0.0)	(145, 0.0)	(150, 0.0)
IDDLNTM124_R2	(1, 0.0)	(2, 0.2742483543033978)	(3, 0.29851727683629814)	(4, 0.0)	(5, 0.0)	(6, 0.0)	(7, 0.0)	(8, 0.0)	(9, 0.0)	(10, 0.0)	(15, 0.0)	(20, 0.08887698737539544)	(25, 0.0)	(30, 0.1734497352177961)	(35, 0.051418985476447555)	(40, 0.0)	(45, 0.056428421449534465)	(50, 0.0)	(55, 0.06501466459173731)	(60, 0.0)	(65, 0.0)	(70, 0.0)	(75, 0.1326055197821896)	(80, 0.3398030341870975)	(85, 0.3512322990134556)	(90, 0.26650389970454813)	(95, 0.22100919963698265)	(100, 0.22100919963698265)	(105, 0.2777679833827765)	(110, 0.11096678937720036)	(115, 0.062089052333517254)	(120, 0.11409887807058254)	(125, 0.0)	(130, 0.0)	(135, 0.05327409683236559)	(140, 0.0)	(145, 0.0)	(150, 0.13504352999737299)
IDDLNTM126_R1	(1, 0.0)	(2, 0.267194948233388)	(3, 0.2681734670761027)	(4, 0.0)	(5, 0.0)	(6, 0.0)	(7, 0.0)	(8, 0.5242785350920579)	(9, 0.2179131810639406)	(10, 0.04685029610573223)	(15, 0.0)	(20, 0.0)	(25, 0.1064509892528979)	(30, 0.41507583224510175)	(35, 0.19505142264778896)	(40, 0.34140818943175927)	(45, 0.10910188575407034)	(50, 0.05664734536733597)	(55, 0.11759424322538789)	(60, 0.24819982185026643)	(65, 0.060602933658794635)	(70, 0.0)	(75, 0.19598249815267502)	(80, 0.05511136730513539)	(85, 0.0577919158924507)	(90, 0.0)	(95, 0.12344163461276154)	(100, 0.04550409139484599)	(105, 0.27515356815413394)	(110, 0.0)	(115, 0.060602933658794635)	(120, 0.0)	(125, 0.0)	(130, 0.05292304334779169)	(135, 0.0)	(140, 0.0)	(145, 0.0)	(150, 0.0)
IDDLNTM126_R2	(1, 0.0)	(2, 0.26461521673895844)	(3, 0.2908573129753971)	(4, 0.0)	(5, 0.0)	(6, 0.0)	(7, 0.0)	(8, 0.0)	(9, 0.0)	(10, 0.0)	(15, 0.0)	(20, 0.08147207188614547)	(25, 0.0)	(30, 0.16788418132369284)	(35, 0.05125066568933391)	(40, 0.0)	(45, 0.05570440902799276)	(50, 0.0)	(55, 0.06263706676819542)	(60, 0.0)	(65, 0.0)	(70, 0.0)	(75, 0.1327227375754794)	(80, 0.3375949311537864)	(85, 0.34822223882739045)	(90, 0.26828021458621704)	(95, 0.22120456262579896)	(100, 0.22120456262579896)	(105, 0.2772351446013633)	(110, 0.10691949221395523)	(115, 0.059316033120194143)	(120, 0.11089287175709961)	(125, 0.0)	(130, 0.0)	(135, 0.05508764563622109)	(140, 0.0)	(145, 0.0)	(150, 0.13791185265048136)
IDDLNTM127_R1	(1, 0.0)	(2, 0.2781988459475268)	(3, 0.2795873056872633)	(4, 0.0)	(5, 0.0)	(6, 0.0)	(7, 0.0)	(8, 0.5329040715369721)	(9, 0.20908440556953073)	(10, 0.04583680264609572)	(15, 0.0)	(20, 0.0)	(25, 0.10732573397728482)	(30, 0.4042577668895108)	(35, 0.19084048537026255)	(40, 0.3439942063762479)	(45, 0.1080486146036873)	(50, 0.05716927880756433)	(55, 0.11877281316489038)	(60, 0.2572000453122734)	(65, 0.06167846710518486)	(70, 0.0)	(75, 0.1867456310902142)	(80, 0.056940072755290366)	(85, 0.05814340452972869)	(90, 0.0)	(95, 0.12598398819412518)	(100, 0.04681533617695765)	(105, 0.27041906359630463)	(110, 0.0)	(115, 0.06167846710518486)	(120, 0.0)	(125, 0.0)	(130, 0.05418078451060761)	(135, 0.0)	(140, 0.0)	(145, 0.0)	(150, 0.0)
IDDLNTM127_R2	(1, 0.0)	(2, 0.2709039225530381)	(3, 0.2996869133482112)	(4, 0.0)	(5, 0.0)	(6, 0.0)	(7, 0.0)	(8, 0.0)	(9, 0.0)	(10, 0.0)	(15, 0.0)	(20, 0.08769776184697763)	(25, 0.0)	(30, 0.17067916838754865)	(35, 0.05228542677064982)	(40, 0.0)	(45, 0.055807265920013255)	(50, 0.0)	(55, 0.06360027169732813)	(60, 0.0)	(65, 0.0)	(70, 0.0)	(75, 0.13302766649285208)	(80, 0.3373957167559762)	(85, 0.34859595865651755)	(90, 0.26856337613462505)	(95, 0.2217127774880868)	(100, 0.2217127774880868)	(105, 0.27752445121679764)	(110, 0.10889932168231954)	(115, 0.061153937870173286)	(120, 0.11544050978952274)	(125, 0.0)	(130, 0.0)	(135, 0.0543306500063252)	(140, 0.0)	(145, 0.0)	(150, 0.13743547519042837)
IDDLNTM128_R1	(1, 0.0)	(2, 0.28833412860931945)	(3, 0.27659505008897106)	(4, 0.0)	(5, 0.0)	(6, 0.0)	(7, 0.0)	(8, 0.5332224866185685)	(9, 0.198110925124356)	(10, 0.044970732800237556)	(15, 0.0)	(20, 0.0)	(25, 0.1076909523232419)	(30, 0.39741588223535307)	(35, 0.18944413115390446)	(40, 0.34780318238592633)	(45, 0.10868821499373245)	(50, 0.055886957816683444)	(55, 0.11792295676307318)	(60, 0.25652457984160965)	(65, 0.06283202027081719)	(70, 0.0)	(75, 0.1815062780591927)	(80, 0.05632074471819727)	(85, 0.059393029268094165)	(90, 0.0)	(95, 0.11223006268444329)	(100, 0.04624526132530395)	(105, 0.25098820680991774)	(110, 0.0)	(115, 0.06283202027081719)	(120, 0.0)	(125, 0.0)	(130, 0.05592720608589606)	(135, 0.0)	(140, 0.0)	(145, 0.0)	(150, 0.0)
IDDLNTM128_R2	(1, 0.0)	(2, 0.2796360304294803)	(3, 0.3013700958042968)	(4, 0.0)	(5, 0.0)	(6, 0.0)	(7, 0.0)	(8, 0.0)	(9, 0.0)	(10, 0.0)	(15, 0.0)	(20, 0.08645328226871445)	(25, 0.0)	(30, 0.17136371421761165)	(35, 0.05169666578865813)	(40, 0.0)	(45, 0.055475531064732186)	(50, 0.0)	(55, 0.06700442417919246)	(60, 0.0)	(65, 0.0)	(70, 0.0)	(75, 0.1307666266718125)	(80, 0.3369137895489555)	(85, 0.33239703933731674)	(90, 0.2628435581079915)	(95, 0.21794437778635414)	(100, 0.21794437778635414)	(105, 0.2732812759237984)	(110, 0.11044125071943782)	(115, 0.06263077892475406)	(120, 0.1151145219780146)	(125, 0.0)	(130, 0.0)	(135, 0.053825352027014634)	(140, 0.0)	(145, 0.0)	(150, 0.13507766350747566)
IDDLNTM129_R1	(1, 0.0)	(2, 0.278603064816884)	(3, 0.27323004932184)	(4, 0.0)	(5, 0.0)	(6, 0.0)	(7, 0.0)	(8, 0.523889363098211)	(9, 0.18775025735523082)	(10, 0.042275862826914416)	(15, 0.0)	(20, 0.0)	(25, 0.10626359281334753)	(30, 0.3912003031683289)	(35, 0.18685475477272348)	(40, 0.3434293108578467)	(45, 0.10460691303570899)	(50, 0.05506526789163279)	(55, 0.11568265179481105)	(60, 0.25606896346797214)	(65, 0.061895510316393273)	(70, 0.0)	(75, 0.17989832789315513)	(80, 0.05540718705949923)	(85, 0.05743020880270898)	(90, 0.0)	(95, 0.12166216676618956)	(100, 0.04666382548120035)	(105, 0.2550961220260664)	(110, 0.0)	(115, 0.061895510316393273)	(120, 0.0)	(125, 0.0)	(130, 0.05490651970655194)	(135, 0.0)	(140, 0.0)	(145, 0.0)	(150, 0.0)
IDDLNTM129_R2	(1, 0.0)	(2, 0.2745325985327597)	(3, 0.2977546086836885)	(4, 0.0)	(5, 0.0)	(6, 0.0)	(7, 0.0)	(8, 0.0)	(9, 0.0)	(10, 0.0)	(15, 0.0)	(20, 0.08819886344440414)	(25, 0.0)	(30, 0.16888771659459906)	(35, 0.05063253010822149)	(40, 0.0)	(45, 0.054654150796936245)	(50, 0.0)	(55, 0.06513967194484029)	(60, 0.0)	(65, 0.0)	(70, 0.0)	(75, 0.13560758425559924)	(80, 0.3433112673356071)	(85, 0.350581120119053)	(90, 0.2707429944222401)	(95, 0.22601264042599872)	(100, 0.22601264042599872)	(105, 0.28092730106511893)	(110, 0.11157148084784557)	(115, 0.06347485123463348)	(120, 0.11295136891816368)	(125, 0.0)	(130, 0.0)	(135, 0.052260716621871185)	(140, 0.0)	(145, 0.0)	(150, 0.13122165683445536)
IDDLNTM13.A_R1	(1, 0.0)	(2, 0.27168507187560426)	(3, 0.26769243411393273)	(4, 0.0)	(5, 0.0)	(6, 0.0)	(7, 0.0)	(8, 0.5227802036663093)	(9, 0.20555120569535848)	(10, 0.045646063340412525)	(15, 0.0)	(20, 0.0)	(25, 0.10846975426010969)	(30, 0.4065387335770854)	(35, 0.1945110980241318)	(40, 0.34503818424119803)	(45, 0.10720232390088137)	(50, 0.05624976641908444)	(55, 0.1175971098873728)	(60, 0.256183423635812)	(65, 0.061681610815777145)	(70, 0.0)	(75, 0.1866558153581454)	(80, 0.05766111744181485)	(85, 0.05877069933139567)	(90, 0.0)	(95, 0.1285025820991943)	(100, 0.04719204982254815)	(105, 0.2718243499370579)	(110, 0.0)	(115, 0.061681610815777145)	(120, 0.0)	(125, 0.0)	(130, 0.053891324578469145)	(135, 0.0)	(140, 0.0)	(145, 0.0)	(150, 0.0)
IDDLNTM13.A_R2	(1, 0.0)	(2, 0.26945662289234573)	(3, 0.30128165993450684)	(4, 0.0)	(5, 0.0)	(6, 0.0)	(7, 0.0)	(8, 0.0)	(9, 0.0)	(10, 0.0)	(15, 0.0)	(20, 0.08664952463236976)	(25, 0.0)	(30, 0.17108452808762634)	(35, 0.05134253605386718)	(40, 0.0)	(45, 0.055706581979415165)	(50, 0.0)	(55, 0.0631301026548952)	(60, 0.0)	(65, 0.0)	(70, 0.0)	(75, 0.13206345787035953)	(80, 0.3360315362671948)	(85, 0.35069751613826505)	(90, 0.26743709100126767)	(95, 0.22010576311726587)	(100, 0.22010576311726587)	(105, 0.27680586193505047)	(110, 0.10590703792936235)	(115, 0.06093879448802429)	(120, 0.11076784227409504)	(125, 0.0)	(130, 0.0)	(135, 0.05412809728294036)	(140, 0.0)	(145, 0.0)	(150, 0.13508811310492813)
IDDLNTM13.B_R1	(1, 0.0)	(2, 0.2837420085586728)	(3, 0.2830205694319028)	(4, 0.0)	(5, 0.0)	(6, 0.0)	(7, 0.0)	(8, 0.5358128394521391)	(9, 0.1858667670268652)	(10, 0.04474365464228042)	(15, 0.0)	(20, 0.0)	(25, 0.10885554504124828)	(30, 0.39369414107261164)	(35, 0.1866603500663123)	(40, 0.3480414731306009)	(45, 0.10341589402540188)	(50, 0.05720050356451048)	(55, 0.11862864041189364)	(60, 0.25800587010969483)	(65, 0.060841366357610165)	(70, 0.0)	(75, 0.1747950812280337)	(80, 0.05665701942234369)	(85, 0.059634158218814896)	(90, 0.0)	(95, 0.12544864495696015)	(100, 0.047605363178468404)	(105, 0.2558271239468492)	(110, 0.0)	(115, 0.060841366357610165)	(120, 0.0)	(125, 0.0)	(130, 0.054790896881098415)	(135, 0.0)	(140, 0.0)	(145, 0.0)	(150, 0.0)
IDDLNTM13.B_R2	(1, 0.0)	(2, 0.2739544844054921)	(3, 0.30716473220780816)	(4, 0.0)	(5, 0.0)	(6, 0.0)	(7, 0.0)	(8, 0.0)	(9, 0.0)	(10, 0.0)	(15, 0.0)	(20, 0.08929973511160062)	(25, 0.0)	(30, 0.17196223025691648)	(35, 0.051554039998989984)	(40, 0.0)	(45, 0.055719148557542585)	(50, 0.0)	(55, 0.06562691256518503)	(60, 0.0)	(65, 0.0)	(70, 0.0)	(75, 0.13336523697471717)	(80, 0.3400767851710592)	(85, 0.3486811491563371)	(90, 0.2682599248981869)	(95, 0.22227539495786194)	(100, 0.22227539495786194)	(105, 0.2782927383544695)	(110, 0.10984632144201253)	(115, 0.06295277820195726)	(120, 0.11680580421825457)	(125, 0.0)	(130, 0.0)	(135, 0.05425703192728855)	(140, 0.0)	(145, 0.0)	(150, 0.13487304474966663)
IDDLNTM131_R1	(1, 0.0)	(2, 0.2706151535533981)	(3, 0.2670953865009406)	(4, 0.0)	(5, 0.0)	(6, 0.0)	(7, 0.0)	(8, 0.5128890614185109)	(9, 0.2020102142419134)	(10, 0.044935014520565)	(15, 0.0)	(20, 0.0)	(25, 0.10536107316680156)	(30, 0.401342964067044)	(35, 0.1926512960677488)	(40, 0.33972059153245776)	(45, 0.10592260825725143)	(50, 0.05485139869032113)	(55, 0.11498041341189942)	(60, 0.25428180679205176)	(65, 0.06185431094151123)	(70, 0.0)	(75, 0.18442765535905895)	(80, 0.055107751666396074)	(85, 0.05748003396880388)	(90, 0.0)	(95, 0.12330578149204756)	(100, 0.04602146284773976)	(105, 0.2620130870228834)	(110, 0.0)	(115, 0.06185431094151123)	(120, 0.0)	(125, 0.0)	(130, 0.054159652564404616)	(135, 0.0)	(140, 0.0)	(145, 0.0)	(150, 0.0)
IDDLNTM131_R2	(1, 0.0)	(2, 0.2707982628220231)	(3, 0.296820124441059)	(4, 0.0)	(5, 0.0)	(6, 0.0)	(7, 0.0)	(8, 0.0)	(9, 0.0)	(10, 0.0)	(15, 0.0)	(20, 0.08651302578300575)	(25, 0.0)	(30, 0.16888371300022909)	(35, 0.05082299478057202)	(40, 0.0)	(45, 0.054664220326837834)	(50, 0.0)	(55, 0.06402720759586075)	(60, 0.0)	(65, 0.0)	(70, 0.0)	(75, 0.1335476932504703)	(80, 0.33820281915029976)	(85, 0.3474030426249894)	(90, 0.26882068272087356)	(95, 0.22257948875078382)	(100, 0.22257948875078382)	(105, 0.27671879584089676)	(110, 0.1089784984958591)	(115, 0.060942833693244776)	(120, 0.11068344924150036)	(125, 0.0)	(130, 0.0)	(135, 0.05365915389682973)	(140, 0.0)	(145, 0.0)	(150, 0.13344596587901197)
IDDLNTM132_R1	(1, 0.0)	(2, 0.2666974745626288)	(3, 0.2693816789988933)	(4, 0.0)	(5, 0.0)	(6, 0.0)	(7, 0.0)	(8, 0.517815681485047)	(9, 0.2113810993558272)	(10, 0.04498218812718341)	(15, 0.0)	(20, 0.0)	(25, 0.10571775445260548)	(30, 0.41094081728221393)	(35, 0.19246108538345494)	(40, 0.33823152278907703)	(45, 0.10881184416089412)	(50, 0.05458003263847502)	(55, 0.11667583769849058)	(60, 0.25232609891873714)	(65, 0.06064851104640808)	(70, 0.0)	(75, 0.1936653500764817)	(80, 0.055004427123668195)	(85, 0.05758343976445743)	(90, 0.0)	(95, 0.12245050453975144)	(100, 0.04634968146836139)	(105, 0.26876503743921093)	(110, 0.0)	(115, 0.06064851104640808)	(120, 0.0)	(125, 0.0)	(130, 0.053187148174251304)	(135, 0.0)	(140, 0.0)	(145, 0.0)	(150, 0.0)
IDDLNTM132_R2	(1, 0.0)	(2, 0.2659357408712565)	(3, 0.29174400379561016)	(4, 0.0)	(5, 0.0)	(6, 0.0)	(7, 0.0)	(8, 0.0)	(9, 0.0)	(10, 0.0)	(15, 0.0)	(20, 0.08504938029336903)	(25, 0.0)	(30, 0.16893439622992606)	(35, 0.050789500698074516)	(40, 0.0)	(45, 0.05475051589321074)	(50, 0.0)	(55, 0.06295184863698638)	(60, 0.0)	(65, 0.0)	(70, 0.0)	(75, 0.1340324839519034)	(80, 0.33690030248082153)	(85, 0.34827189830202304)	(90, 0.27014341269026565)	(95, 0.22338747325317235)	(100, 0.22338747325317235)	(105, 0.27888521362458646)	(110, 0.10695103757197023)	(115, 0.06066664756286933)	(120, 0.11122037354694765)	(125, 0.0)	(130, 0.0)	(135, 0.05293686424708609)	(140, 0.0)	(145, 0.0)	(150, 0.13510797937805533)
IDDLNTM135_R1	(1, 0.0)	(2, 0.2770128131159422)	(3, 0.27720787729856045)	(4, 0.0)	(5, 0.0)	(6, 0.0)	(7, 0.0)	(8, 0.5237473303299229)	(9, 0.21491738164914195)	(10, 0.04578373104030329)	(15, 0.0)	(20, 0.0)	(25, 0.10725495712272529)	(30, 0.40317165691418)	(35, 0.18659839709259002)	(40, 0.3417914607836465)	(45, 0.10764942024757546)	(50, 0.05575367815190124)	(55, 0.11689546250367913)	(60, 0.25361811548059693)	(65, 0.06094238540954592)	(70, 0.0)	(75, 0.1905386935814781)	(80, 0.055220502719411445)	(85, 0.058350199160530455)	(90, 0.0)	(95, 0.12132992158853334)	(100, 0.04525489036742723)	(105, 0.2660111932162746)	(110, 0.0)	(115, 0.06094238540954592)	(120, 0.0)	(125, 0.0)	(130, 0.0530054405567912)	(135, 0.0)	(140, 0.0)	(145, 0.0)	(150, 0.0)
IDDLNTM135_R2	(1, 0.0)	(2, 0.26502720278395603)	(3, 0.2845986424399842)	(4, 0.0)	(5, 0.0)	(6, 0.0)	(7, 0.0)	(8, 0.0)	(9, 0.0)	(10, 0.0)	(15, 0.0)	(20, 0.0865694842459664)	(25, 0.0)	(30, 0.16861781421480382)	(35, 0.05143192281700422)	(40, 0.0)	(45, 0.054310203200526416)	(50, 0.0)	(55, 0.06320946468753103)	(60, 0.0)	(65, 0.0)	(70, 0.0)	(75, 0.13442523038163656)	(80, 0.33877446809248474)	(85, 0.3456884096763972)	(90, 0.27054101701263106)	(95, 0.22404205063606097)	(100, 0.22404205063606097)	(105, 0.27938392662465705)	(110, 0.10782281063212498)	(115, 0.06131950949594115)	(120, 0.11337563769732367)	(125, 0.0)	(130, 0.0)	(135, 0.05292308012413017)	(140, 0.0)	(145, 0.0)	(150, 0.13526617374670177)
IDDLNTM136_R1	(1, 0.0)	(2, 0.2750486363514315)	(3, 0.27487776836647765)	(4, 0.0)	(5, 0.0)	(6, 0.0)	(7, 0.0)	(8, 0.5186331537592177)	(9, 0.2033329020950856)	(10, 0.04508473831568104)	(15, 0.0)	(20, 0.0)	(25, 0.10629941441100586)	(30, 0.3970337317812011)	(35, 0.18700280467592445)	(40, 0.3463298777317519)	(45, 0.10404395700961497)	(50, 0.056230212877099534)	(55, 0.11883136062176419)	(60, 0.25469581837221394)	(65, 0.0607997109890083)	(70, 0.0)	(75, 0.1790159468649386)	(80, 0.05629367812865383)	(85, 0.05976962113685793)	(90, 0.0)	(95, 0.12332762959726415)	(100, 0.04671530708638353)	(105, 0.260178239718019)	(110, 0.0)	(115, 0.0607997109890083)	(120, 0.0)	(125, 0.0)	(130, 0.05433113727289814)	(135, 0.0)	(140, 0.0)	(145, 0.0)	(150, 0.0)
IDDLNTM136_R2	(1, 0.0)	(2, 0.2716556863644907)	(3, 0.2912078657856388)	(4, 0.0)	(5, 0.0)	(6, 0.0)	(7, 0.0)	(8, 0.0)	(9, 0.0)	(10, 0.0)	(15, 0.0)	(20, 0.08691810297481162)	(25, 0.0)	(30, 0.17128295006016994)	(35, 0.05130921491042856)	(40, 0.0)	(45, 0.055634615900974675)	(50, 0.0)	(55, 0.06164428702892307)	(60, 0.0)	(65, 0.0)	(70, 0.0)	(75, 0.13531279825617018)	(80, 0.3398515401307872)	(85, 0.3503477163493811)	(90, 0.2708843394609847)	(95, 0.22552133042695027)	(100, 0.22552133042695027)	(105, 0.2806677520851997)	(110, 0.10794951095141736)	(115, 0.06280618932660927)	(120, 0.1137443766125666)	(125, 0.0)	(130, 0.0)	(135, 0.05438972058202518)	(140, 0.0)	(145, 0.0)	(150, 0.13946489029054882)
IDDLNTM137_R1	(1, 0.0)	(2, 0.2699705831017639)	(3, 0.2722541189499134)	(4, 0.0)	(5, 0.0)	(6, 0.0)	(7, 0.0)	(8, 0.5129989835610201)	(9, 0.21585609404910555)	(10, 0.045196307965079244)	(15, 0.0)	(20, 0.0)	(25, 0.1059064982349507)	(30, 0.41218707150511913)	(35, 0.1932543997009099)	(40, 0.34238522223052237)	(45, 0.11052313505043428)	(50, 0.05461014024450474)	(55, 0.11669753275457796)	(60, 0.25236080432859265)	(65, 0.06085180489611328)	(70, 0.0)	(75, 0.19666731219333797)	(80, 0.05519076021209623)	(85, 0.05815758663186251)	(90, 0.0)	(95, 0.11669045202326586)	(100, 0.04611326266999508)	(105, 0.26637711196087754)	(110, 0.0)	(115, 0.06085180489611328)	(120, 0.0)	(125, 0.0)	(130, 0.05326480129520737)	(135, 0.0)	(140, 0.0)	(145, 0.0)	(150, 0.0)
IDDLNTM137_R2	(1, 0.0)	(2, 0.2663240064760368)	(3, 0.29227488673485175)	(4, 0.0)	(5, 0.0)	(6, 0.0)	(7, 0.0)	(8, 0.0)	(9, 0.0)	(10, 0.0)	(15, 0.0)	(20, 0.08587156898738815)	(25, 0.0)	(30, 0.16770358076122818)	(35, 0.05061306741882915)	(40, 0.0)	(45, 0.05438355684251781)	(50, 0.0)	(55, 0.06102528281325952)	(60, 0.0)	(65, 0.0)	(70, 0.0)	(75, 0.13145731717463244)	(80, 0.33513455336694087)	(85, 0.3364586501223019)	(90, 0.26504239410854835)	(95, 0.21909552862438736)	(100, 0.21909552862438736)	(105, 0.2753625599959215)	(110, 0.10712438402063042)	(115, 0.060805780142584684)	(120, 0.11291996259957722)	(125, 0.0)	(130, 0.0)	(135, 0.053367471899232695)	(140, 0.0)	(145, 0.0)	(150, 0.1357553210810719)
IDDLNTM139_R1	(1, 0.0)	(2, 0.3316638710384897)	(3, 0.32638399215703673)	(4, 0.0)	(5, 0.0)	(6, 0.0)	(7, 0.0)	(8, 0.5940019951068957)	(9, 0.03895863293001099)	(10, 0.028042717656758514)	(15, 0.0)	(20, 0.0)	(25, 0.10669729204697154)	(30, 0.27975860018851356)	(35, 0.12073114763009982)	(40, 0.38724943616204666)	(45, 0.08132887990649929)	(50, 0.06560171405488137)	(55, 0.13795167567422334)	(60, 0.2917742298796781)	(65, 0.07466810962528168)	(70, 0.0)	(75, 0.09687484281425668)	(80, 0.06438328046685377)	(85, 0.06978187851842224)	(90, 0.0)	(95, 0.12883529308482705)	(100, 0.054548334479389886)	(105, 0.17801627139952095)	(110, 0.0)	(115, 0.07466810962528168)	(120, 0.0)	(125, 0.0)	(130, 0.06328356604894167)	(135, 0.0)	(140, 0.0)	(145, 0.0)	(150, 0.0)
IDDLNTM139_R2	(1, 0.0)	(2, 0.3164178302447083)	(3, 0.3493467790083263)	(4, 0.0)	(5, 0.0)	(6, 0.0)	(7, 0.0)	(8, 0.0)	(9, 0.0)	(10, 0.0)	(15, 0.0)	(20, 0.1005051500688415)	(25, 0.0)	(30, 0.19624903657831358)	(35, 0.056285383389501044)	(40, 0.0)	(45, 0.060952921288252956)	(50, 0.0)	(55, 0.07503676389037722)	(60, 0.0)	(65, 0.0)	(70, 0.0)	(75, 0.1395387635273465)	(80, 0.3549390767585043)	(85, 0.3664985749013303)	(90, 0.268130369894568)	(95, 0.23256460587891084)	(100, 0.23256460587891084)	(105, 0.2915430399168216)	(110, 0.12237447087959347)	(115, 0.07336844713138556)	(120, 0.1350149383082081)	(125, 0.0)	(130, 0.0)	(135, 0.05419217696904335)	(140, 0.0)	(145, 0.0)	(150, 0.125826699379005)
IDDLNTM14.A_R1	(1, 0.0)	(2, 0.27798450397726054)	(3, 0.27243211966654524)	(4, 0.0)	(5, 0.0)	(6, 0.0)	(7, 0.0)	(8, 0.5136442538666999)	(9, 0.1958189572037803)	(10, 0.0448087154899833)	(15, 0.0)	(20, 0.0)	(25, 0.10798413381830652)	(30, 0.4007847369825811)	(35, 0.18929247038241315)	(40, 0.3444475182790336)	(45, 0.10775521972830333)	(50, 0.05485658288735673)	(55, 0.11597177440565135)	(60, 0.25555092315694933)	(65, 0.0611054504931881)	(70, 0.0)	(75, 0.18328225789169147)	(80, 0.05477378417395133)	(85, 0.05809060322272075)	(90, 0.0)	(95, 0.12298044196979113)	(100, 0.04614810644212954)	(105, 0.26085004081489516)	(110, 0.0)	(115, 0.0611054504931881)	(120, 0.0)	(125, 0.0)	(130, 0.05396040857755706)	(135, 0.0)	(140, 0.0)	(145, 0.0)	(150, 0.0)
IDDLNTM14.A_R2	(1, 0.0)	(2, 0.26980204288778536)	(3, 0.30046191941055106)	(4, 0.0)	(5, 0.0)	(6, 0.0)	(7, 0.0)	(8, 0.0)	(9, 0.0)	(10, 0.0)	(15, 0.0)	(20, 0.0868461093371622)	(25, 0.0)	(30, 0.1674141279931735)	(35, 0.05066794209155395)	(40, 0.0)	(45, 0.05474943161118504)	(50, 0.0)	(55, 0.06512849386218009)	(60, 0.0)	(65, 0.0)	(70, 0.0)	(75, 0.13164995431459225)	(80, 0.3348623495742198)	(85, 0.3436731067830654)	(90, 0.26524324313793485)	(95, 0.21941659052432042)	(100, 0.21941659052432042)	(105, 0.27511577208339094)	(110, 0.10947451065960379)	(115, 0.06250815810852671)	(120, 0.11227505537772774)	(125, 0.0)	(130, 0.0)	(135, 0.05364382526159523)	(140, 0.0)	(145, 0.0)	(150, 0.13412173943537123)
IDDLNTM14.B_R1	(1, 0.0)	(2, 0.2694478802854942)	(3, 0.2637301049275715)	(4, 0.0)	(5, 0.0)	(6, 0.0)	(7, 0.0)	(8, 0.5119692401953396)	(9, 0.2135305947564164)	(10, 0.04634138187852486)	(15, 0.0)	(20, 0.0)	(25, 0.10864138533111126)	(30, 0.4139413611995418)	(35, 0.19536158718136873)	(40, 0.34272308960082803)	(45, 0.10760012911577069)	(50, 0.05558116071570472)	(55, 0.11651839726189803)	(60, 0.24844373298025615)	(65, 0.059958090350715185)	(70, 0.0)	(75, 0.19127328646218952)	(80, 0.05553731834874301)	(85, 0.05802537267381991)	(90, 0.0)	(95, 0.12519187885915584)	(100, 0.04609659532965532)	(105, 0.27404767528589336)	(110, 0.0)	(115, 0.059958090350715185)	(120, 0.0)	(125, 0.0)	(130, 0.0525998797623086)	(135, 0.0)	(140, 0.0)	(145, 0.0)	(150, 0.0)
IDDLNTM14.B_R2	(1, 0.0)	(2, 0.26299939881154305)	(3, 0.2897615103110853)	(4, 0.0)	(5, 0.0)	(6, 0.0)	(7, 0.0)	(8, 0.0)	(9, 0.0)	(10, 0.0)	(15, 0.0)	(20, 0.08269035762036053)	(25, 0.0)	(30, 0.16871273512981086)	(35, 0.05021777782405583)	(40, 0.0)	(45, 0.05527061061639262)	(50, 0.0)	(55, 0.061145487789261425)	(60, 0.0)	(65, 0.0)	(70, 0.0)	(75, 0.12977340620665428)	(80, 0.3308162334401443)	(85, 0.3447836808480283)	(90, 0.26440235455431765)	(95, 0.21628901034442383)	(100, 0.21628901034442383)	(105, 0.2733681185979869)	(110, 0.10477229644674058)	(115, 0.059402753702533555)	(120, 0.10959130328194826)	(125, 0.0)	(130, 0.0)	(135, 0.05447048741934146)	(140, 0.0)	(145, 0.0)	(150, 0.13846880898739294)
IDDLNTM140_R1	(1, 0.0)	(2, 0.2661084375349741)	(3, 0.2676600160753711)	(4, 0.0)	(5, 0.0)	(6, 0.0)	(7, 0.0)	(8, 0.5191683539023473)	(9, 0.2139143528645701)	(10, 0.04584024336890942)	(15, 0.0)	(20, 0.0)	(25, 0.10644337501398965)	(30, 0.41478018456153914)	(35, 0.19097642618047148)	(40, 0.3369316389756529)	(45, 0.10898694639168965)	(50, 0.05398475892030482)	(55, 0.11509151769816964)	(60, 0.25211879495762407)	(65, 0.059087163103971024)	(70, 0.0)	(75, 0.19699960320286508)	(80, 0.05486483461698902)	(85, 0.05732192456784723)	(90, 0.0)	(95, 0.11417074485944226)	(100, 0.045809720512377014)	(105, 0.2612960004883657)	(110, 0.0)	(115, 0.059087163103971024)	(120, 0.0)	(125, 0.0)	(130, 0.05226530466897962)	(135, 0.0)	(140, 0.0)	(145, 0.0)	(150, 0.0)
IDDLNTM140_R2	(1, 0.0)	(2, 0.2613265233448981)	(3, 0.2871437728285531)	(4, 0.0)	(5, 0.0)	(6, 0.0)	(7, 0.0)	(8, 0.0)	(9, 0.0)	(10, 0.0)	(15, 0.0)	(20, 0.08659334398241884)	(25, 0.0)	(30, 0.16515917669681648)	(35, 0.051125784691770024)	(40, 0.0)	(45, 0.05451890890962182)	(50, 0.0)	(55, 0.06237345732395943)	(60, 0.0)	(65, 0.0)	(70, 0.0)	(75, 0.13413269303163183)	(80, 0.33854426322911474)	(85, 0.3383458646616541)	(90, 0.2703155045936899)	(95, 0.2235544883860531)	(100, 0.2235544883860531)	(105, 0.2779106087275021)	(110, 0.10682491072064465)	(115, 0.060241944509446824)	(120, 0.11035030065013685)	(125, 0.0)	(130, 0.0)	(135, 0.05357778749987282)	(140, 0.0)	(145, 0.0)	(150, 0.13578855799851455)
IDDLNTM141_R1	(1, 0.0)	(2, 0.270597634203541)	(3, 0.26777700644543884)	(4, 0.0)	(5, 0.0)	(6, 0.0)	(7, 0.0)	(8, 0.5146123737084214)	(9, 0.20174590770540715)	(10, 0.04407484525609981)	(15, 0.0)	(20, 0.0)	(25, 0.10589326541640481)	(30, 0.4021687583616901)	(35, 0.19146177714565052)	(40, 0.3396522835619699)	(45, 0.10530478912154898)	(50, 0.0534417644873225)	(55, 0.11482592972659594)	(60, 0.24976151490843815)	(65, 0.05926565057779241)	(70, 0.0)	(75, 0.18742361222577766)	(80, 0.055836254238804894)	(85, 0.056623594936749955)	(90, 0.0)	(95, 0.12092984936427312)	(100, 0.04539790230522398)	(105, 0.26289874088394416)	(110, 0.0)	(115, 0.05926565057779241)	(120, 0.0)	(125, 0.0)	(130, 0.05300750956629094)	(135, 0.0)	(140, 0.0)	(145, 0.0)	(150, 0.0)
IDDLNTM141_R2	(1, 0.0)	(2, 0.2650375478314547)	(3, 0.2875822776102424)	(4, 0.0)	(5, 0.0)	(6, 0.0)	(7, 0.0)	(8, 0.0)	(9, 0.0)	(10, 0.0)	(15, 0.0)	(20, 0.08586072064807068)	(25, 0.0)	(30, 0.16707856625258904)	(35, 0.04993525746142284)	(40, 0.0)	(45, 0.05384355175070683)	(50, 0.0)	(55, 0.06216744748001261)	(60, 0.0)	(65, 0.0)	(70, 0.0)	(75, 0.1335394759030118)	(80, 0.33701022792092744)	(85, 0.3450500316458201)	(90, 0.2685927563438252)	(95, 0.22256579317168632)	(100, 0.22256579317168632)	(105, 0.2771479841338674)	(110, 0.10825528751024)	(115, 0.061201534665007835)	(120, 0.1101343531965728)	(125, 0.0)	(130, 0.0)	(135, 0.0532713092846746)	(140, 0.0)	(145, 0.0)	(150, 0.13274198906205198)
IDDLNTM143_R1	(1, 0.0)	(2, 0.2743300134760183)	(3, 0.2682954376985893)	(4, 0.0)	(5, 0.0)	(6, 0.0)	(7, 0.0)	(8, 0.5100567556355282)	(9, 0.18676561689666807)	(10, 0.04247620800948527)	(15, 0.0)	(20, 0.0)	(25, 0.10616169816925383)	(30, 0.3960302939306759)	(35, 0.18688090431450552)	(40, 0.34029963560169135)	(45, 0.10456208524675921)	(50, 0.054257141019749634)	(55, 0.11587106039025151)	(60, 0.24818498874956924)	(65, 0.06150944014808668)	(70, 0.0)	(75, 0.18035995974307478)	(80, 0.05453815410072842)	(85, 0.05807963946742257)	(90, 0.0)	(95, 0.12163543128212398)	(100, 0.04737592326757687)	(105, 0.25572910915430735)	(110, 0.0)	(115, 0.06150944014808668)	(120, 0.0)	(125, 0.0)	(130, 0.05444448307373549)	(135, 0.0)	(140, 0.0)	(145, 0.0)	(150, 0.0)
IDDLNTM143_R2	(1, 0.0)	(2, 0.2722224153686774)	(3, 0.29329839644208616)	(4, 0.0)	(5, 0.0)	(6, 0.0)	(7, 0.0)	(8, 0.0)	(9, 0.0)	(10, 0.0)	(15, 0.0)	(20, 0.08221794257713855)	(25, 0.0)	(30, 0.16884923161836696)	(35, 0.04949793230214743)	(40, 0.0)	(45, 0.0538067995438221)	(50, 0.0)	(55, 0.06455014579354941)	(60, 0.0)	(65, 0.0)	(70, 0.0)	(75, 0.12892015499672782)	(80, 0.33084246460721306)	(85, 0.3383541604256844)	(90, 0.259720935996929)	(95, 0.21486692499454638)	(100, 0.21486692499454638)	(105, 0.26996710525723233)	(110, 0.10800989958646044)	(115, 0.061711193129302226)	(120, 0.11082723585986311)	(125, 0.0)	(130, 0.0)	(135, 0.051821694317933514)	(140, 0.0)	(145, 0.0)	(150, 0.1304639255762074)
IDDLNTM144_R1	(1, 0.0)	(2, 0.28779688192100616)	(3, 0.2803299935741869)	(4, 0.0)	(5, 0.0)	(6, 0.0)	(7, 0.0)	(8, 0.5401504139346563)	(9, 0.18082347106200597)	(10, 0.04351460780705093)	(15, 0.0)	(20, 0.0)	(25, 0.10740621744202732)	(30, 0.38131819628051483)	(35, 0.18143953809009863)	(40, 0.3504602566582029)	(45, 0.10299237012683182)	(50, 0.056623578366845305)	(55, 0.1204294065168974)	(60, 0.26085759649637225)	(65, 0.06298700488486565)	(70, 0.0)	(75, 0.1667046184751483)	(80, 0.05739561173116395)	(85, 0.05932959430036621)	(90, 0.0)	(95, 0.1243753548234149)	(100, 0.04752294264805884)	(105, 0.25178815404483096)	(110, 0.0)	(115, 0.06298700488486565)	(120, 0.0)	(125, 0.0)	(130, 0.055364150201820436)	(135, 0.0)	(140, 0.0)	(145, 0.0)	(150, 0.0)
IDDLNTM144_R2	(1, 0.0)	(2, 0.2768207510091022)	(3, 0.3026526754465316)	(4, 0.0)	(5, 0.0)	(6, 0.0)	(7, 0.0)	(8, 0.0)	(9, 0.0)	(10, 0.0)	(15, 0.0)	(20, 0.08890081164881372)	(25, 0.0)	(30, 0.1748031704836828)	(35, 0.052045966398612524)	(40, 0.0)	(45, 0.0551107049054532)	(50, 0.0)	(55, 0.06479621438508712)	(60, 0.0)	(65, 0.0)	(70, 0.0)	(75, 0.13433380539144432)	(80, 0.34096580594044584)	(85, 0.34896687898883905)	(90, 0.26789557741856995)	(95, 0.2238896756524072)	(100, 0.2238896756524072)	(105, 0.2803455902078096)	(110, 0.11065811555233919)	(115, 0.06344320641832667)	(120, 0.11556325682664653)	(125, 0.0)	(130, 0.0)	(135, 0.05364852050333456)	(140, 0.0)	(145, 0.0)	(150, 0.1320255036152997)
IDDLNTM145_R1	(1, 0.0)	(2, 0.2900788728941481)	(3, 0.28548748435926646)	(4, 0.0)	(5, 0.0)	(6, 0.0)	(7, 0.0)	(8, 0.5387720647284688)	(9, 0.19037413287520544)	(10, 0.043116929397291795)	(15, 0.0)	(20, 0.0)	(25, 0.10793975340031285)	(30, 0.3897667637808526)	(35, 0.18347020094064492)	(40, 0.35295140984060935)	(45, 0.10672661587916982)	(50, 0.058247450147103454)	(55, 0.12131796439736235)	(60, 0.26483887280147783)	(65, 0.06405197620312808)	(70, 0.0)	(75, 0.17757300465731077)	(80, 0.056848972171341355)	(85, 0.059700687802639374)	(90, 0.0)	(95, 0.12349150245607694)	(100, 0.04776307761194721)	(105, 0.2553022639547146)	(110, 0.0)	(115, 0.06405197620312808)	(120, 0.0)	(125, 0.0)	(130, 0.055926482181305505)	(135, 0.0)	(140, 0.0)	(145, 0.0)	(150, 0.0)
IDDLNTM145_R2	(1, 0.0)	(2, 0.2796324109065275)	(3, 0.30907626949260314)	(4, 0.0)	(5, 0.0)	(6, 0.0)	(7, 0.0)	(8, 0.0)	(9, 0.0)	(10, 0.0)	(15, 0.0)	(20, 0.0922068761729892)	(25, 0.0)	(30, 0.17424108875722696)	(35, 0.05259035399816218)	(40, 0.0)	(45, 0.05630979993972224)	(50, 0.0)	(55, 0.0662634248093784)	(60, 0.0)	(65, 0.0)	(70, 0.0)	(75, 0.13141059460798282)	(80, 0.33457321885190433)	(85, 0.34610223758582265)	(90, 0.2636299475633943)	(95, 0.21901765767997136)	(100, 0.21901765767997136)	(105, 0.27462400634875306)	(110, 0.10985212990933693)	(115, 0.06432577460199716)	(120, 0.1180997801398857)	(125, 0.0)	(130, 0.0)	(135, 0.05279254358501936)	(140, 0.0)	(145, 0.0)	(150, 0.13557233027079293)
IDDLNTM146_R1	(1, 0.0)	(2, 0.2711219668713182)	(3, 0.27455824021569486)	(4, 0.0)	(5, 0.0)	(6, 0.0)	(7, 0.0)	(8, 0.5178463929975622)	(9, 0.21246907622448916)	(10, 0.044620009376730885)	(15, 0.0)	(20, 0.0)	(25, 0.10814811283089433)	(30, 0.41023090253504624)	(35, 0.19429548557441711)	(40, 0.34173738409825855)	(45, 0.10790757369678797)	(50, 0.056797303040865665)	(55, 0.1180875334795038)	(60, 0.2555212858878482)	(65, 0.061878692248862645)	(70, 0.0)	(75, 0.19106538863070305)	(80, 0.05661260334860542)	(85, 0.057737982868888774)	(90, 0.0)	(95, 0.11514951977006176)	(100, 0.047085535501321135)	(105, 0.26199007045863726)	(110, 0.0)	(115, 0.061878692248862645)	(120, 0.0)	(125, 0.0)	(130, 0.05557742600361196)	(135, 0.0)	(140, 0.0)	(145, 0.0)	(150, 0.0)
IDDLNTM146_R2	(1, 0.0)	(2, 0.27788713001805976)	(3, 0.2950899734483454)	(4, 0.0)	(5, 0.0)	(6, 0.0)	(7, 0.0)	(8, 0.0)	(9, 0.0)	(10, 0.0)	(15, 0.0)	(20, 0.08677019728719106)	(25, 0.0)	(30, 0.17004828178815934)	(35, 0.05074946195476276)	(40, 0.0)	(45, 0.054606678783825545)	(50, 0.0)	(55, 0.06273776058495681)	(60, 0.0)	(65, 0.0)	(70, 0.0)	(75, 0.13272605792654837)	(80, 0.3359644448797057)	(85, 0.33702109893310156)	(90, 0.2684330829793435)	(95, 0.22121009654424728)	(100, 0.22121009654424728)	(105, 0.27732873559959853)	(110, 0.10764985319595972)	(115, 0.06021209967683997)	(120, 0.11289446538781459)	(125, 0.0)	(130, 0.0)	(135, 0.05408264709880811)	(140, 0.0)	(145, 0.0)	(150, 0.1379556364225216)
IDDLNTM147_R1	(1, 0.0)	(2, 0.26944736345754855)	(3, 0.2639797454253443)	(4, 0.0)	(5, 0.0)	(6, 0.0)	(7, 0.0)	(8, 0.5065217079186646)	(9, 0.20542903002292662)	(10, 0.04496820816126562)	(15, 0.0)	(20, 0.0)	(25, 0.10660281747537262)	(30, 0.4076168246080573)	(35, 0.19319965990629132)	(40, 0.34171039286015625)	(45, 0.10683489622637984)	(50, 0.05499873045056123)	(55, 0.11645239700964563)	(60, 0.24760442609580013)	(65, 0.06032474110926956)	(70, 0.0)	(75, 0.19072546440826507)	(80, 0.05578150454294155)	(85, 0.05746112533412948)	(90, 0.0)	(95, 0.12190034735108657)	(100, 0.045849320707462574)	(105, 0.2689832059555341)	(110, 0.0)	(115, 0.06032474110926956)	(120, 0.0)	(125, 0.0)	(130, 0.05287068630996949)	(135, 0.0)	(140, 0.0)	(145, 0.0)	(150, 0.0)
IDDLNTM147_R2	(1, 0.0)	(2, 0.2643534315498475)	(3, 0.29027544797590943)	(4, 0.0)	(5, 0.0)	(6, 0.0)	(7, 0.0)	(8, 0.0)	(9, 0.0)	(10, 0.0)	(15, 0.0)	(20, 0.08227388400113994)	(25, 0.0)	(30, 0.16764739606657986)	(35, 0.04936983735409769)	(40, 0.0)	(45, 0.05352758718146454)	(50, 0.0)	(55, 0.061260923189603814)	(60, 0.0)	(65, 0.0)	(70, 0.0)	(75, 0.13204887578496213)	(80, 0.335373462896213)	(85, 0.3425443029485212)	(90, 0.26669782028883576)	(95, 0.22008145964160353)	(100, 0.22008145964160353)	(105, 0.2756190848190799)	(110, 0.10582397692114494)	(115, 0.06006119405304101)	(120, 0.10958050585693999)	(125, 0.0)	(130, 0.0)	(135, 0.0520839786794365)	(140, 0.0)	(145, 0.0)	(150, 0.13564806319465056)
IDDLNTM148_R1	(1, 0.0)	(2, 0.27339999228155504)	(3, 0.2718447832240175)	(4, 0.0)	(5, 0.0)	(6, 0.0)	(7, 0.0)	(8, 0.520246229914043)	(9, 0.19682034628169676)	(10, 0.04409881683150923)	(15, 0.0)	(20, 0.0)	(25, 0.10734974520491608)	(30, 0.40177385993096026)	(35, 0.18819181602913654)	(40, 0.3430042376566801)	(45, 0.10650302027359007)	(50, 0.05679969080139923)	(55, 0.1180173273329144)	(60, 0.25354515664699234)	(65, 0.06147683804110475)	(70, 0.0)	(75, 0.1845169146265108)	(80, 0.05590688560170175)	(85, 0.05909794418642694)	(90, 0.0)	(95, 0.12312647708860257)	(100, 0.0461954690424117)	(105, 0.26393625716476177)	(110, 0.0)	(115, 0.06147683804110475)	(120, 0.0)	(125, 0.0)	(130, 0.0541731155042247)	(135, 0.0)	(140, 0.0)	(145, 0.0)	(150, 0.0)
IDDLNTM148_R2	(1, 0.0)	(2, 0.2708655775211235)	(3, 0.2918320996301483)	(4, 0.0)	(5, 0.0)	(6, 0.0)	(7, 0.0)	(8, 0.0)	(9, 0.0)	(10, 0.0)	(15, 0.0)	(20, 0.08564017876840115)	(25, 0.0)	(30, 0.16985762925083275)	(35, 0.050048931484976966)	(40, 0.0)	(45, 0.056598089627273994)	(50, 0.0)	(55, 0.06186276028871592)	(60, 0.0)	(65, 0.0)	(70, 0.0)	(75, 0.1317780474753485)	(80, 0.33555651428113914)	(85, 0.3490522728804373)	(90, 0.26527834498108116)	(95, 0.21963007912558083)	(100, 0.21963007912558083)	(105, 0.2749379212384533)	(110, 0.10762622681514497)	(115, 0.06223716246923422)	(120, 0.11302913828170136)	(125, 0.0)	(130, 0.0)	(135, 0.05428255614160697)	(140, 0.0)	(145, 0.0)	(150, 0.13445358305766772)
IDDLNTM149_R1	(1, 0.0)	(2, 0.30037287772276494)	(3, 0.2931163207859671)	(4, 0.0)	(5, 0.0)	(6, 0.0)	(7, 0.0)	(8, 0.5498587703991987)	(9, 0.17081752856244573)	(10, 0.041426135081870055)	(15, 0.0)	(20, 0.0)	(25, 0.10661977129397163)	(30, 0.37004189674860705)	(35, 0.16988237394464917)	(40, 0.35798811807116465)	(45, 0.1038203798731651)	(50, 0.05890259605601576)	(55, 0.12480670688033937)	(60, 0.26949455803772987)	(65, 0.06555190973450413)	(70, 0.0)	(75, 0.16402854893454616)	(80, 0.05898153767959599)	(85, 0.06298327075185521)	(90, 0.0)	(95, 0.11496936609572644)	(100, 0.04979394718137415)	(105, 0.23556787719598138)	(110, 0.0)	(115, 0.06555190973450413)	(120, 0.0)	(125, 0.0)	(130, 0.05870827821335674)	(135, 0.0)	(140, 0.0)	(145, 0.0)	(150, 0.0)
IDDLNTM149_R2	(1, 0.0)	(2, 0.29354139106678373)	(3, 0.311697964490236)	(4, 0.0)	(5, 0.0)	(6, 0.0)	(7, 0.0)	(8, 0.0)	(9, 0.0)	(10, 0.0)	(15, 0.0)	(20, 0.09326041961116392)	(25, 0.0)	(30, 0.1779829990104971)	(35, 0.05338882727056604)	(40, 0.0)	(45, 0.05664365113510464)	(50, 0.0)	(55, 0.06802338979582356)	(60, 0.0)	(65, 0.0)	(70, 0.0)	(75, 0.12888738157617882)	(80, 0.33177342660994613)	(85, 0.3307775476663186)	(90, 0.2569732020513892)	(95, 0.2148123026269647)	(100, 0.2148123026269647)	(105, 0.2702839742735321)	(110, 0.112176047107503)	(115, 0.06588589352657434)	(120, 0.11933544512297131)	(125, 0.0)	(130, 0.0)	(135, 0.0539839256637093)	(140, 0.0)	(145, 0.0)	(150, 0.13181733029752188)
IDDLNTM15.A_R1	(1, 0.0)	(2, 0.27553143250368567)	(3, 0.2799291803099387)	(4, 0.0)	(5, 0.0)	(6, 0.0)	(7, 0.0)	(8, 0.5370493162983268)	(9, 0.18764483515281605)	(10, 0.04435572994638393)	(15, 0.0)	(20, 0.0)	(25, 0.10741442051127807)	(30, 0.38705649396961683)	(35, 0.18455046130779448)	(40, 0.3495867712100187)	(45, 0.10430637491141842)	(50, 0.05831003438446342)	(55, 0.1209312287945386)	(60, 0.2608342960527365)	(65, 0.06342327069390992)	(70, 0.0)	(75, 0.17241905751479397)	(80, 0.0571023627070986)	(85, 0.060497515158558175)	(90, 0.0)	(95, 0.12850538097484168)	(100, 0.04760960759784989)	(105, 0.25713380774322625)	(110, 0.0)	(115, 0.06342327069390992)	(120, 0.0)	(125, 0.0)	(130, 0.05544808037168945)	(135, 0.0)	(140, 0.0)	(145, 0.0)	(150, 0.0)
IDDLNTM15.A_R2	(1, 0.0)	(2, 0.2772404018584472)	(3, 0.303057232244378)	(4, 0.0)	(5, 0.0)	(6, 0.0)	(7, 0.0)	(8, 0.0)	(9, 0.0)	(10, 0.0)	(15, 0.0)	(20, 0.08867955913147899)	(25, 0.0)	(30, 0.17304795823734623)	(35, 0.052618027120204344)	(40, 0.0)	(45, 0.05522021779105457)	(50, 0.0)	(55, 0.06459448435837314)	(60, 0.0)	(65, 0.0)	(70, 0.0)	(75, 0.13545974693581794)	(80, 0.3429468556103185)	(85, 0.3536153816356432)	(90, 0.2710151961555025)	(95, 0.22576624489302993)	(100, 0.22576624489302993)	(105, 0.2811869817550432)	(110, 0.11037663405953138)	(115, 0.06393368287453204)	(120, 0.11513440474318748)	(125, 0.0)	(130, 0.0)	(135, 0.053912286578210414)	(140, 0.0)	(145, 0.0)	(150, 0.1390645329614616)
IDDLNTM15.B_R1	(1, 0.0)	(2, 0.27295059116544496)	(3, 0.27475311157898863)	(4, 0.0)	(5, 0.0)	(6, 0.0)	(7, 0.0)	(8, 0.5247609429176786)	(9, 0.19444470208625114)	(10, 0.04550401533297365)	(15, 0.0)	(20, 0.0)	(25, 0.10877423186817589)	(30, 0.3943949665229958)	(35, 0.190003151785694)	(40, 0.3467664271297872)	(45, 0.10500468917810495)	(50, 0.05655014043034037)	(55, 0.11852884233913949)	(60, 0.2565564055012923)	(65, 0.062300705555490415)	(70, 0.0)	(75, 0.1759049921240358)	(80, 0.05741465022091376)	(85, 0.059339672021785646)	(90, 0.0)	(95, 0.12375090147895924)	(100, 0.04683053035575628)	(105, 0.26309447954498083)	(110, 0.0)	(115, 0.062300705555490415)	(120, 0.0)	(125, 0.0)	(130, 0.0539321107811546)	(135, 0.0)	(140, 0.0)	(145, 0.0)	(150, 0.0)
IDDLNTM15.B_R2	(1, 0.0)	(2, 0.269660553905773)	(3, 0.30112591025093355)	(4, 0.0)	(5, 0.0)	(6, 0.0)	(7, 0.0)	(8, 0.0)	(9, 0.0)	(10, 0.0)	(15, 0.0)	(20, 0.08711248654891017)	(25, 0.0)	(30, 0.1704379302095596)	(35, 0.05117057950681292)	(40, 0.0)	(45, 0.05606363492066548)	(50, 0.0)	(55, 0.0629797132452525)	(60, 0.0)	(65, 0.0)	(70, 0.0)	(75, 0.1318079927255176)	(80, 0.3370328168966514)	(85, 0.34708143069720265)	(90, 0.2660345128408579)	(95, 0.21967998787586268)	(100, 0.21967998787586268)	(105, 0.2760236259675641)	(110, 0.10764721910475636)	(115, 0.06192270127459193)	(120, 0.11426229402047977)	(125, 0.0)	(130, 0.0)	(135, 0.055426627706558776)	(140, 0.0)	(145, 0.0)	(150, 0.13692155063656097)
IDDLNTM152_R1	(1, 0.0)	(2, 0.27932702535216475)	(3, 0.2726077250734362)	(4, 0.0)	(5, 0.0)	(6, 0.0)	(7, 0.0)	(8, 0.5290836887489534)	(9, 0.19915788396992584)	(10, 0.044200482157401376)	(15, 0.0)	(20, 0.0)	(25, 0.10815625120716174)	(30, 0.3986150080332363)	(35, 0.19022420700015072)	(40, 0.34578552972841514)	(45, 0.10696473156259367)	(50, 0.05612656006102321)	(55, 0.1175088643076754)	(60, 0.25727575083419973)	(65, 0.06169786652694875)	(70, 0.0)	(75, 0.18229162416097158)	(80, 0.055598809350872073)	(85, 0.06006564783575962)	(90, 0.0)	(95, 0.12390172084816613)	(100, 0.0462625184372703)	(105, 0.2621506439918846)	(110, 0.0)	(115, 0.06169786652694875)	(120, 0.0)	(125, 0.0)	(130, 0.05484798875292508)	(135, 0.0)	(140, 0.0)	(145, 0.0)	(150, 0.0)
IDDLNTM152_R2	(1, 0.0)	(2, 0.27423994376462535)	(3, 0.29845118768393064)	(4, 0.0)	(5, 0.0)	(6, 0.0)	(7, 0.0)	(8, 0.0)	(9, 0.0)	(10, 0.0)	(15, 0.0)	(20, 0.08725297050199973)	(25, 0.0)	(30, 0.1707137529114701)	(35, 0.051578110641576205)	(40, 0.0)	(45, 0.056382274322642846)	(50, 0.0)	(55, 0.06391768394696594)	(60, 0.0)	(65, 0.0)	(70, 0.0)	(75, 0.13240558022926144)	(80, 0.3366342235998148)	(85, 0.3491261373163822)	(90, 0.2664107347758882)	(95, 0.22067596704876905)	(100, 0.22067596704876905)	(105, 0.2775642291656806)	(110, 0.10782436673995327)	(115, 0.06247589076974889)	(120, 0.11291688905646334)	(125, 0.0)	(130, 0.0)	(135, 0.05298725944496948)	(140, 0.0)	(145, 0.0)	(150, 0.13548775319112355)
IDDLNTM18.A_R1	(1, 0.0)	(2, 0.27805764059738874)	(3, 0.2744352680677319)	(4, 0.0)	(5, 0.0)	(6, 0.0)	(7, 0.0)	(8, 0.5208106653460326)	(9, 0.21001650882764075)	(10, 0.04569055260914898)	(15, 0.0)	(20, 0.0)	(25, 0.10668698078763895)	(30, 0.4047379551382678)	(35, 0.1885471934317195)	(40, 0.3416005425989658)	(45, 0.10798995359308267)	(50, 0.055092501607765715)	(55, 0.11744056132717241)	(60, 0.2538418099103247)	(65, 0.06075854102728863)	(70, 0.0)	(75, 0.1894446767748882)	(80, 0.05598998495093443)	(85, 0.05849861309087587)	(90, 0.0)	(95, 0.12186309972905193)	(100, 0.046690759949427355)	(105, 0.2672283686915639)	(110, 0.0)	(115, 0.06075854102728863)	(120, 0.0)	(125, 0.0)	(130, 0.05485461445656438)	(135, 0.0)	(140, 0.0)	(145, 0.0)	(150, 0.0)
IDDLNTM18.A_R2	(1, 0.0)	(2, 0.2742730722828219)	(3, 0.29844024423441295)	(4, 0.0)	(5, 0.0)	(6, 0.0)	(7, 0.0)	(8, 0.0)	(9, 0.0)	(10, 0.0)	(15, 0.0)	(20, 0.08653145124948874)	(25, 0.0)	(30, 0.1722789562052458)	(35, 0.050891630778596535)	(40, 0.0)	(45, 0.05600079800326176)	(50, 0.0)	(55, 0.0631644451701204)	(60, 0.0)	(65, 0.0)	(70, 0.0)	(75, 0.13248151711449374)	(80, 0.33674007557782926)	(85, 0.3478991455796377)	(90, 0.2664390158716685)	(95, 0.22080252852415624)	(100, 0.22080252852415624)	(105, 0.276624911164017)	(110, 0.10850357357863104)	(115, 0.062245335722297034)	(120, 0.11106626698020915)	(125, 0.0)	(130, 0.0)	(135, 0.05270281704342495)	(140, 0.0)	(145, 0.0)	(150, 0.13424404464384915)
IDDLNTM18.B_R1	(1, 0.0)	(2, 0.2801006257752505)	(3, 0.2766163537790414)	(4, 0.0)	(5, 0.0)	(6, 0.0)	(7, 0.0)	(8, 0.5266128695070452)	(9, 0.194248163788658)	(10, 0.044382656687711665)	(15, 0.0)	(20, 0.0)	(25, 0.10913088319326561)	(30, 0.3960362921771125)	(35, 0.18390684450390937)	(40, 0.34732616967010915)	(45, 0.10631559142032863)	(50, 0.05602709369904252)	(55, 0.11927708324622653)	(60, 0.2595190310936433)	(65, 0.0632046940112333)	(70, 0.0)	(75, 0.18100444593106715)	(80, 0.057730902705188776)	(85, 0.0591942969435966)	(90, 0.0)	(95, 0.1240052403450823)	(100, 0.04804114228373124)	(105, 0.2618848517790693)	(110, 0.0)	(115, 0.0632046940112333)	(120, 0.0)	(125, 0.0)	(130, 0.054828504132346585)	(135, 0.0)	(140, 0.0)	(145, 0.0)	(150, 0.0)
IDDLNTM18.B_R2	(1, 0.0)	(2, 0.2741425206617329)	(3, 0.30926398238352076)	(4, 0.0)	(5, 0.0)	(6, 0.0)	(7, 0.0)	(8, 0.0)	(9, 0.0)	(10, 0.0)	(15, 0.0)	(20, 0.08896391687920725)	(25, 0.0)	(30, 0.17166659698122674)	(35, 0.05138255912809578)	(40, 0.0)	(45, 0.05626053992278853)	(50, 0.0)	(55, 0.06549037644074647)	(60, 0.0)	(65, 0.0)	(70, 0.0)	(75, 0.13401555379019106)	(80, 0.3408628451171412)	(85, 0.3506850078744547)	(90, 0.26947359618681277)	(95, 0.22335925631698514)	(100, 0.22335925631698514)	(105, 0.28006229878329225)	(110, 0.11117963512703656)	(115, 0.06250783961199147)	(120, 0.11456634750735181)	(125, 0.0)	(130, 0.0)	(135, 0.05354977630973785)	(140, 0.0)	(145, 0.0)	(150, 0.13370022717453417)
IDDLNTM19.A_R1	(1, 0.0)	(2, 0.2779100073288715)	(3, 0.27392366164698456)	(4, 0.0)	(5, 0.0)	(6, 0.0)	(7, 0.0)	(8, 0.5246464578399744)	(9, 0.21551285588142774)	(10, 0.04552440127256163)	(15, 0.0)	(20, 0.0)	(25, 0.10703755137632337)	(30, 0.4097396265778174)	(35, 0.18979675641559807)	(40, 0.34594475225111776)	(45, 0.10752458607888027)	(50, 0.0570397697193179)	(55, 0.11933017383469442)	(60, 0.2535349212221369)	(65, 0.060899352944374964)	(70, 0.0)	(75, 0.19076748996658474)	(80, 0.05714985290551226)	(85, 0.058374111370158716)	(90, 0.0)	(95, 0.1158608855425083)	(100, 0.046992177088486534)	(105, 0.2633289889393085)	(110, 0.0)	(115, 0.060899352944374964)	(120, 0.0)	(125, 0.0)	(130, 0.054954860889879116)	(135, 0.0)	(140, 0.0)	(145, 0.0)	(150, 0.0)
IDDLNTM19.A_R2	(1, 0.0)	(2, 0.2747743044493956)	(3, 0.2963572806517459)	(4, 0.0)	(5, 0.0)	(6, 0.0)	(7, 0.0)	(8, 0.0)	(9, 0.0)	(10, 0.0)	(15, 0.0)	(20, 0.08560802446381982)	(25, 0.0)	(30, 0.17101256182588642)	(35, 0.0513488025784818)	(40, 0.0)	(45, 0.05545190315481732)	(50, 0.0)	(55, 0.06215363409616533)	(60, 0.0)	(65, 0.0)	(70, 0.0)	(75, 0.13063871932557036)	(80, 0.3321710105603134)	(85, 0.334706259696911)	(90, 0.26391276341155134)	(95, 0.2177311988759506)	(100, 0.2177311988759506)	(105, 0.2739536843341285)	(110, 0.10637038055090298)	(115, 0.060899352944374964)	(120, 0.1136125198608415)	(125, 0.0)	(130, 0.0)	(135, 0.05461793962304181)	(140, 0.0)	(145, 0.0)	(150, 0.13677835884650166)
IDDLNTM19.B_R1	(1, 0.0)	(2, 0.2731175918833603)	(3, 0.2710482742699431)	(4, 0.0)	(5, 0.0)	(6, 0.0)	(7, 0.0)	(8, 0.5137889302500932)	(9, 0.1994789846246468)	(10, 0.04460672780422445)	(15, 0.0)	(20, 0.0)	(25, 0.1073975841363525)	(30, 0.4019487798624356)	(35, 0.19125021380254248)	(40, 0.34404345308323475)	(45, 0.107442850459146)	(50, 0.05548357850974859)	(55, 0.11789613771567382)	(60, 0.25369510609617735)	(65, 0.06091230393619777)	(70, 0.0)	(75, 0.18692404666699217)	(80, 0.05482721682924282)	(85, 0.05861988801758402)	(90, 0.0)	(95, 0.12268790131424302)	(100, 0.04659197938959657)	(105, 0.26271603756716794)	(110, 0.0)	(115, 0.06091230393619777)	(120, 0.0)	(125, 0.0)	(130, 0.053488626998063574)	(135, 0.0)	(140, 0.0)	(145, 0.0)	(150, 0.0)
IDDLNTM19.B_R2	(1, 0.0)	(2, 0.26744313499031785)	(3, 0.29345510405272623)	(4, 0.0)	(5, 0.0)	(6, 0.0)	(7, 0.0)	(8, 0.0)	(9, 0.0)	(10, 0.0)	(15, 0.0)	(20, 0.08637137719877122)	(25, 0.0)	(30, 0.17020137370356445)	(35, 0.05028441800603788)	(40, 0.0)	(45, 0.05547387858343569)	(50, 0.0)	(55, 0.06380611528621088)	(60, 0.0)	(65, 0.0)	(70, 0.0)	(75, 0.1341499809073117)	(80, 0.3400923497651163)	(85, 0.34963061063946116)	(90, 0.2698390167896024)	(95, 0.22358330151218617)	(100, 0.22358330151218617)	(105, 0.27989784037607257)	(110, 0.10929876969367955)	(115, 0.0608638043046333)	(120, 0.11240597942257632)	(125, 0.0)	(130, 0.0)	(135, 0.052628566864987056)	(140, 0.0)	(145, 0.0)	(150, 0.13232316145171683)
IDDLNTM19.C_R1	(1, 0.0)	(2, 0.2699855828188322)	(3, 0.2677010266632181)	(4, 0.0)	(5, 0.0)	(6, 0.0)	(7, 0.0)	(8, 0.5170440127902508)	(9, 0.22147956015766704)	(10, 0.046898674223108124)	(15, 0.0)	(20, 0.0)	(25, 0.10733742323279383)	(30, 0.4162542906820298)	(35, 0.19331832597515872)	(40, 0.33629482523553367)	(45, 0.10929153465875667)	(50, 0.05544128241927969)	(55, 0.11568829189447635)	(60, 0.2495388052260854)	(65, 0.05905169705806282)	(70, 0.0)	(75, 0.19727142403728395)	(80, 0.05495581423621168)	(85, 0.05671818612768548)	(90, 0.0)	(95, 0.12452462873922689)	(100, 0.04515262058988872)	(105, 0.27620691877831727)	(110, 0.0)	(115, 0.05905169705806282)	(120, 0.0)	(125, 0.0)	(130, 0.05301394150393964)	(135, 0.0)	(140, 0.0)	(145, 0.0)	(150, 0.0)
IDDLNTM19.C_R2	(1, 0.0)	(2, 0.2650697075196982)	(3, 0.28850680593756145)	(4, 0.0)	(5, 0.0)	(6, 0.0)	(7, 0.0)	(8, 0.0)	(9, 0.0)	(10, 0.0)	(15, 0.0)	(20, 0.08467952164657754)	(25, 0.0)	(30, 0.16742125012544662)	(35, 0.051161819192066714)	(40, 0.0)	(45, 0.05452745995703403)	(50, 0.0)	(55, 0.06110371803355197)	(60, 0.0)	(65, 0.0)	(70, 0.0)	(75, 0.13080715816716587)	(80, 0.3334595278638339)	(85, 0.34343814278639156)	(90, 0.26509418490707976)	(95, 0.21801193027860977)	(100, 0.21801193027860977)	(105, 0.27323291621145523)	(110, 0.10474282017034629)	(115, 0.0599410421329269)	(120, 0.11144962431289934)	(125, 0.0)	(130, 0.0)	(135, 0.05391552527249452)	(140, 0.0)	(145, 0.0)	(150, 0.13671640743753577)
IDDLNTM1_R1	(1, 0.0)	(2, 0.28222097187614426)	(3, 0.2823804547942479)	(4, 0.0)	(5, 0.0)	(6, 0.0)	(7, 0.0)	(8, 0.5443789926548547)	(9, 0.22193642883298054)	(10, 0.04601401153125291)	(15, 0.0)	(20, 0.0)	(25, 0.10850579816097058)	(30, 0.41722645170921036)	(35, 0.1876348428072566)	(40, 0.35058810920879885)	(45, 0.1135901135901136)	(50, 0.05971040453799074)	(55, 0.1217683976304666)	(60, 0.25931284551974204)	(65, 0.060335577576956886)	(70, 0.0)	(75, 0.20029778650468305)	(80, 0.05957643888678372)	(85, 0.06031006031006031)	(90, 0.0)	(95, 0.12439667612081405)	(100, 0.048706083188841814)	(105, 0.28036459070941827)	(110, 0.0)	(115, 0.060335577576956886)	(120, 0.0)	(125, 0.0)	(130, 0.05436453712315781)	(135, 0.0)	(140, 0.0)	(145, 0.0)	(150, 0.0)
IDDLNTM1_R2	(1, 0.0)	(2, 0.27182268561578904)	(3, 0.30355978631840697)	(4, 0.0)	(5, 0.0)	(6, 0.0)	(7, 0.0)	(8, 0.0)	(9, 0.0)	(10, 0.0)	(15, 0.0)	(20, 0.08710956986819056)	(25, 0.0)	(30, 0.17354293216362182)	(35, 0.052846259742811465)	(40, 0.0)	(45, 0.05742022983402294)	(50, 0.0)	(55, 0.06314247693558038)	(60, 0.0)	(65, 0.0)	(70, 0.0)	(75, 0.13111409663133802)	(80, 0.3364451640313709)	(85, 0.34629482905344977)	(90, 0.26556457590940347)	(95, 0.21852349438556337)	(100, 0.21852349438556337)	(105, 0.27597562080320703)	(110, 0.10645803749252025)	(115, 0.06176454452316521)	(120, 0.11653097859994412)	(125, 0.0)	(130, 0.0)	(135, 0.0555574693505728)	(140, 0.0)	(145, 0.0)	(150, 0.1390531562945356)
IDDLNTM2.A_R1	(1, 0.0)	(2, 0.281749108032196)	(3, 0.2769183346253735)	(4, 0.0)	(5, 0.0)	(6, 0.0)	(7, 0.0)	(8, 0.5346515977207952)	(9, 0.2143483171655782)	(10, 0.046504245329677285)	(15, 0.0)	(20, 0.0)	(25, 0.11095136331326645)	(30, 0.4104961204288806)	(35, 0.1939394497058979)	(40, 0.35091658174473733)	(45, 0.11323332865591781)	(50, 0.059193076811597536)	(55, 0.12326293439579676)	(60, 0.2592515061661372)	(65, 0.0617050789831452)	(70, 0.0)	(75, 0.19115140333967467)	(80, 0.0586777943148698)	(85, 0.061521049520028154)	(90, 0.0)	(95, 0.1258761527720588)	(100, 0.04814210755141898)	(105, 0.279687978045285)	(110, 0.0)	(115, 0.0617050789831452)	(120, 0.0)	(125, 0.0)	(130, 0.0547487652773209)	(135, 0.0)	(140, 0.0)	(145, 0.0)	(150, 0.0)
IDDLNTM2.A_R2	(1, 0.0)	(2, 0.2737438263866045)	(3, 0.30857140228150526)	(4, 0.0)	(5, 0.0)	(6, 0.0)	(7, 0.0)	(8, 0.0)	(9, 0.0)	(10, 0.0)	(15, 0.0)	(20, 0.0872575699369469)	(25, 0.0)	(30, 0.17745961128376653)	(35, 0.05196992038425352)	(40, 0.0)	(45, 0.058383347173882535)	(50, 0.0)	(55, 0.06381221633583536)	(60, 0.0)	(65, 0.0)	(70, 0.0)	(75, 0.1313694322461026)	(80, 0.33628623942693225)	(85, 0.3504012992480096)	(90, 0.2669439377244297)	(95, 0.21894905374350432)	(100, 0.21894905374350432)	(105, 0.27577735195404784)	(110, 0.10818171989335493)	(115, 0.061235803852196735)	(120, 0.11687711202563532)	(125, 0.0)	(130, 0.0)	(135, 0.055245644827736924)	(140, 0.0)	(145, 0.0)	(150, 0.14248481181837214)
IDDLNTM2.B_R1	(1, 0.0)	(2, 0.28082781550606356)	(3, 0.2795707879363064)	(4, 0.0)	(5, 0.0)	(6, 0.0)	(7, 0.0)	(8, 0.5393826737604922)	(9, 0.19212880761507303)	(10, 0.044883740662642085)	(15, 0.0)	(20, 0.0)	(25, 0.10878787974017241)	(30, 0.3978649386727674)	(35, 0.18574153627624437)	(40, 0.3534054448149184)	(45, 0.10832435082382445)	(50, 0.05927670633636172)	(55, 0.12202595133417764)	(60, 0.26015756840586907)	(65, 0.06382557485442049)	(70, 0.0)	(75, 0.18170333520839946)	(80, 0.057956827388116694)	(85, 0.06059658528460675)	(90, 0.0)	(95, 0.1256006234856746)	(100, 0.04889837246355406)	(105, 0.2647221497685498)	(110, 0.0)	(115, 0.06382557485442049)	(120, 0.0)	(125, 0.0)	(130, 0.05643268145978612)	(135, 0.0)	(140, 0.0)	(145, 0.0)	(150, 0.0)
IDDLNTM2.B_R2	(1, 0.0)	(2, 0.2821634072989306)	(3, 0.304200671881236)	(4, 0.0)	(5, 0.0)	(6, 0.0)	(7, 0.0)	(8, 0.0)	(9, 0.0)	(10, 0.0)	(15, 0.0)	(20, 0.08666419451244614)	(25, 0.0)	(30, 0.17651024006084015)	(35, 0.05121601704529384)	(40, 0.0)	(45, 0.05851463337219644)	(50, 0.0)	(55, 0.06501975104568981)	(60, 0.0)	(65, 0.0)	(70, 0.0)	(75, 0.12970167593200738)	(80, 0.33293160827249846)	(85, 0.34810235975500536)	(90, 0.26237307949756605)	(95, 0.21616945988667896)	(100, 0.21616945988667896)	(105, 0.27365490193613673)	(110, 0.10870931551706259)	(115, 0.06274924499781591)	(120, 0.1157643827523247)	(125, 0.0)	(130, 0.0)	(135, 0.054916391953766526)	(140, 0.0)	(145, 0.0)	(150, 0.13634820920709845)
IDDLNTM2.C_R1	(1, 0.0)	(2, 0.27310924369747897)	(3, 0.2750363711376023)	(4, 0.0)	(5, 0.0)	(6, 0.0)	(7, 0.0)	(8, 0.5159273011530193)	(9, 0.21942110177404295)	(10, 0.045860204546935054)	(15, 0.0)	(20, 0.0)	(25, 0.10653486200681823)	(30, 0.4157329598506069)	(35, 0.19828784226869042)	(40, 0.34103641456582634)	(45, 0.10785399431090265)	(50, 0.054757561939504484)	(55, 0.11665363819946582)	(60, 0.24939743339196146)	(65, 0.05910038433978242)	(70, 0.0)	(75, 0.19417844657242742)	(80, 0.05471956224350205)	(85, 0.05679868846763512)	(90, 0.0)	(95, 0.1222124508718216)	(100, 0.043623651010791915)	(105, 0.2713829717933685)	(110, 0.0)	(115, 0.05910038433978242)	(120, 0.0)	(125, 0.0)	(130, 0.0517827285953141)	(135, 0.0)	(140, 0.0)	(145, 0.0)	(150, 0.0)
IDDLNTM2.C_R2	(1, 0.0)	(2, 0.2589136429765705)	(3, 0.2903448200985821)	(4, 0.0)	(5, 0.0)	(6, 0.0)	(7, 0.0)	(8, 0.0)	(9, 0.0)	(10, 0.0)	(15, 0.0)	(20, 0.084750179141424)	(25, 0.0)	(30, 0.16710094890669447)	(35, 0.050659023299242184)	(40, 0.0)	(45, 0.05581612489957223)	(50, 0.0)	(55, 0.06220550235598115)	(60, 0.0)	(65, 0.0)	(70, 0.0)	(75, 0.13049638460035176)	(80, 0.3327633378932969)	(85, 0.3438863917660087)	(90, 0.2636527479208738)	(95, 0.2174939743339196)	(100, 0.2174939743339196)	(105, 0.2737823811695221)	(110, 0.10496601741471782)	(115, 0.05982237856382863)	(120, 0.11395565978329317)	(125, 0.0)	(130, 0.0)	(135, 0.052911862419386356)	(140, 0.0)	(145, 0.0)	(150, 0.13618819620871606)
IDDLNTM20_R1	(1, 0.0)	(2, 0.27263057529845)	(3, 0.26726364359241706)	(4, 0.0)	(5, 0.0)	(6, 0.0)	(7, 0.0)	(8, 0.5215797635141968)	(9, 0.2001212576202069)	(10, 0.044942080933011615)	(15, 0.0)	(20, 0.0)	(25, 0.10778136617237279)	(30, 0.4015611560275341)	(35, 0.19090669772373617)	(40, 0.3445410899139428)	(45, 0.10803936110898327)	(50, 0.05494973637535906)	(55, 0.11621238589098949)	(60, 0.2566444445966225)	(65, 0.0614187205266664)	(70, 0.0)	(75, 0.1837752080561945)	(80, 0.056150527623533786)	(85, 0.05865084892278354)	(90, 0.0)	(95, 0.12263677832485799)	(100, 0.046760785979981824)	(105, 0.2628840999153872)	(110, 0.0)	(115, 0.0614187205266664)	(120, 0.0)	(125, 0.0)	(130, 0.05411523423471774)	(135, 0.0)	(140, 0.0)	(145, 0.0)	(150, 0.0)
IDDLNTM20_R2	(1, 0.0)	(2, 0.2705761711735887)	(3, 0.29815933353219115)	(4, 0.0)	(5, 0.0)	(6, 0.0)	(7, 0.0)	(8, 0.0)	(9, 0.0)	(10, 0.0)	(15, 0.0)	(20, 0.08734561909468302)	(25, 0.0)	(30, 0.1708213141402088)	(35, 0.05095877766458206)	(40, 0.0)	(45, 0.055695055081122685)	(50, 0.0)	(55, 0.06364830639860887)	(60, 0.0)	(65, 0.0)	(70, 0.0)	(75, 0.13019188930806874)	(80, 0.3327688765100866)	(85, 0.3427223848669726)	(90, 0.263193056814785)	(95, 0.21698648218011454)	(100, 0.21698648218011454)	(105, 0.27268153726123723)	(110, 0.10791832644736353)	(115, 0.061227613166214195)	(120, 0.11140603577561639)	(125, 0.0)	(130, 0.0)	(135, 0.05431589696319256)	(140, 0.0)	(145, 0.0)	(150, 0.1353438252335929)
IDDLNTM21.A_R1	(1, 0.0)	(2, 0.27047591677104765)	(3, 0.26349890886867733)	(4, 0.0)	(5, 0.0)	(6, 0.0)	(7, 0.0)	(8, 0.5149135707997503)	(9, 0.19864562945855474)	(10, 0.04391186809819403)	(15, 0.0)	(20, 0.0)	(25, 0.10604359504615127)	(30, 0.39697963077258674)	(35, 0.18902324486268018)	(40, 0.34272863334611586)	(45, 0.10632406037622173)	(50, 0.05545942212023133)	(55, 0.1160710962299054)	(60, 0.25292778969947793)	(65, 0.06104795351200591)	(70, 0.0)	(75, 0.18332391235285309)	(80, 0.05531053311784825)	(85, 0.05778278306439536)	(90, 0.0)	(95, 0.12179466648430648)	(100, 0.04745057880599677)	(105, 0.2599082601367874)	(110, 0.0)	(115, 0.06104795351200591)	(120, 0.0)	(125, 0.0)	(130, 0.05500236750826464)	(135, 0.0)	(140, 0.0)	(145, 0.0)	(150, 0.0)
IDDLNTM21.A_R2	(1, 0.0)	(2, 0.2750118375413232)	(3, 0.2967046189350454)	(4, 0.0)	(5, 0.0)	(6, 0.0)	(7, 0.0)	(8, 0.0)	(9, 0.0)	(10, 0.0)	(15, 0.0)	(20, 0.08628983321834832)	(25, 0.0)	(30, 0.16960881145891313)	(35, 0.04967698877186483)	(40, 0.0)	(45, 0.055303608047969965)	(50, 0.0)	(55, 0.06433389916925131)	(60, 0.0)	(65, 0.0)	(70, 0.0)	(75, 0.1319952944150177)	(80, 0.33694619999774933)	(85, 0.3465027964297802)	(90, 0.265226713803309)	(95, 0.21999215735836286)	(100, 0.21999215735836286)	(105, 0.2762341123748402)	(110, 0.10966886912743253)	(115, 0.06127648081798925)	(120, 0.11017093669360807)	(125, 0.0)	(130, 0.0)	(135, 0.05316722399051958)	(140, 0.0)	(145, 0.0)	(150, 0.13333356416899594)
IDDLNTM21.B_R1	(1, 0.0)	(2, 0.2980268116368392)	(3, 0.2991259848646002)	(4, 0.0)	(5, 0.0)	(6, 0.0)	(7, 0.0)	(8, 0.5560954435821323)	(9, 0.1519660868420128)	(10, 0.04226428822822112)	(15, 0.0)	(20, 0.0)	(25, 0.10856383103681562)	(30, 0.36586088648105297)	(35, 0.1723891564621364)	(40, 0.36124435892445683)	(45, 0.10041270721839991)	(50, 0.06009244693417957)	(55, 0.12681441710089397)	(60, 0.2725216822695384)	(65, 0.06710991365886533)	(70, 0.0)	(75, 0.15323767939961866)	(80, 0.05930362850013934)	(85, 0.06198905956247302)	(90, 0.0)	(95, 0.12756875166896525)	(100, 0.04828603332305283)	(105, 0.24160258594510903)	(110, 0.0)	(115, 0.06710991365886533)	(120, 0.0)	(125, 0.0)	(130, 0.05798462062682617)	(135, 0.0)	(140, 0.0)	(145, 0.0)	(150, 0.0)
IDDLNTM21.B_R2	(1, 0.0)	(2, 0.2899231031341308)	(3, 0.3162817081841637)	(4, 0.0)	(5, 0.0)	(6, 0.0)	(7, 0.0)	(8, 0.0)	(9, 0.0)	(10, 0.0)	(15, 0.0)	(20, 0.09380042591884956)	(25, 0.0)	(30, 0.18066959477793576)	(35, 0.053941387341964214)	(40, 0.0)	(45, 0.05851049958285298)	(50, 0.0)	(55, 0.06949792137721664)	(60, 0.0)	(65, 0.0)	(70, 0.0)	(75, 0.14135367709006175)	(80, 0.3553476178437627)	(85, 0.36692557584284496)	(90, 0.27981933040522206)	(95, 0.23558946181676954)	(100, 0.23558946181676954)	(105, 0.2916645383655639)	(110, 0.1157838904740691)	(115, 0.06630816377508675)	(120, 0.12356431273331837)	(125, 0.0)	(130, 0.0)	(135, 0.05488969365611094)	(140, 0.0)	(145, 0.0)	(150, 0.13296763193473238)
IDDLNTM22.A_R1	(1, 0.0)	(2, 0.27083639313764574)	(3, 0.2696707533995883)	(4, 0.0)	(5, 0.0)	(6, 0.0)	(7, 0.0)	(8, 0.5152321915503553)	(9, 0.22164639619162185)	(10, 0.04636137784833784)	(15, 0.0)	(20, 0.0)	(25, 0.10620143653441319)	(30, 0.4190863404895842)	(35, 0.19833748689626662)	(40, 0.34074369369474383)	(45, 0.11188198752454642)	(50, 0.05575643413708079)	(55, 0.11706131342731498)	(60, 0.24974997027618667)	(65, 0.05892697422459702)	(70, 0.0)	(75, 0.20144585953108646)	(80, 0.054855006072983034)	(85, 0.05840243634247117)	(90, 0.0)	(95, 0.11607440511575969)	(100, 0.04613990629810692)	(105, 0.27109283388001837)	(110, 0.0)	(115, 0.05892697422459702)	(120, 0.0)	(125, 0.0)	(130, 0.052644176036467434)	(135, 0.0)	(140, 0.0)	(145, 0.0)	(150, 0.0)
IDDLNTM22.A_R2	(1, 0.0)	(2, 0.26322088018233714)	(3, 0.2887872451037303)	(4, 0.0)	(5, 0.0)	(6, 0.0)	(7, 0.0)	(8, 0.0)	(9, 0.0)	(10, 0.0)	(15, 0.0)	(20, 0.08491685491748435)	(25, 0.0)	(30, 0.16833003457287465)	(35, 0.05023518724448205)	(40, 0.0)	(45, 0.05620714816912966)	(50, 0.0)	(55, 0.061289337427060095)	(60, 0.0)	(65, 0.0)	(70, 0.0)	(75, 0.13303446330449542)	(80, 0.336073363810927)	(85, 0.3432381627341867)	(90, 0.2689169730356445)	(95, 0.22172410550749233)	(100, 0.22172410550749233)	(105, 0.27787297168971914)	(110, 0.10480655431453778)	(115, 0.05904742366419629)	(120, 0.1117537671533601)	(125, 0.0)	(130, 0.0)	(135, 0.053980776269439965)	(140, 0.0)	(145, 0.0)	(150, 0.13628271270788211)
IDDLNTM22.B_R1	(1, 0.0)	(2, 0.2715045329363297)	(3, 0.2735961841719419)	(4, 0.0)	(5, 0.0)	(6, 0.0)	(7, 0.0)	(8, 0.5171300084281241)	(9, 0.21347146434042238)	(10, 0.04614756804531091)	(15, 0.0)	(20, 0.0)	(25, 0.10704332794015416)	(30, 0.41080850522810275)	(35, 0.19578265693023525)	(40, 0.34154203911387815)	(45, 0.10745755691034403)	(50, 0.05606445566827231)	(55, 0.11616456783819643)	(60, 0.25230645561495574)	(65, 0.059813022784643996)	(70, 0.0)	(75, 0.1911030999501695)	(80, 0.055449264128386376)	(85, 0.05745478854841454)	(90, 0.0)	(95, 0.123505853547502)	(100, 0.04529450244333573)	(105, 0.27058584690343335)	(110, 0.0)	(115, 0.059813022784643996)	(120, 0.0)	(125, 0.0)	(130, 0.05268090219889963)	(135, 0.0)	(140, 0.0)	(145, 0.0)	(150, 0.0)
IDDLNTM22.B_R2	(1, 0.0)	(2, 0.26340451099449813)	(3, 0.29471776037469266)	(4, 0.0)	(5, 0.0)	(6, 0.0)	(7, 0.0)	(8, 0.0)	(9, 0.0)	(10, 0.0)	(15, 0.0)	(20, 0.086262157722807)	(25, 0.0)	(30, 0.16835741808211988)	(35, 0.05119623994930822)	(40, 0.0)	(45, 0.05378824697069432)	(50, 0.0)	(55, 0.062286092774985494)	(60, 0.0)	(65, 0.0)	(70, 0.0)	(75, 0.13354577947844062)	(80, 0.3381871945830334)	(85, 0.3451470615376097)	(90, 0.26969586980906507)	(95, 0.22257629913073435)	(100, 0.22257629913073435)	(105, 0.2772053078726061)	(110, 0.10708434070947989)	(115, 0.060227251754833865)	(120, 0.11212891133654462)	(125, 0.0)	(130, 0.0)	(135, 0.053529866523942225)	(140, 0.0)	(145, 0.0)	(150, 0.13558821539086194)
IDDLNTM32_R1	(1, 0.0)	(2, 0.26185141760406144)	(3, 0.26653355467072193)	(4, 0.0)	(5, 0.0)	(6, 0.0)	(7, 0.0)	(8, 0.5045486381172392)	(9, 0.21855132357436663)	(10, 0.04644215625955291)	(15, 0.0)	(20, 0.0)	(25, 0.10648959675578205)	(30, 0.4138157869279377)	(35, 0.187262265457824)	(40, 0.33922276524693434)	(45, 0.10901253342310653)	(50, 0.05490869832720012)	(55, 0.11425188349604726)	(60, 0.25032794307140455)	(65, 0.05935866330791049)	(70, 0.0)	(75, 0.1962357165797956)	(80, 0.054897089722902616)	(85, 0.057249766860530356)	(90, 0.0)	(95, 0.1212325242136138)	(100, 0.04647311253767959)	(105, 0.27258550704448803)	(110, 0.0)	(115, 0.05935866330791049)	(120, 0.0)	(125, 0.0)	(130, 0.05353501348532866)	(135, 0.0)	(140, 0.0)	(145, 0.0)	(150, 0.0)
IDDLNTM32_R2	(1, 0.0)	(2, 0.26767506742664327)	(3, 0.2886285981836404)	(4, 0.0)	(5, 0.0)	(6, 0.0)	(7, 0.0)	(8, 0.0)	(9, 0.0)	(10, 0.0)	(15, 0.0)	(20, 0.08687879456252974)	(25, 0.0)	(30, 0.16494665846325296)	(35, 0.04951843639839182)	(40, 0.0)	(45, 0.05443274555100241)	(50, 0.0)	(55, 0.061587515333031514)	(60, 0.0)	(65, 0.0)	(70, 0.0)	(75, 0.13283725897635326)	(80, 0.3351636232775733)	(85, 0.3460950589910575)	(90, 0.2690023178513247)	(95, 0.22139543162725545)	(100, 0.22139543162725545)	(105, 0.27644343320602566)	(110, 0.10601364397958433)	(115, 0.06040343769468597)	(120, 0.11051778244701639)	(125, 0.0)	(130, 0.0)	(135, 0.0537052730150254)	(140, 0.0)	(145, 0.0)	(150, 0.13644946968026034)
IDDLNTM33.A_R1	(1, 0.0)	(2, 0.2914377054091345)	(3, 0.28387187061985175)	(4, 0.0)	(5, 0.0)	(6, 0.0)	(7, 0.0)	(8, 0.5353156112035581)	(9, 0.19406584900255622)	(10, 0.04536002221643973)	(15, 0.0)	(20, 0.0)	(25, 0.10930663278805385)	(30, 0.3998915417903039)	(35, 0.19058906365141182)	(40, 0.3482995458312469)	(45, 0.10534440948222139)	(50, 0.05619709655623318)	(55, 0.11864803342961916)	(60, 0.26070642155694385)	(65, 0.06332559985480594)	(70, 0.0)	(75, 0.17993566853771656)	(80, 0.055925951031992986)	(85, 0.05973073500116986)	(90, 0.0)	(95, 0.1264981336878634)	(100, 0.04793153138181445)	(105, 0.26011602404448536)	(110, 0.0)	(115, 0.06332559985480594)	(120, 0.0)	(125, 0.0)	(130, 0.056114003572998276)	(135, 0.0)	(140, 0.0)	(145, 0.0)	(150, 0.0)
IDDLNTM33.A_R2	(1, 0.0)	(2, 0.28057001786499136)	(3, 0.29764781257721634)	(4, 0.0)	(5, 0.0)	(6, 0.0)	(7, 0.0)	(8, 0.0)	(9, 0.0)	(10, 0.0)	(15, 0.0)	(20, 0.08921125078993)	(25, 0.0)	(30, 0.1722954873950131)	(35, 0.051675088942291926)	(40, 0.0)	(45, 0.055733525176080594)	(50, 0.0)	(55, 0.06562596349594046)	(60, 0.0)	(65, 0.0)	(70, 0.0)	(75, 0.13235400234847008)	(80, 0.33952667612760457)	(85, 0.34896428969712606)	(90, 0.2669996217082605)	(95, 0.22059000391411684)	(100, 0.22059000391411684)	(105, 0.27719381875671034)	(110, 0.11086790620988851)	(115, 0.06298448129205216)	(120, 0.11544676691762204)	(125, 0.0)	(130, 0.0)	(135, 0.05445651722320743)	(140, 0.0)	(145, 0.0)	(150, 0.13603196018534108)
IDDLNTM33.B_R1	(1, 0.0)	(2, 0.2642720969773674)	(3, 0.2654401730883871)	(4, 0.0)	(5, 0.0)	(6, 0.0)	(7, 0.0)	(8, 0.513564130144991)	(9, 0.21900402453451656)	(10, 0.04600990323616511)	(15, 0.0)	(20, 0.0)	(25, 0.10580310458236258)	(30, 0.41196609956229935)	(35, 0.19405227939806785)	(40, 0.33985686764201706)	(45, 0.10876632924294938)	(50, 0.054034791044503906)	(55, 0.11411898679028873)	(60, 0.25033715389853595)	(65, 0.05933416792713008)	(70, 0.0)	(75, 0.19703599662200585)	(80, 0.05438726313414493)	(85, 0.0568504692489619)	(90, 0.0)	(95, 0.11753304784460243)	(100, 0.04678862064351157)	(105, 0.26654677150935313)	(110, 0.0)	(115, 0.05933416792713008)	(120, 0.0)	(125, 0.0)	(130, 0.052186361830223627)	(135, 0.0)	(140, 0.0)	(145, 0.0)	(150, 0.0)
IDDLNTM33.B_R2	(1, 0.0)	(2, 0.26093180915111813)	(3, 0.2898673086030445)	(4, 0.0)	(5, 0.0)	(6, 0.0)	(7, 0.0)	(8, 0.0)	(9, 0.0)	(10, 0.0)	(15, 0.0)	(20, 0.08539251148454483)	(25, 0.0)	(30, 0.1668545493183251)	(35, 0.050391213280656516)	(40, 0.0)	(45, 0.05458809025498691)	(50, 0.0)	(55, 0.061166203090729385)	(60, 0.0)	(65, 0.0)	(70, 0.0)	(75, 0.13062779582603373)	(80, 0.33073357843805273)	(85, 0.3369715147221649)	(90, 0.2641778311859518)	(95, 0.2177129930433895)	(100, 0.2177129930433895)	(105, 0.2731453769084468)	(110, 0.10505717527637808)	(115, 0.05925629618639544)	(120, 0.10881960990766257)	(125, 0.0)	(130, 0.0)	(135, 0.05346099927066967)	(140, 0.0)	(145, 0.0)	(150, 0.13744362239665037)
IDDLNTM33.C_R1	(1, 0.0)	(2, 0.26783982915397286)	(3, 0.2669806121904018)	(4, 0.0)	(5, 0.0)	(6, 0.0)	(7, 0.0)	(8, 0.5122280894198887)	(9, 0.21428197175804384)	(10, 0.046337065423643665)	(15, 0.0)	(20, 0.0)	(25, 0.10645192756902082)	(30, 0.4137651948729344)	(35, 0.19690220274588893)	(40, 0.3372106481578978)	(45, 0.10607117652241874)	(50, 0.05477760853637107)	(55, 0.11532039442438949)	(60, 0.2500826785735044)	(65, 0.06018899066772446)	(70, 0.0)	(75, 0.19229949540377891)	(80, 0.055818777327521885)	(85, 0.05697450838048217)	(90, 0.0)	(95, 0.114353354155586)	(100, 0.04518807332726041)	(105, 0.26297093302707025)	(110, 0.0)	(115, 0.06018899066772446)	(120, 0.0)	(125, 0.0)	(130, 0.0535982911353912)	(135, 0.0)	(140, 0.0)	(145, 0.0)	(150, 0.0)
IDDLNTM33.C_R2	(1, 0.0)	(2, 0.267991455676956)	(3, 0.290230012381148)	(4, 0.0)	(5, 0.0)	(6, 0.0)	(7, 0.0)	(8, 0.0)	(9, 0.0)	(10, 0.0)	(15, 0.0)	(20, 0.08362708164262742)	(25, 0.0)	(30, 0.16758437215752917)	(35, 0.050282724499493475)	(40, 0.0)	(45, 0.05436653218517238)	(50, 0.0)	(55, 0.06049224371369071)	(60, 0.0)	(65, 0.0)	(70, 0.0)	(75, 0.13067173750685898)	(80, 0.33118602097803485)	(85, 0.33423202935085145)	(90, 0.2651071822619881)	(95, 0.2177862291780983)	(100, 0.2177862291780983)	(105, 0.27249981762698766)	(110, 0.10563314434491192)	(115, 0.06013844849339675)	(120, 0.11037736977513954)	(125, 0.0)	(130, 0.0)	(135, 0.05397230322541624)	(140, 0.0)	(145, 0.0)	(150, 0.13657337872919117)
IDDLNTM35_R1	(1, 0.0)	(2, 0.28007769034021857)	(3, 0.2757665157012237)	(4, 0.0)	(5, 0.0)	(6, 0.0)	(7, 0.0)	(8, 0.5303488111935933)	(9, 0.1875856505277596)	(10, 0.04458844758813317)	(15, 0.0)	(20, 0.0)	(25, 0.10820057269247474)	(30, 0.39630101215974245)	(35, 0.19046967770005274)	(40, 0.34507236455292745)	(45, 0.10225412491455078)	(50, 0.05667460269676362)	(55, 0.11845323973624532)	(60, 0.2576595822174452)	(65, 0.06231877271264311)	(70, 0.0)	(75, 0.17343806018944888)	(80, 0.05661018284583611)	(85, 0.05905318180793321)	(90, 0.0)	(95, 0.12434022303639003)	(100, 0.048106762523404845)	(105, 0.25788752938226567)	(110, 0.0)	(115, 0.06231877271264311)	(120, 0.0)	(125, 0.0)	(130, 0.054682542691159096)	(135, 0.0)	(140, 0.0)	(145, 0.0)	(150, 0.0)
IDDLNTM35_R2	(1, 0.0)	(2, 0.2734127134557955)	(3, 0.3041608038408106)	(4, 0.0)	(5, 0.0)	(6, 0.0)	(7, 0.0)	(8, 0.0)	(9, 0.0)	(10, 0.0)	(15, 0.0)	(20, 0.08799256099382982)	(25, 0.0)	(30, 0.1702517552551113)	(35, 0.0512980228308907)	(40, 0.0)	(45, 0.05576281403748194)	(50, 0.0)	(55, 0.06366663420897255)	(60, 0.0)	(65, 0.0)	(70, 0.0)	(75, 0.12988528558930412)	(80, 0.33407639153691643)	(85, 0.34317941201028834)	(90, 0.26290732238146314)	(95, 0.21647547598217357)	(100, 0.21647547598217357)	(105, 0.2718963692724249)	(110, 0.10923624568046315)	(115, 0.06338417793952116)	(120, 0.11459300405374301)	(125, 0.0)	(130, 0.0)	(135, 0.054469461645783486)	(140, 0.0)	(145, 0.0)	(150, 0.13590110859130386)
IDDLNTM37_R1	(1, 0.0)	(2, 0.2746135744323519)	(3, 0.27060991679030294)	(4, 0.0)	(5, 0.0)	(6, 0.0)	(7, 0.0)	(8, 0.5151856867372305)	(9, 0.1997679953001623)	(10, 0.04532223428159861)	(15, 0.0)	(20, 0.0)	(25, 0.10492072342981941)	(30, 0.40242775161225014)	(35, 0.1905824014975754)	(40, 0.3441195604191353)	(45, 0.10683335158835264)	(50, 0.0553334528207324)	(55, 0.1167159552187781)	(60, 0.25074098782888077)	(65, 0.06024156369176234)	(70, 0.0)	(75, 0.18624268554567572)	(80, 0.05410123901794634)	(85, 0.05778128495421309)	(90, 0.0)	(95, 0.11374951458244131)	(100, 0.04522681031707309)	(105, 0.25316807562224725)	(110, 0.0)	(115, 0.06024156369176234)	(120, 0.0)	(125, 0.0)	(130, 0.053553588438930315)	(135, 0.0)	(140, 0.0)	(145, 0.0)	(150, 0.0)
IDDLNTM37_R2	(1, 0.0)	(2, 0.2677679421946516)	(3, 0.29475632868328205)	(4, 0.0)	(5, 0.0)	(6, 0.0)	(7, 0.0)	(8, 0.0)	(9, 0.0)	(10, 0.0)	(15, 0.0)	(20, 0.08475307597075214)	(25, 0.0)	(30, 0.1694231745810473)	(35, 0.05060374327468494)	(40, 0.0)	(45, 0.05418006751038047)	(50, 0.0)	(55, 0.06256492978455758)	(60, 0.0)	(65, 0.0)	(70, 0.0)	(75, 0.1311623136743371)	(80, 0.33385111206258483)	(85, 0.33392994055501896)	(90, 0.2638389641770139)	(95, 0.21860385612389516)	(100, 0.21860385612389516)	(105, 0.2739622021527647)	(110, 0.10783322878185916)	(115, 0.06124973862131456)	(120, 0.11238868587094698)	(125, 0.0)	(130, 0.0)	(135, 0.053524546362770375)	(140, 0.0)	(145, 0.0)	(150, 0.13482783857252387)
IDDLNTM38_R1	(1, 0.0)	(2, 0.2826173382955828)	(3, 0.2779502280311976)	(4, 0.0)	(5, 0.0)	(6, 0.0)	(7, 0.0)	(8, 0.5313457412428343)	(9, 0.19521855505885227)	(10, 0.04487664637076934)	(15, 0.0)	(20, 0.0)	(25, 0.10707684406575024)	(30, 0.39676533064761776)	(35, 0.18834171095500316)	(40, 0.34581953599018267)	(45, 0.1058424410243945)	(50, 0.05551003800170721)	(55, 0.11732924710367708)	(60, 0.25550619001691777)	(65, 0.061704912524066576)	(70, 0.0)	(75, 0.1809314828209386)	(80, 0.05567005321077184)	(85, 0.05936564256297884)	(90, 0.0)	(95, 0.12330695812802017)	(100, 0.04627487450711982)	(105, 0.25815406073834446)	(110, 0.0)	(115, 0.061704912524066576)	(120, 0.0)	(125, 0.0)	(130, 0.05416895815430838)	(135, 0.0)	(140, 0.0)	(145, 0.0)	(150, 0.0)
IDDLNTM38_R2	(1, 0.0)	(2, 0.2708447907715419)	(3, 0.2997999238403803)	(4, 0.0)	(5, 0.0)	(6, 0.0)	(7, 0.0)	(8, 0.0)	(9, 0.0)	(10, 0.0)	(15, 0.0)	(20, 0.08648441061350402)	(25, 0.0)	(30, 0.16966946001153252)	(35, 0.05155918629218282)	(40, 0.0)	(45, 0.05456899617696996)	(50, 0.0)	(55, 0.06553003799789732)	(60, 0.0)	(65, 0.0)	(70, 0.0)	(75, 0.1332240912040973)	(80, 0.33913318618283905)	(85, 0.3457166690700697)	(90, 0.2675835284153675)	(95, 0.22204015200682883)	(100, 0.22204015200682883)	(105, 0.2781369124417731)	(110, 0.10900464634638607)	(115, 0.06228401518544334)	(120, 0.11457850946213743)	(125, 0.0)	(130, 0.0)	(135, 0.05346031937130786)	(140, 0.0)	(145, 0.0)	(150, 0.13489853607038077)
IDDLNTM39_R1	(1, 0.0)	(2, 0.2778123044894053)	(3, 0.2763290567345233)	(4, 0.0)	(5, 0.0)	(6, 0.0)	(7, 0.0)	(8, 0.5365797078061253)	(9, 0.2101168769565892)	(10, 0.0458738865629916)	(15, 0.0)	(20, 0.0)	(25, 0.10749986428283043)	(30, 0.4028916211630976)	(35, 0.18954719709188514)	(40, 0.3495540318975396)	(45, 0.1113503754545042)	(50, 0.057834796458360344)	(55, 0.1209202899690031)	(60, 0.260452372766266)	(65, 0.06279477695068586)	(70, 0.0)	(75, 0.1898141816877639)	(80, 0.058291636766864004)	(85, 0.060142729964956794)	(90, 0.0)	(95, 0.1245275485088762)	(100, 0.04793263444676787)	(105, 0.271742854676428)	(110, 0.0)	(115, 0.06279477695068586)	(120, 0.0)	(125, 0.0)	(130, 0.05438772867601449)	(135, 0.0)	(140, 0.0)	(145, 0.0)	(150, 0.0)
IDDLNTM39_R2	(1, 0.0)	(2, 0.27193864338007245)	(3, 0.301366278836932)	(4, 0.0)	(5, 0.0)	(6, 0.0)	(7, 0.0)	(8, 0.0)	(9, 0.0)	(10, 0.0)	(15, 0.0)	(20, 0.08735735977153239)	(25, 0.0)	(30, 0.17482151338141627)	(35, 0.052257784900003885)	(40, 0.0)	(45, 0.05657700236222037)	(50, 0.0)	(55, 0.06531629813398533)	(60, 0.0)	(65, 0.0)	(70, 0.0)	(75, 0.13438224659231246)	(80, 0.3405774164849935)	(85, 0.35133392920339807)	(90, 0.2696129109004174)	(95, 0.2239704109871874)	(100, 0.2239704109871874)	(105, 0.28199506315817263)	(110, 0.10850847275615022)	(115, 0.06083095692322205)	(120, 0.11383036570066696)	(125, 0.0)	(130, 0.0)	(135, 0.05380629555610073)	(140, 0.0)	(145, 0.0)	(150, 0.13546501745337633)
IDDLNTM4.A_R1	(1, 0.0)	(2, 0.27212563241607296)	(3, 0.2688087243496309)	(4, 0.0)	(5, 0.0)	(6, 0.0)	(7, 0.0)	(8, 0.5157908019123947)	(9, 0.21527429206048185)	(10, 0.046733610994877585)	(15, 0.0)	(20, 0.0)	(25, 0.10693897167499682)	(30, 0.4117094741100249)	(35, 0.1966253823722341)	(40, 0.3427224253602904)	(45, 0.10936054651511258)	(50, 0.05578900196787749)	(55, 0.12044783361832455)	(60, 0.2521314033722053)	(65, 0.06096616197088357)	(70, 0.0)	(75, 0.19208376978895186)	(80, 0.05666577906516078)	(85, 0.05793223487234775)	(90, 0.0)	(95, 0.12345392652329581)	(100, 0.0461769271235866)	(105, 0.2752384230630417)	(110, 0.0)	(115, 0.06096616197088357)	(120, 0.0)	(125, 0.0)	(130, 0.053845247450619825)	(135, 0.0)	(140, 0.0)	(145, 0.0)	(150, 0.0)
IDDLNTM4.A_R2	(1, 0.0)	(2, 0.26922623725309913)	(3, 0.2923750082342823)	(4, 0.0)	(5, 0.0)	(6, 0.0)	(7, 0.0)	(8, 0.0)	(9, 0.0)	(10, 0.0)	(15, 0.0)	(20, 0.08492212456543866)	(25, 0.0)	(30, 0.1729709568746283)	(35, 0.05041700260991955)	(40, 0.0)	(45, 0.05510706422554604)	(50, 0.0)	(55, 0.060975440035405094)	(60, 0.0)	(65, 0.0)	(70, 0.0)	(75, 0.13139131072145302)	(80, 0.33456700664587763)	(85, 0.34467081890980883)	(90, 0.2654083137024951)	(95, 0.21898551786908838)	(100, 0.21898551786908838)	(105, 0.27458895854653553)	(110, 0.10631734135205524)	(115, 0.05949558874422324)	(120, 0.1124501420007775)	(125, 0.0)	(130, 0.0)	(135, 0.0543462629347817)	(140, 0.0)	(145, 0.0)	(150, 0.13708340330540325)
IDDLNTM4.B_R1	(1, 0.0)	(2, 0.27860975806216487)	(3, 0.2738657820469169)	(4, 0.0)	(5, 0.0)	(6, 0.0)	(7, 0.0)	(8, 0.539034274732546)	(9, 0.21486258035727082)	(10, 0.0471037285180659)	(15, 0.0)	(20, 0.0)	(25, 0.10934864715146476)	(30, 0.4134473930122222)	(35, 0.19673663866567767)	(40, 0.35044146155971057)	(45, 0.11116717129064314)	(50, 0.058410204687740136)	(55, 0.12182135075822079)	(60, 0.2559473893059909)	(65, 0.06108857447968219)	(70, 0.0)	(75, 0.19159733131582576)	(80, 0.057006778449895955)	(85, 0.05988281390914001)	(90, 0.0)	(95, 0.1283640843459169)	(100, 0.048161239838131586)	(105, 0.27732493122470186)	(110, 0.0)	(115, 0.06108857447968219)	(120, 0.0)	(125, 0.0)	(130, 0.054110976423921694)	(135, 0.0)	(140, 0.0)	(145, 0.0)	(150, 0.0)
IDDLNTM4.B_R2	(1, 0.0)	(2, 0.2705548821196085)	(3, 0.29847515762601556)	(4, 0.0)	(5, 0.0)	(6, 0.0)	(7, 0.0)	(8, 0.0)	(9, 0.0)	(10, 0.0)	(15, 0.0)	(20, 0.08283179788290186)	(25, 0.0)	(30, 0.17590267733204717)	(35, 0.053389496738269406)	(40, 0.0)	(45, 0.05865728677186763)	(50, 0.0)	(55, 0.06278849921847936)	(60, 0.0)	(65, 0.0)	(70, 0.0)	(75, 0.13223833142503605)	(80, 0.3364368490313641)	(85, 0.35413780953825796)	(90, 0.2667201681739497)	(95, 0.2203972190417267)	(100, 0.2203972190417267)	(105, 0.28006260071683453)	(110, 0.10915098148416279)	(115, 0.06265013325136796)	(120, 0.1143001721173798)	(125, 0.0)	(130, 0.0)	(135, 0.05461502387554179)	(140, 0.0)	(145, 0.0)	(150, 0.1448148095071256)
IDDLNTM4.C_R1	(1, 0.0)	(2, 0.2938243286739067)	(3, 0.29141213790031706)	(4, 0.0)	(5, 0.0)	(6, 0.0)	(7, 0.0)	(8, 0.5491510672238584)	(9, 0.16186043746419784)	(10, 0.039467339546064684)	(15, 0.0)	(20, 0.0)	(25, 0.10639954212233317)	(30, 0.36785178330340024)	(35, 0.16974026065792383)	(40, 0.3508056351700339)	(45, 0.10162389170189318)	(50, 0.0574003941860842)	(55, 0.12358213741056924)	(60, 0.26811378620631343)	(65, 0.06550438056281041)	(70, 0.0)	(75, 0.16539831726546259)	(80, 0.05763430359443227)	(85, 0.05987593542443471)	(90, 0.0)	(95, 0.12326051197409063)	(100, 0.047639549500225746)	(105, 0.24312446441446017)	(110, 0.0)	(115, 0.06550438056281041)	(120, 0.0)	(125, 0.0)	(130, 0.056898463580670605)	(135, 0.0)	(140, 0.0)	(145, 0.0)	(150, 0.0)
IDDLNTM4.C_R2	(1, 0.0)	(2, 0.28449231790335305)	(3, 0.31490054098860354)	(4, 0.0)	(5, 0.0)	(6, 0.0)	(7, 0.0)	(8, 0.0)	(9, 0.0)	(10, 0.0)	(15, 0.0)	(20, 0.09343218929703645)	(25, 0.0)	(30, 0.17570495057079988)	(35, 0.05323875596255792)	(40, 0.0)	(45, 0.056645061721626845)	(50, 0.0)	(55, 0.06795068312511741)	(60, 0.0)	(65, 0.0)	(70, 0.0)	(75, 0.13892756922073812)	(80, 0.34713618132657337)	(85, 0.35864160034969456)	(90, 0.2737129926686456)	(95, 0.2315459487012302)	(100, 0.2315459487012302)	(105, 0.2859006474661154)	(110, 0.11488850440029891)	(115, 0.06624996680191991)	(120, 0.12023430900358734)	(125, 0.0)	(130, 0.0)	(135, 0.0528878918500358)	(140, 0.0)	(145, 0.0)	(150, 0.12671311230356178)
IDDLNTM40_R1	(1, 0.0)	(2, 0.270100243138798)	(3, 0.2650237187848404)	(4, 0.0)	(5, 0.0)	(6, 0.0)	(7, 0.0)	(8, 0.5163723982812686)	(9, 0.21425847524526415)	(10, 0.046004483858352825)	(15, 0.0)	(20, 0.0)	(25, 0.10658757976094185)	(30, 0.4129084598213743)	(35, 0.19064899356082962)	(40, 0.34476644344533264)	(45, 0.10867648451902967)	(50, 0.05592435250024897)	(55, 0.1165220221569642)	(60, 0.25045482257668833)	(65, 0.06085999723098672)	(70, 0.0)	(75, 0.19237841238380468)	(80, 0.055147085613518616)	(85, 0.05741573333916284)	(90, 0.0)	(95, 0.11266969314960688)	(100, 0.046402833137802135)	(105, 0.2617834874507832)	(110, 0.0)	(115, 0.06085999723098672)	(120, 0.0)	(125, 0.0)	(130, 0.0531796288064824)	(135, 0.0)	(140, 0.0)	(145, 0.0)	(150, 0.0)
IDDLNTM40_R2	(1, 0.0)	(2, 0.265898144032412)	(3, 0.28992054875042206)	(4, 0.0)	(5, 0.0)	(6, 0.0)	(7, 0.0)	(8, 0.0)	(9, 0.0)	(10, 0.0)	(15, 0.0)	(20, 0.08265747548573109)	(25, 0.0)	(30, 0.16726783402437218)	(35, 0.0508818335725858)	(40, 0.0)	(45, 0.05422893910356838)	(50, 0.0)	(55, 0.061748996232684566)	(60, 0.0)	(65, 0.0)	(70, 0.0)	(75, 0.1345011768306457)	(80, 0.3394567390253559)	(85, 0.33849972917106913)	(90, 0.27090665753378074)	(95, 0.22416862805107615)	(100, 0.22416862805107615)	(105, 0.2799278113378949)	(110, 0.10701993446668562)	(115, 0.060160457032929396)	(120, 0.11031846081724755)	(125, 0.0)	(130, 0.0)	(135, 0.054394108316998584)	(140, 0.0)	(145, 0.0)	(150, 0.1384506641988443)
IDDLNTM41.A_R1	(1, 0.0)	(2, 0.28206862037856867)	(3, 0.276628934775659)	(4, 0.0)	(5, 0.0)	(6, 0.0)	(7, 0.0)	(8, 0.522502724027175)	(9, 0.19553577555689827)	(10, 0.04445060012285321)	(15, 0.0)	(20, 0.0)	(25, 0.10823300600373915)	(30, 0.40304722818727917)	(35, 0.18876964354158682)	(40, 0.34393039880427345)	(45, 0.1059106786886508)	(50, 0.05468557780340474)	(55, 0.11665614994116771)	(60, 0.2551338078970845)	(65, 0.06184504093154198)	(70, 0.0)	(75, 0.18216670209436264)	(80, 0.05577769929752737)	(85, 0.05854775458147059)	(90, 0.0)	(95, 0.12309590082030458)	(100, 0.047044911718087036)	(105, 0.2591717283638597)	(110, 0.0)	(115, 0.06184504093154198)	(120, 0.0)	(125, 0.0)	(130, 0.053681328153636805)	(135, 0.0)	(140, 0.0)	(145, 0.0)	(150, 0.0)
IDDLNTM41.A_R2	(1, 0.0)	(2, 0.26840664076818405)	(3, 0.30081461384090347)	(4, 0.0)	(5, 0.0)	(6, 0.0)	(7, 0.0)	(8, 0.0)	(9, 0.0)	(10, 0.0)	(15, 0.0)	(20, 0.08693872905511824)	(25, 0.0)	(30, 0.17201959625816582)	(35, 0.051174888402757676)	(40, 0.0)	(45, 0.053852887468805496)	(50, 0.0)	(55, 0.06502934919601447)	(60, 0.0)	(65, 0.0)	(70, 0.0)	(75, 0.13020096709241272)	(80, 0.33442350211980365)	(85, 0.339114184858928)	(90, 0.2628497927061348)	(95, 0.21700161182068786)	(100, 0.21700161182068786)	(105, 0.27149889281476114)	(110, 0.10886484640838481)	(115, 0.06432637444117692)	(120, 0.11391120089846868)	(125, 0.0)	(130, 0.0)	(135, 0.05408302801354398)	(140, 0.0)	(145, 0.0)	(150, 0.1337953439638738)
IDDLNTM41.B_R1	(1, 0.0)	(2, 0.2770601743356928)	(3, 0.2712237588871473)	(4, 0.0)	(5, 0.0)	(6, 0.0)	(7, 0.0)	(8, 0.5176204416613687)	(9, 0.19883078928684003)	(10, 0.044538810734863606)	(15, 0.0)	(20, 0.0)	(25, 0.10667967931485124)	(30, 0.3994071486986579)	(35, 0.1905598568132743)	(40, 0.34095018271371547)	(45, 0.10679033917962487)	(50, 0.05497296508110119)	(55, 0.11693178033517088)	(60, 0.25644888210333705)	(65, 0.06161969631363433)	(70, 0.0)	(75, 0.18419512975226113)	(80, 0.055486998001340056)	(85, 0.05857476519583048)	(90, 0.0)	(95, 0.1233214951075846)	(100, 0.04684481952982408)	(105, 0.26016134208284)	(110, 0.0)	(115, 0.06161969631363433)	(120, 0.0)	(125, 0.0)	(130, 0.05424118210437224)	(135, 0.0)	(140, 0.0)	(145, 0.0)	(150, 0.0)
IDDLNTM41.B_R2	(1, 0.0)	(2, 0.2712059105218612)	(3, 0.29665767941979965)	(4, 0.0)	(5, 0.0)	(6, 0.0)	(7, 0.0)	(8, 0.0)	(9, 0.0)	(10, 0.0)	(15, 0.0)	(20, 0.08864569102980428)	(25, 0.0)	(30, 0.17003423673429174)	(35, 0.0507000664316156)	(40, 0.0)	(45, 0.054483919872262816)	(50, 0.0)	(55, 0.0645468282205501)	(60, 0.0)	(65, 0.0)	(70, 0.0)	(75, 0.12902226297995592)	(80, 0.32954150762285833)	(85, 0.33891546907110326)	(90, 0.2608931250595689)	(95, 0.21503710496659323)	(100, 0.21503710496659323)	(105, 0.27017070533526905)	(110, 0.1068474539485403)	(115, 0.06284052449920165)	(120, 0.11177003309443892)	(125, 0.0)	(130, 0.0)	(135, 0.05307032934160594)	(140, 0.0)	(145, 0.0)	(150, 0.13121225740055695)
IDDLNTM41.C_R1	(1, 0.0)	(2, 0.28167781731276853)	(3, 0.27657709071426456)	(4, 0.0)	(5, 0.0)	(6, 0.0)	(7, 0.0)	(8, 0.529808548150761)	(9, 0.19196388371677392)	(10, 0.04412913234874923)	(15, 0.0)	(20, 0.0)	(25, 0.10671504771239278)	(30, 0.39115510466004344)	(35, 0.18359869209522742)	(40, 0.34797941582162994)	(45, 0.10474145888235625)	(50, 0.056366952549313724)	(55, 0.11912550789013741)	(60, 0.2581909331445803)	(65, 0.06222101723005827)	(70, 0.0)	(75, 0.17599076219176651)	(80, 0.0564532725379038)	(85, 0.059603952121441234)	(90, 0.0)	(95, 0.114727112107889)	(100, 0.047483840996226837)	(105, 0.24870358167136292)	(110, 0.0)	(115, 0.06222101723005827)	(120, 0.0)	(125, 0.0)	(130, 0.05547628721249804)	(135, 0.0)	(140, 0.0)	(145, 0.0)	(150, 0.0)
IDDLNTM41.C_R2	(1, 0.0)	(2, 0.27738143606249016)	(3, 0.301629505584609)	(4, 0.0)	(5, 0.0)	(6, 0.0)	(7, 0.0)	(8, 0.0)	(9, 0.0)	(10, 0.0)	(15, 0.0)	(20, 0.08852114829911367)	(25, 0.0)	(30, 0.17193372272803337)	(35, 0.05082677873616943)	(40, 0.0)	(45, 0.056743621590434015)	(50, 0.0)	(55, 0.06501464595170044)	(60, 0.0)	(65, 0.0)	(70, 0.0)	(75, 0.13605992019717056)	(80, 0.34375366001656166)	(85, 0.3460136742632834)	(90, 0.27157837864773066)	(95, 0.2267665336619509)	(100, 0.2267665336619509)	(105, 0.2821172645274088)	(110, 0.11241216695933721)	(115, 0.06307244620842394)	(120, 0.11349116681671305)	(125, 0.0)	(130, 0.0)	(135, 0.05384013106513177)	(140, 0.0)	(145, 0.0)	(150, 0.13053936456325127)
IDDLNTM42_R1	(1, 0.0)	(2, 0.27319145261777616)	(3, 0.2678501493090521)	(4, 0.0)	(5, 0.0)	(6, 0.0)	(7, 0.0)	(8, 0.5176286046758076)	(9, 0.20228693105947396)	(10, 0.04505124835473353)	(15, 0.0)	(20, 0.0)	(25, 0.10741651056579761)	(30, 0.4045294934652653)	(35, 0.19133811251992963)	(40, 0.3428297610594416)	(45, 0.1077612208751785)	(50, 0.055317472222236444)	(55, 0.11707522517518365)	(60, 0.24760780430966386)	(65, 0.06004444032612326)	(70, 0.0)	(75, 0.188344934883028)	(80, 0.05565876955825716)	(85, 0.05815365308456853)	(90, 0.0)	(95, 0.12216396845525243)	(100, 0.045266265676426574)	(105, 0.2670788173296453)	(110, 0.0)	(115, 0.06004444032612326)	(120, 0.0)	(125, 0.0)	(130, 0.052344772425496074)	(135, 0.0)	(140, 0.0)	(145, 0.0)	(150, 0.0)
IDDLNTM42_R2	(1, 0.0)	(2, 0.2617238621274804)	(3, 0.29030751401921473)	(4, 0.0)	(5, 0.0)	(6, 0.0)	(7, 0.0)	(8, 0.0)	(9, 0.0)	(10, 0.0)	(15, 0.0)	(20, 0.08192501253841088)	(25, 0.0)	(30, 0.1673414968243136)	(35, 0.05008197108767878)	(40, 0.0)	(45, 0.05448811969570612)	(50, 0.0)	(55, 0.06237208815778449)	(60, 0.0)	(65, 0.0)	(70, 0.0)	(75, 0.13271688208501273)	(80, 0.3369389690397241)	(85, 0.3457478532824186)	(90, 0.26755322062671405)	(95, 0.22119480347502124)	(100, 0.22119480347502124)	(105, 0.2771129590086541)	(110, 0.10603425635491374)	(115, 0.059505190535210535)	(120, 0.11152231751812673)	(125, 0.0)	(130, 0.0)	(135, 0.05401030342527713)	(140, 0.0)	(145, 0.0)	(150, 0.13499162882959076)
IDDLNTM43_R1	(1, 0.0)	(2, 0.2641399859763931)	(3, 0.26530227405670803)	(4, 0.0)	(5, 0.0)	(6, 0.0)	(7, 0.0)	(8, 0.5075191021044028)	(9, 0.22291883802453508)	(10, 0.04625906559653333)	(15, 0.0)	(20, 0.0)	(25, 0.10662189586419828)	(30, 0.41500898669120034)	(35, 0.19457504042457982)	(40, 0.3390634803674514)	(45, 0.10805672045989735)	(50, 0.05578181207525134)	(55, 0.11535508802628855)	(60, 0.25000415818580457)	(65, 0.059040226590065206)	(70, 0.0)	(75, 0.19813805457423483)	(80, 0.05570165427660893)	(85, 0.0568960054763808)	(90, 0.0)	(95, 0.11285015681871333)	(100, 0.046247041926736975)	(105, 0.26619202562163874)	(110, 0.0)	(115, 0.059040226590065206)	(120, 0.0)	(125, 0.0)	(130, 0.05212661645715756)	(135, 0.0)	(140, 0.0)	(145, 0.0)	(150, 0.0)
IDDLNTM43_R2	(1, 0.0)	(2, 0.2606330822857878)	(3, 0.2901912705351755)	(4, 0.0)	(5, 0.0)	(6, 0.0)	(7, 0.0)	(8, 0.0)	(9, 0.0)	(10, 0.0)	(15, 0.0)	(20, 0.08524781885620032)	(25, 0.0)	(30, 0.1664556846608233)	(35, 0.04991426121462711)	(40, 0.0)	(45, 0.055280825833736294)	(50, 0.0)	(55, 0.0609479821977545)	(60, 0.0)	(65, 0.0)	(70, 0.0)	(75, 0.13339059272083023)	(80, 0.3374002060456214)	(85, 0.33891919632989503)	(90, 0.2689775091244624)	(95, 0.22231765453471705)	(100, 0.22231765453471705)	(105, 0.27878080789842885)	(110, 0.1053914736550373)	(115, 0.058944037231694314)	(120, 0.10930718211871891)	(125, 0.0)	(130, 0.0)	(135, 0.0536496146313633)	(140, 0.0)	(145, 0.0)	(150, 0.13721011182614096)
IDDLNTM44_R1	(1, 0.0)	(2, 0.2762401396980237)	(3, 0.2713513199704139)	(4, 0.0)	(5, 0.0)	(6, 0.0)	(7, 0.0)	(8, 0.5168180854901795)	(9, 0.19845552581766054)	(10, 0.043589065892778146)	(15, 0.0)	(20, 0.0)	(25, 0.10661992023803313)	(30, 0.39656185022620616)	(35, 0.18860804608061796)	(40, 0.3417503240479951)	(45, 0.10511398916122476)	(50, 0.05376828696847999)	(55, 0.11569915687502277)	(60, 0.25443251169879283)	(65, 0.06249832219635465)	(70, 0.0)	(75, 0.1819252041136799)	(80, 0.055173822640167805)	(85, 0.05722101590110441)	(90, 0.0)	(95, 0.12582163272174346)	(100, 0.04723822061802975)	(105, 0.2616042356384919)	(110, 0.0)	(115, 0.06249832219635465)	(120, 0.0)	(125, 0.0)	(130, 0.054148043500892536)	(135, 0.0)	(140, 0.0)	(145, 0.0)	(150, 0.0)
IDDLNTM44_R2	(1, 0.0)	(2, 0.2707402175044627)	(3, 0.29239070486959184)	(4, 0.0)	(5, 0.0)	(6, 0.0)	(7, 0.0)	(8, 0.0)	(9, 0.0)	(10, 0.0)	(15, 0.0)	(20, 0.08628766819231308)	(25, 0.0)	(30, 0.16809682831272643)	(35, 0.050071117049475075)	(40, 0.0)	(45, 0.05516509260493994)	(50, 0.0)	(55, 0.06523518824029335)	(60, 0.0)	(65, 0.0)	(70, 0.0)	(75, 0.13150052063747592)	(80, 0.334098448170763)	(85, 0.34715421585404954)	(90, 0.2646859380739316)	(95, 0.21916753439579317)	(100, 0.21916753439579317)	(105, 0.2748433340615638)	(110, 0.10899885483762897)	(115, 0.06258998756624733)	(120, 0.11234245832990497)	(125, 0.0)	(130, 0.0)	(135, 0.05421788378271553)	(140, 0.0)	(145, 0.0)	(150, 0.1321290831738829)
IDDLNTM45_R1	(1, 0.0)	(2, 0.28518272007379025)	(3, 0.2840297467127157)	(4, 0.0)	(5, 0.0)	(6, 0.0)	(7, 0.0)	(8, 0.5342668923699367)	(9, 0.18617375308551393)	(10, 0.04262647331652787)	(15, 0.0)	(20, 0.0)	(25, 0.1086562095476676)	(30, 0.3891557614602932)	(35, 0.1848656523994948)	(40, 0.35221030234106004)	(45, 0.10570879037372059)	(50, 0.05695269140667991)	(55, 0.12120475234656282)	(60, 0.26138115727080724)	(65, 0.06269659506003322)	(70, 0.0)	(75, 0.17658101472137352)	(80, 0.05750192598959179)	(85, 0.05966113064760417)	(90, 0.0)	(95, 0.12250866040217807)	(100, 0.04735156778173166)	(105, 0.2571340226716489)	(110, 0.0)	(115, 0.06269659506003322)	(120, 0.0)	(125, 0.0)	(130, 0.05536787711400286)	(135, 0.0)	(140, 0.0)	(145, 0.0)	(150, 0.0)
IDDLNTM45_R2	(1, 0.0)	(2, 0.2768393855700143)	(3, 0.30889204500788736)	(4, 0.0)	(5, 0.0)	(6, 0.0)	(7, 0.0)	(8, 0.0)	(9, 0.0)	(10, 0.0)	(15, 0.0)	(20, 0.09051889042036361)	(25, 0.0)	(30, 0.17373841130752418)	(35, 0.05152742766402356)	(40, 0.0)	(45, 0.05602612008741635)	(50, 0.0)	(55, 0.06686826231192122)	(60, 0.0)	(65, 0.0)	(70, 0.0)	(75, 0.1324326165682272)	(80, 0.33818595363998927)	(85, 0.3472126868996022)	(90, 0.2653599635241155)	(95, 0.22072102761371198)	(100, 0.22072102761371198)	(105, 0.2769819350037471)	(110, 0.11224929380381633)	(115, 0.06378248633464527)	(120, 0.11707920402911781)	(125, 0.0)	(130, 0.0)	(135, 0.05254204422176919)	(140, 0.0)	(145, 0.0)	(150, 0.13288542065184922)
IDDLNTM46.A_R1	(1, 0.0)	(2, 0.2773195962315688)	(3, 0.2684614592946141)	(4, 0.0)	(5, 0.0)	(6, 0.0)	(7, 0.0)	(8, 0.5166818617236266)	(9, 0.1930389165343117)	(10, 0.04433347761683594)	(15, 0.0)	(20, 0.0)	(25, 0.10826611811833486)	(30, 0.3984407111415036)	(35, 0.18817763945200228)	(40, 0.3446927884708994)	(45, 0.10773120646755258)	(50, 0.05539972984821989)	(55, 0.11867335919595504)	(60, 0.2507494647139111)	(65, 0.06109974839895594)	(70, 0.0)	(75, 0.18391118412536275)	(80, 0.05647811173619698)	(85, 0.05821122548473159)	(90, 0.0)	(95, 0.12210107305416792)	(100, 0.047055108096016214)	(105, 0.2635402721074171)	(110, 0.0)	(115, 0.06109974839895594)	(120, 0.0)	(125, 0.0)	(130, 0.053996121676567164)	(135, 0.0)	(140, 0.0)	(145, 0.0)	(150, 0.0)
IDDLNTM46.A_R2	(1, 0.0)	(2, 0.26998060838283583)	(3, 0.30051336540948875)	(4, 0.0)	(5, 0.0)	(6, 0.0)	(7, 0.0)	(8, 0.0)	(9, 0.0)	(10, 0.0)	(15, 0.0)	(20, 0.0840881115029755)	(25, 0.0)	(30, 0.17097060146963766)	(35, 0.049892279491765466)	(40, 0.0)	(45, 0.05429139290779899)	(50, 0.0)	(55, 0.0655459340402583)	(60, 0.0)	(65, 0.0)	(70, 0.0)	(75, 0.1309592099911226)	(80, 0.33495311713345555)	(85, 0.34176575191781877)	(90, 0.26429770700492483)	(95, 0.21826534998520436)	(100, 0.21826534998520436)	(105, 0.274191432897794)	(110, 0.108334586809635)	(115, 0.06143353326904409)	(120, 0.11170666985616655)	(125, 0.0)	(130, 0.0)	(135, 0.05267809936903962)	(140, 0.0)	(145, 0.0)	(150, 0.13503309712348052)
IDDLNTM46.B_R1	(1, 0.0)	(2, 0.28940561410149573)	(3, 0.2813309667638544)	(4, 0.0)	(5, 0.0)	(6, 0.0)	(7, 0.0)	(8, 0.5379466769942403)	(9, 0.1905873109694084)	(10, 0.0433681191134379)	(15, 0.0)	(20, 0.0)	(25, 0.10861041514154451)	(30, 0.39019344761593905)	(35, 0.1857168887657517)	(40, 0.34900420159361073)	(45, 0.10697839647330165)	(50, 0.057073658086535015)	(55, 0.1207522922492571)	(60, 0.2603112498849149)	(65, 0.06254647461538083)	(70, 0.0)	(75, 0.17608712416308311)	(80, 0.05616793044866201)	(85, 0.059795113300332665)	(90, 0.0)	(95, 0.1252510243373716)	(100, 0.04764041929208414)	(105, 0.259743033961155)	(110, 0.0)	(115, 0.06254647461538083)	(120, 0.0)	(125, 0.0)	(130, 0.05533910421400464)	(135, 0.0)	(140, 0.0)	(145, 0.0)	(150, 0.0)
IDDLNTM46.B_R2	(1, 0.0)	(2, 0.2766955210700232)	(3, 0.3086950494080835)	(4, 0.0)	(5, 0.0)	(6, 0.0)	(7, 0.0)	(8, 0.0)	(9, 0.0)	(10, 0.0)	(15, 0.0)	(20, 0.08971403145139223)	(25, 0.0)	(30, 0.17525402562824707)	(35, 0.05194689787215953)	(40, 0.0)	(45, 0.057206099392073044)	(50, 0.0)	(55, 0.06592586405669)	(60, 0.0)	(65, 0.0)	(70, 0.0)	(75, 0.13612830059220488)	(80, 0.34502669012729104)	(85, 0.3566729804142807)	(90, 0.2719660847722618)	(95, 0.22688050098700813)	(100, 0.22688050098700813)	(105, 0.2824802155119102)	(110, 0.11175482807302814)	(115, 0.06319586424253507)	(120, 0.11597158834935196)	(125, 0.0)	(130, 0.0)	(135, 0.05347210903593624)	(140, 0.0)	(145, 0.0)	(150, 0.1342890753652977)
IDDLNTM48_R1	(1, 0.0)	(2, 0.2816903168901489)	(3, 0.2714409724211389)	(4, 0.0)	(5, 0.0)	(6, 0.0)	(7, 0.0)	(8, 0.5290286642083517)	(9, 0.1894462166690589)	(10, 0.04388052680797291)	(15, 0.0)	(20, 0.0)	(25, 0.10833473775739759)	(30, 0.39337900680102333)	(35, 0.1842923796332193)	(40, 0.3469778078777045)	(45, 0.10773060972975271)	(50, 0.05620890497211949)	(55, 0.11925903905729363)	(60, 0.25796683420456235)	(65, 0.06294180768021712)	(70, 0.0)	(75, 0.17840942256401518)	(80, 0.05667137539328214)	(85, 0.05883790349242246)	(90, 0.0)	(95, 0.12550863934327533)	(100, 0.04689700054600674)	(105, 0.2623957176072281)	(110, 0.0)	(115, 0.06294180768021712)	(120, 0.0)	(125, 0.0)	(130, 0.054867324110728755)	(135, 0.0)	(140, 0.0)	(145, 0.0)	(150, 0.0)
IDDLNTM48_R2	(1, 0.0)	(2, 0.2743366205536437)	(3, 0.30008497373188836)	(4, 0.0)	(5, 0.0)	(6, 0.0)	(7, 0.0)	(8, 0.0)	(9, 0.0)	(10, 0.0)	(15, 0.0)	(20, 0.08740274319954952)	(25, 0.0)	(30, 0.17290144151196996)	(35, 0.05113422953990234)	(40, 0.0)	(45, 0.05617974017078491)	(50, 0.0)	(55, 0.06617076782797433)	(60, 0.0)	(65, 0.0)	(70, 0.0)	(75, 0.1341789181400273)	(80, 0.3396699419432965)	(85, 0.35290242894881513)	(90, 0.26902862671074995)	(95, 0.2236315302333788)	(100, 0.2236315302333788)	(105, 0.2796696127976815)	(110, 0.1108887410742688)	(115, 0.06327095329527882)	(120, 0.11443434763651575)	(125, 0.0)	(130, 0.0)	(135, 0.05316326643275107)	(140, 0.0)	(145, 0.0)	(150, 0.1317624060294477)
IDDLNTM49_R1	(1, 0.0)	(2, 0.2724246993490493)	(3, 0.27460066443553627)	(4, 0.0)	(5, 0.0)	(6, 0.0)	(7, 0.0)	(8, 0.525541539479975)	(9, 0.19810476505706542)	(10, 0.04422419182817844)	(15, 0.0)	(20, 0.0)	(25, 0.10628516788643301)	(30, 0.39842227207531905)	(35, 0.18720042170816326)	(40, 0.34630331114461893)	(45, 0.10680617361136649)	(50, 0.05738418349208684)	(55, 0.11665011707305112)	(60, 0.25445919605751904)	(65, 0.061546099812437936)	(70, 0.0)	(75, 0.18159807779534895)	(80, 0.05723094651416523)	(85, 0.05924141566449684)	(90, 0.0)	(95, 0.12472264106996188)	(100, 0.04713569440868915)	(105, 0.2644318585806578)	(110, 0.0)	(115, 0.061546099812437936)	(120, 0.0)	(125, 0.0)	(130, 0.05399458154046069)	(135, 0.0)	(140, 0.0)	(145, 0.0)	(150, 0.0)
IDDLNTM49_R2	(1, 0.0)	(2, 0.2699729077023035)	(3, 0.29997670797935594)	(4, 0.0)	(5, 0.0)	(6, 0.0)	(7, 0.0)	(8, 0.0)	(9, 0.0)	(10, 0.0)	(15, 0.0)	(20, 0.08575141284493644)	(25, 0.0)	(30, 0.16933911956161965)	(35, 0.05137729395755949)	(40, 0.0)	(45, 0.056287006730168065)	(50, 0.0)	(55, 0.06375271229450921)	(60, 0.0)	(65, 0.0)	(70, 0.0)	(75, 0.13508146077746314)	(80, 0.34180427347284026)	(85, 0.3526718399470413)	(90, 0.27010162676375765)	(95, 0.22513576796243856)	(100, 0.22513576796243856)	(105, 0.2809630637588418)	(110, 0.10974832358746155)	(115, 0.06258198178318806)	(120, 0.11443124563274612)	(125, 0.0)	(130, 0.0)	(135, 0.05406813528986307)	(140, 0.0)	(145, 0.0)	(150, 0.13572199134517549)
IDDLNTM50_R1	(1, 0.0)	(2, 0.33731620856581573)	(3, 0.3364882178724311)	(4, 0.0)	(5, 0.0)	(6, 0.0)	(7, 0.0)	(8, 0.6247729775517323)	(9, 0.0371155828208491)	(10, 0.025358114974787682)	(15, 0.0)	(20, 0.0)	(25, 0.11047555825472521)	(30, 0.27525290615733483)	(35, 0.12165703257495386)	(40, 0.3953835558888318)	(45, 0.08309426602044993)	(50, 0.06673604988679926)	(55, 0.1443079779783275)	(60, 0.2997398309243004)	(65, 0.07507355617322861)	(70, 0.0)	(75, 0.09421814098809529)	(80, 0.06754244082296515)	(85, 0.07123599930736778)	(90, 0.0)	(95, 0.1331337035771718)	(100, 0.05693696002856928)	(105, 0.18113556403626024)	(110, 0.0)	(115, 0.07507355617322861)	(120, 0.0)	(125, 0.0)	(130, 0.06575686089288356)	(135, 0.0)	(140, 0.0)	(145, 0.0)	(150, 0.0)
IDDLNTM50_R2	(1, 0.0)	(2, 0.3287843044644178)	(3, 0.3705438350872936)	(4, 0.0)	(5, 0.0)	(6, 0.0)	(7, 0.0)	(8, 0.0)	(9, 0.0)	(10, 0.0)	(15, 0.0)	(20, 0.10581721061455268)	(25, 0.0)	(30, 0.20083454261974099)	(35, 0.05735455533479804)	(40, 0.0)	(45, 0.0630208916451779)	(50, 0.0)	(55, 0.07659993901668545)	(60, 0.0)	(65, 0.0)	(70, 0.0)	(75, 0.13214731466418317)	(80, 0.34684890141834807)	(85, 0.359441559876867)	(90, 0.25532353016352094)	(95, 0.2202455244403053)	(100, 0.2202455244403053)	(105, 0.279774455335122)	(110, 0.12335621347616052)	(115, 0.07526075406912426)	(120, 0.13810884765655232)	(125, 0.0)	(130, 0.0)	(135, 0.05430178964788435)	(140, 0.0)	(145, 0.0)	(150, 0.12117463799706892)
IDDLNTM52_R1	(1, 0.0)	(2, 0.2768626395034804)	(3, 0.27418781044734736)	(4, 0.0)	(5, 0.0)	(6, 0.0)	(7, 0.0)	(8, 0.5215203371711186)	(9, 0.19558350058445015)	(10, 0.0429185238153405)	(15, 0.0)	(20, 0.0)	(25, 0.10631197244569428)	(30, 0.39275763284761406)	(35, 0.18699908253363373)	(40, 0.3423959513787407)	(45, 0.10545246070899018)	(50, 0.055033716220252556)	(55, 0.11690786194672276)	(60, 0.2568870161122786)	(65, 0.061724355299326746)	(70, 0.0)	(75, 0.1789389309778194)	(80, 0.05454868055140709)	(85, 0.05874281251142375)	(90, 0.0)	(95, 0.12294940917484198)	(100, 0.04704132700052694)	(105, 0.25783212237877895)	(110, 0.0)	(115, 0.061724355299326746)	(120, 0.0)	(125, 0.0)	(130, 0.05554728339903011)	(135, 0.0)	(140, 0.0)	(145, 0.0)	(150, 0.0)
IDDLNTM52_R2	(1, 0.0)	(2, 0.2777364169951505)	(3, 0.2980294534343468)	(4, 0.0)	(5, 0.0)	(6, 0.0)	(7, 0.0)	(8, 0.0)	(9, 0.0)	(10, 0.0)	(15, 0.0)	(20, 0.08814453349643847)	(25, 0.0)	(30, 0.1682610133857362)	(35, 0.051060703462209575)	(40, 0.0)	(45, 0.05539749297188665)	(50, 0.0)	(55, 0.06406393911375781)	(60, 0.0)	(65, 0.0)	(70, 0.0)	(75, 0.13496117485625023)	(80, 0.3425207767346935)	(85, 0.35078421529877396)	(90, 0.26963346817443806)	(95, 0.2249352914270837)	(100, 0.2249352914270837)	(105, 0.279708657619206)	(110, 0.10981064885111633)	(115, 0.06283351774793659)	(120, 0.11270659710922307)	(125, 0.0)	(130, 0.0)	(135, 0.05291881804653667)	(140, 0.0)	(145, 0.0)	(150, 0.1305940706172703)
IDDLNTM55.A_R1	(1, 0.0)	(2, 0.27801950325002117)	(3, 0.2721041946702335)	(4, 0.0)	(5, 0.0)	(6, 0.0)	(7, 0.0)	(8, 0.5251030448591651)	(9, 0.21557809373853565)	(10, 0.046583973592005)	(15, 0.0)	(20, 0.0)	(25, 0.1079892855758507)	(30, 0.4074324933778855)	(35, 0.1921997654818965)	(40, 0.3458728689963062)	(45, 0.10755206711560551)	(50, 0.05618073508915124)	(55, 0.11774403357543847)	(60, 0.25462647857455023)	(65, 0.060299406466754954)	(70, 0.0)	(75, 0.18881958915058925)	(80, 0.05609255657616061)	(85, 0.058370501495085055)	(90, 0.0)	(95, 0.12471381020640569)	(100, 0.0467823752462339)	(105, 0.27079988749891387)	(110, 0.0)	(115, 0.060299406466754954)	(120, 0.0)	(125, 0.0)	(130, 0.053869723227855305)	(135, 0.0)	(140, 0.0)	(145, 0.0)	(150, 0.0)
IDDLNTM55.A_R2	(1, 0.0)	(2, 0.26934861613927646)	(3, 0.2965369909780522)	(4, 0.0)	(5, 0.0)	(6, 0.0)	(7, 0.0)	(8, 0.0)	(9, 0.0)	(10, 0.0)	(15, 0.0)	(20, 0.0865104694532179)	(25, 0.0)	(30, 0.1705923556944857)	(35, 0.05170934965958501)	(40, 0.0)	(45, 0.05487275381312365)	(50, 0.0)	(55, 0.06215115523955806)	(60, 0.0)	(65, 0.0)	(70, 0.0)	(75, 0.13501232570276897)	(80, 0.34188646538818845)	(85, 0.3500319555256973)	(90, 0.2728279932976982)	(95, 0.22502054283794828)	(100, 0.22502054283794828)	(105, 0.2820242773816787)	(110, 0.1080921605076731)	(115, 0.06021122795376433)	(120, 0.11249373794778839)	(125, 0.0)	(130, 0.0)	(135, 0.05411221413857951)	(140, 0.0)	(145, 0.0)	(150, 0.1373104781975871)
IDDLNTM55.B_R1	(1, 0.0)	(2, 0.26748856399098403)	(3, 0.26908256508173617)	(4, 0.0)	(5, 0.0)	(6, 0.0)	(7, 0.0)	(8, 0.5143310186160351)	(9, 0.21198316886657792)	(10, 0.045751626545279686)	(15, 0.0)	(20, 0.0)	(25, 0.10759507362577182)	(30, 0.4116697578902105)	(35, 0.1950829620639126)	(40, 0.3413477431031937)	(45, 0.10703337800331628)	(50, 0.05536876645948447)	(55, 0.11814584275027432)	(60, 0.2518825342643818)	(65, 0.059816788550821495)	(70, 0.0)	(75, 0.19264641753947714)	(80, 0.055566118975482366)	(85, 0.05772940617007461)	(90, 0.0)	(95, 0.12288989361560815)	(100, 0.04642717938850323)	(105, 0.2706879518945652)	(110, 0.0)	(115, 0.059816788550821495)	(120, 0.0)	(125, 0.0)	(130, 0.05345596515058187)	(135, 0.0)	(140, 0.0)	(145, 0.0)	(150, 0.0)
IDDLNTM55.B_R2	(1, 0.0)	(2, 0.2672798257529093)	(3, 0.29519382104453373)	(4, 0.0)	(5, 0.0)	(6, 0.0)	(7, 0.0)	(8, 0.0)	(9, 0.0)	(10, 0.0)	(15, 0.0)	(20, 0.08581039205215875)	(25, 0.0)	(30, 0.1706074548394822)	(35, 0.05011615334138684)	(40, 0.0)	(45, 0.05446549917472491)	(50, 0.0)	(55, 0.06213568061379669)	(60, 0.0)	(65, 0.0)	(70, 0.0)	(75, 0.13061700366506393)	(80, 0.3314725268219148)	(85, 0.34224721514726103)	(90, 0.2650482242258563)	(95, 0.2176950061084399)	(100, 0.2176950061084399)	(105, 0.2730220249203094)	(110, 0.10581131050040628)	(115, 0.059915464808820436)	(120, 0.11125368565311727)	(125, 0.0)	(130, 0.0)	(135, 0.05412013227172861)	(140, 0.0)	(145, 0.0)	(150, 0.13646736719219366)
IDDLNTM56_R1	(1, 0.0)	(2, 0.29278419813336476)	(3, 0.2883221749454956)	(4, 0.0)	(5, 0.0)	(6, 0.0)	(7, 0.0)	(8, 0.557863894085333)	(9, 0.17108862044232634)	(10, 0.04266226946491018)	(15, 0.0)	(20, 0.0)	(25, 0.10924631100568008)	(30, 0.37313169428348236)	(35, 0.17512886034378)	(40, 0.3582716031294544)	(45, 0.10213371284949463)	(50, 0.05830820947889119)	(55, 0.12297868684655502)	(60, 0.2671397743193028)	(65, 0.06382691079483284)	(70, 0.0)	(75, 0.16083706667039613)	(80, 0.05985326825439215)	(85, 0.06198438380680728)	(90, 0.0)	(95, 0.1253895113152246)	(100, 0.04935752415874768)	(105, 0.24592629492463733)	(110, 0.0)	(115, 0.06382691079483284)	(120, 0.0)	(125, 0.0)	(130, 0.05791306513688089)	(135, 0.0)	(140, 0.0)	(145, 0.0)	(150, 0.0)
IDDLNTM56_R2	(1, 0.0)	(2, 0.28956532568440446)	(3, 0.3144061413422432)	(4, 0.0)	(5, 0.0)	(6, 0.0)	(7, 0.0)	(8, 0.0)	(9, 0.0)	(10, 0.0)	(15, 0.0)	(20, 0.09246377603041102)	(25, 0.0)	(30, 0.177735037071421)	(35, 0.05310029584767674)	(40, 0.0)	(45, 0.05762447657249133)	(50, 0.0)	(55, 0.06712126025294121)	(60, 0.0)	(65, 0.0)	(70, 0.0)	(75, 0.13500617024549785)	(80, 0.3446901813068755)	(85, 0.35414256674665007)	(90, 0.26886242605750504)	(95, 0.22501028374249643)	(100, 0.22501028374249643)	(105, 0.28231509298212554)	(110, 0.11215439576991322)	(115, 0.06479479244155471)	(120, 0.11857438137156379)	(125, 0.0)	(130, 0.0)	(135, 0.05414365450354665)	(140, 0.0)	(145, 0.0)	(150, 0.13262864445733474)
IDDLNTM58_R1	(1, 0.0)	(2, 0.2727296048111499)	(3, 0.27406801816673065)	(4, 0.0)	(5, 0.0)	(6, 0.0)	(7, 0.0)	(8, 0.5293703657437563)	(9, 0.2101587804377504)	(10, 0.04703407600403309)	(15, 0.0)	(20, 0.0)	(25, 0.10730729078368563)	(30, 0.40711745915608577)	(35, 0.19373533322031175)	(40, 0.34738518644098043)	(45, 0.10684999955386221)	(50, 0.057161403727927336)	(55, 0.11716693583646375)	(60, 0.2544435323405281)	(65, 0.0608531939004042)	(70, 0.0)	(75, 0.1860338797034076)	(80, 0.055934524818645)	(85, 0.05926940476296699)	(90, 0.0)	(95, 0.11361456372185985)	(100, 0.046565631329579825)	(105, 0.2588547196916296)	(110, 0.0)	(115, 0.0608531939004042)	(120, 0.0)	(125, 0.0)	(130, 0.05389902117369929)	(135, 0.0)	(140, 0.0)	(145, 0.0)	(150, 0.0)
IDDLNTM58_R2	(1, 0.0)	(2, 0.2694951058684964)	(3, 0.2977133207819903)	(4, 0.0)	(5, 0.0)	(6, 0.0)	(7, 0.0)	(8, 0.0)	(9, 0.0)	(10, 0.0)	(15, 0.0)	(20, 0.0861380528762503)	(25, 0.0)	(30, 0.16899141630901288)	(35, 0.05118315740633337)	(40, 0.0)	(45, 0.05526531814085462)	(50, 0.0)	(55, 0.06223064431218937)	(60, 0.0)	(65, 0.0)	(70, 0.0)	(75, 0.13159949318747602)	(80, 0.3353673498523284)	(85, 0.33588598502761596)	(90, 0.26638887153908614)	(95, 0.21933248864579336)	(100, 0.21933248864579336)	(105, 0.276125828700936)	(110, 0.10688903661006666)	(115, 0.06140528940958126)	(120, 0.11292862687712474)	(125, 0.0)	(130, 0.0)	(135, 0.05402170906462751)	(140, 0.0)	(145, 0.0)	(150, 0.14049157691861552)
IDDLNTM59_R1	(1, 0.0)	(2, 0.2729279409878542)	(3, 0.27071843450537775)	(4, 0.0)	(5, 0.0)	(6, 0.0)	(7, 0.0)	(8, 0.5219824338845603)	(9, 0.21979200460439594)	(10, 0.0467714799058858)	(15, 0.0)	(20, 0.0)	(25, 0.10698861511367103)	(30, 0.41645963770560535)	(35, 0.19550898945795955)	(40, 0.34221483085419524)	(45, 0.10931668048057305)	(50, 0.05578734416242998)	(55, 0.11686672580240114)	(60, 0.2512586103389814)	(65, 0.06073448306709679)	(70, 0.0)	(75, 0.19633351260873738)	(80, 0.05601368385087879)	(85, 0.05750105894639952)	(90, 0.0)	(95, 0.12364074933526188)	(100, 0.046270299167177724)	(105, 0.27612903086734447)	(110, 0.0)	(115, 0.06073448306709679)	(120, 0.0)	(125, 0.0)	(130, 0.05193956945880025)	(135, 0.0)	(140, 0.0)	(145, 0.0)	(150, 0.0)
IDDLNTM59_R2	(1, 0.0)	(2, 0.25969784729400125)	(3, 0.29216681450600285)	(4, 0.0)	(5, 0.0)	(6, 0.0)	(7, 0.0)	(8, 0.0)	(9, 0.0)	(10, 0.0)	(15, 0.0)	(20, 0.08367023816324265)	(25, 0.0)	(30, 0.16825122412048168)	(35, 0.05100187646379804)	(40, 0.0)	(45, 0.055582560634785824)	(50, 0.0)	(55, 0.061736844544512934)	(60, 0.0)	(65, 0.0)	(70, 0.0)	(75, 0.13543196929540455)	(80, 0.34086218176370353)	(85, 0.3522546127489602)	(90, 0.27310577931449254)	(95, 0.22571994882567425)	(100, 0.22571994882567425)	(105, 0.2821485887720425)	(110, 0.10776463690263836)	(115, 0.0589830450017191)	(120, 0.11213514850578082)	(125, 0.0)	(130, 0.0)	(135, 0.05365328424276979)	(140, 0.0)	(145, 0.0)	(150, 0.1373127443256101)
IDDLNTM5_R1	(1, 0.0)	(2, 0.26812392301792853)	(3, 0.2657324044017817)	(4, 0.0)	(5, 0.0)	(6, 0.0)	(7, 0.0)	(8, 0.5136470823199045)	(9, 0.21886959304568293)	(10, 0.04646483344898425)	(15, 0.0)	(20, 0.0)	(25, 0.10610310074080484)	(30, 0.41639077487211307)	(35, 0.1963856668804429)	(40, 0.33718952018286535)	(45, 0.10865892216264117)	(50, 0.05483697419222807)	(55, 0.11647608454000051)	(60, 0.2504960575541775)	(65, 0.0593571269354186)	(70, 0.0)	(75, 0.1975832517752462)	(80, 0.05658953745291584)	(85, 0.05717737637993819)	(90, 0.0)	(95, 0.12425673518276223)	(100, 0.0454023419721923)	(105, 0.2784676974294461)	(110, 0.0)	(115, 0.0593571269354186)	(120, 0.0)	(125, 0.0)	(130, 0.052602456034851176)	(135, 0.0)	(140, 0.0)	(145, 0.0)	(150, 0.0)
IDDLNTM5_R2	(1, 0.0)	(2, 0.2630122801742559)	(3, 0.28652583725515)	(4, 0.0)	(5, 0.0)	(6, 0.0)	(7, 0.0)	(8, 0.0)	(9, 0.0)	(10, 0.0)	(15, 0.0)	(20, 0.08531331906089629)	(25, 0.0)	(30, 0.16756695476250852)	(35, 0.05004663461301486)	(40, 0.0)	(45, 0.05412134419411391)	(50, 0.0)	(55, 0.061536877490899)	(60, 0.0)	(65, 0.0)	(70, 0.0)	(75, 0.13209945577433996)	(80, 0.3346994198833048)	(85, 0.34626268623038425)	(90, 0.2675214793970671)	(95, 0.22016575962389992)	(100, 0.22016575962389992)	(105, 0.27555040983509294)	(110, 0.10488360880524293)	(115, 0.05922933586432678)	(120, 0.10965204134369755)	(125, 0.0)	(130, 0.0)	(135, 0.05303329450310359)	(140, 0.0)	(145, 0.0)	(150, 0.13597882757534152)
IDDLNTM6.A_R1	(1, 0.0)	(2, 0.2672258591692217)	(3, 0.2655966912233761)	(4, 0.0)	(5, 0.0)	(6, 0.0)	(7, 0.0)	(8, 0.5202969994323302)	(9, 0.2170601812523393)	(10, 0.04723740721941443)	(15, 0.0)	(20, 0.0)	(25, 0.10756740047635178)	(30, 0.41684695067366095)	(35, 0.1968288774884747)	(40, 0.3392985564514098)	(45, 0.1094927807759875)	(50, 0.05672043414575213)	(55, 0.11662726689727504)	(60, 0.24950812880751888)	(65, 0.05919169149737249)	(70, 0.0)	(75, 0.19414603988414714)	(80, 0.05587411313492324)	(85, 0.058087242578240786)	(90, 0.0)	(95, 0.11387672361208115)	(100, 0.04659843485623862)	(105, 0.26447108427897364)	(110, 0.0)	(115, 0.05919169149737249)	(120, 0.0)	(125, 0.0)	(130, 0.05405029135658699)	(135, 0.0)	(140, 0.0)	(145, 0.0)	(150, 0.0)
IDDLNTM6.A_R2	(1, 0.0)	(2, 0.27025145678293494)	(3, 0.29225580306448606)	(4, 0.0)	(5, 0.0)	(6, 0.0)	(7, 0.0)	(8, 0.0)	(9, 0.0)	(10, 0.0)	(15, 0.0)	(20, 0.08290137461574382)	(25, 0.0)	(30, 0.16727111618527574)	(35, 0.05154518116453348)	(40, 0.0)	(45, 0.05557790078113314)	(50, 0.0)	(55, 0.060588121165240164)	(60, 0.0)	(65, 0.0)	(70, 0.0)	(75, 0.1283064968467137)	(80, 0.3290665354304886)	(85, 0.3302471532405949)	(90, 0.26202521655767813)	(95, 0.2138441614111895)	(100, 0.2138441614111895)	(105, 0.2696294108399757)	(110, 0.10364470259115989)	(115, 0.060219971525529596)	(120, 0.11064800895576893)	(125, 0.0)	(130, 0.0)	(135, 0.0537752370280676)	(140, 0.0)	(145, 0.0)	(150, 0.13984396802683852)
IDDLNTM6.B_R1	(1, 0.0)	(2, 0.2811998109841491)	(3, 0.27816400035257277)	(4, 0.0)	(5, 0.0)	(6, 0.0)	(7, 0.0)	(8, 0.5233318796336677)	(9, 0.19736956430255184)	(10, 0.0431964447935743)	(15, 0.0)	(20, 0.0)	(25, 0.10802461058400832)	(30, 0.3961544444581695)	(35, 0.18555712045196313)	(40, 0.34851943515498024)	(45, 0.10647530033065211)	(50, 0.056951807448371854)	(55, 0.11778526518015234)	(60, 0.2570431330068197)	(65, 0.06208965523450172)	(70, 0.0)	(75, 0.18263018027062264)	(80, 0.05583797899595903)	(85, 0.059652632079222515)	(90, 0.0)	(95, 0.12564906154718727)	(100, 0.04648768225070394)	(105, 0.2613728270661989)	(110, 0.0)	(115, 0.06208965523450172)	(120, 0.0)	(125, 0.0)	(130, 0.055000513994144865)	(135, 0.0)	(140, 0.0)	(145, 0.0)	(150, 0.0)
IDDLNTM6.B_R2	(1, 0.0)	(2, 0.2750025699707243)	(3, 0.30182238665382277)	(4, 0.0)	(5, 0.0)	(6, 0.0)	(7, 0.0)	(8, 0.0)	(9, 0.0)	(10, 0.0)	(15, 0.0)	(20, 0.08755696593967029)	(25, 0.0)	(30, 0.17196087614751024)	(35, 0.05115236231080881)	(40, 0.0)	(45, 0.05474508716859155)	(50, 0.0)	(55, 0.06422519098912782)	(60, 0.0)	(65, 0.0)	(70, 0.0)	(75, 0.13318205923850565)	(80, 0.33860803685850965)	(85, 0.34748516587773975)	(90, 0.2678757428052858)	(95, 0.2219700987308427)	(100, 0.2219700987308427)	(105, 0.2778667002769287)	(110, 0.11021876888876142)	(115, 0.06162067483348578)	(120, 0.11394130082182535)	(125, 0.0)	(130, 0.0)	(135, 0.053476327690843095)	(140, 0.0)	(145, 0.0)	(150, 0.1341200200405375)
IDDLNTM60_R1	(1, 0.0)	(2, 0.2753854918835378)	(3, 0.27839440106678487)	(4, 0.0)	(5, 0.0)	(6, 0.0)	(7, 0.0)	(8, 0.5257998496107821)	(9, 0.22386846736289637)	(10, 0.04628096012886005)	(15, 0.0)	(20, 0.0)	(25, 0.10833197885552343)	(30, 0.41434647898572197)	(35, 0.19314384891788938)	(40, 0.3471437578069945)	(45, 0.11175707360804206)	(50, 0.05740548791290248)	(55, 0.12135746234786028)	(60, 0.25573478405874295)	(65, 0.06170794683848006)	(70, 0.0)	(75, 0.19495481855715213)	(80, 0.058204114275558716)	(85, 0.05927832297462449)	(90, 0.0)	(95, 0.11585143974898386)	(100, 0.04851936359602329)	(105, 0.27092555733715473)	(110, 0.0)	(115, 0.06170794683848006)	(120, 0.0)	(125, 0.0)	(130, 0.05446969241074366)	(135, 0.0)	(140, 0.0)	(145, 0.0)	(150, 0.0)
IDDLNTM60_R2	(1, 0.0)	(2, 0.2723484620537183)	(3, 0.29841630142633546)	(4, 0.0)	(5, 0.0)	(6, 0.0)	(7, 0.0)	(8, 0.0)	(9, 0.0)	(10, 0.0)	(15, 0.0)	(20, 0.0856948583647394)	(25, 0.0)	(30, 0.174364881136839)	(35, 0.05104459765822504)	(40, 0.0)	(45, 0.05599383145496788)	(50, 0.0)	(55, 0.0623603458389598)	(60, 0.0)	(65, 0.0)	(70, 0.0)	(75, 0.13128405058791837)	(80, 0.33451758749598576)	(85, 0.336615387730287)	(90, 0.2652845556347308)	(95, 0.2188067509798639)	(100, 0.2188067509798639)	(105, 0.2762178630220809)	(110, 0.10568301394840313)	(115, 0.060605617492841886)	(120, 0.11476035866197463)	(125, 0.0)	(130, 0.0)	(135, 0.05451468544525951)	(140, 0.0)	(145, 0.0)	(150, 0.14082819803459176)
IDDLNTM61_R1	(1, 0.0)	(2, 0.28226944032414175)	(3, 0.28067582315929124)	(4, 0.0)	(5, 0.0)	(6, 0.0)	(7, 0.0)	(8, 0.5338866504931125)	(9, 0.20739433384436984)	(10, 0.04598083525957658)	(15, 0.0)	(20, 0.0)	(25, 0.10971556174631557)	(30, 0.40433553509804854)	(35, 0.18789244378951206)	(40, 0.35060075632074633)	(45, 0.1101139660375282)	(50, 0.05654850908399134)	(55, 0.1231617065747415)	(60, 0.26239902629991224)	(65, 0.06371978632581851)	(70, 0.0)	(75, 0.1863187468392222)	(80, 0.05730547723729533)	(85, 0.06026860915318919)	(90, 0.0)	(95, 0.11477529624471586)	(100, 0.049277630769361015)	(105, 0.2613830953573201)	(110, 0.0)	(115, 0.06371978632581851)	(120, 0.0)	(125, 0.0)	(130, 0.05577162071612673)	(135, 0.0)	(140, 0.0)	(145, 0.0)	(150, 0.0)
IDDLNTM61_R2	(1, 0.0)	(2, 0.2788581035806337)	(3, 0.3091368297127928)	(4, 0.0)	(5, 0.0)	(6, 0.0)	(7, 0.0)	(8, 0.0)	(9, 0.0)	(10, 0.0)	(15, 0.0)	(20, 0.08992482858032863)	(25, 0.0)	(30, 0.1758407139803303)	(35, 0.051204911528102075)	(40, 0.0)	(45, 0.0564588681184685)	(50, 0.0)	(55, 0.0650893010768619)	(60, 0.0)	(65, 0.0)	(70, 0.0)	(75, 0.13145847593924434)	(80, 0.3364076034462967)	(85, 0.3369554093467141)	(90, 0.26545677923496913)	(95, 0.21909745989874058)	(100, 0.21909745989874058)	(105, 0.2761140940249067)	(110, 0.11045260968505892)	(115, 0.06166302417243336)	(120, 0.11540278300337574)	(125, 0.0)	(130, 0.0)	(135, 0.053709878509101416)	(140, 0.0)	(145, 0.0)	(150, 0.13727517859094862)
IDDLNTM63_R1	(1, 0.0)	(2, 0.2614871454893721)	(3, 0.2693342911913765)	(4, 0.0)	(5, 0.0)	(6, 0.0)	(7, 0.0)	(8, 0.5100138438838208)	(9, 0.2291872812449927)	(10, 0.047118312934551515)	(15, 0.0)	(20, 0.0)	(25, 0.10516694043079818)	(30, 0.41958941202349787)	(35, 0.19800120542283334)	(40, 0.33873343524497396)	(45, 0.11015873763220226)	(50, 0.05482370374645518)	(55, 0.11410256118179027)	(60, 0.24830394071000467)	(65, 0.058676399152407015)	(70, 0.0)	(75, 0.20067936031080771)	(80, 0.0552540310914038)	(85, 0.05765880154846967)	(90, 0.0)	(95, 0.12174719989793649)	(100, 0.04565013728707972)	(105, 0.27715612352014857)	(110, 0.0)	(115, 0.058676399152407015)	(120, 0.0)	(125, 0.0)	(130, 0.05208985943736978)	(135, 0.0)	(140, 0.0)	(145, 0.0)	(150, 0.0)
IDDLNTM63_R2	(1, 0.0)	(2, 0.2604492971868489)	(3, 0.2922935207130474)	(4, 0.0)	(5, 0.0)	(6, 0.0)	(7, 0.0)	(8, 0.0)	(9, 0.0)	(10, 0.0)	(15, 0.0)	(20, 0.08387839354245724)	(25, 0.0)	(30, 0.16811623698481273)	(35, 0.04989772131545501)	(40, 0.0)	(45, 0.054054177200194106)	(50, 0.0)	(55, 0.05954717919159718)	(60, 0.0)	(65, 0.0)	(70, 0.0)	(75, 0.13294077354124725)	(80, 0.3351541242699307)	(85, 0.3450212771558704)	(90, 0.2685597019704689)	(95, 0.22156795590207876)	(100, 0.22156795590207876)	(105, 0.27800665286075293)	(110, 0.10529856997160598)	(115, 0.059719310129576625)	(120, 0.11060425300109025)	(125, 0.0)	(130, 0.0)	(135, 0.05345171891726603)	(140, 0.0)	(145, 0.0)	(150, 0.13765412363709634)
IDDLNTM64_R1	(1, 0.0)	(2, 0.2768066871840679)	(3, 0.273844926398934)	(4, 0.0)	(5, 0.0)	(6, 0.0)	(7, 0.0)	(8, 0.5201428564688787)	(9, 0.19560726318101496)	(10, 0.043661071821912735)	(15, 0.0)	(20, 0.0)	(25, 0.10612015103407388)	(30, 0.3994760042334832)	(35, 0.18623446975832555)	(40, 0.34285657371979855)	(45, 0.10632459115906542)	(50, 0.05460123953620399)	(55, 0.11662522822594723)	(60, 0.2570493838227053)	(65, 0.06285223329868335)	(70, 0.0)	(75, 0.18410095358213172)	(80, 0.055581503725266025)	(85, 0.05841745520271287)	(90, 0.0)	(95, 0.1227636740301806)	(100, 0.047524465978804276)	(105, 0.2594135503963255)	(110, 0.0)	(115, 0.06285223329868335)	(120, 0.0)	(125, 0.0)	(130, 0.053945982725333644)	(135, 0.0)	(140, 0.0)	(145, 0.0)	(150, 0.0)
IDDLNTM64_R2	(1, 0.0)	(2, 0.2697299136266682)	(3, 0.2950228265262635)	(4, 0.0)	(5, 0.0)	(6, 0.0)	(7, 0.0)	(8, 0.0)	(9, 0.0)	(10, 0.0)	(15, 0.0)	(20, 0.0871334296822948)	(25, 0.0)	(30, 0.17087000805703775)	(35, 0.050659214562008004)	(40, 0.0)	(45, 0.05555529345283121)	(50, 0.0)	(55, 0.06494905509346846)	(60, 0.0)	(65, 0.0)	(70, 0.0)	(75, 0.12852993396583962)	(80, 0.33018128597032265)	(85, 0.34145170311729256)	(90, 0.25946597094119517)	(95, 0.2142165566097327)	(100, 0.2142165566097327)	(105, 0.2696774930817986)	(110, 0.10770849354362359)	(115, 0.062149797997430346)	(120, 0.11197552589601127)	(125, 0.0)	(130, 0.0)	(135, 0.0537834790362378)	(140, 0.0)	(145, 0.0)	(150, 0.13371170482620232)
IDDLNTM67_R1	(1, 0.0)	(2, 0.2769959256826137)	(3, 0.2717433128742029)	(4, 0.0)	(5, 0.0)	(6, 0.0)	(7, 0.0)	(8, 0.5292679250298239)	(9, 0.20968918946320986)	(10, 0.046462414135049805)	(15, 0.0)	(20, 0.0)	(25, 0.10513532074286115)	(30, 0.4044902754592311)	(35, 0.1920257519726004)	(40, 0.3440192651179358)	(45, 0.10655230466326965)	(50, 0.0538356166726237)	(55, 0.11799567135843073)	(60, 0.2558535483598289)	(65, 0.062186049500134497)	(70, 0.0)	(75, 0.18599135493224006)	(80, 0.05546270510536864)	(85, 0.05884880805999999)	(90, 0.0)	(95, 0.11338314438992857)	(100, 0.046667632495936556)	(105, 0.2563861388678445)	(110, 0.0)	(115, 0.062186049500134497)	(120, 0.0)	(125, 0.0)	(130, 0.05363528446318663)	(135, 0.0)	(140, 0.0)	(145, 0.0)	(150, 0.0)
IDDLNTM67_R2	(1, 0.0)	(2, 0.2681764223159332)	(3, 0.29211856441938716)	(4, 0.0)	(5, 0.0)	(6, 0.0)	(7, 0.0)	(8, 0.0)	(9, 0.0)	(10, 0.0)	(15, 0.0)	(20, 0.0868806589268399)	(25, 0.0)	(30, 0.16966672293884422)	(35, 0.05230625126887245)	(40, 0.0)	(45, 0.054759099296614065)	(50, 0.0)	(55, 0.06276261537119726)	(60, 0.0)	(65, 0.0)	(70, 0.0)	(75, 0.13302547321766023)	(80, 0.33821940334716033)	(85, 0.33545384162663894)	(90, 0.26635388782520086)	(95, 0.22170912202943371)	(100, 0.22170912202943371)	(105, 0.27628743372240944)	(110, 0.10700671674809031)	(115, 0.06137494835948687)	(120, 0.11187332359197605)	(125, 0.0)	(130, 0.0)	(135, 0.05519396677563598)	(140, 0.0)	(145, 0.0)	(150, 0.13524867212726666)
IDDLNTM68_R1	(1, 0.0)	(2, 0.27368301885628865)	(3, 0.2709519151754437)	(4, 0.0)	(5, 0.0)	(6, 0.0)	(7, 0.0)	(8, 0.5208479019727599)	(9, 0.1947673374976791)	(10, 0.04575920167196405)	(15, 0.0)	(20, 0.0)	(25, 0.10720903449097624)	(30, 0.39836671189873596)	(35, 0.18939763526066292)	(40, 0.3442247839289525)	(45, 0.10395373510364647)	(50, 0.05508019423433178)	(55, 0.11747710332976602)	(60, 0.25699245136157634)	(65, 0.0608859920590958)	(70, 0.0)	(75, 0.1792573115940417)	(80, 0.056146205671048686)	(85, 0.05860419898380918)	(90, 0.0)	(95, 0.12445903773966813)	(100, 0.047168803571755014)	(105, 0.2606882513425907)	(110, 0.0)	(115, 0.0608859920590958)	(120, 0.0)	(125, 0.0)	(130, 0.0540362078272991)	(135, 0.0)	(140, 0.0)	(145, 0.0)	(150, 0.0)
IDDLNTM68_R2	(1, 0.0)	(2, 0.2701810391364955)	(3, 0.29777840133084044)	(4, 0.0)	(5, 0.0)	(6, 0.0)	(7, 0.0)	(8, 0.0)	(9, 0.0)	(10, 0.0)	(15, 0.0)	(20, 0.08742615282859748)	(25, 0.0)	(30, 0.17080851020716964)	(35, 0.05151654443142276)	(40, 0.0)	(45, 0.055058169204647546)	(50, 0.0)	(55, 0.06306646999783494)	(60, 0.0)	(65, 0.0)	(70, 0.0)	(75, 0.1347931816675106)	(80, 0.34081530933383314)	(85, 0.3497222313381373)	(90, 0.27133515069194936)	(95, 0.2246553027791843)	(100, 0.2246553027791843)	(105, 0.28148428437044426)	(110, 0.10853494127796712)	(115, 0.06062609670882184)	(120, 0.11293113720294017)	(125, 0.0)	(130, 0.0)	(135, 0.0540362078272991)	(140, 0.0)	(145, 0.0)	(150, 0.13841629905056704)
IDDLNTM7.A_R1	(1, 0.0)	(2, 0.28126020235070154)	(3, 0.2801812756669665)	(4, 0.0)	(5, 0.0)	(6, 0.0)	(7, 0.0)	(8, 0.5310317296353587)	(9, 0.20076028366980528)	(10, 0.04345277318123931)	(15, 0.0)	(20, 0.0)	(25, 0.10679376156599416)	(30, 0.3965774847182023)	(35, 0.18559936575095096)	(40, 0.3458479504588835)	(45, 0.1072493083880156)	(50, 0.05653575822771507)	(55, 0.11872988750790713)	(60, 0.2554618665351708)	(65, 0.06201031214148166)	(70, 0.0)	(75, 0.1835214328785724)	(80, 0.057223074485501825)	(85, 0.06075955639329994)	(90, 0.0)	(95, 0.12324939150533049)	(100, 0.047724523643879066)	(105, 0.26279457195981437)	(110, 0.0)	(115, 0.06201031214148166)	(120, 0.0)	(125, 0.0)	(130, 0.05551277589054408)	(135, 0.0)	(140, 0.0)	(145, 0.0)	(150, 0.0)
IDDLNTM7.A_R2	(1, 0.0)	(2, 0.27756387945272043)	(3, 0.30587571483887827)	(4, 0.0)	(5, 0.0)	(6, 0.0)	(7, 0.0)	(8, 0.0)	(9, 0.0)	(10, 0.0)	(15, 0.0)	(20, 0.08700544698134295)	(25, 0.0)	(30, 0.17181308034767015)	(35, 0.05086140307621978)	(40, 0.0)	(45, 0.055300986578551654)	(50, 0.0)	(55, 0.06446387134079018)	(60, 0.0)	(65, 0.0)	(70, 0.0)	(75, 0.12999867731580625)	(80, 0.3328368938579901)	(85, 0.342343436749122)	(90, 0.2616197406819696)	(95, 0.2166644621930104)	(100, 0.2166644621930104)	(105, 0.27234107509849204)	(110, 0.10856400053227051)	(115, 0.06252579933482172)	(120, 0.11564495639737589)	(125, 0.0)	(130, 0.0)	(135, 0.053179097433872786)	(140, 0.0)	(145, 0.0)	(150, 0.13231836968583652)
IDDLNTM7.B_R1	(1, 0.0)	(2, 0.2708458442228958)	(3, 0.2679822016189688)	(4, 0.0)	(5, 0.0)	(6, 0.0)	(7, 0.0)	(8, 0.5220673141306444)	(9, 0.20281327618401093)	(10, 0.045051836142370204)	(15, 0.0)	(20, 0.0)	(25, 0.10589160775845007)	(30, 0.40098576685401066)	(35, 0.18945101444539245)	(40, 0.3440413914270963)	(45, 0.10640116769238413)	(50, 0.05548307545108688)	(55, 0.11643233928437571)	(60, 0.2549736839667177)	(65, 0.06130300791965629)	(70, 0.0)	(75, 0.18314678947762947)	(80, 0.056198986102068645)	(85, 0.058422520359235536)	(90, 0.0)	(95, 0.12284605646934764)	(100, 0.04606674477111494)	(105, 0.26320665645300806)	(110, 0.0)	(115, 0.06130300791965629)	(120, 0.0)	(125, 0.0)	(130, 0.05448922301795925)	(135, 0.0)	(140, 0.0)	(145, 0.0)	(150, 0.0)
IDDLNTM7.B_R2	(1, 0.0)	(2, 0.27244611508979627)	(3, 0.2953552559212128)	(4, 0.0)	(5, 0.0)	(6, 0.0)	(7, 0.0)	(8, 0.0)	(9, 0.0)	(10, 0.0)	(15, 0.0)	(20, 0.08731583198503494)	(25, 0.0)	(30, 0.16772102056853413)	(35, 0.05125499137117104)	(40, 0.0)	(45, 0.0547840097565988)	(50, 0.0)	(55, 0.0620820871574894)	(60, 0.0)	(65, 0.0)	(70, 0.0)	(75, 0.13152963154184413)	(80, 0.335538899636907)	(85, 0.34327494590663343)	(90, 0.26565759762283975)	(95, 0.21921605256974022)	(100, 0.21921605256974022)	(105, 0.275406616193562)	(110, 0.10634642158377965)	(115, 0.06062920965990875)	(120, 0.11166942783578525)	(125, 0.0)	(130, 0.0)	(135, 0.05323427375917945)	(140, 0.0)	(145, 0.0)	(150, 0.1354755626004907)
IDDLNTM7.C_R1	(1, 0.0)	(2, 0.27145905401164694)	(3, 0.27025208166155473)	(4, 0.0)	(5, 0.0)	(6, 0.0)	(7, 0.0)	(8, 0.5223995780717263)	(9, 0.1973948416196252)	(10, 0.04445315740309292)	(15, 0.0)	(20, 0.0)	(25, 0.10608555458916491)	(30, 0.3982496706428481)	(35, 0.18568355233176084)	(40, 0.3405746797682906)	(45, 0.10539063111486939)	(50, 0.054401535561428675)	(55, 0.11705803049909404)	(60, 0.2523632884364002)	(65, 0.06064121686220838)	(70, 0.0)	(75, 0.18355123451326463)	(80, 0.055074514083904326)	(85, 0.05803708257958519)	(90, 0.0)	(95, 0.11501714997984722)	(100, 0.047470588278323435)	(105, 0.2527875575049175)	(110, 0.0)	(115, 0.06064121686220838)	(120, 0.0)	(125, 0.0)	(130, 0.053798049386382565)	(135, 0.0)	(140, 0.0)	(145, 0.0)	(150, 0.0)
IDDLNTM7.C_R2	(1, 0.0)	(2, 0.26899024693191287)	(3, 0.2931114064739071)	(4, 0.0)	(5, 0.0)	(6, 0.0)	(7, 0.0)	(8, 0.0)	(9, 0.0)	(10, 0.0)	(15, 0.0)	(20, 0.085786474155796)	(25, 0.0)	(30, 0.17075732760228726)	(35, 0.050601401404623214)	(40, 0.0)	(45, 0.05521349877876343)	(50, 0.0)	(55, 0.06453278831826326)	(60, 0.0)	(65, 0.0)	(70, 0.0)	(75, 0.1334582244924681)	(80, 0.33748409905366056)	(85, 0.34053810484859076)	(90, 0.26768452229863127)	(95, 0.22243037415411354)	(100, 0.22243037415411354)	(105, 0.27775725518394623)	(110, 0.10955285697670251)	(115, 0.06184453172033061)	(120, 0.11258491781981292)	(125, 0.0)	(130, 0.0)	(135, 0.05386754173381213)	(140, 0.0)	(145, 0.0)	(150, 0.13365390031286187)
IDDLNTM70_R1	(1, 0.0)	(2, 0.29513834947849615)	(3, 0.2903832826981762)	(4, 0.0)	(5, 0.0)	(6, 0.0)	(7, 0.0)	(8, 0.5452116342435054)	(9, 0.18587988323068963)	(10, 0.04264430344350589)	(15, 0.0)	(20, 0.0)	(25, 0.10795622636819617)	(30, 0.38496588374672247)	(35, 0.17643999497475896)	(40, 0.3495676536582269)	(45, 0.105492237218394)	(50, 0.05759574637662561)	(55, 0.12188100715556498)	(60, 0.2644681687454324)	(65, 0.06519304625518228)	(70, 0.0)	(75, 0.17328435974781936)	(80, 0.057876727595462696)	(85, 0.06045418992979522)	(90, 0.0)	(95, 0.12385868265737988)	(100, 0.04830715570006876)	(105, 0.25576315444646025)	(110, 0.0)	(115, 0.06519304625518228)	(120, 0.0)	(125, 0.0)	(130, 0.05719588848828052)	(135, 0.0)	(140, 0.0)	(145, 0.0)	(150, 0.0)
IDDLNTM70_R2	(1, 0.0)	(2, 0.28597944244140255)	(3, 0.313861424926006)	(4, 0.0)	(5, 0.0)	(6, 0.0)	(7, 0.0)	(8, 0.0)	(9, 0.0)	(10, 0.0)	(15, 0.0)	(20, 0.09118921248259064)	(25, 0.0)	(30, 0.1758023837473979)	(35, 0.05170054426602437)	(40, 0.0)	(45, 0.05644480407638907)	(50, 0.0)	(55, 0.06606300733658173)	(60, 0.0)	(65, 0.0)	(70, 0.0)	(75, 0.134822353677004)	(80, 0.34441813247453945)	(85, 0.35177767901408014)	(90, 0.26845053717395034)	(95, 0.22470392279500664)	(100, 0.22470392279500664)	(105, 0.2798735044166735)	(110, 0.11311655452183886)	(115, 0.0655064483838852)	(120, 0.12016269893267663)	(125, 0.0)	(130, 0.0)	(135, 0.052327348523430184)	(140, 0.0)	(145, 0.0)	(150, 0.13216924255298454)
IDDLNTM71_R1	(1, 0.0)	(2, 0.2579827233757404)	(3, 0.2645917706442212)	(4, 0.0)	(5, 0.0)	(6, 0.0)	(7, 0.0)	(8, 0.5040691616682155)	(9, 0.21712157026365503)	(10, 0.04563690813826587)	(15, 0.0)	(20, 0.0)	(25, 0.1070435777588893)	(30, 0.4153412653394551)	(35, 0.19510482236317692)	(40, 0.33702692870677037)	(45, 0.10675048088002626)	(50, 0.053142487036210106)	(55, 0.11504914545018818)	(60, 0.24773582661078286)	(65, 0.0588722436681017)	(70, 0.0)	(75, 0.19467954453894423)	(80, 0.05440107951603383)	(85, 0.05638379369657807)	(90, 0.0)	(95, 0.11549741126491993)	(100, 0.0461024149458719)	(105, 0.2653388803354408)	(110, 0.0)	(115, 0.0588722436681017)	(120, 0.0)	(125, 0.0)	(130, 0.051734472618142464)	(135, 0.0)	(140, 0.0)	(145, 0.0)	(150, 0.0)
IDDLNTM71_R2	(1, 0.0)	(2, 0.25867236309071234)	(3, 0.28424650252092054)	(4, 0.0)	(5, 0.0)	(6, 0.0)	(7, 0.0)	(8, 0.0)	(9, 0.0)	(10, 0.0)	(15, 0.0)	(20, 0.08526820375865139)	(25, 0.0)	(30, 0.16624914728922743)	(35, 0.049102347705999694)	(40, 0.0)	(45, 0.05257928126898306)	(50, 0.0)	(55, 0.059602112366446955)	(60, 0.0)	(65, 0.0)	(70, 0.0)	(75, 0.13165222158813683)	(80, 0.3333660912197945)	(85, 0.33406722493001595)	(90, 0.26698826865374853)	(95, 0.21942036931356135)	(100, 0.21942036931356135)	(105, 0.27408006372270965)	(110, 0.10459535677073906)	(115, 0.05942395544007922)	(120, 0.10939409978741857)	(125, 0.0)	(130, 0.0)	(135, 0.05353328287469419)	(140, 0.0)	(145, 0.0)	(150, 0.13548546900385566)
IDDLNTM72_R1	(1, 0.0)	(2, 0.27008461311790344)	(3, 0.2680276456428645)	(4, 0.0)	(5, 0.0)	(6, 0.0)	(7, 0.0)	(8, 0.527540402668126)	(9, 0.22181763213385022)	(10, 0.04771207813032181)	(15, 0.0)	(20, 0.0)	(25, 0.1077085573673878)	(30, 0.42944697233522255)	(35, 0.2007217564014741)	(40, 0.3495026922355697)	(45, 0.11369768127145466)	(50, 0.059355470768100355)	(55, 0.12016516970460034)	(60, 0.2461376847922176)	(65, 0.05964248948554765)	(70, 0.0)	(75, 0.20518968110307031)	(80, 0.05709759019084831)	(85, 0.058570952940411085)	(90, 0.0)	(95, 0.12815385734021667)	(100, 0.04727198276356929)	(105, 0.28522963410853897)	(110, 0.0)	(115, 0.05964248948554765)	(120, 0.0)	(125, 0.0)	(130, 0.05225654115657062)	(135, 0.0)	(140, 0.0)	(145, 0.0)	(150, 0.0)
IDDLNTM72_R2	(1, 0.0)	(2, 0.2612827057828531)	(3, 0.29610764349979146)	(4, 0.0)	(5, 0.0)	(6, 0.0)	(7, 0.0)	(8, 0.0)	(9, 0.0)	(10, 0.0)	(15, 0.0)	(20, 0.07722716957448518)	(25, 0.0)	(30, 0.1720390192379079)	(35, 0.05238091593413112)	(40, 0.0)	(45, 0.05623653403850643)	(50, 0.0)	(55, 0.05996777736532125)	(60, 0.0)	(65, 0.0)	(70, 0.0)	(75, 0.1272066955726406)	(80, 0.3289043156134355)	(85, 0.3400215072692274)	(90, 0.25971367012747454)	(95, 0.21201115928773437)	(100, 0.21201115928773437)	(105, 0.2702281224766271)	(110, 0.10345111305858626)	(115, 0.05971902781020026)	(120, 0.11137282966013158)	(125, 0.0)	(130, 0.0)	(135, 0.05569119847535657)	(140, 0.0)	(145, 0.0)	(150, 0.13977811539683208)
IDDLNTM73_R1	(1, 0.0)	(2, 0.2744511553430822)	(3, 0.26976198218267944)	(4, 0.0)	(5, 0.0)	(6, 0.0)	(7, 0.0)	(8, 0.5158090476443055)	(9, 0.1995973460817346)	(10, 0.04446642974811453)	(15, 0.0)	(20, 0.0)	(25, 0.10725907066737696)	(30, 0.39799165019690685)	(35, 0.18840098426513352)	(40, 0.3454613800467226)	(45, 0.10683243278147146)	(50, 0.05618551906456376)	(55, 0.11750606709822434)	(60, 0.2539725368196183)	(65, 0.05988304740907808)	(70, 0.0)	(75, 0.18327748604970984)	(80, 0.056024088513140065)	(85, 0.05856854149034223)	(90, 0.0)	(95, 0.12201074819985717)	(100, 0.04679564199008509)	(105, 0.26222471286501564)	(110, 0.0)	(115, 0.05988304740907808)	(120, 0.0)	(125, 0.0)	(130, 0.05410998340340188)	(135, 0.0)	(140, 0.0)	(145, 0.0)	(150, 0.0)
IDDLNTM73_R2	(1, 0.0)	(2, 0.27054991701700937)	(3, 0.29290036122007673)	(4, 0.0)	(5, 0.0)	(6, 0.0)	(7, 0.0)	(8, 0.0)	(9, 0.0)	(10, 0.0)	(15, 0.0)	(20, 0.08799502486414851)	(25, 0.0)	(30, 0.1698518451896386)	(35, 0.04992816340461645)	(40, 0.0)	(45, 0.055747350424985145)	(50, 0.0)	(55, 0.0625082156619921)	(60, 0.0)	(65, 0.0)	(70, 0.0)	(75, 0.13419491124778896)	(80, 0.33832768710761807)	(85, 0.35049263223276134)	(90, 0.26971970275254464)	(95, 0.22365818541298163)	(100, 0.22365818541298163)	(105, 0.27985139164666084)	(110, 0.10784713910470616)	(115, 0.060090600975194274)	(120, 0.11164460064772086)	(125, 0.0)	(130, 0.0)	(135, 0.05321827178601381)	(140, 0.0)	(145, 0.0)	(150, 0.1352461316243219)
IDDLNTM74_R1	(1, 0.0)	(2, 0.2773094757851594)	(3, 0.2714498652403133)	(4, 0.0)	(5, 0.0)	(6, 0.0)	(7, 0.0)	(8, 0.5180758765057553)	(9, 0.2172598235348759)	(10, 0.04755369208836747)	(15, 0.0)	(20, 0.0)	(25, 0.1080802893829989)	(30, 0.4118079782912785)	(35, 0.1965195276063741)	(40, 0.3416062100970174)	(45, 0.10889336712526826)	(50, 0.055625419172236894)	(55, 0.11741024291719575)	(60, 0.25171796740557567)	(65, 0.061316963368122306)	(70, 0.0)	(75, 0.1923178688823565)	(80, 0.05576168918490774)	(85, 0.05838715809569925)	(90, 0.0)	(95, 0.12313812578312673)	(100, 0.04689051136003605)	(105, 0.27421160416377566)	(110, 0.0)	(115, 0.061316963368122306)	(120, 0.0)	(125, 0.0)	(130, 0.053594995983441376)	(135, 0.0)	(140, 0.0)	(145, 0.0)	(150, 0.0)
IDDLNTM74_R2	(1, 0.0)	(2, 0.26797497991720687)	(3, 0.2893012369001934)	(4, 0.0)	(5, 0.0)	(6, 0.0)	(7, 0.0)	(8, 0.0)	(9, 0.0)	(10, 0.0)	(15, 0.0)	(20, 0.08417852916053357)	(25, 0.0)	(30, 0.16742133756739405)	(35, 0.05132382910559405)	(40, 0.0)	(45, 0.05523477846924715)	(50, 0.0)	(55, 0.06161675739599816)	(60, 0.0)	(65, 0.0)	(70, 0.0)	(75, 0.1303150131171243)	(80, 0.33299394529622034)	(85, 0.3427599628709639)	(90, 0.2648089732894877)	(95, 0.2171916885285405)	(100, 0.2171916885285405)	(105, 0.27191318328339414)	(110, 0.10576824150135032)	(115, 0.06037670028069352)	(120, 0.11159605570990658)	(125, 0.0)	(130, 0.0)	(135, 0.05473966408987643)	(140, 0.0)	(145, 0.0)	(150, 0.14042624805730064)
IDDLNTM75_R1	(1, 0.0)	(2, 0.2831697425329935)	(3, 0.2834770218863265)	(4, 0.0)	(5, 0.0)	(6, 0.0)	(7, 0.0)	(8, 0.536722482779356)	(9, 0.1655999345731346)	(10, 0.04245655188128239)	(15, 0.0)	(20, 0.0)	(25, 0.10780305189853731)	(30, 0.3765732111968814)	(35, 0.17140042328912763)	(40, 0.3534752585755758)	(45, 0.10041889266921282)	(50, 0.05677576974659854)	(55, 0.12161171329985407)	(60, 0.26124417882901985)	(65, 0.06504394803858862)	(70, 0.0)	(75, 0.1668621436091331)	(80, 0.057503785445264334)	(85, 0.06107768069326004)	(90, 0.0)	(95, 0.12299683407718574)	(100, 0.047926124370609155)	(105, 0.24485437085970618)	(110, 0.0)	(115, 0.06504394803858862)	(120, 0.0)	(125, 0.0)	(130, 0.05571211044659981)	(135, 0.0)	(140, 0.0)	(145, 0.0)	(150, 0.0)
IDDLNTM75_R2	(1, 0.0)	(2, 0.278560552232999)	(3, 0.3074448114462977)	(4, 0.0)	(5, 0.0)	(6, 0.0)	(7, 0.0)	(8, 0.0)	(9, 0.0)	(10, 0.0)	(15, 0.0)	(20, 0.08826953977589408)	(25, 0.0)	(30, 0.17603325046245544)	(35, 0.051670205106604666)	(40, 0.0)	(45, 0.05724850721326464)	(50, 0.0)	(55, 0.06567268886925452)	(60, 0.0)	(65, 0.0)	(70, 0.0)	(75, 0.12722783440384733)	(80, 0.3288503639369387)	(85, 0.33978950891559223)	(90, 0.2562284343076925)	(95, 0.2120463906730789)	(100, 0.2120463906730789)	(105, 0.2684250609476779)	(110, 0.1086634340878696)	(115, 0.06413156472792304)	(120, 0.11768326495185878)	(125, 0.0)	(130, 0.0)	(135, 0.0542229874266016)	(140, 0.0)	(145, 0.0)	(150, 0.13432835115317213)
IDDLNTM76_R1	(1, 0.0)	(2, 0.2858306052585456)	(3, 0.2772898079041159)	(4, 0.0)	(5, 0.0)	(6, 0.0)	(7, 0.0)	(8, 0.523362259721197)	(9, 0.19578135474000477)	(10, 0.044170545523827445)	(15, 0.0)	(20, 0.0)	(25, 0.10870336920680154)	(30, 0.39704323105781486)	(35, 0.18615547345369712)	(40, 0.3484560548425155)	(45, 0.10569395673948385)	(50, 0.056492182203394324)	(55, 0.11934651667924473)	(60, 0.2582118283049654)	(65, 0.062002374044961894)	(70, 0.0)	(75, 0.18082754180381216)	(80, 0.05678040762279939)	(85, 0.058208818892498064)	(90, 0.0)	(95, 0.12440317734616022)	(100, 0.04820146278638957)	(105, 0.2599496580396136)	(110, 0.0)	(115, 0.062002374044961894)	(120, 0.0)	(125, 0.0)	(130, 0.054673818895677025)	(135, 0.0)	(140, 0.0)	(145, 0.0)	(150, 0.0)
IDDLNTM76_R2	(1, 0.0)	(2, 0.2733690944783851)	(3, 0.30636666639115706)	(4, 0.0)	(5, 0.0)	(6, 0.0)	(7, 0.0)	(8, 0.0)	(9, 0.0)	(10, 0.0)	(15, 0.0)	(20, 0.08873104308567352)	(25, 0.0)	(30, 0.17310479600739975)	(35, 0.0508633093067776)	(40, 0.0)	(45, 0.05640741002121635)	(50, 0.0)	(55, 0.06523219418594227)	(60, 0.0)	(65, 0.0)	(70, 0.0)	(75, 0.1330711329738569)	(80, 0.3393048977764045)	(85, 0.3504397239054799)	(90, 0.26831667242057855)	(95, 0.22178522162309483)	(100, 0.22178522162309483)	(105, 0.27854443620034974)	(110, 0.10970368095650149)	(115, 0.06265511984773221)	(120, 0.11508671452480211)	(125, 0.0)	(130, 0.0)	(135, 0.053851528728550785)	(140, 0.0)	(145, 0.0)	(150, 0.13286979904118423)
IDDLNTM77_R1	(1, 0.0)	(2, 0.2728519824113608)	(3, 0.27784951718447615)	(4, 0.0)	(5, 0.0)	(6, 0.0)	(7, 0.0)	(8, 0.5433896701962455)	(9, 0.21207659308998583)	(10, 0.045970611812293935)	(15, 0.0)	(20, 0.0)	(25, 0.1092749549718763)	(30, 0.41103884996327317)	(35, 0.19137539535866535)	(40, 0.3529802412903702)	(45, 0.11352789060429921)	(50, 0.06155352896390036)	(55, 0.12324121993513266)	(60, 0.2581813669096117)	(65, 0.061962723086262814)	(70, 0.0)	(75, 0.19455503493243265)	(80, 0.059574639355754036)	(85, 0.06123824824667026)	(90, 0.0)	(95, 0.12638061090670039)	(100, 0.04940515919999195)	(105, 0.2790167266482641)	(110, 0.0)	(115, 0.061962723086262814)	(120, 0.0)	(125, 0.0)	(130, 0.05366480293278148)	(135, 0.0)	(140, 0.0)	(145, 0.0)	(150, 0.0)
IDDLNTM77_R2	(1, 0.0)	(2, 0.26832401466390743)	(3, 0.30149557097673296)	(4, 0.0)	(5, 0.0)	(6, 0.0)	(7, 0.0)	(8, 0.0)	(9, 0.0)	(10, 0.0)	(15, 0.0)	(20, 0.08586368469245037)	(25, 0.0)	(30, 0.17665111505398345)	(35, 0.053108030602353876)	(40, 0.0)	(45, 0.05671698859958343)	(50, 0.0)	(55, 0.061909058283330036)	(60, 0.0)	(65, 0.0)	(70, 0.0)	(75, 0.1321361610212412)	(80, 0.33722962162959885)	(85, 0.3482778629333852)	(90, 0.2676733289283474)	(95, 0.22022693503540197)	(100, 0.22022693503540197)	(105, 0.2778897657866757)	(110, 0.10831569661945283)	(115, 0.06097663233237295)	(120, 0.11612392544617252)	(125, 0.0)	(130, 0.0)	(135, 0.05453685598043918)	(140, 0.0)	(145, 0.0)	(150, 0.1416079987388771)
IDDLNTM78_R1	(1, 0.0)	(2, 0.27066441747836967)	(3, 0.26467867442999404)	(4, 0.0)	(5, 0.0)	(6, 0.0)	(7, 0.0)	(8, 0.512292539587528)	(9, 0.20767263427109972)	(10, 0.04541764161723894)	(15, 0.0)	(20, 0.0)	(25, 0.10576699134788049)	(30, 0.4057724329324699)	(35, 0.1925189095064483)	(40, 0.3424236817761332)	(45, 0.10789138597159492)	(50, 0.05648800130598031)	(55, 0.11666322032976002)	(60, 0.24920280785764815)	(65, 0.06077596996245307)	(70, 0.0)	(75, 0.18891005060673668)	(80, 0.05531261903466289)	(85, 0.05854709691462154)	(90, 0.0)	(95, 0.12234423464112751)	(100, 0.045735430157261794)	(105, 0.26795668498666814)	(110, 0.0)	(115, 0.06077596996245307)	(120, 0.0)	(125, 0.0)	(130, 0.05300103390107199)	(135, 0.0)	(140, 0.0)	(145, 0.0)	(150, 0.0)
IDDLNTM78_R2	(1, 0.0)	(2, 0.26500516950535996)	(3, 0.29449855798008384)	(4, 0.0)	(5, 0.0)	(6, 0.0)	(7, 0.0)	(8, 0.0)	(9, 0.0)	(10, 0.0)	(15, 0.0)	(20, 0.08262066713827065)	(25, 0.0)	(30, 0.16925069380203517)	(35, 0.050376013495129775)	(40, 0.0)	(45, 0.054546443924470805)	(50, 0.0)	(55, 0.06168580290580617)	(60, 0.0)	(65, 0.0)	(70, 0.0)	(75, 0.12947488708711977)	(80, 0.3305044348914404)	(85, 0.33985960711759267)	(90, 0.2616662132012842)	(95, 0.21579147847853294)	(100, 0.21579147847853294)	(105, 0.2710562115688089)	(110, 0.10571475213582195)	(115, 0.06048865429613104)	(120, 0.10983729662077596)	(125, 0.0)	(130, 0.0)	(135, 0.05431572073787887)	(140, 0.0)	(145, 0.0)	(150, 0.13575665233716058)
IDDLNTM79_R1	(1, 0.0)	(2, 0.2781634801107638)	(3, 0.2736650939565575)	(4, 0.0)	(5, 0.0)	(6, 0.0)	(7, 0.0)	(8, 0.5226885858825515)	(9, 0.1945054402606357)	(10, 0.044100107802032794)	(15, 0.0)	(20, 0.0)	(25, 0.10648436392819781)	(30, 0.3967258118193703)	(35, 0.18851820771556824)	(40, 0.34470376733869107)	(45, 0.10694216428902409)	(50, 0.055608810785935735)	(55, 0.11764275011425104)	(60, 0.2575505212554717)	(65, 0.06277836252374591)	(70, 0.0)	(75, 0.18118544019694172)	(80, 0.056440813180828754)	(85, 0.058399402550624764)	(90, 0.0)	(95, 0.12450577465394275)	(100, 0.04715741803781192)	(105, 0.2608904734531523)	(110, 0.0)	(115, 0.06277836252374591)	(120, 0.0)	(125, 0.0)	(130, 0.054844483226990946)	(135, 0.0)	(140, 0.0)	(145, 0.0)	(150, 0.0)
IDDLNTM79_R2	(1, 0.0)	(2, 0.27422241613495474)	(3, 0.29912277489120276)	(4, 0.0)	(5, 0.0)	(6, 0.0)	(7, 0.0)	(8, 0.0)	(9, 0.0)	(10, 0.0)	(15, 0.0)	(20, 0.08788572666054144)	(25, 0.0)	(30, 0.17100236782308365)	(35, 0.050692432997931546)	(40, 0.0)	(45, 0.05484050235428811)	(50, 0.0)	(55, 0.0644702334224518)	(60, 0.0)	(65, 0.0)	(70, 0.0)	(75, 0.13275414289422183)	(80, 0.33743469378331)	(85, 0.3468295533620062)	(90, 0.26655127443658705)	(95, 0.22125690482370308)	(100, 0.22125690482370308)	(105, 0.2778091824402113)	(110, 0.10946603758262301)	(115, 0.06210559503696639)	(120, 0.11331156061356396)	(125, 0.0)	(130, 0.0)	(135, 0.053526814362351766)	(140, 0.0)	(145, 0.0)	(150, 0.13515062826132995)
IDDLNTM81_R1	(1, 0.0)	(2, 0.27129760190282165)	(3, 0.2669068610970329)	(4, 0.0)	(5, 0.0)	(6, 0.0)	(7, 0.0)	(8, 0.5041574042943954)	(9, 0.22023955881836382)	(10, 0.04693827371125485)	(15, 0.0)	(20, 0.0)	(25, 0.105969902099025)	(30, 0.4166838114640988)	(35, 0.19780914578764872)	(40, 0.337951556329441)	(45, 0.11031046300989046)	(50, 0.05529824420547663)	(55, 0.11523311070186619)	(60, 0.24865643331342863)	(65, 0.05987966861197392)	(70, 0.0)	(75, 0.19866220400134482)	(80, 0.05389822513711657)	(85, 0.05664306538942107)	(90, 0.0)	(95, 0.12206761239041966)	(100, 0.04498125780924615)	(105, 0.27520159772785435)	(110, 0.0)	(115, 0.05987966861197392)	(120, 0.0)	(125, 0.0)	(130, 0.05162005790759874)	(135, 0.0)	(140, 0.0)	(145, 0.0)	(150, 0.0)
IDDLNTM81_R2	(1, 0.0)	(2, 0.2581002895379937)	(3, 0.289839073076981)	(4, 0.0)	(5, 0.0)	(6, 0.0)	(7, 0.0)	(8, 0.0)	(9, 0.0)	(10, 0.0)	(15, 0.0)	(20, 0.084377493313529)	(25, 0.0)	(30, 0.16529759186684265)	(35, 0.04938705258351189)	(40, 0.0)	(45, 0.05390826111610122)	(50, 0.0)	(55, 0.060833086615516625)	(60, 0.0)	(65, 0.0)	(70, 0.0)	(75, 0.13309213530506867)	(80, 0.3367271668933125)	(85, 0.3457444940110295)	(90, 0.26916495636858134)	(95, 0.22182022550844777)	(100, 0.22182022550844777)	(105, 0.277188721566817)	(110, 0.10626596347907248)	(115, 0.059172132093555395)	(120, 0.10939217093279406)	(125, 0.0)	(130, 0.0)	(135, 0.053802883336762294)	(140, 0.0)	(145, 0.0)	(150, 0.13518463692337027)
IDDLNTM82_R1	(1, 0.0)	(2, 0.2847485337017122)	(3, 0.2834858944489702)	(4, 0.0)	(5, 0.0)	(6, 0.0)	(7, 0.0)	(8, 0.534657576911098)	(9, 0.1893725057029206)	(10, 0.044477636788257266)	(15, 0.0)	(20, 0.0)	(25, 0.10848409401892463)	(30, 0.38963644407116044)	(35, 0.18164702405281014)	(40, 0.35185079532243596)	(45, 0.10499079208633835)	(50, 0.057819524892231404)	(55, 0.12181195279786829)	(60, 0.25553480254660305)	(65, 0.06334240251255858)	(70, 0.0)	(75, 0.17358016216029157)	(80, 0.05774002538372542)	(85, 0.0604991259730506)	(90, 0.0)	(95, 0.11332421115443575)	(100, 0.047278825352673845)	(105, 0.24739311758725538)	(110, 0.0)	(115, 0.06334240251255858)	(120, 0.0)	(125, 0.0)	(130, 0.0552661877366864)	(135, 0.0)	(140, 0.0)	(145, 0.0)	(150, 0.0)
IDDLNTM82_R2	(1, 0.0)	(2, 0.276330938683432)	(3, 0.3071720715420753)	(4, 0.0)	(5, 0.0)	(6, 0.0)	(7, 0.0)	(8, 0.0)	(9, 0.0)	(10, 0.0)	(15, 0.0)	(20, 0.08430689054975313)	(25, 0.0)	(30, 0.17558635563964836)	(35, 0.05137538826157021)	(40, 0.0)	(45, 0.05653350343110526)	(50, 0.0)	(55, 0.06486224605752584)	(60, 0.0)	(65, 0.0)	(70, 0.0)	(75, 0.1307112213088612)	(80, 0.33568433644566115)	(85, 0.3343515505677668)	(90, 0.26256349438686705)	(95, 0.21785203551476867)	(100, 0.21785203551476867)	(105, 0.2737729250862102)	(110, 0.10907332567020424)	(115, 0.06455360090685558)	(120, 0.11690636547888167)	(125, 0.0)	(130, 0.0)	(135, 0.055074453627936684)	(140, 0.0)	(145, 0.0)	(150, 0.13843436473813328)
IDDLNTM83_R1	(1, 0.0)	(2, 0.2730802223633345)	(3, 0.27194628394454606)	(4, 0.0)	(5, 0.0)	(6, 0.0)	(7, 0.0)	(8, 0.5221885886803503)	(9, 0.21743766521681698)	(10, 0.045990155027286136)	(15, 0.0)	(20, 0.0)	(25, 0.10684882890023092)	(30, 0.41139285833647654)	(35, 0.19525225952150188)	(40, 0.3423340192666084)	(45, 0.10731036173033431)	(50, 0.05602849408203507)	(55, 0.11774657391448273)	(60, 0.252740947988433)	(65, 0.06163054774397978)	(70, 0.0)	(75, 0.19100695323080938)	(80, 0.055785791473101386)	(85, 0.05853111606595781)	(90, 0.0)	(95, 0.12321732944372563)	(100, 0.04581111211905638)	(105, 0.2724078167746494)	(110, 0.0)	(115, 0.06163054774397978)	(120, 0.0)	(125, 0.0)	(130, 0.05402719224115568)	(135, 0.0)	(140, 0.0)	(145, 0.0)	(150, 0.0)
IDDLNTM83_R2	(1, 0.0)	(2, 0.2701359612057784)	(3, 0.29090493856043137)	(4, 0.0)	(5, 0.0)	(6, 0.0)	(7, 0.0)	(8, 0.0)	(9, 0.0)	(10, 0.0)	(15, 0.0)	(20, 0.08440082693951215)	(25, 0.0)	(30, 0.1690801650696039)	(35, 0.0510869098148935)	(40, 0.0)	(45, 0.053848149332925914)	(50, 0.0)	(55, 0.06228703840748893)	(60, 0.0)	(65, 0.0)	(70, 0.0)	(75, 0.13150104799782283)	(80, 0.3350410048047159)	(85, 0.3417730181541552)	(90, 0.2659105485715559)	(95, 0.21916841332970471)	(100, 0.21916841332970471)	(105, 0.27486667271433823)	(110, 0.10690055240705286)	(115, 0.06098201454305863)	(120, 0.1124866911438216)	(125, 0.0)	(130, 0.0)	(135, 0.05390385157104184)	(140, 0.0)	(145, 0.0)	(150, 0.13377489293234088)
IDDLNTM84_R1	(1, 0.0)	(2, 0.27208239801064726)	(3, 0.2691794004131933)	(4, 0.0)	(5, 0.0)	(6, 0.0)	(7, 0.0)	(8, 0.51256840188089)	(9, 0.1987501543532237)	(10, 0.04455470225657576)	(15, 0.0)	(20, 0.0)	(25, 0.1064306235112934)	(30, 0.40196840066078954)	(35, 0.19172405871880618)	(40, 0.34068990789714215)	(45, 0.10612349477996856)	(50, 0.054942384963987054)	(55, 0.11625032842789848)	(60, 0.2539029014619538)	(65, 0.06068527151547203)	(70, 0.0)	(75, 0.18650287028628396)	(80, 0.055594507612690476)	(85, 0.05742465827195492)	(90, 0.0)	(95, 0.11750829405346186)	(100, 0.04643954707347339)	(105, 0.25657870794308524)	(110, 0.0)	(115, 0.06068527151547203)	(120, 0.0)	(125, 0.0)	(130, 0.05386112354000783)	(135, 0.0)	(140, 0.0)	(145, 0.0)	(150, 0.0)
IDDLNTM84_R2	(1, 0.0)	(2, 0.26930561770003913)	(3, 0.28912173173483346)	(4, 0.0)	(5, 0.0)	(6, 0.0)	(7, 0.0)	(8, 0.0)	(9, 0.0)	(10, 0.0)	(15, 0.0)	(20, 0.08749803048441984)	(25, 0.0)	(30, 0.1691564078307729)	(35, 0.05057526683912156)	(40, 0.0)	(45, 0.055140125380045514)	(50, 0.0)	(55, 0.0633063838389703)	(60, 0.0)	(65, 0.0)	(70, 0.0)	(75, 0.1331466158936594)	(80, 0.3378878841291649)	(85, 0.34206567632376167)	(90, 0.26811496796079354)	(95, 0.22191102648943234)	(100, 0.22191102648943234)	(105, 0.2770553591123727)	(110, 0.10875302158925655)	(115, 0.06162769392392085)	(120, 0.11083139957931779)	(125, 0.0)	(130, 0.0)	(135, 0.0527588259015543)	(140, 0.0)	(145, 0.0)	(150, 0.1312344239979452)
IDDLNTM85_R1	(1, 0.0)	(2, 0.2659820345572303)	(3, 0.2651686338399299)	(4, 0.0)	(5, 0.0)	(6, 0.0)	(7, 0.0)	(8, 0.5102601572918597)	(9, 0.21870559774438028)	(10, 0.046617780622255515)	(15, 0.0)	(20, 0.0)	(25, 0.1051032761003427)	(30, 0.41626277683895024)	(35, 0.19017308770483315)	(40, 0.3371526134168266)	(45, 0.10972180505125814)	(50, 0.055231892608885585)	(55, 0.11547512719801704)	(60, 0.24963466404368082)	(65, 0.05869578932207216)	(70, 0.0)	(75, 0.19793808869876914)	(80, 0.055231892608885585)	(85, 0.05685472623510931)	(90, 0.0)	(95, 0.12156968086520442)	(100, 0.04605038402433378)	(105, 0.2747627944956975)	(110, 0.0)	(115, 0.05869578932207216)	(120, 0.0)	(125, 0.0)	(130, 0.053144825402544074)	(135, 0.0)	(140, 0.0)	(145, 0.0)	(150, 0.0)
IDDLNTM85_R2	(1, 0.0)	(2, 0.2657241270127204)	(3, 0.2904832512856691)	(4, 0.0)	(5, 0.0)	(6, 0.0)	(7, 0.0)	(8, 0.0)	(9, 0.0)	(10, 0.0)	(15, 0.0)	(20, 0.08508965064637583)	(25, 0.0)	(30, 0.16583851892823148)	(35, 0.04970473553961996)	(40, 0.0)	(45, 0.05400187201199231)	(50, 0.0)	(55, 0.060453528433116445)	(60, 0.0)	(65, 0.0)	(70, 0.0)	(75, 0.1304853462884922)	(80, 0.33116122276744314)	(85, 0.3413307156378867)	(90, 0.2638949673508888)	(95, 0.217475577147487)	(100, 0.217475577147487)	(105, 0.2725924033134374)	(110, 0.10533340898621305)	(115, 0.06048923870851012)	(120, 0.11071375714552692)	(125, 0.0)	(130, 0.0)	(135, 0.05391458022769665)	(140, 0.0)	(145, 0.0)	(150, 0.13704810134417444)
IDDLNTM86_R1	(1, 0.0)	(2, 0.2744768687708322)	(3, 0.27130029035976083)	(4, 0.0)	(5, 0.0)	(6, 0.0)	(7, 0.0)	(8, 0.5164091793688815)	(9, 0.1959436528274417)	(10, 0.04428355245576153)	(15, 0.0)	(20, 0.0)	(25, 0.10702814899341404)	(30, 0.4008514049903842)	(35, 0.18679100819270314)	(40, 0.34315244461276895)	(45, 0.10467543156379472)	(50, 0.05390756033859457)	(55, 0.11744732618172815)	(60, 0.25401560499267956)	(65, 0.061871549825964496)	(70, 0.0)	(75, 0.18415957162508015)	(80, 0.055694641870500536)	(85, 0.058010470002442895)	(90, 0.0)	(95, 0.11632015319715446)	(100, 0.04700516286215043)	(105, 0.25651997842385965)	(110, 0.0)	(115, 0.061871549825964496)	(120, 0.0)	(125, 0.0)	(130, 0.05366163168741485)	(135, 0.0)	(140, 0.0)	(145, 0.0)	(150, 0.0)
IDDLNTM86_R2	(1, 0.0)	(2, 0.26830815843707423)	(3, 0.28927357595014536)	(4, 0.0)	(5, 0.0)	(6, 0.0)	(7, 0.0)	(8, 0.0)	(9, 0.0)	(10, 0.0)	(15, 0.0)	(20, 0.08734975808818346)	(25, 0.0)	(30, 0.1695104216364748)	(35, 0.04988252808095315)	(40, 0.0)	(45, 0.05464944510298672)	(50, 0.0)	(55, 0.06289215372836034)	(60, 0.0)	(65, 0.0)	(70, 0.0)	(75, 0.13179316416721182)	(80, 0.3342498274400631)	(85, 0.3397996173350188)	(90, 0.2657996861950411)	(95, 0.2196552736120197)	(100, 0.2196552736120197)	(105, 0.2750425046685456)	(110, 0.1078561087857191)	(115, 0.06178957360890459)	(120, 0.11225003402013008)	(125, 0.0)	(130, 0.0)	(135, 0.05330913395405725)	(140, 0.0)	(145, 0.0)	(150, 0.13190998027652218)
IDDLNTM88_R1	(1, 0.0)	(2, 0.2616849320505043)	(3, 0.2598777646118346)	(4, 0.0)	(5, 0.0)	(6, 0.0)	(7, 0.0)	(8, 0.5020382013935741)	(9, 0.2170018312630045)	(10, 0.045933944132304505)	(15, 0.0)	(20, 0.0)	(25, 0.10544644831359387)	(30, 0.4112191789365067)	(35, 0.19639303553103793)	(40, 0.33598786150435705)	(45, 0.1066831177961345)	(50, 0.05307757071339883)	(55, 0.11285937827770565)	(60, 0.2482551975552922)	(65, 0.05876128948129333)	(70, 0.0)	(75, 0.19356535000935476)	(80, 0.054657956355843314)	(85, 0.05685136154120909)	(90, 0.0)	(95, 0.1202297866550252)	(100, 0.04578157511296568)	(105, 0.2684494078160346)	(110, 0.0)	(115, 0.05876128948129333)	(120, 0.0)	(125, 0.0)	(130, 0.05295000595302215)	(135, 0.0)	(140, 0.0)	(145, 0.0)	(150, 0.0)
IDDLNTM88_R2	(1, 0.0)	(2, 0.26475002976511075)	(3, 0.28237877095605535)	(4, 0.0)	(5, 0.0)	(6, 0.0)	(7, 0.0)	(8, 0.0)	(9, 0.0)	(10, 0.0)	(15, 0.0)	(20, 0.08537625934766217)	(25, 0.0)	(30, 0.16478886614771432)	(35, 0.04920101938417404)	(40, 0.0)	(45, 0.053229939732737645)	(50, 0.0)	(55, 0.06093697733882902)	(60, 0.0)	(65, 0.0)	(70, 0.0)	(75, 0.13358156490778486)	(80, 0.335229559873229)	(85, 0.34496345978308324)	(90, 0.2693813392598976)	(95, 0.22263594151297478)	(100, 0.22263594151297478)	(105, 0.2768545081386317)	(110, 0.10649177065556947)	(115, 0.05953022150911946)	(120, 0.10837335087112558)	(125, 0.0)	(130, 0.0)	(135, 0.05188342281765043)	(140, 0.0)	(145, 0.0)	(150, 0.1338544117563683)
IDDLNTM89_R1	(1, 0.0)	(2, 0.27618440168518)	(3, 0.27909809820688564)	(4, 0.0)	(5, 0.0)	(6, 0.0)	(7, 0.0)	(8, 0.5235508560206434)	(9, 0.20559638157174148)	(10, 0.04486667286270258)	(15, 0.0)	(20, 0.0)	(25, 0.10740268200447858)	(30, 0.4040425093435016)	(35, 0.1917084704135386)	(40, 0.3424422859459231)	(45, 0.10609258196260217)	(50, 0.05587491607171607)	(55, 0.1170923180284866)	(60, 0.25712414750450396)	(65, 0.06182140911893433)	(70, 0.0)	(75, 0.1852005059198019)	(80, 0.055296430338939474)	(85, 0.05755933041127145)	(90, 0.0)	(95, 0.12192862889736152)	(100, 0.045823726464722686)	(105, 0.26333436198872334)	(110, 0.0)	(115, 0.06182140911893433)	(120, 0.0)	(125, 0.0)	(130, 0.054284080306580426)	(135, 0.0)	(140, 0.0)	(145, 0.0)	(150, 0.0)
IDDLNTM89_R2	(1, 0.0)	(2, 0.2714204015329021)	(3, 0.29647393804800626)	(4, 0.0)	(5, 0.0)	(6, 0.0)	(7, 0.0)	(8, 0.0)	(9, 0.0)	(10, 0.0)	(15, 0.0)	(20, 0.08851682425794849)	(25, 0.0)	(30, 0.1694495304163332)	(35, 0.051127930205696344)	(40, 0.0)	(45, 0.05387148386482064)	(50, 0.0)	(55, 0.06293159129727764)	(60, 0.0)	(65, 0.0)	(70, 0.0)	(75, 0.1324179363755019)	(80, 0.3354281464360068)	(85, 0.3429186859611509)	(90, 0.26666490852375335)	(95, 0.2206965606258365)	(100, 0.2206965606258365)	(105, 0.2767713945610856)	(110, 0.10845331418091843)	(115, 0.06194050912274127)	(120, 0.11424667865181348)	(125, 0.0)	(130, 0.0)	(135, 0.05383320172073983)	(140, 0.0)	(145, 0.0)	(150, 0.13363658462874084)
IDDLNTM90_R1	(1, 0.0)	(2, 0.27582476792830235)	(3, 0.27176520470450066)	(4, 0.0)	(5, 0.0)	(6, 0.0)	(7, 0.0)	(8, 0.5212438173672216)	(9, 0.19303428157622587)	(10, 0.043449628201416665)	(15, 0.0)	(20, 0.0)	(25, 0.10501967042907533)	(30, 0.3943968186146146)	(35, 0.18730578680486132)	(40, 0.3422826883001748)	(45, 0.10548303471623653)	(50, 0.05308596514680447)	(55, 0.11576726154986744)	(60, 0.2557770865129828)	(65, 0.06145932686700953)	(70, 0.0)	(75, 0.1796295217998545)	(80, 0.05468518702284755)	(85, 0.05845771042274406)	(90, 0.0)	(95, 0.12401760620268457)	(100, 0.046180607097428696)	(105, 0.25481345281844403)	(110, 0.0)	(115, 0.06145932686700953)	(120, 0.0)	(125, 0.0)	(130, 0.0539634868941717)	(135, 0.0)	(140, 0.0)	(145, 0.0)	(150, 0.0)
IDDLNTM90_R2	(1, 0.0)	(2, 0.2698174344708585)	(3, 0.2912634098854875)	(4, 0.0)	(5, 0.0)	(6, 0.0)	(7, 0.0)	(8, 0.0)	(9, 0.0)	(10, 0.0)	(15, 0.0)	(20, 0.08749793946412125)	(25, 0.0)	(30, 0.16841856639190123)	(35, 0.05108488751729415)	(40, 0.0)	(45, 0.05470979043632514)	(50, 0.0)	(55, 0.06514573831973447)	(60, 0.0)	(65, 0.0)	(70, 0.0)	(75, 0.1329568464328741)	(80, 0.33752602836117485)	(85, 0.34623973730115315)	(90, 0.266401660566387)	(95, 0.22159474405479018)	(100, 0.22159474405479018)	(105, 0.2767145913824084)	(110, 0.111039305593258)	(115, 0.0630298447606621)	(120, 0.11189222392714766)	(125, 0.0)	(130, 0.0)	(135, 0.0527333162202924)	(140, 0.0)	(145, 0.0)	(150, 0.1302648229415349)
IDDLNTM91_R1	(1, 0.0)	(2, 0.2704634117291732)	(3, 0.2688374199249849)	(4, 0.0)	(5, 0.0)	(6, 0.0)	(7, 0.0)	(8, 0.5022078936211122)	(9, 0.2104643141546245)	(10, 0.045523705537762235)	(15, 0.0)	(20, 0.0)	(25, 0.10736830381006465)	(30, 0.41092877871349087)	(35, 0.19284262797673368)	(40, 0.33916969541515024)	(45, 0.10849836811397551)	(50, 0.05441381572716183)	(55, 0.11514460961359525)	(60, 0.25091086028380877)	(65, 0.06014950181643609)	(70, 0.0)	(75, 0.19487918271147953)	(80, 0.05508047236687904)	(85, 0.05745848538050444)	(90, 0.0)	(95, 0.12087623072335903)	(100, 0.04642613098908675)	(105, 0.2690935136341445)	(110, 0.0)	(115, 0.06014950181643609)	(120, 0.0)	(125, 0.0)	(130, 0.05228376646367514)	(135, 0.0)	(140, 0.0)	(145, 0.0)	(150, 0.0)
IDDLNTM91_R2	(1, 0.0)	(2, 0.2614188323183757)	(3, 0.28991433868677585)	(4, 0.0)	(5, 0.0)	(6, 0.0)	(7, 0.0)	(8, 0.0)	(9, 0.0)	(10, 0.0)	(15, 0.0)	(20, 0.08596212170792553)	(25, 0.0)	(30, 0.1677291845610452)	(35, 0.049543970273617836)	(40, 0.0)	(45, 0.053755289046465565)	(50, 0.0)	(55, 0.061202331509648024)	(60, 0.0)	(65, 0.0)	(70, 0.0)	(75, 0.1309248600732428)	(80, 0.3320722411898683)	(85, 0.34050300869458466)	(90, 0.2647765053940246)	(95, 0.21820810012207134)	(100, 0.21820810012207134)	(105, 0.27325605265286657)	(110, 0.10747805825684735)	(115, 0.06060071454209835)	(120, 0.11159994748046473)	(125, 0.0)	(130, 0.0)	(135, 0.05390975826786345)	(140, 0.0)	(145, 0.0)	(150, 0.13617681360077105)
IDDLNTM94_R1	(1, 0.0)	(2, 0.2766662434855622)	(3, 0.2713568549237407)	(4, 0.0)	(5, 0.0)	(6, 0.0)	(7, 0.0)	(8, 0.5249872028749483)	(9, 0.2094425334689511)	(10, 0.04593905635466373)	(15, 0.0)	(20, 0.0)	(25, 0.10656028478875164)	(30, 0.405825683781809)	(35, 0.19267942361449042)	(40, 0.34607365363647086)	(45, 0.10746801896222434)	(50, 0.055328966932143224)	(55, 0.11785986254249918)	(60, 0.2540927785678823)	(65, 0.061259211414500324)	(70, 0.0)	(75, 0.1866549803028107)	(80, 0.055042088679206104)	(85, 0.058591671838681934)	(90, 0.0)	(95, 0.12194466632312638)	(100, 0.04585770282024872)	(105, 0.2659104498829044)	(110, 0.0)	(115, 0.061259211414500324)	(120, 0.0)	(125, 0.0)	(130, 0.054605348652346584)	(135, 0.0)	(140, 0.0)	(145, 0.0)	(150, 0.0)
IDDLNTM94_R2	(1, 0.0)	(2, 0.27302674326173293)	(3, 0.29462824753140193)	(4, 0.0)	(5, 0.0)	(6, 0.0)	(7, 0.0)	(8, 0.0)	(9, 0.0)	(10, 0.0)	(15, 0.0)	(20, 0.08489027227957527)	(25, 0.0)	(30, 0.17005029575221084)	(35, 0.05138117963053078)	(40, 0.0)	(45, 0.055226204572882166)	(50, 0.0)	(55, 0.06260368561483255)	(60, 0.0)	(65, 0.0)	(70, 0.0)	(75, 0.13282034934492207)	(80, 0.3376043225273717)	(85, 0.3458167477383182)	(90, 0.2678158352942033)	(95, 0.22136724890820347)	(100, 0.22136724890820347)	(105, 0.27786085591197207)	(110, 0.10773348839031541)	(115, 0.061451890838114816)	(120, 0.11231497690737109)	(125, 0.0)	(130, 0.0)	(135, 0.05460106688737738)	(140, 0.0)	(145, 0.0)	(150, 0.13552856568794797)
IDDLNTM96_R1	(1, 0.0)	(2, 0.2875921976671659)	(3, 0.28087982224495395)	(4, 0.0)	(5, 0.0)	(6, 0.0)	(7, 0.0)	(8, 0.5440096658206081)	(9, 0.20772911121767929)	(10, 0.045317988149821166)	(15, 0.0)	(20, 0.0)	(25, 0.10727037708187041)	(30, 0.4029505144303072)	(35, 0.18841921431645683)	(40, 0.34526662902379135)	(45, 0.10868848456543631)	(50, 0.05563708360523575)	(55, 0.11918720696876925)	(60, 0.25770794596348706)	(65, 0.06196657000688491)	(70, 0.0)	(75, 0.18655203946309507)	(80, 0.056180691473936006)	(85, 0.05924380363843837)	(90, 0.0)	(95, 0.12463746673060756)	(100, 0.04778549517122584)	(105, 0.2676205172736127)	(110, 0.0)	(115, 0.06196657000688491)	(120, 0.0)	(125, 0.0)	(130, 0.055093475736535474)	(135, 0.0)	(140, 0.0)	(145, 0.0)	(150, 0.0)
IDDLNTM96_R2	(1, 0.0)	(2, 0.27546737868267746)	(3, 0.30172600225337276)	(4, 0.0)	(5, 0.0)	(6, 0.0)	(7, 0.0)	(8, 0.0)	(9, 0.0)	(10, 0.0)	(15, 0.0)	(20, 0.08827246382703248)	(25, 0.0)	(30, 0.17153900823707732)	(35, 0.052753598388651735)	(40, 0.0)	(45, 0.05428988149584813)	(50, 0.0)	(55, 0.06349339906419088)	(60, 0.0)	(65, 0.0)	(70, 0.0)	(75, 0.13385516537378594)	(80, 0.3406625067271474)	(85, 0.346292393436904)	(90, 0.2688826329339864)	(95, 0.22309194228964324)	(100, 0.22309194228964324)	(105, 0.2777410776813281)	(110, 0.10917064110984873)	(115, 0.06281743449702445)	(120, 0.1147343494703723)	(125, 0.0)	(130, 0.0)	(135, 0.05480512721487708)	(140, 0.0)	(145, 0.0)	(150, 0.13607923061051183)
IDDLNTM97_R1	(1, 0.0)	(2, 0.28141368831897556)	(3, 0.2802286145164375)	(4, 0.0)	(5, 0.0)	(6, 0.0)	(7, 0.0)	(8, 0.5269444442913341)	(9, 0.21441567869176673)	(10, 0.044531215119557405)	(15, 0.0)	(20, 0.0)	(25, 0.10703145626829631)	(30, 0.4093520512525128)	(35, 0.19444029515503247)	(40, 0.3474195431347572)	(45, 0.10793541954092997)	(50, 0.05644258482785839)	(55, 0.11862313164847074)	(60, 0.25597042937704256)	(65, 0.0625002411487389)	(70, 0.0)	(75, 0.18902753946157963)	(80, 0.05653628833782651)	(85, 0.059408025319790794)	(90, 0.0)	(95, 0.11497971870206307)	(100, 0.04680214724349078)	(105, 0.26102490694414665)	(110, 0.0)	(115, 0.0625002411487389)	(120, 0.0)	(125, 0.0)	(130, 0.05452441885909913)	(135, 0.0)	(140, 0.0)	(145, 0.0)	(150, 0.0)
IDDLNTM97_R2	(1, 0.0)	(2, 0.27262209429549566)	(3, 0.30020951002434637)	(4, 0.0)	(5, 0.0)	(6, 0.0)	(7, 0.0)	(8, 0.0)	(9, 0.0)	(10, 0.0)	(15, 0.0)	(20, 0.08639463619061058)	(25, 0.0)	(30, 0.16966398472522548)	(35, 0.05153693048246835)	(40, 0.0)	(45, 0.055312630737066305)	(50, 0.0)	(55, 0.06420895221286352)	(60, 0.0)	(65, 0.0)	(70, 0.0)	(75, 0.12931084375601148)	(80, 0.33203563158646104)	(85, 0.3313245873049382)	(90, 0.26089813160713093)	(95, 0.21551807292668584)	(100, 0.21551807292668584)	(105, 0.2718614422734015)	(110, 0.10836535329254843)	(115, 0.06290812701565895)	(120, 0.1149631827885393)	(125, 0.0)	(130, 0.0)	(135, 0.05300862678608537)	(140, 0.0)	(145, 0.0)	(150, 0.1321495089109282)
IDDLNTM99_R1	(1, 0.0)	(2, 0.2705332697724217)	(3, 0.26644659984783037)	(4, 0.0)	(5, 0.0)	(6, 0.0)	(7, 0.0)	(8, 0.5110904947053019)	(9, 0.20341346059209214)	(10, 0.045432643549095236)	(15, 0.0)	(20, 0.0)	(25, 0.10541468787684018)	(30, 0.4057699500099706)	(35, 0.1934086079390089)	(40, 0.34057151757952747)	(45, 0.10684395254156635)	(50, 0.0539568807111747)	(55, 0.1158431848467135)	(60, 0.24817854339957873)	(65, 0.06049127335499767)	(70, 0.0)	(75, 0.18750326291708638)	(80, 0.054645837630399)	(85, 0.057992199809488436)	(90, 0.0)	(95, 0.12184267305014494)	(100, 0.04649389395883204)	(105, 0.26618556648091934)	(110, 0.0)	(115, 0.06049127335499767)	(120, 0.0)	(125, 0.0)	(130, 0.05299833195399308)	(135, 0.0)	(140, 0.0)	(145, 0.0)	(150, 0.0)
IDDLNTM99_R2	(1, 0.0)	(2, 0.2649916597699654)	(3, 0.2904959034878337)	(4, 0.0)	(5, 0.0)	(6, 0.0)	(7, 0.0)	(8, 0.0)	(9, 0.0)	(10, 0.0)	(15, 0.0)	(20, 0.08258068712540642)	(25, 0.0)	(30, 0.16623974160264218)	(35, 0.05011840644692507)	(40, 0.0)	(45, 0.0539953938308829)	(50, 0.0)	(55, 0.06168090083042844)	(60, 0.0)	(65, 0.0)	(70, 0.0)	(75, 0.13311417941807532)	(80, 0.33760172812647365)	(85, 0.3452658389484035)	(90, 0.26808126781766695)	(95, 0.2218569656967922)	(100, 0.2218569656967922)	(105, 0.2769350061150276)	(110, 0.10724192144521766)	(115, 0.06120590568736077)	(120, 0.11140989684474847)	(125, 0.0)	(130, 0.0)	(135, 0.053229410672242225)	(140, 0.0)	(145, 0.0)	(150, 0.13464614573535666)
