Sample	0	1	2	3	4	5	6	7	8	9	10	11	12	13	14	15	16	17	18	19	20	21	22	23	24	25	26	27	28	29	30
IDDLNTM10.A_R1	(15.0, 2.0)	(16.0, 93.0)	(17.0, 529.0)	(18.0, 1782.0)	(19.0, 4094.0)	(20.0, 7464.0)	(21.0, 10983.0)	(22.0, 14512.0)	(23.0, 17296.0)	(24.0, 21487.0)	(25.0, 25104.0)	(26.0, 29923.0)	(27.0, 34558.0)	(28.0, 41829.0)	(29.0, 49356.0)	(30.0, 59779.0)	(31.0, 70763.0)	(32.0, 91638.0)	(33.0, 121877.0)	(34.0, 172416.0)	(35.0, 247888.0)	(36.0, 408103.0)	(37.0, 615758.0)	(38.0, 787625.0)	(39.0, 2490286.0)	(40.0, 246358.0)					
IDDLNTM10.A_R2	(12.0, 2.0)	(13.0, 21.0)	(14.0, 43.0)	(15.0, 515.0)	(16.0, 3677.0)	(17.0, 9565.0)	(18.0, 13905.0)	(19.0, 14976.0)	(20.0, 16802.0)	(21.0, 18445.0)	(22.0, 20848.0)	(23.0, 23108.0)	(24.0, 26798.0)	(25.0, 30846.0)	(26.0, 35385.0)	(27.0, 39637.0)	(28.0, 47662.0)	(29.0, 56381.0)	(30.0, 65350.0)	(31.0, 71040.0)	(32.0, 87020.0)	(33.0, 107294.0)	(34.0, 135475.0)	(35.0, 173871.0)	(36.0, 251328.0)	(37.0, 416700.0)	(38.0, 1134235.0)	(39.0, 2690170.0)	(40.0, 80404.0)		
IDDLNTM10.B_R1	(15.0, 1.0)	(16.0, 54.0)	(17.0, 321.0)	(18.0, 1088.0)	(19.0, 2661.0)	(20.0, 5172.0)	(21.0, 7882.0)	(22.0, 10415.0)	(23.0, 12207.0)	(24.0, 15631.0)	(25.0, 18836.0)	(26.0, 23207.0)	(27.0, 27934.0)	(28.0, 35448.0)	(29.0, 44914.0)	(30.0, 61123.0)	(31.0, 88903.0)	(32.0, 151854.0)	(33.0, 232161.0)	(34.0, 298722.0)	(35.0, 300811.0)	(36.0, 289048.0)	(37.0, 273973.0)	(38.0, 465083.0)	(39.0, 2025236.0)	(40.0, 204890.0)					
IDDLNTM10.B_R2	(12.0, 8.0)	(13.0, 16.0)	(14.0, 45.0)	(15.0, 406.0)	(16.0, 2753.0)	(17.0, 7143.0)	(18.0, 10541.0)	(19.0, 11495.0)	(20.0, 12712.0)	(21.0, 14067.0)	(22.0, 15455.0)	(23.0, 17152.0)	(24.0, 20120.0)	(25.0, 22505.0)	(26.0, 26397.0)	(27.0, 29381.0)	(28.0, 35368.0)	(29.0, 42236.0)	(30.0, 49171.0)	(31.0, 53298.0)	(32.0, 65589.0)	(33.0, 80934.0)	(34.0, 103294.0)	(35.0, 133038.0)	(36.0, 194347.0)	(37.0, 328163.0)	(38.0, 936675.0)	(39.0, 2316379.0)	(40.0, 68887.0)		
IDDLNTM100_R1	(15.0, 4.0)	(16.0, 74.0)	(17.0, 431.0)	(18.0, 1359.0)	(19.0, 3265.0)	(20.0, 6242.0)	(21.0, 9387.0)	(22.0, 12238.0)	(23.0, 14700.0)	(24.0, 18215.0)	(25.0, 21846.0)	(26.0, 26286.0)	(27.0, 30606.0)	(28.0, 37150.0)	(29.0, 44605.0)	(30.0, 54994.0)	(31.0, 68115.0)	(32.0, 94500.0)	(33.0, 134525.0)	(34.0, 197428.0)	(35.0, 265897.0)	(36.0, 358182.0)	(37.0, 398083.0)	(38.0, 563245.0)	(39.0, 2240702.0)	(40.0, 221892.0)					
IDDLNTM100_R2	(12.0, 6.0)	(13.0, 16.0)	(14.0, 49.0)	(15.0, 397.0)	(16.0, 2978.0)	(17.0, 8046.0)	(18.0, 11731.0)	(19.0, 12747.0)	(20.0, 14235.0)	(21.0, 15885.0)	(22.0, 18417.0)	(23.0, 20822.0)	(24.0, 24845.0)	(25.0, 29775.0)	(26.0, 35077.0)	(27.0, 41391.0)	(28.0, 51154.0)	(29.0, 64297.0)	(30.0, 83762.0)	(31.0, 113361.0)	(32.0, 185197.0)	(33.0, 267195.0)	(34.0, 290080.0)	(35.0, 261416.0)	(36.0, 282123.0)	(37.0, 365791.0)	(38.0, 695194.0)	(39.0, 1864738.0)	(40.0, 63246.0)		
IDDLNTM101_R1	(15.0, 5.0)	(16.0, 65.0)	(17.0, 346.0)	(18.0, 1006.0)	(19.0, 2150.0)	(20.0, 3918.0)	(21.0, 5854.0)	(22.0, 7691.0)	(23.0, 9746.0)	(24.0, 12459.0)	(25.0, 15443.0)	(26.0, 19005.0)	(27.0, 23045.0)	(28.0, 29654.0)	(29.0, 37585.0)	(30.0, 49202.0)	(31.0, 68001.0)	(32.0, 109146.0)	(33.0, 171944.0)	(34.0, 246814.0)	(35.0, 288500.0)	(36.0, 309776.0)	(37.0, 301383.0)	(38.0, 510600.0)	(39.0, 2408528.0)	(40.0, 263848.0)					
IDDLNTM101_R2	(12.0, 3.0)	(13.0, 17.0)	(14.0, 52.0)	(15.0, 424.0)	(16.0, 2758.0)	(17.0, 6976.0)	(18.0, 9967.0)	(19.0, 10549.0)	(20.0, 11982.0)	(21.0, 13118.0)	(22.0, 14759.0)	(23.0, 16178.0)	(24.0, 19263.0)	(25.0, 22528.0)	(26.0, 26295.0)	(27.0, 30057.0)	(28.0, 36194.0)	(29.0, 43563.0)	(30.0, 50507.0)	(31.0, 55038.0)	(32.0, 68233.0)	(33.0, 84671.0)	(34.0, 108278.0)	(35.0, 140196.0)	(36.0, 205154.0)	(37.0, 339049.0)	(38.0, 931373.0)	(39.0, 2569321.0)	(40.0, 79211.0)		
IDDLNTM102_R1	(15.0, 1.0)	(16.0, 31.0)	(17.0, 183.0)	(18.0, 521.0)	(19.0, 1276.0)	(20.0, 2369.0)	(21.0, 3763.0)	(22.0, 4923.0)	(23.0, 6036.0)	(24.0, 7359.0)	(25.0, 9165.0)	(26.0, 11197.0)	(27.0, 13547.0)	(28.0, 17410.0)	(29.0, 21811.0)	(30.0, 28889.0)	(31.0, 40760.0)	(32.0, 67397.0)	(33.0, 103641.0)	(34.0, 136911.0)	(35.0, 148709.0)	(36.0, 153581.0)	(37.0, 152568.0)	(38.0, 274070.0)	(39.0, 1372885.0)	(40.0, 158308.0)					
IDDLNTM102_R2	(12.0, 1.0)	(13.0, 5.0)	(14.0, 14.0)	(15.0, 177.0)	(16.0, 1292.0)	(17.0, 3296.0)	(18.0, 4755.0)	(19.0, 5175.0)	(20.0, 6049.0)	(21.0, 6479.0)	(22.0, 7411.0)	(23.0, 8078.0)	(24.0, 9565.0)	(25.0, 10788.0)	(26.0, 13006.0)	(27.0, 14857.0)	(28.0, 17555.0)	(29.0, 21964.0)	(30.0, 25680.0)	(31.0, 27637.0)	(32.0, 34443.0)	(33.0, 42880.0)	(34.0, 55651.0)	(35.0, 72894.0)	(36.0, 108616.0)	(37.0, 185929.0)	(38.0, 532888.0)	(39.0, 1468766.0)	(40.0, 51460.0)		
IDDLNTM105_R1	(15.0, 7.0)	(16.0, 46.0)	(17.0, 249.0)	(18.0, 627.0)	(19.0, 1415.0)	(20.0, 2679.0)	(21.0, 4127.0)	(22.0, 5476.0)	(23.0, 6861.0)	(24.0, 8775.0)	(25.0, 11067.0)	(26.0, 13818.0)	(27.0, 16866.0)	(28.0, 21913.0)	(29.0, 28967.0)	(30.0, 39988.0)	(31.0, 58244.0)	(32.0, 98263.0)	(33.0, 150376.0)	(34.0, 197692.0)	(35.0, 210414.0)	(36.0, 214062.0)	(37.0, 214214.0)	(38.0, 397655.0)	(39.0, 1978174.0)	(40.0, 237850.0)					
IDDLNTM105_R2	(12.0, 1.0)	(13.0, 12.0)	(14.0, 37.0)	(15.0, 279.0)	(16.0, 1781.0)	(17.0, 4284.0)	(18.0, 5910.0)	(19.0, 6163.0)	(20.0, 7054.0)	(21.0, 7677.0)	(22.0, 8695.0)	(23.0, 9727.0)	(24.0, 11747.0)	(25.0, 13678.0)	(26.0, 16433.0)	(27.0, 18817.0)	(28.0, 23043.0)	(29.0, 28431.0)	(30.0, 33580.0)	(31.0, 36366.0)	(32.0, 45907.0)	(33.0, 58182.0)	(34.0, 75263.0)	(35.0, 99589.0)	(36.0, 148598.0)	(37.0, 256115.0)	(38.0, 744124.0)	(39.0, 2174075.0)	(40.0, 84257.0)		
IDDLNTM107_R1	(15.0, 1.0)	(16.0, 71.0)	(17.0, 438.0)	(18.0, 1497.0)	(19.0, 3489.0)	(20.0, 6535.0)	(21.0, 9750.0)	(22.0, 12730.0)	(23.0, 15337.0)	(24.0, 18602.0)	(25.0, 22446.0)	(26.0, 26546.0)	(27.0, 31079.0)	(28.0, 38429.0)	(29.0, 46947.0)	(30.0, 59663.0)	(31.0, 77419.0)	(32.0, 115101.0)	(33.0, 172144.0)	(34.0, 241710.0)	(35.0, 282713.0)	(36.0, 312660.0)	(37.0, 326265.0)	(38.0, 532650.0)	(39.0, 2486012.0)	(40.0, 275074.0)					
IDDLNTM107_R2	(10.0, 1.0)	(11.0, 1.0)	(12.0, 0.0)	(13.0, 17.0)	(14.0, 54.0)	(15.0, 481.0)	(16.0, 3295.0)	(17.0, 8886.0)	(18.0, 13076.0)	(19.0, 14450.0)	(20.0, 15898.0)	(21.0, 17585.0)	(22.0, 19606.0)	(23.0, 21485.0)	(24.0, 25089.0)	(25.0, 28521.0)	(26.0, 32719.0)	(27.0, 36647.0)	(28.0, 43607.0)	(29.0, 51626.0)	(30.0, 59463.0)	(31.0, 64664.0)	(32.0, 78561.0)	(33.0, 96509.0)	(34.0, 121818.0)	(35.0, 155120.0)	(36.0, 223661.0)	(37.0, 369789.0)	(38.0, 978140.0)	(39.0, 2549858.0)	(40.0, 84681.0)
IDDLNTM108.A_R1	(15.0, 8.0)	(16.0, 75.0)	(17.0, 464.0)	(18.0, 1398.0)	(19.0, 2912.0)	(20.0, 5126.0)	(21.0, 7200.0)	(22.0, 9812.0)	(23.0, 12003.0)	(24.0, 14971.0)	(25.0, 18329.0)	(26.0, 22210.0)	(27.0, 26107.0)	(28.0, 32935.0)	(29.0, 39362.0)	(30.0, 48029.0)	(31.0, 59328.0)	(32.0, 77636.0)	(33.0, 104625.0)	(34.0, 150684.0)	(35.0, 214066.0)	(36.0, 336458.0)	(37.0, 474419.0)	(38.0, 694571.0)	(39.0, 2515306.0)	(40.0, 204283.0)					
IDDLNTM108.A_R2	(12.0, 1.0)	(13.0, 12.0)	(14.0, 33.0)	(15.0, 249.0)	(16.0, 1539.0)	(17.0, 3916.0)	(18.0, 5495.0)	(19.0, 6363.0)	(20.0, 7080.0)	(21.0, 8081.0)	(22.0, 9451.0)	(23.0, 10748.0)	(24.0, 13254.0)	(25.0, 16182.0)	(26.0, 19140.0)	(27.0, 23065.0)	(28.0, 29346.0)	(29.0, 36025.0)	(30.0, 44459.0)	(31.0, 48850.0)	(32.0, 63729.0)	(33.0, 81154.0)	(34.0, 108643.0)	(35.0, 146750.0)	(36.0, 228662.0)	(37.0, 415749.0)	(38.0, 1047087.0)	(39.0, 2611441.0)	(40.0, 85813.0)		
IDDLNTM108.B_R1	(15.0, 2.0)	(16.0, 44.0)	(17.0, 282.0)	(18.0, 765.0)	(19.0, 1847.0)	(20.0, 3308.0)	(21.0, 5020.0)	(22.0, 6927.0)	(23.0, 8601.0)	(24.0, 11012.0)	(25.0, 13611.0)	(26.0, 16932.0)	(27.0, 20539.0)	(28.0, 26501.0)	(29.0, 33293.0)	(30.0, 42893.0)	(31.0, 57023.0)	(32.0, 91010.0)	(33.0, 143848.0)	(34.0, 207038.0)	(35.0, 252352.0)	(36.0, 283070.0)	(37.0, 270455.0)	(38.0, 430503.0)	(39.0, 1931537.0)	(40.0, 191735.0)					
IDDLNTM108.B_R2	(11.0, 1.0)	(12.0, 2.0)	(13.0, 3.0)	(14.0, 32.0)	(15.0, 238.0)	(16.0, 1469.0)	(17.0, 3706.0)	(18.0, 5554.0)	(19.0, 6014.0)	(20.0, 6933.0)	(21.0, 7947.0)	(22.0, 9297.0)	(23.0, 10729.0)	(24.0, 13355.0)	(25.0, 16383.0)	(26.0, 20183.0)	(27.0, 24187.0)	(28.0, 30950.0)	(29.0, 40203.0)	(30.0, 51829.0)	(31.0, 65862.0)	(32.0, 100062.0)	(33.0, 160059.0)	(34.0, 235842.0)	(35.0, 255951.0)	(36.0, 274996.0)	(37.0, 319885.0)	(38.0, 603275.0)	(39.0, 1722128.0)	(40.0, 63073.0)	
IDDLNTM109_R1	(15.0, 3.0)	(16.0, 51.0)	(17.0, 309.0)	(18.0, 950.0)	(19.0, 2374.0)	(20.0, 4602.0)	(21.0, 6672.0)	(22.0, 8864.0)	(23.0, 10739.0)	(24.0, 13613.0)	(25.0, 16400.0)	(26.0, 20149.0)	(27.0, 23663.0)	(28.0, 30374.0)	(29.0, 38323.0)	(30.0, 50220.0)	(31.0, 72350.0)	(32.0, 123578.0)	(33.0, 186062.0)	(34.0, 226333.0)	(35.0, 218936.0)	(36.0, 210951.0)	(37.0, 230149.0)	(38.0, 428826.0)	(39.0, 1858586.0)	(40.0, 174465.0)					
IDDLNTM109_R2	(12.0, 4.0)	(13.0, 7.0)	(14.0, 33.0)	(15.0, 288.0)	(16.0, 1960.0)	(17.0, 5227.0)	(18.0, 7718.0)	(19.0, 8465.0)	(20.0, 9637.0)	(21.0, 10757.0)	(22.0, 12259.0)	(23.0, 13481.0)	(24.0, 15981.0)	(25.0, 18614.0)	(26.0, 21494.0)	(27.0, 24655.0)	(28.0, 29860.0)	(29.0, 35980.0)	(30.0, 41748.0)	(31.0, 45407.0)	(32.0, 55997.0)	(33.0, 70372.0)	(34.0, 89796.0)	(35.0, 117260.0)	(36.0, 170542.0)	(37.0, 286345.0)	(38.0, 782419.0)	(39.0, 2014792.0)	(40.0, 66444.0)		
IDDLNTM111_R1	(15.0, 4.0)	(16.0, 79.0)	(17.0, 454.0)	(18.0, 1427.0)	(19.0, 2929.0)	(20.0, 5440.0)	(21.0, 7909.0)	(22.0, 10349.0)	(23.0, 12702.0)	(24.0, 15569.0)	(25.0, 18614.0)	(26.0, 22302.0)	(27.0, 26194.0)	(28.0, 32435.0)	(29.0, 39518.0)	(30.0, 48177.0)	(31.0, 58387.0)	(32.0, 78265.0)	(33.0, 106649.0)	(34.0, 154282.0)	(35.0, 220797.0)	(36.0, 353018.0)	(37.0, 502944.0)	(38.0, 663371.0)	(39.0, 2532883.0)	(40.0, 260991.0)					
IDDLNTM111_R2	(12.0, 2.0)	(13.0, 23.0)	(14.0, 60.0)	(15.0, 403.0)	(16.0, 2701.0)	(17.0, 7326.0)	(18.0, 10717.0)	(19.0, 11827.0)	(20.0, 13331.0)	(21.0, 14738.0)	(22.0, 16694.0)	(23.0, 18381.0)	(24.0, 21312.0)	(25.0, 24963.0)	(26.0, 28920.0)	(27.0, 33099.0)	(28.0, 38819.0)	(29.0, 46908.0)	(30.0, 54609.0)	(31.0, 58865.0)	(32.0, 72517.0)	(33.0, 89573.0)	(34.0, 114309.0)	(35.0, 147412.0)	(36.0, 213459.0)	(37.0, 352492.0)	(38.0, 971662.0)	(39.0, 2721582.0)	(40.0, 88985.0)		
IDDLNTM112_R1	(16.0, 67.0)	(17.0, 353.0)	(18.0, 1261.0)	(19.0, 3080.0)	(20.0, 5779.0)	(21.0, 8297.0)	(22.0, 10715.0)	(23.0, 12919.0)	(24.0, 15787.0)	(25.0, 18557.0)	(26.0, 21930.0)	(27.0, 25271.0)	(28.0, 30554.0)	(29.0, 36358.0)	(30.0, 44234.0)	(31.0, 53541.0)	(32.0, 69805.0)	(33.0, 93019.0)	(34.0, 131070.0)	(35.0, 183544.0)	(36.0, 289319.0)	(37.0, 411883.0)	(38.0, 636944.0)	(39.0, 2592406.0)	(40.0, 258281.0)						
IDDLNTM112_R2	(12.0, 3.0)	(13.0, 16.0)	(14.0, 56.0)	(15.0, 395.0)	(16.0, 2813.0)	(17.0, 7496.0)	(18.0, 10993.0)	(19.0, 12095.0)	(20.0, 13354.0)	(21.0, 15136.0)	(22.0, 16855.0)	(23.0, 18816.0)	(24.0, 22032.0)	(25.0, 25141.0)	(26.0, 29488.0)	(27.0, 32799.0)	(28.0, 39421.0)	(29.0, 47361.0)	(30.0, 55050.0)	(31.0, 59592.0)	(32.0, 73776.0)	(33.0, 90300.0)	(34.0, 115464.0)	(35.0, 149433.0)	(36.0, 215525.0)	(37.0, 355820.0)	(38.0, 931327.0)	(39.0, 2534936.0)	(40.0, 79481.0)		
IDDLNTM113_R1	(16.0, 15.0)	(17.0, 127.0)	(18.0, 470.0)	(19.0, 1189.0)	(20.0, 2326.0)	(21.0, 3426.0)	(22.0, 4378.0)	(23.0, 5363.0)	(24.0, 6747.0)	(25.0, 8125.0)	(26.0, 9739.0)	(27.0, 11563.0)	(28.0, 14599.0)	(29.0, 18431.0)	(30.0, 23710.0)	(31.0, 33040.0)	(32.0, 53356.0)	(33.0, 78813.0)	(34.0, 104275.0)	(35.0, 113201.0)	(36.0, 119026.0)	(37.0, 124948.0)	(38.0, 232287.0)	(39.0, 1093238.0)	(40.0, 117972.0)						
IDDLNTM113_R2	(12.0, 2.0)	(13.0, 11.0)	(14.0, 22.0)	(15.0, 239.0)	(16.0, 1594.0)	(17.0, 4058.0)	(18.0, 5798.0)	(19.0, 6349.0)	(20.0, 6738.0)	(21.0, 7445.0)	(22.0, 8358.0)	(23.0, 9120.0)	(24.0, 10371.0)	(25.0, 12189.0)	(26.0, 14065.0)	(27.0, 15553.0)	(28.0, 18760.0)	(29.0, 22342.0)	(30.0, 25317.0)	(31.0, 27773.0)	(32.0, 34325.0)	(33.0, 42485.0)	(34.0, 53622.0)	(35.0, 69422.0)	(36.0, 101887.0)	(37.0, 173035.0)	(38.0, 435700.0)	(39.0, 1039132.0)	(40.0, 34652.0)		
IDDLNTM116_R1	(16.0, 60.0)	(17.0, 369.0)	(18.0, 1119.0)	(19.0, 2570.0)	(20.0, 4977.0)	(21.0, 7338.0)	(22.0, 9665.0)	(23.0, 11819.0)	(24.0, 14725.0)	(25.0, 17947.0)	(26.0, 22046.0)	(27.0, 25871.0)	(28.0, 32754.0)	(29.0, 40950.0)	(30.0, 53837.0)	(31.0, 75975.0)	(32.0, 123307.0)	(33.0, 183413.0)	(34.0, 239832.0)	(35.0, 256736.0)	(36.0, 262431.0)	(37.0, 262536.0)	(38.0, 457233.0)	(39.0, 1951275.0)	(40.0, 205323.0)						
IDDLNTM116_R2	(13.0, 14.0)	(14.0, 55.0)	(15.0, 347.0)	(16.0, 2486.0)	(17.0, 6442.0)	(18.0, 9369.0)	(19.0, 9865.0)	(20.0, 11181.0)	(21.0, 12184.0)	(22.0, 13882.0)	(23.0, 15225.0)	(24.0, 17938.0)	(25.0, 20503.0)	(26.0, 23779.0)	(27.0, 27215.0)	(28.0, 32299.0)	(29.0, 38678.0)	(30.0, 45723.0)	(31.0, 49406.0)	(32.0, 61298.0)	(33.0, 75638.0)	(34.0, 96942.0)	(35.0, 125244.0)	(36.0, 181080.0)	(37.0, 297355.0)	(38.0, 802253.0)	(39.0, 2211626.0)	(40.0, 76081.0)			
IDDLNTM117_R1	(15.0, 4.0)	(16.0, 62.0)	(17.0, 466.0)	(18.0, 1414.0)	(19.0, 3081.0)	(20.0, 5776.0)	(21.0, 8832.0)	(22.0, 11953.0)	(23.0, 14320.0)	(24.0, 17886.0)	(25.0, 21447.0)	(26.0, 25940.0)	(27.0, 29886.0)	(28.0, 36621.0)	(29.0, 44793.0)	(30.0, 54672.0)	(31.0, 66816.0)	(32.0, 91911.0)	(33.0, 132420.0)	(34.0, 196193.0)	(35.0, 269808.0)	(36.0, 413749.0)	(37.0, 502114.0)	(38.0, 459089.0)	(39.0, 1315746.0)	(40.0, 129994.0)					
IDDLNTM117_R2	(12.0, 1.0)	(13.0, 10.0)	(14.0, 23.0)	(15.0, 240.0)	(16.0, 1989.0)	(17.0, 5240.0)	(18.0, 7702.0)	(19.0, 8674.0)	(20.0, 9679.0)	(21.0, 10913.0)	(22.0, 12433.0)	(23.0, 13607.0)	(24.0, 15924.0)	(25.0, 18723.0)	(26.0, 21758.0)	(27.0, 24154.0)	(28.0, 29113.0)	(29.0, 35176.0)	(30.0, 41133.0)	(31.0, 44661.0)	(32.0, 55125.0)	(33.0, 67511.0)	(34.0, 86508.0)	(35.0, 110556.0)	(36.0, 160987.0)	(37.0, 271091.0)	(38.0, 821774.0)	(39.0, 1917526.0)	(40.0, 62762.0)		
IDDLNTM12.A_R1	(15.0, 5.0)	(16.0, 77.0)	(17.0, 425.0)	(18.0, 1118.0)	(19.0, 2505.0)	(20.0, 4400.0)	(21.0, 6659.0)	(22.0, 8977.0)	(23.0, 10928.0)	(24.0, 13619.0)	(25.0, 16750.0)	(26.0, 20466.0)	(27.0, 24406.0)	(28.0, 30480.0)	(29.0, 37372.0)	(30.0, 46433.0)	(31.0, 57695.0)	(32.0, 79274.0)	(33.0, 113512.0)	(34.0, 171466.0)	(35.0, 250212.0)	(36.0, 408603.0)	(37.0, 541406.0)	(38.0, 673378.0)	(39.0, 2273644.0)	(40.0, 209966.0)					
IDDLNTM12.A_R2	(11.0, 1.0)	(12.0, 1.0)	(13.0, 26.0)	(14.0, 42.0)	(15.0, 556.0)	(16.0, 3599.0)	(17.0, 7900.0)	(18.0, 10447.0)	(19.0, 10862.0)	(20.0, 11847.0)	(21.0, 12999.0)	(22.0, 14395.0)	(23.0, 16079.0)	(24.0, 18845.0)	(25.0, 21449.0)	(26.0, 25348.0)	(27.0, 28774.0)	(28.0, 34467.0)	(29.0, 42232.0)	(30.0, 49824.0)	(31.0, 53843.0)	(32.0, 67142.0)	(33.0, 84296.0)	(34.0, 108198.0)	(35.0, 141825.0)	(36.0, 208110.0)	(37.0, 351663.0)	(38.0, 1007890.0)	(39.0, 2588887.0)	(40.0, 82229.0)	
IDDLNTM12.B_R1	(15.0, 2.0)	(16.0, 53.0)	(17.0, 334.0)	(18.0, 955.0)	(19.0, 2154.0)	(20.0, 3935.0)	(21.0, 5910.0)	(22.0, 8384.0)	(23.0, 10563.0)	(24.0, 13645.0)	(25.0, 16687.0)	(26.0, 21323.0)	(27.0, 26350.0)	(28.0, 34175.0)	(29.0, 43914.0)	(30.0, 59567.0)	(31.0, 89312.0)	(32.0, 156288.0)	(33.0, 241115.0)	(34.0, 304204.0)	(35.0, 300983.0)	(36.0, 277326.0)	(37.0, 266761.0)	(38.0, 461313.0)	(39.0, 2054449.0)	(40.0, 209258.0)					
IDDLNTM12.B_R2	(12.0, 1.0)	(13.0, 14.0)	(14.0, 56.0)	(15.0, 378.0)	(16.0, 2288.0)	(17.0, 5781.0)	(18.0, 8506.0)	(19.0, 9116.0)	(20.0, 10312.0)	(21.0, 11531.0)	(22.0, 12950.0)	(23.0, 14362.0)	(24.0, 17173.0)	(25.0, 20121.0)	(26.0, 23967.0)	(27.0, 27003.0)	(28.0, 33257.0)	(29.0, 39989.0)	(30.0, 47139.0)	(31.0, 51565.0)	(32.0, 63621.0)	(33.0, 79222.0)	(34.0, 103002.0)	(35.0, 133316.0)	(36.0, 196556.0)	(37.0, 336159.0)	(38.0, 959041.0)	(39.0, 2332105.0)	(40.0, 70429.0)		
IDDLNTM120_R1	(15.0, 16.0)	(16.0, 196.0)	(17.0, 1079.0)	(18.0, 2968.0)	(19.0, 7206.0)	(20.0, 13443.0)	(21.0, 19935.0)	(22.0, 26437.0)	(23.0, 31666.0)	(24.0, 39087.0)	(25.0, 47273.0)	(26.0, 57106.0)	(27.0, 67596.0)	(28.0, 83766.0)	(29.0, 105471.0)	(30.0, 138198.0)	(31.0, 198579.0)	(32.0, 320789.0)	(33.0, 462801.0)	(34.0, 566032.0)	(35.0, 561688.0)	(36.0, 546176.0)	(37.0, 589780.0)	(38.0, 1069394.0)	(39.0, 4752664.0)	(40.0, 484747.0)					
IDDLNTM120_R2	(12.0, 5.0)	(13.0, 33.0)	(14.0, 69.0)	(15.0, 643.0)	(16.0, 4654.0)	(17.0, 13099.0)	(18.0, 19810.0)	(19.0, 22279.0)	(20.0, 25428.0)	(21.0, 28976.0)	(22.0, 33467.0)	(23.0, 37611.0)	(24.0, 44971.0)	(25.0, 53254.0)	(26.0, 63283.0)	(27.0, 73150.0)	(28.0, 90637.0)	(29.0, 113316.0)	(30.0, 139965.0)	(31.0, 168828.0)	(32.0, 233983.0)	(33.0, 352600.0)	(34.0, 524481.0)	(35.0, 631430.0)	(36.0, 725324.0)	(37.0, 833495.0)	(38.0, 1509095.0)	(39.0, 4298202.0)	(40.0, 152005.0)		
IDDLNTM121_R1	(15.0, 2.0)	(16.0, 99.0)	(17.0, 615.0)	(18.0, 1818.0)	(19.0, 4456.0)	(20.0, 8491.0)	(21.0, 12328.0)	(22.0, 16474.0)	(23.0, 19434.0)	(24.0, 23905.0)	(25.0, 28567.0)	(26.0, 34185.0)	(27.0, 39708.0)	(28.0, 49537.0)	(29.0, 60416.0)	(30.0, 75811.0)	(31.0, 97330.0)	(32.0, 141986.0)	(33.0, 212939.0)	(34.0, 312197.0)	(35.0, 388496.0)	(36.0, 473805.0)	(37.0, 512454.0)	(38.0, 825054.0)	(39.0, 3855058.0)	(40.0, 417093.0)					
IDDLNTM121_R2	(12.0, 6.0)	(13.0, 36.0)	(14.0, 74.0)	(15.0, 618.0)	(16.0, 4021.0)	(17.0, 11110.0)	(18.0, 16901.0)	(19.0, 18707.0)	(20.0, 20933.0)	(21.0, 23071.0)	(22.0, 26401.0)	(23.0, 28901.0)	(24.0, 34219.0)	(25.0, 39153.0)	(26.0, 45327.0)	(27.0, 51259.0)	(28.0, 61064.0)	(29.0, 73010.0)	(30.0, 85064.0)	(31.0, 92389.0)	(32.0, 114184.0)	(33.0, 140613.0)	(34.0, 179785.0)	(35.0, 231592.0)	(36.0, 339271.0)	(37.0, 574919.0)	(38.0, 1479640.0)	(39.0, 3792366.0)	(40.0, 127624.0)		
IDDLNTM124_R1	(15.0, 2.0)	(16.0, 103.0)	(17.0, 542.0)	(18.0, 1642.0)	(19.0, 3732.0)	(20.0, 7102.0)	(21.0, 10531.0)	(22.0, 14171.0)	(23.0, 16994.0)	(24.0, 21094.0)	(25.0, 24958.0)	(26.0, 30168.0)	(27.0, 35310.0)	(28.0, 43869.0)	(29.0, 52574.0)	(30.0, 65172.0)	(31.0, 81641.0)	(32.0, 112019.0)	(33.0, 161685.0)	(34.0, 242129.0)	(35.0, 343658.0)	(36.0, 506972.0)	(37.0, 586274.0)	(38.0, 723403.0)	(39.0, 2912569.0)	(40.0, 297804.0)					
IDDLNTM124_R2	(12.0, 6.0)	(13.0, 21.0)	(14.0, 54.0)	(15.0, 481.0)	(16.0, 3484.0)	(17.0, 8899.0)	(18.0, 13127.0)	(19.0, 14403.0)	(20.0, 16291.0)	(21.0, 18135.0)	(22.0, 20047.0)	(23.0, 22308.0)	(24.0, 26261.0)	(25.0, 30189.0)	(26.0, 35066.0)	(27.0, 39700.0)	(28.0, 47199.0)	(29.0, 56990.0)	(30.0, 66441.0)	(31.0, 72185.0)	(32.0, 88744.0)	(33.0, 109273.0)	(34.0, 139230.0)	(35.0, 179918.0)	(36.0, 263879.0)	(37.0, 443559.0)	(38.0, 1271500.0)	(39.0, 3214681.0)	(40.0, 94047.0)		
IDDLNTM126_R1	(15.0, 2.0)	(16.0, 67.0)	(17.0, 274.0)	(18.0, 810.0)	(19.0, 1750.0)	(20.0, 3219.0)	(21.0, 4829.0)	(22.0, 6698.0)	(23.0, 8456.0)	(24.0, 10864.0)	(25.0, 13598.0)	(26.0, 16785.0)	(27.0, 20649.0)	(28.0, 26771.0)	(29.0, 33717.0)	(30.0, 45529.0)	(31.0, 65382.0)	(32.0, 108288.0)	(33.0, 160945.0)	(34.0, 202733.0)	(35.0, 206551.0)	(36.0, 204327.0)	(37.0, 203594.0)	(38.0, 357859.0)	(39.0, 1525438.0)	(40.0, 143309.0)					
IDDLNTM126_R2	(12.0, 2.0)	(13.0, 6.0)	(14.0, 18.0)	(15.0, 134.0)	(16.0, 904.0)	(17.0, 2392.0)	(18.0, 3483.0)	(19.0, 3942.0)	(20.0, 4574.0)	(21.0, 5313.0)	(22.0, 6404.0)	(23.0, 7157.0)	(24.0, 8855.0)	(25.0, 10703.0)	(26.0, 13040.0)	(27.0, 15202.0)	(28.0, 19116.0)	(29.0, 24090.0)	(30.0, 29631.0)	(31.0, 32392.0)	(32.0, 41800.0)	(33.0, 53188.0)	(34.0, 69759.0)	(35.0, 93358.0)	(36.0, 140865.0)	(37.0, 250849.0)	(38.0, 696957.0)	(39.0, 1774129.0)	(40.0, 64181.0)		
IDDLNTM127_R1	(15.0, 3.0)	(16.0, 37.0)	(17.0, 295.0)	(18.0, 851.0)	(19.0, 1788.0)	(20.0, 3532.0)	(21.0, 5155.0)	(22.0, 7169.0)	(23.0, 8970.0)	(24.0, 11738.0)	(25.0, 13981.0)	(26.0, 17791.0)	(27.0, 21263.0)	(28.0, 26752.0)	(29.0, 33406.0)	(30.0, 42309.0)	(31.0, 54717.0)	(32.0, 79523.0)	(33.0, 118548.0)	(34.0, 179303.0)	(35.0, 244201.0)	(36.0, 341545.0)	(37.0, 379160.0)	(38.0, 489406.0)	(39.0, 2207438.0)	(40.0, 248521.0)					
IDDLNTM127_R2	(12.0, 2.0)	(13.0, 11.0)	(14.0, 34.0)	(15.0, 311.0)	(16.0, 2097.0)	(17.0, 5211.0)	(18.0, 7297.0)	(19.0, 8139.0)	(20.0, 9101.0)	(21.0, 10306.0)	(22.0, 11590.0)	(23.0, 13144.0)	(24.0, 15663.0)	(25.0, 18075.0)	(26.0, 21637.0)	(27.0, 24491.0)	(28.0, 30147.0)	(29.0, 36723.0)	(30.0, 43048.0)	(31.0, 46679.0)	(32.0, 58620.0)	(33.0, 73139.0)	(34.0, 94873.0)	(35.0, 124462.0)	(36.0, 183917.0)	(37.0, 317434.0)	(38.0, 903316.0)	(39.0, 2390047.0)	(40.0, 87888.0)		
IDDLNTM128_R1	(15.0, 1.0)	(16.0, 30.0)	(17.0, 188.0)	(18.0, 588.0)	(19.0, 1387.0)	(20.0, 2801.0)	(21.0, 4259.0)	(22.0, 5726.0)	(23.0, 7139.0)	(24.0, 9404.0)	(25.0, 11494.0)	(26.0, 14322.0)	(27.0, 17670.0)	(28.0, 22570.0)	(29.0, 28212.0)	(30.0, 36499.0)	(31.0, 47288.0)	(32.0, 68495.0)	(33.0, 102274.0)	(34.0, 153910.0)	(35.0, 211797.0)	(36.0, 300708.0)	(37.0, 351024.0)	(38.0, 509051.0)	(39.0, 2330425.0)	(40.0, 234980.0)					
IDDLNTM128_R2	(12.0, 2.0)	(13.0, 15.0)	(14.0, 39.0)	(15.0, 364.0)	(16.0, 2151.0)	(17.0, 5711.0)	(18.0, 8273.0)	(19.0, 8779.0)	(20.0, 9843.0)	(21.0, 10931.0)	(22.0, 12476.0)	(23.0, 13679.0)	(24.0, 16660.0)	(25.0, 19251.0)	(26.0, 22471.0)	(27.0, 25930.0)	(28.0, 31813.0)	(29.0, 38647.0)	(30.0, 44992.0)	(31.0, 49342.0)	(32.0, 61417.0)	(33.0, 76578.0)	(34.0, 99590.0)	(35.0, 130556.0)	(36.0, 192591.0)	(37.0, 328091.0)	(38.0, 902333.0)	(39.0, 2295522.0)	(40.0, 64195.0)		
IDDLNTM129_R1	(15.0, 1.0)	(16.0, 57.0)	(17.0, 283.0)	(18.0, 825.0)	(19.0, 1896.0)	(20.0, 3550.0)	(21.0, 5390.0)	(22.0, 7149.0)	(23.0, 8750.0)	(24.0, 11079.0)	(25.0, 13820.0)	(26.0, 16757.0)	(27.0, 20545.0)	(28.0, 26333.0)	(29.0, 32762.0)	(30.0, 42481.0)	(31.0, 57330.0)	(32.0, 88377.0)	(33.0, 138507.0)	(34.0, 202126.0)	(35.0, 245950.0)	(36.0, 280562.0)	(37.0, 294424.0)	(38.0, 506973.0)	(39.0, 2629658.0)	(40.0, 277857.0)					
IDDLNTM129_R2	(12.0, 3.0)	(13.0, 17.0)	(14.0, 40.0)	(15.0, 447.0)	(16.0, 2576.0)	(17.0, 6808.0)	(18.0, 9521.0)	(19.0, 10688.0)	(20.0, 11590.0)	(21.0, 13073.0)	(22.0, 14715.0)	(23.0, 16344.0)	(24.0, 19057.0)	(25.0, 22251.0)	(26.0, 25983.0)	(27.0, 29437.0)	(28.0, 35668.0)	(29.0, 43141.0)	(30.0, 49468.0)	(31.0, 53618.0)	(32.0, 66497.0)	(33.0, 82703.0)	(34.0, 105426.0)	(35.0, 137861.0)	(36.0, 200967.0)	(37.0, 337733.0)	(38.0, 929653.0)	(39.0, 2606368.0)	(40.0, 81789.0)		
IDDLNTM13.A_R1	(15.0, 1.0)	(16.0, 61.0)	(17.0, 364.0)	(18.0, 1168.0)	(19.0, 2680.0)	(20.0, 5050.0)	(21.0, 7636.0)	(22.0, 10025.0)	(23.0, 11959.0)	(24.0, 15224.0)	(25.0, 18126.0)	(26.0, 21945.0)	(27.0, 25623.0)	(28.0, 31671.0)	(29.0, 38894.0)	(30.0, 48016.0)	(31.0, 59863.0)	(32.0, 83515.0)	(33.0, 121623.0)	(34.0, 184358.0)	(35.0, 256596.0)	(36.0, 360016.0)	(37.0, 392978.0)	(38.0, 477080.0)	(39.0, 1932108.0)	(40.0, 201349.0)					
IDDLNTM13.A_R2	(12.0, 1.0)	(13.0, 16.0)	(14.0, 33.0)	(15.0, 288.0)	(16.0, 2157.0)	(17.0, 5931.0)	(18.0, 9021.0)	(19.0, 9908.0)	(20.0, 11127.0)	(21.0, 12429.0)	(22.0, 14406.0)	(23.0, 15681.0)	(24.0, 18798.0)	(25.0, 21718.0)	(26.0, 25015.0)	(27.0, 28313.0)	(28.0, 34352.0)	(29.0, 40378.0)	(30.0, 47533.0)	(31.0, 51848.0)	(32.0, 62717.0)	(33.0, 77498.0)	(34.0, 97704.0)	(35.0, 124305.0)	(36.0, 179128.0)	(37.0, 291112.0)	(38.0, 811242.0)	(39.0, 2242393.0)	(40.0, 72877.0)		
IDDLNTM13.B_R1	(15.0, 4.0)	(16.0, 53.0)	(17.0, 334.0)	(18.0, 991.0)	(19.0, 2160.0)	(20.0, 4436.0)	(21.0, 6597.0)	(22.0, 8866.0)	(23.0, 10760.0)	(24.0, 13439.0)	(25.0, 15968.0)	(26.0, 19283.0)	(27.0, 22629.0)	(28.0, 28021.0)	(29.0, 34235.0)	(30.0, 42287.0)	(31.0, 51920.0)	(32.0, 70508.0)	(33.0, 100672.0)	(34.0, 150535.0)	(35.0, 210506.0)	(36.0, 321576.0)	(37.0, 407859.0)	(38.0, 480878.0)	(39.0, 1936497.0)	(40.0, 217341.0)					
IDDLNTM13.B_R2	(12.0, 3.0)	(13.0, 13.0)	(14.0, 42.0)	(15.0, 269.0)	(16.0, 1960.0)	(17.0, 5368.0)	(18.0, 8053.0)	(19.0, 8991.0)	(20.0, 10100.0)	(21.0, 11067.0)	(22.0, 12763.0)	(23.0, 14198.0)	(24.0, 16785.0)	(25.0, 19031.0)	(26.0, 22409.0)	(27.0, 25459.0)	(28.0, 30938.0)	(29.0, 36690.0)	(30.0, 43455.0)	(31.0, 47251.0)	(32.0, 58739.0)	(33.0, 72897.0)	(34.0, 92875.0)	(35.0, 121136.0)	(36.0, 179310.0)	(37.0, 311032.0)	(38.0, 874737.0)	(39.0, 2066764.0)	(40.0, 66020.0)		
IDDLNTM131_R1	(15.0, 2.0)	(16.0, 68.0)	(17.0, 396.0)	(18.0, 1103.0)	(19.0, 2195.0)	(20.0, 4094.0)	(21.0, 5979.0)	(22.0, 8229.0)	(23.0, 10208.0)	(24.0, 12888.0)	(25.0, 16006.0)	(26.0, 19928.0)	(27.0, 24882.0)	(28.0, 32143.0)	(29.0, 41836.0)	(30.0, 57652.0)	(31.0, 90229.0)	(32.0, 170324.0)	(33.0, 246407.0)	(34.0, 257995.0)	(35.0, 224836.0)	(36.0, 224645.0)	(37.0, 257019.0)	(38.0, 495159.0)	(39.0, 2421113.0)	(40.0, 289762.0)					
IDDLNTM131_R2	(11.0, 1.0)	(12.0, 0.0)	(13.0, 16.0)	(14.0, 55.0)	(15.0, 409.0)	(16.0, 2499.0)	(17.0, 6383.0)	(18.0, 9260.0)	(19.0, 9991.0)	(20.0, 10933.0)	(21.0, 11947.0)	(22.0, 13484.0)	(23.0, 15167.0)	(24.0, 17829.0)	(25.0, 20687.0)	(26.0, 24739.0)	(27.0, 28031.0)	(28.0, 33567.0)	(29.0, 41273.0)	(30.0, 48013.0)	(31.0, 52564.0)	(32.0, 64585.0)	(33.0, 80473.0)	(34.0, 103274.0)	(35.0, 134949.0)	(36.0, 196852.0)	(37.0, 326694.0)	(38.0, 905799.0)	(39.0, 2655772.0)	(40.0, 99852.0)	
IDDLNTM132_R1	(15.0, 6.0)	(16.0, 77.0)	(17.0, 427.0)	(18.0, 1186.0)	(19.0, 2596.0)	(20.0, 4483.0)	(21.0, 6585.0)	(22.0, 9112.0)	(23.0, 11015.0)	(24.0, 13764.0)	(25.0, 16914.0)	(26.0, 21013.0)	(27.0, 24840.0)	(28.0, 31805.0)	(29.0, 38883.0)	(30.0, 49116.0)	(31.0, 62792.0)	(32.0, 89655.0)	(33.0, 134580.0)	(34.0, 204008.0)	(35.0, 283664.0)	(36.0, 387641.0)	(37.0, 424556.0)	(38.0, 596980.0)	(39.0, 2777333.0)	(40.0, 320707.0)					
IDDLNTM132_R2	(12.0, 3.0)	(13.0, 24.0)	(14.0, 86.0)	(15.0, 525.0)	(16.0, 3442.0)	(17.0, 8673.0)	(18.0, 12557.0)	(19.0, 13373.0)	(20.0, 14651.0)	(21.0, 16405.0)	(22.0, 18312.0)	(23.0, 20389.0)	(24.0, 23527.0)	(25.0, 27587.0)	(26.0, 32042.0)	(27.0, 36357.0)	(28.0, 43305.0)	(29.0, 52171.0)	(30.0, 60169.0)	(31.0, 65575.0)	(32.0, 80671.0)	(33.0, 99453.0)	(34.0, 127110.0)	(35.0, 163769.0)	(36.0, 237216.0)	(37.0, 396751.0)	(38.0, 1092170.0)	(39.0, 2787655.0)	(40.0, 79770.0)		
IDDLNTM135_R1	(15.0, 3.0)	(16.0, 53.0)	(17.0, 308.0)	(18.0, 930.0)	(19.0, 2005.0)	(20.0, 3719.0)	(21.0, 5436.0)	(22.0, 7355.0)	(23.0, 8887.0)	(24.0, 11647.0)	(25.0, 13954.0)	(26.0, 17530.0)	(27.0, 21432.0)	(28.0, 27418.0)	(29.0, 34786.0)	(30.0, 45891.0)	(31.0, 63193.0)	(32.0, 102509.0)	(33.0, 159702.0)	(34.0, 221050.0)	(35.0, 249805.0)	(36.0, 265940.0)	(37.0, 270533.0)	(38.0, 481318.0)	(39.0, 2343777.0)	(40.0, 254685.0)					
IDDLNTM135_R2	(12.0, 2.0)	(13.0, 20.0)	(14.0, 40.0)	(15.0, 362.0)	(16.0, 2249.0)	(17.0, 5640.0)	(18.0, 8156.0)	(19.0, 8713.0)	(20.0, 9696.0)	(21.0, 10898.0)	(22.0, 12493.0)	(23.0, 13894.0)	(24.0, 16908.0)	(25.0, 19710.0)	(26.0, 23251.0)	(27.0, 27039.0)	(28.0, 33184.0)	(29.0, 40367.0)	(30.0, 48395.0)	(31.0, 53945.0)	(32.0, 67665.0)	(33.0, 84963.0)	(34.0, 112164.0)	(35.0, 153323.0)	(36.0, 246232.0)	(37.0, 443717.0)	(38.0, 887699.0)	(39.0, 2201040.0)	(40.0, 82101.0)		
IDDLNTM136_R1	(15.0, 4.0)	(16.0, 53.0)	(17.0, 288.0)	(18.0, 810.0)	(19.0, 1712.0)	(20.0, 3058.0)	(21.0, 4590.0)	(22.0, 6203.0)	(23.0, 7570.0)	(24.0, 9634.0)	(25.0, 11783.0)	(26.0, 14486.0)	(27.0, 17268.0)	(28.0, 22241.0)	(29.0, 27833.0)	(30.0, 35761.0)	(31.0, 46841.0)	(32.0, 69622.0)	(33.0, 105322.0)	(34.0, 158426.0)	(35.0, 210482.0)	(36.0, 275760.0)	(37.0, 295864.0)	(38.0, 435119.0)	(39.0, 2106040.0)	(40.0, 229960.0)					
IDDLNTM136_R2	(12.0, 2.0)	(13.0, 8.0)	(14.0, 38.0)	(15.0, 299.0)	(16.0, 1900.0)	(17.0, 4852.0)	(18.0, 6807.0)	(19.0, 7169.0)	(20.0, 7995.0)	(21.0, 8925.0)	(22.0, 10187.0)	(23.0, 11393.0)	(24.0, 13401.0)	(25.0, 15963.0)	(26.0, 18462.0)	(27.0, 21222.0)	(28.0, 26139.0)	(29.0, 32653.0)	(30.0, 37891.0)	(31.0, 41238.0)	(32.0, 52312.0)	(33.0, 65468.0)	(34.0, 85379.0)	(35.0, 112844.0)	(36.0, 171428.0)	(37.0, 306467.0)	(38.0, 833146.0)	(39.0, 2128377.0)	(40.0, 74765.0)		
IDDLNTM137_R1	(15.0, 6.0)	(16.0, 69.0)	(17.0, 434.0)	(18.0, 1404.0)	(19.0, 3342.0)	(20.0, 6338.0)	(21.0, 9367.0)	(22.0, 11906.0)	(23.0, 14366.0)	(24.0, 17837.0)	(25.0, 21119.0)	(26.0, 24998.0)	(27.0, 29411.0)	(28.0, 36587.0)	(29.0, 44923.0)	(30.0, 56787.0)	(31.0, 76047.0)	(32.0, 118271.0)	(33.0, 180020.0)	(34.0, 252107.0)	(35.0, 296292.0)	(36.0, 329769.0)	(37.0, 339811.0)	(38.0, 616648.0)	(39.0, 2871231.0)	(40.0, 290044.0)					
IDDLNTM137_R2	(12.0, 5.0)	(13.0, 20.0)	(14.0, 66.0)	(15.0, 520.0)	(16.0, 3705.0)	(17.0, 9825.0)	(18.0, 14257.0)	(19.0, 15381.0)	(20.0, 16917.0)	(21.0, 18620.0)	(22.0, 20965.0)	(23.0, 22898.0)	(24.0, 26325.0)	(25.0, 30099.0)	(26.0, 34826.0)	(27.0, 39191.0)	(28.0, 46237.0)	(29.0, 55036.0)	(30.0, 63697.0)	(31.0, 69308.0)	(32.0, 84658.0)	(33.0, 104477.0)	(34.0, 133386.0)	(35.0, 171764.0)	(36.0, 250418.0)	(37.0, 416605.0)	(38.0, 1101626.0)	(39.0, 2813314.0)	(40.0, 84988.0)		
IDDLNTM139_R1	(15.0, 2.0)	(16.0, 34.0)	(17.0, 254.0)	(18.0, 774.0)	(19.0, 1820.0)	(20.0, 3498.0)	(21.0, 5083.0)	(22.0, 6856.0)	(23.0, 8446.0)	(24.0, 10219.0)	(25.0, 12692.0)	(26.0, 15256.0)	(27.0, 17400.0)	(28.0, 22265.0)	(29.0, 27101.0)	(30.0, 33902.0)	(31.0, 44666.0)	(32.0, 66460.0)	(33.0, 98494.0)	(34.0, 136933.0)	(35.0, 163360.0)	(36.0, 193082.0)	(37.0, 203937.0)	(38.0, 337531.0)	(39.0, 1609873.0)	(40.0, 180893.0)					
IDDLNTM139_R2	(11.0, 1.0)	(12.0, 1.0)	(13.0, 7.0)	(14.0, 32.0)	(15.0, 233.0)	(16.0, 1425.0)	(17.0, 4194.0)	(18.0, 6131.0)	(19.0, 6674.0)	(20.0, 7438.0)	(21.0, 8512.0)	(22.0, 9395.0)	(23.0, 10628.0)	(24.0, 12180.0)	(25.0, 14444.0)	(26.0, 16515.0)	(27.0, 18999.0)	(28.0, 23250.0)	(29.0, 27518.0)	(30.0, 32313.0)	(31.0, 35216.0)	(32.0, 43876.0)	(33.0, 54515.0)	(34.0, 69302.0)	(35.0, 89980.0)	(36.0, 131194.0)	(37.0, 217289.0)	(38.0, 576353.0)	(39.0, 1719330.0)	(40.0, 63886.0)	
IDDLNTM14.A_R1	(15.0, 1.0)	(16.0, 48.0)	(17.0, 321.0)	(18.0, 1064.0)	(19.0, 2684.0)	(20.0, 5319.0)	(21.0, 8030.0)	(22.0, 10558.0)	(23.0, 12731.0)	(24.0, 15831.0)	(25.0, 19686.0)	(26.0, 23749.0)	(27.0, 28709.0)	(28.0, 36533.0)	(29.0, 45965.0)	(30.0, 62559.0)	(31.0, 95997.0)	(32.0, 176360.0)	(33.0, 250310.0)	(34.0, 263175.0)	(35.0, 220128.0)	(36.0, 206089.0)	(37.0, 225507.0)	(38.0, 403251.0)	(39.0, 1794272.0)	(40.0, 197467.0)					
IDDLNTM14.A_R2	(12.0, 1.0)	(13.0, 16.0)	(14.0, 48.0)	(15.0, 360.0)	(16.0, 2446.0)	(17.0, 6691.0)	(18.0, 9878.0)	(19.0, 10695.0)	(20.0, 12220.0)	(21.0, 13190.0)	(22.0, 15310.0)	(23.0, 16758.0)	(24.0, 19755.0)	(25.0, 22690.0)	(26.0, 25934.0)	(27.0, 29667.0)	(28.0, 35301.0)	(29.0, 42459.0)	(30.0, 49464.0)	(31.0, 54276.0)	(32.0, 66551.0)	(33.0, 81765.0)	(34.0, 103442.0)	(35.0, 133740.0)	(36.0, 194794.0)	(37.0, 329121.0)	(38.0, 848027.0)	(39.0, 1921328.0)	(40.0, 60417.0)		
IDDLNTM14.B_R1	(15.0, 3.0)	(16.0, 83.0)	(17.0, 504.0)	(18.0, 1629.0)	(19.0, 3836.0)	(20.0, 7192.0)	(21.0, 10596.0)	(22.0, 14006.0)	(23.0, 16972.0)	(24.0, 21254.0)	(25.0, 25124.0)	(26.0, 30143.0)	(27.0, 35383.0)	(28.0, 43579.0)	(29.0, 53137.0)	(30.0, 66333.0)	(31.0, 84440.0)	(32.0, 120974.0)	(33.0, 180016.0)	(34.0, 268194.0)	(35.0, 348243.0)	(36.0, 442382.0)	(37.0, 457336.0)	(38.0, 589319.0)	(39.0, 2412833.0)	(40.0, 240646.0)					
IDDLNTM14.B_R2	(12.0, 4.0)	(13.0, 21.0)	(14.0, 54.0)	(15.0, 407.0)	(16.0, 2935.0)	(17.0, 8106.0)	(18.0, 12299.0)	(19.0, 13140.0)	(20.0, 15223.0)	(21.0, 16289.0)	(22.0, 18667.0)	(23.0, 20506.0)	(24.0, 24197.0)	(25.0, 28067.0)	(26.0, 32666.0)	(27.0, 36704.0)	(28.0, 44318.0)	(29.0, 52821.0)	(30.0, 61809.0)	(31.0, 67046.0)	(32.0, 82786.0)	(33.0, 102340.0)	(34.0, 129867.0)	(35.0, 167772.0)	(36.0, 243654.0)	(37.0, 409881.0)	(38.0, 1101558.0)	(39.0, 2688551.0)	(40.0, 92469.0)		
IDDLNTM140_R1	(15.0, 3.0)	(16.0, 56.0)	(17.0, 345.0)	(18.0, 969.0)	(19.0, 1989.0)	(20.0, 3536.0)	(21.0, 5126.0)	(22.0, 6863.0)	(23.0, 8452.0)	(24.0, 10721.0)	(25.0, 13266.0)	(26.0, 15951.0)	(27.0, 19206.0)	(28.0, 24069.0)	(29.0, 30140.0)	(30.0, 37565.0)	(31.0, 48548.0)	(32.0, 70822.0)	(33.0, 104627.0)	(34.0, 154307.0)	(35.0, 201829.0)	(36.0, 263084.0)	(37.0, 282943.0)	(38.0, 415126.0)	(39.0, 1979760.0)	(40.0, 232177.0)					
IDDLNTM140_R2	(11.0, 1.0)	(12.0, 3.0)	(13.0, 11.0)	(14.0, 31.0)	(15.0, 268.0)	(16.0, 1954.0)	(17.0, 5101.0)	(18.0, 7532.0)	(19.0, 8067.0)	(20.0, 8983.0)	(21.0, 10141.0)	(22.0, 11408.0)	(23.0, 12748.0)	(24.0, 15185.0)	(25.0, 17978.0)	(26.0, 20809.0)	(27.0, 23296.0)	(28.0, 28595.0)	(29.0, 34161.0)	(30.0, 40580.0)	(31.0, 43537.0)	(32.0, 53916.0)	(33.0, 66001.0)	(34.0, 84146.0)	(35.0, 108607.0)	(36.0, 156702.0)	(37.0, 258701.0)	(38.0, 709256.0)	(39.0, 2119597.0)	(40.0, 84165.0)	
IDDLNTM141_R1	(15.0, 4.0)	(16.0, 77.0)	(17.0, 390.0)	(18.0, 1312.0)	(19.0, 3004.0)	(20.0, 5559.0)	(21.0, 8383.0)	(22.0, 10804.0)	(23.0, 12974.0)	(24.0, 15986.0)	(25.0, 19095.0)	(26.0, 23032.0)	(27.0, 27128.0)	(28.0, 33981.0)	(29.0, 41327.0)	(30.0, 53017.0)	(31.0, 70181.0)	(32.0, 107812.0)	(33.0, 162829.0)	(34.0, 225218.0)	(35.0, 263100.0)	(36.0, 290673.0)	(37.0, 300181.0)	(38.0, 528545.0)	(39.0, 2451815.0)	(40.0, 271554.0)					
IDDLNTM141_R2	(12.0, 3.0)	(13.0, 19.0)	(14.0, 58.0)	(15.0, 474.0)	(16.0, 3034.0)	(17.0, 7932.0)	(18.0, 11748.0)	(19.0, 12934.0)	(20.0, 14361.0)	(21.0, 15636.0)	(22.0, 17546.0)	(23.0, 19613.0)	(24.0, 22711.0)	(25.0, 25908.0)	(26.0, 29798.0)	(27.0, 33828.0)	(28.0, 39974.0)	(29.0, 47516.0)	(30.0, 55006.0)	(31.0, 59611.0)	(32.0, 73856.0)	(33.0, 90228.0)	(34.0, 114035.0)	(35.0, 147240.0)	(36.0, 212015.0)	(37.0, 348952.0)	(38.0, 916693.0)	(39.0, 2518720.0)	(40.0, 88532.0)		
IDDLNTM143_R1	(15.0, 4.0)	(16.0, 80.0)	(17.0, 499.0)	(18.0, 1568.0)	(19.0, 3837.0)	(20.0, 7054.0)	(21.0, 9966.0)	(22.0, 13082.0)	(23.0, 15467.0)	(24.0, 18586.0)	(25.0, 22173.0)	(26.0, 25951.0)	(27.0, 29925.0)	(28.0, 35698.0)	(29.0, 42896.0)	(30.0, 51309.0)	(31.0, 61110.0)	(32.0, 78364.0)	(33.0, 99785.0)	(34.0, 134057.0)	(35.0, 187149.0)	(36.0, 299687.0)	(37.0, 492597.0)	(38.0, 838174.0)	(39.0, 2852918.0)	(40.0, 229407.0)					
IDDLNTM143_R2	(12.0, 2.0)	(13.0, 8.0)	(14.0, 41.0)	(15.0, 303.0)	(16.0, 2392.0)	(17.0, 6433.0)	(18.0, 9847.0)	(19.0, 11306.0)	(20.0, 12438.0)	(21.0, 13959.0)	(22.0, 15777.0)	(23.0, 17637.0)	(24.0, 21002.0)	(25.0, 24817.0)	(26.0, 28743.0)	(27.0, 33319.0)	(28.0, 39998.0)	(29.0, 49096.0)	(30.0, 57790.0)	(31.0, 62486.0)	(32.0, 77971.0)	(33.0, 97653.0)	(34.0, 126259.0)	(35.0, 165173.0)	(36.0, 242511.0)	(37.0, 403054.0)	(38.0, 1065314.0)	(39.0, 2877235.0)	(40.0, 88779.0)		
IDDLNTM144_R1	(15.0, 4.0)	(16.0, 60.0)	(17.0, 392.0)	(18.0, 1131.0)	(19.0, 2873.0)	(20.0, 5344.0)	(21.0, 8071.0)	(22.0, 10583.0)	(23.0, 13022.0)	(24.0, 15832.0)	(25.0, 18911.0)	(26.0, 22054.0)	(27.0, 25906.0)	(28.0, 31862.0)	(29.0, 38478.0)	(30.0, 47762.0)	(31.0, 60002.0)	(32.0, 83691.0)	(33.0, 121380.0)	(34.0, 178069.0)	(35.0, 240997.0)	(36.0, 335051.0)	(37.0, 394799.0)	(38.0, 579742.0)	(39.0, 2606242.0)	(40.0, 287054.0)					
IDDLNTM144_R2	(11.0, 1.0)	(12.0, 4.0)	(13.0, 19.0)	(14.0, 38.0)	(15.0, 411.0)	(16.0, 2649.0)	(17.0, 6996.0)	(18.0, 10470.0)	(19.0, 11394.0)	(20.0, 12565.0)	(21.0, 14130.0)	(22.0, 15791.0)	(23.0, 17441.0)	(24.0, 20432.0)	(25.0, 23547.0)	(26.0, 27417.0)	(27.0, 30502.0)	(28.0, 36343.0)	(29.0, 44159.0)	(30.0, 51616.0)	(31.0, 55751.0)	(32.0, 68779.0)	(33.0, 84869.0)	(34.0, 108302.0)	(35.0, 140815.0)	(36.0, 205828.0)	(37.0, 342546.0)	(38.0, 942481.0)	(39.0, 2757912.0)	(40.0, 96104.0)	
IDDLNTM145_R1	(15.0, 5.0)	(16.0, 39.0)	(17.0, 299.0)	(18.0, 1024.0)	(19.0, 2339.0)	(20.0, 4405.0)	(21.0, 6728.0)	(22.0, 8782.0)	(23.0, 10809.0)	(24.0, 13326.0)	(25.0, 16489.0)	(26.0, 19851.0)	(27.0, 23731.0)	(28.0, 30035.0)	(29.0, 38049.0)	(30.0, 49639.0)	(31.0, 70152.0)	(32.0, 115066.0)	(33.0, 177833.0)	(34.0, 237771.0)	(35.0, 254398.0)	(36.0, 260068.0)	(37.0, 270217.0)	(38.0, 494643.0)	(39.0, 2388318.0)	(40.0, 254003.0)					
IDDLNTM145_R2	(12.0, 3.0)	(13.0, 18.0)	(14.0, 46.0)	(15.0, 309.0)	(16.0, 2289.0)	(17.0, 5966.0)	(18.0, 8787.0)	(19.0, 9716.0)	(20.0, 10705.0)	(21.0, 12066.0)	(22.0, 13478.0)	(23.0, 14792.0)	(24.0, 17612.0)	(25.0, 20200.0)	(26.0, 23660.0)	(27.0, 26948.0)	(28.0, 32270.0)	(29.0, 39667.0)	(30.0, 46128.0)	(31.0, 50230.0)	(32.0, 62391.0)	(33.0, 77712.0)	(34.0, 100490.0)	(35.0, 131232.0)	(36.0, 194081.0)	(37.0, 336000.0)	(38.0, 954942.0)	(39.0, 2481722.0)	(40.0, 74559.0)		
IDDLNTM146_R1	(15.0, 5.0)	(16.0, 54.0)	(17.0, 386.0)	(18.0, 1197.0)	(19.0, 2874.0)	(20.0, 5410.0)	(21.0, 7794.0)	(22.0, 10237.0)	(23.0, 12175.0)	(24.0, 14965.0)	(25.0, 17992.0)	(26.0, 21787.0)	(27.0, 25102.0)	(28.0, 31108.0)	(29.0, 38716.0)	(30.0, 48401.0)	(31.0, 63961.0)	(32.0, 95808.0)	(33.0, 145824.0)	(34.0, 213874.0)	(35.0, 269622.0)	(36.0, 315932.0)	(37.0, 307388.0)	(38.0, 486115.0)	(39.0, 2266062.0)	(40.0, 253418.0)					
IDDLNTM146_R2	(12.0, 2.0)	(13.0, 23.0)	(14.0, 45.0)	(15.0, 348.0)	(16.0, 2521.0)	(17.0, 6797.0)	(18.0, 10258.0)	(19.0, 11112.0)	(20.0, 12395.0)	(21.0, 14073.0)	(22.0, 15781.0)	(23.0, 17366.0)	(24.0, 20083.0)	(25.0, 23201.0)	(26.0, 26706.0)	(27.0, 30101.0)	(28.0, 35813.0)	(29.0, 42973.0)	(30.0, 49983.0)	(31.0, 54122.0)	(32.0, 66362.0)	(33.0, 80394.0)	(34.0, 102418.0)	(35.0, 132014.0)	(36.0, 189859.0)	(37.0, 312238.0)	(38.0, 851984.0)	(39.0, 2464196.0)	(40.0, 83039.0)		
IDDLNTM147_R1	(15.0, 4.0)	(16.0, 81.0)	(17.0, 501.0)	(18.0, 1425.0)	(19.0, 2922.0)	(20.0, 5617.0)	(21.0, 8020.0)	(22.0, 10590.0)	(23.0, 12592.0)	(24.0, 15578.0)	(25.0, 18572.0)	(26.0, 22440.0)	(27.0, 25647.0)	(28.0, 31857.0)	(29.0, 37879.0)	(30.0, 45808.0)	(31.0, 54635.0)	(32.0, 70419.0)	(33.0, 90251.0)	(34.0, 122627.0)	(35.0, 172430.0)	(36.0, 281946.0)	(37.0, 474287.0)	(38.0, 764907.0)	(39.0, 2567792.0)	(40.0, 245654.0)					
IDDLNTM147_R2	(12.0, 3.0)	(13.0, 14.0)	(14.0, 38.0)	(15.0, 302.0)	(16.0, 1954.0)	(17.0, 5428.0)	(18.0, 8023.0)	(19.0, 8983.0)	(20.0, 10049.0)	(21.0, 11350.0)	(22.0, 12836.0)	(23.0, 14600.0)	(24.0, 17558.0)	(25.0, 20625.0)	(26.0, 24778.0)	(27.0, 27944.0)	(28.0, 34252.0)	(29.0, 42080.0)	(30.0, 50043.0)	(31.0, 54208.0)	(32.0, 67709.0)	(33.0, 84702.0)	(34.0, 109192.0)	(35.0, 141925.0)	(36.0, 207792.0)	(37.0, 343231.0)	(38.0, 932183.0)	(39.0, 2750738.0)	(40.0, 101941.0)		
IDDLNTM148_R1	(15.0, 2.0)	(16.0, 35.0)	(17.0, 285.0)	(18.0, 831.0)	(19.0, 1967.0)	(20.0, 3629.0)	(21.0, 5577.0)	(22.0, 7293.0)	(23.0, 8596.0)	(24.0, 10995.0)	(25.0, 13048.0)	(26.0, 15776.0)	(27.0, 18186.0)	(28.0, 22507.0)	(29.0, 27320.0)	(30.0, 33748.0)	(31.0, 41135.0)	(32.0, 56692.0)	(33.0, 79763.0)	(34.0, 117654.0)	(35.0, 164124.0)	(36.0, 241336.0)	(37.0, 295904.0)	(38.0, 398532.0)	(39.0, 1723237.0)	(40.0, 184030.0)					
IDDLNTM148_R2	(12.0, 2.0)	(13.0, 14.0)	(14.0, 23.0)	(15.0, 228.0)	(16.0, 1949.0)	(17.0, 4899.0)	(18.0, 7336.0)	(19.0, 8275.0)	(20.0, 9276.0)	(21.0, 10338.0)	(22.0, 11561.0)	(23.0, 13112.0)	(24.0, 15312.0)	(25.0, 17630.0)	(26.0, 20277.0)	(27.0, 22842.0)	(28.0, 27253.0)	(29.0, 32824.0)	(30.0, 37807.0)	(31.0, 41380.0)	(32.0, 50271.0)	(33.0, 61641.0)	(34.0, 78897.0)	(35.0, 100362.0)	(36.0, 144125.0)	(37.0, 237861.0)	(38.0, 640708.0)	(39.0, 1811901.0)	(40.0, 64098.0)		
IDDLNTM149_R1	(15.0, 2.0)	(16.0, 41.0)	(17.0, 210.0)	(18.0, 663.0)	(19.0, 1557.0)	(20.0, 3070.0)	(21.0, 4610.0)	(22.0, 6314.0)	(23.0, 7584.0)	(24.0, 9379.0)	(25.0, 11213.0)	(26.0, 13743.0)	(27.0, 15984.0)	(28.0, 20176.0)	(29.0, 24093.0)	(30.0, 30653.0)	(31.0, 38558.0)	(32.0, 54171.0)	(33.0, 80185.0)	(34.0, 118317.0)	(35.0, 159979.0)	(36.0, 225785.0)	(37.0, 261948.0)	(38.0, 362095.0)	(39.0, 1657951.0)	(40.0, 185292.0)					
IDDLNTM149_R2	(12.0, 2.0)	(13.0, 10.0)	(14.0, 30.0)	(15.0, 171.0)	(16.0, 1183.0)	(17.0, 3442.0)	(18.0, 5283.0)	(19.0, 5789.0)	(20.0, 6971.0)	(21.0, 7709.0)	(22.0, 8911.0)	(23.0, 9874.0)	(24.0, 11861.0)	(25.0, 13864.0)	(26.0, 16445.0)	(27.0, 18985.0)	(28.0, 23249.0)	(29.0, 28108.0)	(30.0, 32886.0)	(31.0, 36519.0)	(32.0, 45943.0)	(33.0, 57360.0)	(34.0, 74570.0)	(35.0, 99435.0)	(36.0, 153083.0)	(37.0, 279691.0)	(38.0, 650460.0)	(39.0, 1645402.0)	(40.0, 56337.0)		
IDDLNTM15.A_R1	(15.0, 1.0)	(16.0, 50.0)	(17.0, 356.0)	(18.0, 1102.0)	(19.0, 2608.0)	(20.0, 5057.0)	(21.0, 7382.0)	(22.0, 9927.0)	(23.0, 11831.0)	(24.0, 14554.0)	(25.0, 17465.0)	(26.0, 20810.0)	(27.0, 23557.0)	(28.0, 29104.0)	(29.0, 34510.0)	(30.0, 42051.0)	(31.0, 51720.0)	(32.0, 68565.0)	(33.0, 93992.0)	(34.0, 136952.0)	(35.0, 200427.0)	(36.0, 330484.0)	(37.0, 471438.0)	(38.0, 589870.0)	(39.0, 2025736.0)	(40.0, 199061.0)					
IDDLNTM15.A_R2	(12.0, 2.0)	(13.0, 15.0)	(14.0, 55.0)	(15.0, 371.0)	(16.0, 2626.0)	(17.0, 6960.0)	(18.0, 10444.0)	(19.0, 11095.0)	(20.0, 12532.0)	(21.0, 13904.0)	(22.0, 15080.0)	(23.0, 16717.0)	(24.0, 19326.0)	(25.0, 21798.0)	(26.0, 25976.0)	(27.0, 29076.0)	(28.0, 34891.0)	(29.0, 41465.0)	(30.0, 48218.0)	(31.0, 52204.0)	(32.0, 63960.0)	(33.0, 79180.0)	(34.0, 101088.0)	(35.0, 130633.0)	(36.0, 191489.0)	(37.0, 326299.0)	(38.0, 893963.0)	(39.0, 2167521.0)	(40.0, 71722.0)		
IDDLNTM15.B_R1	(14.0, 1.0)	(15.0, 2.0)	(16.0, 67.0)	(17.0, 455.0)	(18.0, 1482.0)	(19.0, 3559.0)	(20.0, 6746.0)	(21.0, 10338.0)	(22.0, 13536.0)	(23.0, 16100.0)	(24.0, 20175.0)	(25.0, 23760.0)	(26.0, 28004.0)	(27.0, 32575.0)	(28.0, 40062.0)	(29.0, 48363.0)	(30.0, 58502.0)	(31.0, 70792.0)	(32.0, 93971.0)	(33.0, 129422.0)	(34.0, 190275.0)	(35.0, 276529.0)	(36.0, 442596.0)	(37.0, 605231.0)	(38.0, 757065.0)	(39.0, 2610395.0)	(40.0, 234218.0)				
IDDLNTM15.B_R2	(11.0, 1.0)	(12.0, 2.0)	(13.0, 31.0)	(14.0, 60.0)	(15.0, 515.0)	(16.0, 3774.0)	(17.0, 9854.0)	(18.0, 14527.0)	(19.0, 15649.0)	(20.0, 17199.0)	(21.0, 18654.0)	(22.0, 21085.0)	(23.0, 23239.0)	(24.0, 26740.0)	(25.0, 30944.0)	(26.0, 35205.0)	(27.0, 39841.0)	(28.0, 46986.0)	(29.0, 56123.0)	(30.0, 65061.0)	(31.0, 71051.0)	(32.0, 87349.0)	(33.0, 107269.0)	(34.0, 135857.0)	(35.0, 174886.0)	(36.0, 252936.0)	(37.0, 419081.0)	(38.0, 1148252.0)	(39.0, 2802474.0)	(40.0, 89576.0)	
IDDLNTM152_R1	(16.0, 38.0)	(17.0, 249.0)	(18.0, 777.0)	(19.0, 1907.0)	(20.0, 3492.0)	(21.0, 5386.0)	(22.0, 7171.0)	(23.0, 8417.0)	(24.0, 10650.0)	(25.0, 13023.0)	(26.0, 15755.0)	(27.0, 18489.0)	(28.0, 23399.0)	(29.0, 28821.0)	(30.0, 36167.0)	(31.0, 47256.0)	(32.0, 69500.0)	(33.0, 105256.0)	(34.0, 157226.0)	(35.0, 202905.0)	(36.0, 245796.0)	(37.0, 257781.0)	(38.0, 391215.0)	(39.0, 1837829.0)	(40.0, 187473.0)						
IDDLNTM152_R2	(11.0, 1.0)	(12.0, 2.0)	(13.0, 14.0)	(14.0, 38.0)	(15.0, 232.0)	(16.0, 1855.0)	(17.0, 4780.0)	(18.0, 7301.0)	(19.0, 7993.0)	(20.0, 9269.0)	(21.0, 10238.0)	(22.0, 11421.0)	(23.0, 12707.0)	(24.0, 14898.0)	(25.0, 17555.0)	(26.0, 20284.0)	(27.0, 22911.0)	(28.0, 27552.0)	(29.0, 33336.0)	(30.0, 38727.0)	(31.0, 41897.0)	(32.0, 51079.0)	(33.0, 62933.0)	(34.0, 79988.0)	(35.0, 103428.0)	(36.0, 148859.0)	(37.0, 244205.0)	(38.0, 664225.0)	(39.0, 1965244.0)	(40.0, 73006.0)	
IDDLNTM18.A_R1	(15.0, 3.0)	(16.0, 48.0)	(17.0, 298.0)	(18.0, 894.0)	(19.0, 2214.0)	(20.0, 3960.0)	(21.0, 6351.0)	(22.0, 8278.0)	(23.0, 9786.0)	(24.0, 12260.0)	(25.0, 14427.0)	(26.0, 17206.0)	(27.0, 19842.0)	(28.0, 24480.0)	(29.0, 29203.0)	(30.0, 35465.0)	(31.0, 42784.0)	(32.0, 56126.0)	(33.0, 74325.0)	(34.0, 106264.0)	(35.0, 152644.0)	(36.0, 256574.0)	(37.0, 392238.0)	(38.0, 533552.0)	(39.0, 1723137.0)	(40.0, 176874.0)					
IDDLNTM18.A_R2	(12.0, 2.0)	(13.0, 11.0)	(14.0, 30.0)	(15.0, 252.0)	(16.0, 1961.0)	(17.0, 5287.0)	(18.0, 7734.0)	(19.0, 8408.0)	(20.0, 9579.0)	(21.0, 10793.0)	(22.0, 12137.0)	(23.0, 13358.0)	(24.0, 15705.0)	(25.0, 18560.0)	(26.0, 21319.0)	(27.0, 24294.0)	(28.0, 29603.0)	(29.0, 35356.0)	(30.0, 41346.0)	(31.0, 45320.0)	(32.0, 56293.0)	(33.0, 69261.0)	(34.0, 88323.0)	(35.0, 115908.0)	(36.0, 173520.0)	(37.0, 307140.0)	(38.0, 761186.0)	(39.0, 1769743.0)	(40.0, 56804.0)		
IDDLNTM18.B_R1	(15.0, 4.0)	(16.0, 75.0)	(17.0, 486.0)	(18.0, 1524.0)	(19.0, 3532.0)	(20.0, 6641.0)	(21.0, 9739.0)	(22.0, 12641.0)	(23.0, 15697.0)	(24.0, 19307.0)	(25.0, 22960.0)	(26.0, 27215.0)	(27.0, 31678.0)	(28.0, 38251.0)	(29.0, 46195.0)	(30.0, 56074.0)	(31.0, 67076.0)	(32.0, 87665.0)	(33.0, 116866.0)	(34.0, 166045.0)	(35.0, 240653.0)	(36.0, 398318.0)	(37.0, 602245.0)	(38.0, 819240.0)	(39.0, 2697532.0)	(40.0, 252421.0)					
IDDLNTM18.B_R2	(11.0, 1.0)	(12.0, 0.0)	(13.0, 18.0)	(14.0, 67.0)	(15.0, 378.0)	(16.0, 3046.0)	(17.0, 7791.0)	(18.0, 11338.0)	(19.0, 12542.0)	(20.0, 13976.0)	(21.0, 15708.0)	(22.0, 17604.0)	(23.0, 19689.0)	(24.0, 23376.0)	(25.0, 26780.0)	(26.0, 30746.0)	(27.0, 35108.0)	(28.0, 42049.0)	(29.0, 50792.0)	(30.0, 59923.0)	(31.0, 64385.0)	(32.0, 79447.0)	(33.0, 98492.0)	(34.0, 126461.0)	(35.0, 163933.0)	(36.0, 239472.0)	(37.0, 395215.0)	(38.0, 1117624.0)	(39.0, 2986892.0)	(40.0, 97227.0)	
IDDLNTM19.A_R1	(15.0, 4.0)	(16.0, 93.0)	(17.0, 535.0)	(18.0, 1353.0)	(19.0, 2806.0)	(20.0, 5081.0)	(21.0, 7945.0)	(22.0, 10241.0)	(23.0, 12546.0)	(24.0, 15664.0)	(25.0, 19591.0)	(26.0, 23934.0)	(27.0, 28498.0)	(28.0, 35886.0)	(29.0, 45009.0)	(30.0, 56029.0)	(31.0, 71143.0)	(32.0, 100828.0)	(33.0, 149704.0)	(34.0, 231345.0)	(35.0, 330129.0)	(36.0, 498287.0)	(37.0, 593096.0)	(38.0, 686409.0)	(39.0, 2780308.0)	(40.0, 289002.0)					
IDDLNTM19.A_R2	(11.0, 1.0)	(12.0, 5.0)	(13.0, 21.0)	(14.0, 65.0)	(15.0, 533.0)	(16.0, 3627.0)	(17.0, 8744.0)	(18.0, 12090.0)	(19.0, 12511.0)	(20.0, 13908.0)	(21.0, 15331.0)	(22.0, 17276.0)	(23.0, 19094.0)	(24.0, 22474.0)	(25.0, 25887.0)	(26.0, 30262.0)	(27.0, 34395.0)	(28.0, 41338.0)	(29.0, 50269.0)	(30.0, 59249.0)	(31.0, 63917.0)	(32.0, 80289.0)	(33.0, 99049.0)	(34.0, 127513.0)	(35.0, 165112.0)	(36.0, 244234.0)	(37.0, 411685.0)	(38.0, 1206993.0)	(39.0, 3126063.0)	(40.0, 103531.0)	
IDDLNTM19.B_R1	(15.0, 8.0)	(16.0, 84.0)	(17.0, 561.0)	(18.0, 1903.0)	(19.0, 4431.0)	(20.0, 8460.0)	(21.0, 12748.0)	(22.0, 16547.0)	(23.0, 20077.0)	(24.0, 25347.0)	(25.0, 30242.0)	(26.0, 36451.0)	(27.0, 42877.0)	(28.0, 52752.0)	(29.0, 65391.0)	(30.0, 83938.0)	(31.0, 111682.0)	(32.0, 175825.0)	(33.0, 272143.0)	(34.0, 379238.0)	(35.0, 424752.0)	(36.0, 435101.0)	(37.0, 414370.0)	(38.0, 641897.0)	(39.0, 2660491.0)	(40.0, 268298.0)					
IDDLNTM19.B_R2	(11.0, 1.0)	(12.0, 4.0)	(13.0, 15.0)	(14.0, 60.0)	(15.0, 542.0)	(16.0, 3596.0)	(17.0, 9474.0)	(18.0, 14058.0)	(19.0, 15164.0)	(20.0, 16994.0)	(21.0, 18783.0)	(22.0, 21168.0)	(23.0, 23261.0)	(24.0, 27494.0)	(25.0, 31549.0)	(26.0, 36610.0)	(27.0, 41043.0)	(28.0, 49236.0)	(29.0, 58880.0)	(30.0, 68838.0)	(31.0, 74057.0)	(32.0, 91487.0)	(33.0, 112067.0)	(34.0, 142349.0)	(35.0, 182313.0)	(36.0, 262402.0)	(37.0, 428766.0)	(38.0, 1175069.0)	(39.0, 3172713.0)	(40.0, 107621.0)	
IDDLNTM19.C_R1	(15.0, 2.0)	(16.0, 78.0)	(17.0, 381.0)	(18.0, 1218.0)	(19.0, 3017.0)	(20.0, 5744.0)	(21.0, 8771.0)	(22.0, 11443.0)	(23.0, 13836.0)	(24.0, 17077.0)	(25.0, 20455.0)	(26.0, 24889.0)	(27.0, 29110.0)	(28.0, 36690.0)	(29.0, 44855.0)	(30.0, 56447.0)	(31.0, 74080.0)	(32.0, 110092.0)	(33.0, 167254.0)	(34.0, 244237.0)	(35.0, 313880.0)	(36.0, 387681.0)	(37.0, 375837.0)	(38.0, 512129.0)	(39.0, 2200082.0)	(40.0, 243199.0)					
IDDLNTM19.C_R2	(12.0, 3.0)	(13.0, 33.0)	(14.0, 45.0)	(15.0, 424.0)	(16.0, 2985.0)	(17.0, 7717.0)	(18.0, 11591.0)	(19.0, 12692.0)	(20.0, 13900.0)	(21.0, 15305.0)	(22.0, 17122.0)	(23.0, 19103.0)	(24.0, 22121.0)	(25.0, 25247.0)	(26.0, 29124.0)	(27.0, 33031.0)	(28.0, 39021.0)	(29.0, 46958.0)	(30.0, 54552.0)	(31.0, 58951.0)	(32.0, 72861.0)	(33.0, 89726.0)	(34.0, 114207.0)	(35.0, 147330.0)	(36.0, 213539.0)	(37.0, 355128.0)	(38.0, 978147.0)	(39.0, 2446289.0)	(40.0, 75332.0)		
IDDLNTM1_R1	(15.0, 3.0)	(16.0, 43.0)	(17.0, 312.0)	(18.0, 899.0)	(19.0, 1769.0)	(20.0, 3141.0)	(21.0, 4807.0)	(22.0, 6652.0)	(23.0, 8241.0)	(24.0, 10550.0)	(25.0, 13159.0)	(26.0, 15660.0)	(27.0, 18568.0)	(28.0, 23401.0)	(29.0, 28591.0)	(30.0, 35339.0)	(31.0, 44328.0)	(32.0, 61133.0)	(33.0, 88475.0)	(34.0, 135447.0)	(35.0, 200347.0)	(36.0, 321206.0)	(37.0, 401591.0)	(38.0, 410092.0)	(39.0, 1188952.0)	(40.0, 112426.0)					
IDDLNTM1_R2	(11.0, 1.0)	(12.0, 2.0)	(13.0, 7.0)	(14.0, 17.0)	(15.0, 166.0)	(16.0, 1251.0)	(17.0, 3228.0)	(18.0, 4628.0)	(19.0, 5165.0)	(20.0, 5858.0)	(21.0, 6694.0)	(22.0, 7739.0)	(23.0, 8398.0)	(24.0, 10349.0)	(25.0, 11936.0)	(26.0, 13968.0)	(27.0, 15991.0)	(28.0, 19413.0)	(29.0, 24018.0)	(30.0, 28761.0)	(31.0, 30542.0)	(32.0, 38369.0)	(33.0, 48005.0)	(34.0, 62025.0)	(35.0, 81122.0)	(36.0, 118651.0)	(37.0, 201308.0)	(38.0, 627436.0)	(39.0, 1698232.0)	(40.0, 61852.0)	
IDDLNTM2.A_R1	(16.0, 24.0)	(17.0, 181.0)	(18.0, 536.0)	(19.0, 1237.0)	(20.0, 2139.0)	(21.0, 3244.0)	(22.0, 4625.0)	(23.0, 5695.0)	(24.0, 7057.0)	(25.0, 8957.0)	(26.0, 10785.0)	(27.0, 12762.0)	(28.0, 16012.0)	(29.0, 19168.0)	(30.0, 24201.0)	(31.0, 29567.0)	(32.0, 39678.0)	(33.0, 55354.0)	(34.0, 83319.0)	(35.0, 122264.0)	(36.0, 211679.0)	(37.0, 319765.0)	(38.0, 345106.0)	(39.0, 782874.0)	(40.0, 67336.0)						
IDDLNTM2.A_R2	(13.0, 5.0)	(14.0, 10.0)	(15.0, 122.0)	(16.0, 892.0)	(17.0, 2269.0)	(18.0, 3252.0)	(19.0, 3589.0)	(20.0, 4296.0)	(21.0, 4871.0)	(22.0, 5456.0)	(23.0, 6198.0)	(24.0, 7549.0)	(25.0, 8937.0)	(26.0, 10543.0)	(27.0, 12090.0)	(28.0, 14950.0)	(29.0, 18194.0)	(30.0, 21446.0)	(31.0, 23257.0)	(32.0, 29591.0)	(33.0, 36817.0)	(34.0, 47378.0)	(35.0, 61796.0)	(36.0, 91200.0)	(37.0, 159855.0)	(38.0, 477356.0)	(39.0, 1083726.0)	(40.0, 37920.0)			
IDDLNTM2.B_R1	(16.0, 34.0)	(17.0, 215.0)	(18.0, 633.0)	(19.0, 1437.0)	(20.0, 2760.0)	(21.0, 4275.0)	(22.0, 5761.0)	(23.0, 7309.0)	(24.0, 9331.0)	(25.0, 11706.0)	(26.0, 14358.0)	(27.0, 17236.0)	(28.0, 21801.0)	(29.0, 27310.0)	(30.0, 35340.0)	(31.0, 47478.0)	(32.0, 75101.0)	(33.0, 119883.0)	(34.0, 181028.0)	(35.0, 225505.0)	(36.0, 256922.0)	(37.0, 227269.0)	(38.0, 251356.0)	(39.0, 915043.0)	(40.0, 86597.0)						
IDDLNTM2.B_R2	(13.0, 4.0)	(14.0, 13.0)	(15.0, 101.0)	(16.0, 864.0)	(17.0, 2464.0)	(18.0, 3588.0)	(19.0, 4100.0)	(20.0, 4696.0)	(21.0, 5606.0)	(22.0, 6329.0)	(23.0, 7159.0)	(24.0, 8605.0)	(25.0, 10127.0)	(26.0, 11838.0)	(27.0, 13495.0)	(28.0, 16458.0)	(29.0, 20314.0)	(30.0, 24095.0)	(31.0, 25951.0)	(32.0, 31987.0)	(33.0, 40135.0)	(34.0, 50982.0)	(35.0, 66901.0)	(36.0, 97800.0)	(37.0, 164928.0)	(38.0, 511571.0)	(39.0, 1368833.0)	(40.0, 46744.0)			
IDDLNTM2.C_R1	(15.0, 1.0)	(16.0, 48.0)	(17.0, 302.0)	(18.0, 826.0)	(19.0, 1893.0)	(20.0, 3445.0)	(21.0, 5387.0)	(22.0, 7244.0)	(23.0, 8921.0)	(24.0, 11250.0)	(25.0, 14041.0)	(26.0, 17645.0)	(27.0, 21448.0)	(28.0, 26732.0)	(29.0, 34464.0)	(30.0, 45710.0)	(31.0, 64670.0)	(32.0, 103873.0)	(33.0, 156790.0)	(34.0, 211911.0)	(35.0, 239127.0)	(36.0, 259534.0)	(37.0, 240111.0)	(38.0, 370456.0)	(39.0, 1655970.0)	(40.0, 182441.0)					
IDDLNTM2.C_R2	(13.0, 8.0)	(14.0, 29.0)	(15.0, 285.0)	(16.0, 1936.0)	(17.0, 4695.0)	(18.0, 6412.0)	(19.0, 7073.0)	(20.0, 7709.0)	(21.0, 8504.0)	(22.0, 9768.0)	(23.0, 10683.0)	(24.0, 12754.0)	(25.0, 14899.0)	(26.0, 17402.0)	(27.0, 19517.0)	(28.0, 23947.0)	(29.0, 29464.0)	(30.0, 35071.0)	(31.0, 37861.0)	(32.0, 47490.0)	(33.0, 58338.0)	(34.0, 75697.0)	(35.0, 98999.0)	(36.0, 146659.0)	(37.0, 250851.0)	(38.0, 730419.0)	(39.0, 1953423.0)	(40.0, 74347.0)			
IDDLNTM20_R1	(15.0, 8.0)	(16.0, 108.0)	(17.0, 592.0)	(18.0, 1842.0)	(19.0, 4255.0)	(20.0, 7875.0)	(21.0, 11934.0)	(22.0, 15551.0)	(23.0, 18407.0)	(24.0, 22706.0)	(25.0, 27008.0)	(26.0, 31914.0)	(27.0, 36556.0)	(28.0, 44612.0)	(29.0, 53158.0)	(30.0, 64342.0)	(31.0, 77206.0)	(32.0, 100629.0)	(33.0, 134332.0)	(34.0, 192666.0)	(35.0, 277864.0)	(36.0, 465554.0)	(37.0, 713518.0)	(38.0, 923689.0)	(39.0, 2803727.0)	(40.0, 249140.0)					
IDDLNTM20_R2	(12.0, 3.0)	(13.0, 30.0)	(14.0, 70.0)	(15.0, 514.0)	(16.0, 3740.0)	(17.0, 10214.0)	(18.0, 15158.0)	(19.0, 16483.0)	(20.0, 18369.0)	(21.0, 20117.0)	(22.0, 22204.0)	(23.0, 24763.0)	(24.0, 28717.0)	(25.0, 33256.0)	(26.0, 37867.0)	(27.0, 42594.0)	(28.0, 50860.0)	(29.0, 60736.0)	(30.0, 70874.0)	(31.0, 76854.0)	(32.0, 94096.0)	(33.0, 115923.0)	(34.0, 146559.0)	(35.0, 188622.0)	(36.0, 272384.0)	(37.0, 449736.0)	(38.0, 1241705.0)	(39.0, 3137861.0)	(40.0, 98884.0)		
IDDLNTM21.A_R1	(15.0, 1.0)	(16.0, 79.0)	(17.0, 481.0)	(18.0, 1462.0)	(19.0, 3174.0)	(20.0, 5580.0)	(21.0, 8574.0)	(22.0, 11644.0)	(23.0, 14336.0)	(24.0, 18266.0)	(25.0, 21741.0)	(26.0, 27438.0)	(27.0, 32425.0)	(28.0, 40721.0)	(29.0, 49593.0)	(30.0, 61545.0)	(31.0, 76858.0)	(32.0, 106304.0)	(33.0, 153591.0)	(34.0, 229445.0)	(35.0, 324501.0)	(36.0, 474342.0)	(37.0, 558751.0)	(38.0, 656263.0)	(39.0, 2626521.0)	(40.0, 272479.0)					
IDDLNTM21.A_R2	(12.0, 2.0)	(13.0, 17.0)	(14.0, 49.0)	(15.0, 392.0)	(16.0, 2690.0)	(17.0, 7161.0)	(18.0, 10616.0)	(19.0, 11326.0)	(20.0, 12705.0)	(21.0, 14113.0)	(22.0, 16392.0)	(23.0, 18449.0)	(24.0, 22287.0)	(25.0, 26240.0)	(26.0, 31339.0)	(27.0, 36099.0)	(28.0, 43468.0)	(29.0, 52719.0)	(30.0, 62573.0)	(31.0, 68393.0)	(32.0, 85643.0)	(33.0, 106140.0)	(34.0, 135346.0)	(35.0, 175323.0)	(36.0, 258618.0)	(37.0, 447969.0)	(38.0, 1194743.0)	(39.0, 2837432.0)	(40.0, 97871.0)		
IDDLNTM21.B_R1	(15.0, 1.0)	(16.0, 39.0)	(17.0, 284.0)	(18.0, 828.0)	(19.0, 2172.0)	(20.0, 4447.0)	(21.0, 6638.0)	(22.0, 8781.0)	(23.0, 10922.0)	(24.0, 13798.0)	(25.0, 16845.0)	(26.0, 20977.0)	(27.0, 25103.0)	(28.0, 32774.0)	(29.0, 42694.0)	(30.0, 59335.0)	(31.0, 92375.0)	(32.0, 174276.0)	(33.0, 266013.0)	(34.0, 308539.0)	(35.0, 273783.0)	(36.0, 241143.0)	(37.0, 243916.0)	(38.0, 446408.0)	(39.0, 2112890.0)	(40.0, 234870.0)					
IDDLNTM21.B_R2	(12.0, 5.0)	(13.0, 15.0)	(14.0, 50.0)	(15.0, 367.0)	(16.0, 2513.0)	(17.0, 6937.0)	(18.0, 10182.0)	(19.0, 10927.0)	(20.0, 12010.0)	(21.0, 13170.0)	(22.0, 14626.0)	(23.0, 15970.0)	(24.0, 18278.0)	(25.0, 21024.0)	(26.0, 24122.0)	(27.0, 27472.0)	(28.0, 32760.0)	(29.0, 39466.0)	(30.0, 46236.0)	(31.0, 49910.0)	(32.0, 61282.0)	(33.0, 76302.0)	(34.0, 98528.0)	(35.0, 128920.0)	(36.0, 191142.0)	(37.0, 326493.0)	(38.0, 952045.0)	(39.0, 2385661.0)	(40.0, 73438.0)		
IDDLNTM22.A_R1	(15.0, 5.0)	(16.0, 79.0)	(17.0, 437.0)	(18.0, 1342.0)	(19.0, 3112.0)	(20.0, 5640.0)	(21.0, 8302.0)	(22.0, 11139.0)	(23.0, 13132.0)	(24.0, 16365.0)	(25.0, 19373.0)	(26.0, 23272.0)	(27.0, 27073.0)	(28.0, 33149.0)	(29.0, 40095.0)	(30.0, 48498.0)	(31.0, 59057.0)	(32.0, 77163.0)	(33.0, 103932.0)	(34.0, 148051.0)	(35.0, 213621.0)	(36.0, 360539.0)	(37.0, 566814.0)	(38.0, 743342.0)	(39.0, 2390479.0)	(40.0, 233377.0)					
IDDLNTM22.A_R2	(12.0, 2.0)	(13.0, 17.0)	(14.0, 51.0)	(15.0, 334.0)	(16.0, 2669.0)	(17.0, 6733.0)	(18.0, 10422.0)	(19.0, 11665.0)	(20.0, 13048.0)	(21.0, 14694.0)	(22.0, 16581.0)	(23.0, 18515.0)	(24.0, 21682.0)	(25.0, 25211.0)	(26.0, 28996.0)	(27.0, 32954.0)	(28.0, 39103.0)	(29.0, 47460.0)	(30.0, 55047.0)	(31.0, 59780.0)	(32.0, 72694.0)	(33.0, 89804.0)	(34.0, 114003.0)	(35.0, 146133.0)	(36.0, 210722.0)	(37.0, 345282.0)	(38.0, 959056.0)	(39.0, 2714620.0)	(40.0, 90110.0)		
IDDLNTM22.B_R1	(16.0, 55.0)	(17.0, 388.0)	(18.0, 1307.0)	(19.0, 3042.0)	(20.0, 5819.0)	(21.0, 8653.0)	(22.0, 11136.0)	(23.0, 13622.0)	(24.0, 16586.0)	(25.0, 19593.0)	(26.0, 23538.0)	(27.0, 27766.0)	(28.0, 33992.0)	(29.0, 41355.0)	(30.0, 51261.0)	(31.0, 63717.0)	(32.0, 88616.0)	(33.0, 129046.0)	(34.0, 194670.0)	(35.0, 265377.0)	(36.0, 381047.0)	(37.0, 447530.0)	(38.0, 555169.0)	(39.0, 2259022.0)	(40.0, 234223.0)						
IDDLNTM22.B_R2	(11.0, 1.0)	(12.0, 5.0)	(13.0, 24.0)	(14.0, 56.0)	(15.0, 373.0)	(16.0, 3102.0)	(17.0, 7727.0)	(18.0, 10939.0)	(19.0, 11999.0)	(20.0, 13328.0)	(21.0, 14349.0)	(22.0, 16112.0)	(23.0, 17829.0)	(24.0, 21007.0)	(25.0, 23860.0)	(26.0, 27293.0)	(27.0, 30962.0)	(28.0, 37512.0)	(29.0, 44643.0)	(30.0, 52295.0)	(31.0, 56647.0)	(32.0, 69798.0)	(33.0, 86470.0)	(34.0, 110376.0)	(35.0, 142002.0)	(36.0, 207308.0)	(37.0, 348841.0)	(38.0, 956084.0)	(39.0, 2477567.0)	(40.0, 88021.0)	
IDDLNTM32_R1	(15.0, 2.0)	(16.0, 81.0)	(17.0, 467.0)	(18.0, 1316.0)	(19.0, 2650.0)	(20.0, 4817.0)	(21.0, 7290.0)	(22.0, 9867.0)	(23.0, 12120.0)	(24.0, 15546.0)	(25.0, 19078.0)	(26.0, 23906.0)	(27.0, 28846.0)	(28.0, 37303.0)	(29.0, 47163.0)	(30.0, 62415.0)	(31.0, 88378.0)	(32.0, 147810.0)	(33.0, 231128.0)	(34.0, 312280.0)	(35.0, 339376.0)	(36.0, 338103.0)	(37.0, 311970.0)	(38.0, 521235.0)	(39.0, 2354114.0)	(40.0, 251319.0)					
IDDLNTM32_R2	(12.0, 4.0)	(13.0, 22.0)	(14.0, 59.0)	(15.0, 560.0)	(16.0, 3677.0)	(17.0, 8822.0)	(18.0, 11943.0)	(19.0, 12661.0)	(20.0, 13492.0)	(21.0, 15327.0)	(22.0, 17003.0)	(23.0, 18571.0)	(24.0, 21959.0)	(25.0, 25716.0)	(26.0, 29891.0)	(27.0, 33541.0)	(28.0, 40467.0)	(29.0, 48452.0)	(30.0, 56936.0)	(31.0, 61666.0)	(32.0, 76182.0)	(33.0, 95018.0)	(34.0, 120391.0)	(35.0, 155373.0)	(36.0, 226284.0)	(37.0, 379800.0)	(38.0, 1042928.0)	(39.0, 2562099.0)	(40.0, 89736.0)		
IDDLNTM33.A_R1	(16.0, 52.0)	(17.0, 273.0)	(18.0, 811.0)	(19.0, 1858.0)	(20.0, 3467.0)	(21.0, 5138.0)	(22.0, 6979.0)	(23.0, 8684.0)	(24.0, 11093.0)	(25.0, 13577.0)	(26.0, 16830.0)	(27.0, 19751.0)	(28.0, 24359.0)	(29.0, 30091.0)	(30.0, 37130.0)	(31.0, 45414.0)	(32.0, 60687.0)	(33.0, 82892.0)	(34.0, 121551.0)	(35.0, 182443.0)	(36.0, 313836.0)	(37.0, 497401.0)	(38.0, 670197.0)	(39.0, 2192804.0)	(40.0, 225872.0)						
IDDLNTM33.A_R2	(12.0, 3.0)	(13.0, 16.0)	(14.0, 39.0)	(15.0, 341.0)	(16.0, 2132.0)	(17.0, 5387.0)	(18.0, 7426.0)	(19.0, 8186.0)	(20.0, 9024.0)	(21.0, 10196.0)	(22.0, 11350.0)	(23.0, 12926.0)	(24.0, 15068.0)	(25.0, 17712.0)	(26.0, 20707.0)	(27.0, 23612.0)	(28.0, 29288.0)	(29.0, 35676.0)	(30.0, 42197.0)	(31.0, 45717.0)	(32.0, 57393.0)	(33.0, 71535.0)	(34.0, 93045.0)	(35.0, 121473.0)	(36.0, 180579.0)	(37.0, 305334.0)	(38.0, 900293.0)	(39.0, 2470699.0)	(40.0, 75836.0)		
IDDLNTM33.B_R1	(14.0, 1.0)	(15.0, 8.0)	(16.0, 79.0)	(17.0, 432.0)	(18.0, 1152.0)	(19.0, 2461.0)	(20.0, 4427.0)	(21.0, 6635.0)	(22.0, 8779.0)	(23.0, 10954.0)	(24.0, 14145.0)	(25.0, 17422.0)	(26.0, 21255.0)	(27.0, 25817.0)	(28.0, 32090.0)	(29.0, 40273.0)	(30.0, 52016.0)	(31.0, 69080.0)	(32.0, 104080.0)	(33.0, 160883.0)	(34.0, 240756.0)	(35.0, 310219.0)	(36.0, 385804.0)	(37.0, 374449.0)	(38.0, 510629.0)	(39.0, 2246323.0)	(40.0, 239650.0)				
IDDLNTM33.B_R2	(12.0, 2.0)	(13.0, 11.0)	(14.0, 48.0)	(15.0, 398.0)	(16.0, 2827.0)	(17.0, 7053.0)	(18.0, 9696.0)	(19.0, 10372.0)	(20.0, 11546.0)	(21.0, 12708.0)	(22.0, 14443.0)	(23.0, 16163.0)	(24.0, 19072.0)	(25.0, 22320.0)	(26.0, 26088.0)	(27.0, 29935.0)	(28.0, 35758.0)	(29.0, 42975.0)	(30.0, 50563.0)	(31.0, 54834.0)	(32.0, 67261.0)	(33.0, 83480.0)	(34.0, 106607.0)	(35.0, 136981.0)	(36.0, 198800.0)	(37.0, 328225.0)	(38.0, 922101.0)	(39.0, 2577716.0)	(40.0, 91836.0)		
IDDLNTM33.C_R1	(16.0, 93.0)	(17.0, 462.0)	(18.0, 1299.0)	(19.0, 2686.0)	(20.0, 5012.0)	(21.0, 7242.0)	(22.0, 9833.0)	(23.0, 11969.0)	(24.0, 15398.0)	(25.0, 18687.0)	(26.0, 22988.0)	(27.0, 27463.0)	(28.0, 34309.0)	(29.0, 42568.0)	(30.0, 53270.0)	(31.0, 66479.0)	(32.0, 92742.0)	(33.0, 132929.0)	(34.0, 201615.0)	(35.0, 285793.0)	(36.0, 435076.0)	(37.0, 542037.0)	(38.0, 692042.0)	(39.0, 2932237.0)	(40.0, 301408.0)						
IDDLNTM33.C_R2	(12.0, 5.0)	(13.0, 24.0)	(14.0, 66.0)	(15.0, 553.0)	(16.0, 3377.0)	(17.0, 8546.0)	(18.0, 11964.0)	(19.0, 12720.0)	(20.0, 13929.0)	(21.0, 15327.0)	(22.0, 17528.0)	(23.0, 19405.0)	(24.0, 23269.0)	(25.0, 27163.0)	(26.0, 31847.0)	(27.0, 35996.0)	(28.0, 43517.0)	(29.0, 51810.0)	(30.0, 61839.0)	(31.0, 66565.0)	(32.0, 83128.0)	(33.0, 102323.0)	(34.0, 132077.0)	(35.0, 171617.0)	(36.0, 249674.0)	(37.0, 421157.0)	(38.0, 1163589.0)	(39.0, 3059888.0)	(40.0, 106734.0)		
IDDLNTM35_R1	(15.0, 1.0)	(16.0, 72.0)	(17.0, 353.0)	(18.0, 1105.0)	(19.0, 2476.0)	(20.0, 4449.0)	(21.0, 6720.0)	(22.0, 8870.0)	(23.0, 10776.0)	(24.0, 13096.0)	(25.0, 15566.0)	(26.0, 18484.0)	(27.0, 21397.0)	(28.0, 26300.0)	(29.0, 32448.0)	(30.0, 39398.0)	(31.0, 48333.0)	(32.0, 64002.0)	(33.0, 89165.0)	(34.0, 129987.0)	(35.0, 185078.0)	(36.0, 301719.0)	(37.0, 420714.0)	(38.0, 508098.0)	(39.0, 1894454.0)	(40.0, 192962.0)					
IDDLNTM35_R2	(12.0, 2.0)	(13.0, 16.0)	(14.0, 71.0)	(15.0, 413.0)	(16.0, 2830.0)	(17.0, 7146.0)	(18.0, 10210.0)	(19.0, 10504.0)	(20.0, 11598.0)	(21.0, 12829.0)	(22.0, 14443.0)	(23.0, 15914.0)	(24.0, 18747.0)	(25.0, 21176.0)	(26.0, 25050.0)	(27.0, 27970.0)	(28.0, 33850.0)	(29.0, 40568.0)	(30.0, 47149.0)	(31.0, 52287.0)	(32.0, 64518.0)	(33.0, 79688.0)	(34.0, 102455.0)	(35.0, 132588.0)	(36.0, 199566.0)	(37.0, 359800.0)	(38.0, 877465.0)	(39.0, 1815319.0)	(40.0, 51851.0)		
IDDLNTM37_R1	(15.0, 2.0)	(16.0, 82.0)	(17.0, 416.0)	(18.0, 1273.0)	(19.0, 3243.0)	(20.0, 5985.0)	(21.0, 9141.0)	(22.0, 12004.0)	(23.0, 14533.0)	(24.0, 18186.0)	(25.0, 21517.0)	(26.0, 26292.0)	(27.0, 30913.0)	(28.0, 38869.0)	(29.0, 48417.0)	(30.0, 62420.0)	(31.0, 86755.0)	(32.0, 140656.0)	(33.0, 216296.0)	(34.0, 287900.0)	(35.0, 305334.0)	(36.0, 307703.0)	(37.0, 305228.0)	(38.0, 523170.0)	(39.0, 2152097.0)	(40.0, 202160.0)					
IDDLNTM37_R2	(11.0, 2.0)	(12.0, 2.0)	(13.0, 26.0)	(14.0, 50.0)	(15.0, 436.0)	(16.0, 2986.0)	(17.0, 7757.0)	(18.0, 10992.0)	(19.0, 11634.0)	(20.0, 12856.0)	(21.0, 14153.0)	(22.0, 15782.0)	(23.0, 17302.0)	(24.0, 19833.0)	(25.0, 22900.0)	(26.0, 26819.0)	(27.0, 30082.0)	(28.0, 35967.0)	(29.0, 43127.0)	(30.0, 50862.0)	(31.0, 55072.0)	(32.0, 68439.0)	(33.0, 85498.0)	(34.0, 109694.0)	(35.0, 142969.0)	(36.0, 208844.0)	(37.0, 349066.0)	(38.0, 961954.0)	(39.0, 2430621.0)	(40.0, 84867.0)	
IDDLNTM38_R1	(15.0, 2.0)	(16.0, 69.0)	(17.0, 366.0)	(18.0, 1068.0)	(19.0, 2337.0)	(20.0, 4354.0)	(21.0, 6548.0)	(22.0, 8781.0)	(23.0, 10734.0)	(24.0, 13785.0)	(25.0, 17136.0)	(26.0, 21555.0)	(27.0, 25952.0)	(28.0, 33451.0)	(29.0, 42198.0)	(30.0, 54901.0)	(31.0, 74011.0)	(32.0, 117030.0)	(33.0, 186144.0)	(34.0, 274910.0)	(35.0, 337747.0)	(36.0, 400723.0)	(37.0, 386114.0)	(38.0, 544422.0)	(39.0, 2437579.0)	(40.0, 247584.0)					
IDDLNTM38_R2	(12.0, 3.0)	(13.0, 25.0)	(14.0, 61.0)	(15.0, 495.0)	(16.0, 3147.0)	(17.0, 7791.0)	(18.0, 10689.0)	(19.0, 10849.0)	(20.0, 11902.0)	(21.0, 13191.0)	(22.0, 14482.0)	(23.0, 15788.0)	(24.0, 18854.0)	(25.0, 21671.0)	(26.0, 25697.0)	(27.0, 29355.0)	(28.0, 35444.0)	(29.0, 43539.0)	(30.0, 51209.0)	(31.0, 55612.0)	(32.0, 69447.0)	(33.0, 87337.0)	(34.0, 112714.0)	(35.0, 147466.0)	(36.0, 216301.0)	(37.0, 366387.0)	(38.0, 1032594.0)	(39.0, 2748378.0)	(40.0, 99073.0)		
IDDLNTM39_R1	(15.0, 1.0)	(16.0, 35.0)	(17.0, 225.0)	(18.0, 770.0)	(19.0, 1854.0)	(20.0, 3518.0)	(21.0, 5424.0)	(22.0, 7064.0)	(23.0, 8652.0)	(24.0, 10876.0)	(25.0, 13365.0)	(26.0, 16210.0)	(27.0, 19097.0)	(28.0, 24396.0)	(29.0, 30331.0)	(30.0, 40464.0)	(31.0, 56590.0)	(32.0, 92495.0)	(33.0, 149812.0)	(34.0, 216560.0)	(35.0, 249092.0)	(36.0, 257427.0)	(37.0, 222378.0)	(38.0, 338819.0)	(39.0, 1454868.0)	(40.0, 150658.0)					
IDDLNTM39_R2	(12.0, 2.0)	(13.0, 6.0)	(14.0, 38.0)	(15.0, 218.0)	(16.0, 1611.0)	(17.0, 4391.0)	(18.0, 6417.0)	(19.0, 7284.0)	(20.0, 8091.0)	(21.0, 9196.0)	(22.0, 10298.0)	(23.0, 11378.0)	(24.0, 13324.0)	(25.0, 15358.0)	(26.0, 18017.0)	(27.0, 20334.0)	(28.0, 24385.0)	(29.0, 29325.0)	(30.0, 34525.0)	(31.0, 37101.0)	(32.0, 45878.0)	(33.0, 57189.0)	(34.0, 72463.0)	(35.0, 93892.0)	(36.0, 137930.0)	(37.0, 233871.0)	(38.0, 681474.0)	(39.0, 1742347.0)	(40.0, 54638.0)		
IDDLNTM4.A_R1	(16.0, 53.0)	(17.0, 378.0)	(18.0, 1139.0)	(19.0, 2428.0)	(20.0, 4681.0)	(21.0, 6817.0)	(22.0, 9120.0)	(23.0, 10820.0)	(24.0, 13363.0)	(25.0, 16210.0)	(26.0, 19234.0)	(27.0, 22238.0)	(28.0, 27216.0)	(29.0, 32847.0)	(30.0, 40073.0)	(31.0, 48569.0)	(32.0, 62965.0)	(33.0, 84523.0)	(34.0, 122501.0)	(35.0, 177875.0)	(36.0, 300970.0)	(37.0, 471738.0)	(38.0, 622289.0)	(39.0, 2013853.0)	(40.0, 199344.0)						
IDDLNTM4.A_R2	(12.0, 1.0)	(13.0, 16.0)	(14.0, 28.0)	(15.0, 269.0)	(16.0, 1948.0)	(17.0, 5200.0)	(18.0, 7639.0)	(19.0, 8566.0)	(20.0, 9664.0)	(21.0, 10770.0)	(22.0, 12331.0)	(23.0, 13895.0)	(24.0, 16360.0)	(25.0, 18719.0)	(26.0, 22012.0)	(27.0, 25255.0)	(28.0, 29858.0)	(29.0, 36709.0)	(30.0, 43270.0)	(31.0, 46876.0)	(32.0, 57761.0)	(33.0, 72210.0)	(34.0, 92441.0)	(35.0, 120340.0)	(36.0, 176797.0)	(37.0, 298034.0)	(38.0, 852915.0)	(39.0, 2256200.0)	(40.0, 75160.0)		
IDDLNTM4.B_R1	(16.0, 27.0)	(17.0, 148.0)	(18.0, 515.0)	(19.0, 1147.0)	(20.0, 2058.0)	(21.0, 3323.0)	(22.0, 4769.0)	(23.0, 5867.0)	(24.0, 7499.0)	(25.0, 9489.0)	(26.0, 11615.0)	(27.0, 14209.0)	(28.0, 17826.0)	(29.0, 21940.0)	(30.0, 27824.0)	(31.0, 35353.0)	(32.0, 50070.0)	(33.0, 75739.0)	(34.0, 115822.0)	(35.0, 161432.0)	(36.0, 234181.0)	(37.0, 242631.0)	(38.0, 223103.0)	(39.0, 698192.0)	(40.0, 58840.0)						
IDDLNTM4.B_R2	(13.0, 4.0)	(14.0, 18.0)	(15.0, 104.0)	(16.0, 774.0)	(17.0, 2052.0)	(18.0, 2994.0)	(19.0, 3455.0)	(20.0, 4072.0)	(21.0, 4606.0)	(22.0, 5403.0)	(23.0, 5858.0)	(24.0, 7118.0)	(25.0, 8516.0)	(26.0, 9879.0)	(27.0, 11545.0)	(28.0, 14057.0)	(29.0, 16968.0)	(30.0, 19992.0)	(31.0, 21925.0)	(32.0, 27117.0)	(33.0, 34074.0)	(34.0, 43832.0)	(35.0, 56810.0)	(36.0, 82803.0)	(37.0, 141547.0)	(38.0, 435898.0)	(39.0, 1032890.0)	(40.0, 29308.0)			
IDDLNTM4.C_R1	(15.0, 3.0)	(16.0, 57.0)	(17.0, 335.0)	(18.0, 1038.0)	(19.0, 2402.0)	(20.0, 4498.0)	(21.0, 6760.0)	(22.0, 8877.0)	(23.0, 10741.0)	(24.0, 13018.0)	(25.0, 15860.0)	(26.0, 18763.0)	(27.0, 22076.0)	(28.0, 27579.0)	(29.0, 33712.0)	(30.0, 43042.0)	(31.0, 56202.0)	(32.0, 84139.0)	(33.0, 127610.0)	(34.0, 186097.0)	(35.0, 236268.0)	(36.0, 285998.0)	(37.0, 277601.0)	(38.0, 422439.0)	(39.0, 2001670.0)	(40.0, 217368.0)					
IDDLNTM4.C_R2	(12.0, 1.0)	(13.0, 16.0)	(14.0, 41.0)	(15.0, 361.0)	(16.0, 2493.0)	(17.0, 6450.0)	(18.0, 9457.0)	(19.0, 10090.0)	(20.0, 11121.0)	(21.0, 12587.0)	(22.0, 13812.0)	(23.0, 15262.0)	(24.0, 18089.0)	(25.0, 20510.0)	(26.0, 23809.0)	(27.0, 26837.0)	(28.0, 31975.0)	(29.0, 38157.0)	(30.0, 44385.0)	(31.0, 48577.0)	(32.0, 59137.0)	(33.0, 72907.0)	(34.0, 93118.0)	(35.0, 120789.0)	(36.0, 175601.0)	(37.0, 298702.0)	(38.0, 819834.0)	(39.0, 2063905.0)	(40.0, 66130.0)		
IDDLNTM40_R1	(15.0, 1.0)	(16.0, 51.0)	(17.0, 325.0)	(18.0, 984.0)	(19.0, 2276.0)	(20.0, 4224.0)	(21.0, 6420.0)	(22.0, 8508.0)	(23.0, 10663.0)	(24.0, 13591.0)	(25.0, 16714.0)	(26.0, 20584.0)	(27.0, 25287.0)	(28.0, 32043.0)	(29.0, 40131.0)	(30.0, 53436.0)	(31.0, 75314.0)	(32.0, 123163.0)	(33.0, 183759.0)	(34.0, 227604.0)	(35.0, 228406.0)	(36.0, 229474.0)	(37.0, 242978.0)	(38.0, 451668.0)	(39.0, 1932653.0)	(40.0, 186733.0)					
IDDLNTM40_R2	(13.0, 6.0)	(14.0, 29.0)	(15.0, 185.0)	(16.0, 1261.0)	(17.0, 3456.0)	(18.0, 5157.0)	(19.0, 5624.0)	(20.0, 6542.0)	(21.0, 7439.0)	(22.0, 8468.0)	(23.0, 9695.0)	(24.0, 11665.0)	(25.0, 13821.0)	(26.0, 16455.0)	(27.0, 18834.0)	(28.0, 23499.0)	(29.0, 29457.0)	(30.0, 35307.0)	(31.0, 38294.0)	(32.0, 48386.0)	(33.0, 62290.0)	(34.0, 81336.0)	(35.0, 107832.0)	(36.0, 160907.0)	(37.0, 274462.0)	(38.0, 788714.0)	(39.0, 2277993.0)	(40.0, 79876.0)			
IDDLNTM41.A_R1	(15.0, 2.0)	(16.0, 58.0)	(17.0, 365.0)	(18.0, 1204.0)	(19.0, 3056.0)	(20.0, 5817.0)	(21.0, 8707.0)	(22.0, 11632.0)	(23.0, 13778.0)	(24.0, 17409.0)	(25.0, 21119.0)	(26.0, 25674.0)	(27.0, 30420.0)	(28.0, 38598.0)	(29.0, 49015.0)	(30.0, 65614.0)	(31.0, 98550.0)	(32.0, 181073.0)	(33.0, 271731.0)	(34.0, 308575.0)	(35.0, 271339.0)	(36.0, 247213.0)	(37.0, 263207.0)	(38.0, 476655.0)	(39.0, 2141878.0)	(40.0, 226999.0)					
IDDLNTM41.A_R2	(12.0, 1.0)	(13.0, 16.0)	(14.0, 51.0)	(15.0, 373.0)	(16.0, 2616.0)	(17.0, 7080.0)	(18.0, 10553.0)	(19.0, 11455.0)	(20.0, 13034.0)	(21.0, 14270.0)	(22.0, 16141.0)	(23.0, 17715.0)	(24.0, 20625.0)	(25.0, 24075.0)	(26.0, 27840.0)	(27.0, 31245.0)	(28.0, 37674.0)	(29.0, 44937.0)	(30.0, 52084.0)	(31.0, 56667.0)	(32.0, 70292.0)	(33.0, 87666.0)	(34.0, 111189.0)	(35.0, 143513.0)	(36.0, 209967.0)	(37.0, 354012.0)	(38.0, 979496.0)	(39.0, 2366822.0)	(40.0, 68279.0)		
IDDLNTM41.B_R1	(15.0, 4.0)	(16.0, 78.0)	(17.0, 559.0)	(18.0, 1770.0)	(19.0, 3861.0)	(20.0, 7583.0)	(21.0, 11575.0)	(22.0, 14645.0)	(23.0, 17998.0)	(24.0, 22456.0)	(25.0, 26772.0)	(26.0, 32204.0)	(27.0, 37270.0)	(28.0, 45892.0)	(29.0, 56187.0)	(30.0, 70547.0)	(31.0, 90170.0)	(32.0, 131262.0)	(33.0, 194966.0)	(34.0, 281118.0)	(35.0, 360611.0)	(36.0, 460790.0)	(37.0, 458340.0)	(38.0, 632326.0)	(39.0, 2402339.0)	(40.0, 241431.0)					
IDDLNTM41.B_R2	(12.0, 2.0)	(13.0, 22.0)	(14.0, 53.0)	(15.0, 536.0)	(16.0, 3604.0)	(17.0, 9384.0)	(18.0, 13305.0)	(19.0, 14583.0)	(20.0, 15732.0)	(21.0, 16944.0)	(22.0, 19232.0)	(23.0, 21150.0)	(24.0, 24838.0)	(25.0, 28681.0)	(26.0, 33113.0)	(27.0, 36854.0)	(28.0, 44028.0)	(29.0, 53258.0)	(30.0, 61332.0)	(31.0, 66895.0)	(32.0, 81949.0)	(33.0, 101486.0)	(34.0, 129504.0)	(35.0, 166968.0)	(36.0, 240311.0)	(37.0, 395028.0)	(38.0, 1082978.0)	(39.0, 2842163.0)	(40.0, 98821.0)		
IDDLNTM41.C_R1	(15.0, 6.0)	(16.0, 57.0)	(17.0, 359.0)	(18.0, 1076.0)	(19.0, 2808.0)	(20.0, 5344.0)	(21.0, 8026.0)	(22.0, 10806.0)	(23.0, 13080.0)	(24.0, 15871.0)	(25.0, 19096.0)	(26.0, 23203.0)	(27.0, 27163.0)	(28.0, 33120.0)	(29.0, 40585.0)	(30.0, 51118.0)	(31.0, 63458.0)	(32.0, 88863.0)	(33.0, 130182.0)	(34.0, 195804.0)	(35.0, 273855.0)	(36.0, 404233.0)	(37.0, 474111.0)	(38.0, 585063.0)	(39.0, 2392951.0)	(40.0, 237075.0)					
IDDLNTM41.C_R2	(12.0, 1.0)	(13.0, 25.0)	(14.0, 59.0)	(15.0, 367.0)	(16.0, 2655.0)	(17.0, 7670.0)	(18.0, 11191.0)	(19.0, 12187.0)	(20.0, 13657.0)	(21.0, 14983.0)	(22.0, 16983.0)	(23.0, 18801.0)	(24.0, 21882.0)	(25.0, 24990.0)	(26.0, 28867.0)	(27.0, 32550.0)	(28.0, 38864.0)	(29.0, 46837.0)	(30.0, 54582.0)	(31.0, 58754.0)	(32.0, 72811.0)	(33.0, 90033.0)	(34.0, 115508.0)	(35.0, 150156.0)	(36.0, 219577.0)	(37.0, 369531.0)	(38.0, 1028257.0)	(39.0, 2570027.0)	(40.0, 75508.0)		
IDDLNTM42_R1	(15.0, 5.0)	(16.0, 79.0)	(17.0, 450.0)	(18.0, 1316.0)	(19.0, 2863.0)	(20.0, 5321.0)	(21.0, 7918.0)	(22.0, 10909.0)	(23.0, 13542.0)	(24.0, 17849.0)	(25.0, 22393.0)	(26.0, 28161.0)	(27.0, 35012.0)	(28.0, 45362.0)	(29.0, 59548.0)	(30.0, 81743.0)	(31.0, 127790.0)	(32.0, 231447.0)	(33.0, 341093.0)	(34.0, 384159.0)	(35.0, 337492.0)	(36.0, 309905.0)	(37.0, 326420.0)	(38.0, 617964.0)	(39.0, 2610123.0)	(40.0, 241129.0)					
IDDLNTM42_R2	(12.0, 8.0)	(13.0, 22.0)	(14.0, 58.0)	(15.0, 445.0)	(16.0, 2636.0)	(17.0, 6811.0)	(18.0, 9644.0)	(19.0, 9801.0)	(20.0, 11177.0)	(21.0, 12357.0)	(22.0, 14168.0)	(23.0, 15816.0)	(24.0, 19027.0)	(25.0, 22884.0)	(26.0, 26518.0)	(27.0, 30785.0)	(28.0, 37830.0)	(29.0, 47000.0)	(30.0, 55226.0)	(31.0, 60197.0)	(32.0, 76299.0)	(33.0, 95969.0)	(34.0, 123440.0)	(35.0, 163248.0)	(36.0, 241765.0)	(37.0, 410885.0)	(38.0, 1191591.0)	(39.0, 3082102.0)	(40.0, 92284.0)		
IDDLNTM43_R1	(15.0, 1.0)	(16.0, 104.0)	(17.0, 532.0)	(18.0, 1562.0)	(19.0, 3300.0)	(20.0, 5826.0)	(21.0, 8579.0)	(22.0, 11334.0)	(23.0, 13518.0)	(24.0, 16908.0)	(25.0, 20753.0)	(26.0, 24616.0)	(27.0, 29125.0)	(28.0, 35869.0)	(29.0, 44210.0)	(30.0, 56035.0)	(31.0, 72864.0)	(32.0, 107355.0)	(33.0, 160078.0)	(34.0, 228797.0)	(35.0, 286020.0)	(36.0, 349412.0)	(37.0, 352270.0)	(38.0, 523488.0)	(39.0, 2368829.0)	(40.0, 268772.0)					
IDDLNTM43_R2	(11.0, 1.0)	(12.0, 1.0)	(13.0, 15.0)	(14.0, 53.0)	(15.0, 368.0)	(16.0, 2674.0)	(17.0, 7052.0)	(18.0, 10528.0)	(19.0, 11420.0)	(20.0, 12599.0)	(21.0, 13762.0)	(22.0, 16033.0)	(23.0, 17717.0)	(24.0, 20743.0)	(25.0, 23823.0)	(26.0, 27557.0)	(27.0, 31478.0)	(28.0, 37450.0)	(29.0, 45055.0)	(30.0, 53671.0)	(31.0, 57325.0)	(32.0, 70183.0)	(33.0, 87476.0)	(34.0, 110868.0)	(35.0, 142491.0)	(36.0, 206509.0)	(37.0, 347126.0)	(38.0, 964943.0)	(39.0, 2580470.0)	(40.0, 90766.0)	
IDDLNTM44_R1	(15.0, 2.0)	(16.0, 48.0)	(17.0, 327.0)	(18.0, 1122.0)	(19.0, 2590.0)	(20.0, 5031.0)	(21.0, 7758.0)	(22.0, 10064.0)	(23.0, 12219.0)	(24.0, 15600.0)	(25.0, 18698.0)	(26.0, 22564.0)	(27.0, 26570.0)	(28.0, 33538.0)	(29.0, 40934.0)	(30.0, 50981.0)	(31.0, 65533.0)	(32.0, 97746.0)	(33.0, 147018.0)	(34.0, 212420.0)	(35.0, 263372.0)	(36.0, 305862.0)	(37.0, 313299.0)	(38.0, 474421.0)	(39.0, 2210813.0)	(40.0, 243353.0)					
IDDLNTM44_R2	(12.0, 4.0)	(13.0, 15.0)	(14.0, 40.0)	(15.0, 298.0)	(16.0, 2086.0)	(17.0, 5885.0)	(18.0, 8826.0)	(19.0, 9919.0)	(20.0, 11376.0)	(21.0, 12732.0)	(22.0, 14880.0)	(23.0, 16269.0)	(24.0, 19205.0)	(25.0, 22281.0)	(26.0, 26156.0)	(27.0, 29680.0)	(28.0, 35345.0)	(29.0, 42425.0)	(30.0, 50099.0)	(31.0, 53333.0)	(32.0, 66061.0)	(33.0, 81690.0)	(34.0, 102913.0)	(35.0, 132271.0)	(36.0, 190559.0)	(37.0, 310990.0)	(38.0, 837129.0)	(39.0, 2416596.0)	(40.0, 82820.0)		
IDDLNTM45_R1	(15.0, 1.0)	(16.0, 48.0)	(17.0, 293.0)	(18.0, 845.0)	(19.0, 1757.0)	(20.0, 3411.0)	(21.0, 5072.0)	(22.0, 6627.0)	(23.0, 8366.0)	(24.0, 10369.0)	(25.0, 12759.0)	(26.0, 15574.0)	(27.0, 18380.0)	(28.0, 23081.0)	(29.0, 28170.0)	(30.0, 34849.0)	(31.0, 43059.0)	(32.0, 56352.0)	(33.0, 75378.0)	(34.0, 106313.0)	(35.0, 156112.0)	(36.0, 277313.0)	(37.0, 505078.0)	(38.0, 806003.0)	(39.0, 2354361.0)	(40.0, 220704.0)					
IDDLNTM45_R2	(11.0, 1.0)	(12.0, 4.0)	(13.0, 22.0)	(14.0, 52.0)	(15.0, 477.0)	(16.0, 3043.0)	(17.0, 7066.0)	(18.0, 9683.0)	(19.0, 9941.0)	(20.0, 10887.0)	(21.0, 11827.0)	(22.0, 13306.0)	(23.0, 14967.0)	(24.0, 17577.0)	(25.0, 20230.0)	(26.0, 23754.0)	(27.0, 26604.0)	(28.0, 32517.0)	(29.0, 39855.0)	(30.0, 46503.0)	(31.0, 50656.0)	(32.0, 63524.0)	(33.0, 79450.0)	(34.0, 103063.0)	(35.0, 134752.0)	(36.0, 201230.0)	(37.0, 343518.0)	(38.0, 997978.0)	(39.0, 2435319.0)	(40.0, 72469.0)	
IDDLNTM46.A_R1	(15.0, 4.0)	(16.0, 54.0)	(17.0, 387.0)	(18.0, 1378.0)	(19.0, 3229.0)	(20.0, 6207.0)	(21.0, 9168.0)	(22.0, 12009.0)	(23.0, 14754.0)	(24.0, 18083.0)	(25.0, 21569.0)	(26.0, 26256.0)	(27.0, 31232.0)	(28.0, 38209.0)	(29.0, 46804.0)	(30.0, 58392.0)	(31.0, 74618.0)	(32.0, 107791.0)	(33.0, 161804.0)	(34.0, 243162.0)	(35.0, 318080.0)	(36.0, 395970.0)	(37.0, 388617.0)	(38.0, 518364.0)	(39.0, 2003455.0)	(40.0, 174073.0)					
IDDLNTM46.A_R2	(12.0, 3.0)	(13.0, 6.0)	(14.0, 38.0)	(15.0, 330.0)	(16.0, 2457.0)	(17.0, 6844.0)	(18.0, 10305.0)	(19.0, 11230.0)	(20.0, 12782.0)	(21.0, 14043.0)	(22.0, 16079.0)	(23.0, 17701.0)	(24.0, 20869.0)	(25.0, 24083.0)	(26.0, 28547.0)	(27.0, 31616.0)	(28.0, 38131.0)	(29.0, 46348.0)	(30.0, 53677.0)	(31.0, 58009.0)	(32.0, 71625.0)	(33.0, 88817.0)	(34.0, 112846.0)	(35.0, 145299.0)	(36.0, 210092.0)	(37.0, 348758.0)	(38.0, 955789.0)	(39.0, 2285443.0)	(40.0, 61902.0)		
IDDLNTM46.B_R1	(15.0, 3.0)	(16.0, 33.0)	(17.0, 274.0)	(18.0, 899.0)	(19.0, 2056.0)	(20.0, 3676.0)	(21.0, 5629.0)	(22.0, 7887.0)	(23.0, 10035.0)	(24.0, 12860.0)	(25.0, 15841.0)	(26.0, 20260.0)	(27.0, 24527.0)	(28.0, 31766.0)	(29.0, 41091.0)	(30.0, 55053.0)	(31.0, 80190.0)	(32.0, 137009.0)	(33.0, 216401.0)	(34.0, 292044.0)	(35.0, 306311.0)	(36.0, 302932.0)	(37.0, 287209.0)	(38.0, 476902.0)	(39.0, 2129495.0)	(40.0, 220936.0)					
IDDLNTM46.B_R2	(12.0, 2.0)	(13.0, 18.0)	(14.0, 43.0)	(15.0, 331.0)	(16.0, 2118.0)	(17.0, 5398.0)	(18.0, 7866.0)	(19.0, 8360.0)	(20.0, 9320.0)	(21.0, 10091.0)	(22.0, 11612.0)	(23.0, 13245.0)	(24.0, 16166.0)	(25.0, 18349.0)	(26.0, 21832.0)	(27.0, 24910.0)	(28.0, 30569.0)	(29.0, 37475.0)	(30.0, 44269.0)	(31.0, 47933.0)	(32.0, 59821.0)	(33.0, 74327.0)	(34.0, 96538.0)	(35.0, 125658.0)	(36.0, 185102.0)	(37.0, 312980.0)	(38.0, 900555.0)	(39.0, 2532149.0)	(40.0, 84282.0)		
IDDLNTM48_R1	(15.0, 1.0)	(16.0, 42.0)	(17.0, 314.0)	(18.0, 1053.0)	(19.0, 2600.0)	(20.0, 5109.0)	(21.0, 7871.0)	(22.0, 10248.0)	(23.0, 12559.0)	(24.0, 15838.0)	(25.0, 18842.0)	(26.0, 22578.0)	(27.0, 26299.0)	(28.0, 32514.0)	(29.0, 39992.0)	(30.0, 49379.0)	(31.0, 61186.0)	(32.0, 84027.0)	(33.0, 121622.0)	(34.0, 182713.0)	(35.0, 258840.0)	(36.0, 387939.0)	(37.0, 474548.0)	(38.0, 583431.0)	(39.0, 2196466.0)	(40.0, 204296.0)					
IDDLNTM48_R2	(12.0, 2.0)	(13.0, 17.0)	(14.0, 53.0)	(15.0, 347.0)	(16.0, 2898.0)	(17.0, 7977.0)	(18.0, 11712.0)	(19.0, 12995.0)	(20.0, 14194.0)	(21.0, 15712.0)	(22.0, 17423.0)	(23.0, 18987.0)	(24.0, 22218.0)	(25.0, 25238.0)	(26.0, 29399.0)	(27.0, 33029.0)	(28.0, 39138.0)	(29.0, 46820.0)	(30.0, 53868.0)	(31.0, 58835.0)	(32.0, 72845.0)	(33.0, 89796.0)	(34.0, 113911.0)	(35.0, 146840.0)	(36.0, 214009.0)	(37.0, 353769.0)	(38.0, 965886.0)	(39.0, 2362161.0)	(40.0, 70228.0)		
IDDLNTM49_R1	(15.0, 1.0)	(16.0, 55.0)	(17.0, 248.0)	(18.0, 785.0)	(19.0, 1484.0)	(20.0, 2858.0)	(21.0, 4417.0)	(22.0, 5850.0)	(23.0, 7422.0)	(24.0, 9457.0)	(25.0, 11530.0)	(26.0, 14463.0)	(27.0, 17210.0)	(28.0, 21883.0)	(29.0, 26555.0)	(30.0, 34012.0)	(31.0, 43270.0)	(32.0, 62015.0)	(33.0, 92174.0)	(34.0, 136395.0)	(35.0, 185062.0)	(36.0, 263196.0)	(37.0, 300114.0)	(38.0, 380025.0)	(39.0, 1497210.0)	(40.0, 145229.0)					
IDDLNTM49_R2	(12.0, 4.0)	(13.0, 10.0)	(14.0, 25.0)	(15.0, 240.0)	(16.0, 1382.0)	(17.0, 3453.0)	(18.0, 4749.0)	(19.0, 5282.0)	(20.0, 5826.0)	(21.0, 6332.0)	(22.0, 7291.0)	(23.0, 8159.0)	(24.0, 9795.0)	(25.0, 11540.0)	(26.0, 13581.0)	(27.0, 15866.0)	(28.0, 19355.0)	(29.0, 24278.0)	(30.0, 28602.0)	(31.0, 31326.0)	(32.0, 39607.0)	(33.0, 50538.0)	(34.0, 65317.0)	(35.0, 86849.0)	(36.0, 129603.0)	(37.0, 223458.0)	(38.0, 653238.0)	(39.0, 1758535.0)	(40.0, 58679.0)		
IDDLNTM50_R1	(15.0, 1.0)	(16.0, 31.0)	(17.0, 177.0)	(18.0, 552.0)	(19.0, 1073.0)	(20.0, 1990.0)	(21.0, 3164.0)	(22.0, 4283.0)	(23.0, 5438.0)	(24.0, 6905.0)	(25.0, 8602.0)	(26.0, 10534.0)	(27.0, 12442.0)	(28.0, 15792.0)	(29.0, 19789.0)	(30.0, 25412.0)	(31.0, 32296.0)	(32.0, 46346.0)	(33.0, 71000.0)	(34.0, 107446.0)	(35.0, 145396.0)	(36.0, 207459.0)	(37.0, 235802.0)	(38.0, 280123.0)	(39.0, 1365548.0)	(40.0, 170208.0)					
IDDLNTM50_R2	(11.0, 1.0)	(12.0, 1.0)	(13.0, 12.0)	(14.0, 23.0)	(15.0, 249.0)	(16.0, 1556.0)	(17.0, 3699.0)	(18.0, 4890.0)	(19.0, 5142.0)	(20.0, 5766.0)	(21.0, 6469.0)	(22.0, 7266.0)	(23.0, 7871.0)	(24.0, 9273.0)	(25.0, 11114.0)	(26.0, 12770.0)	(27.0, 14529.0)	(28.0, 17766.0)	(29.0, 22061.0)	(30.0, 25427.0)	(31.0, 27641.0)	(32.0, 34156.0)	(33.0, 42945.0)	(34.0, 55704.0)	(35.0, 72900.0)	(36.0, 107695.0)	(37.0, 185853.0)	(38.0, 556686.0)	(39.0, 1486554.0)	(40.0, 51790.0)	
IDDLNTM52_R1	(15.0, 6.0)	(16.0, 58.0)	(17.0, 446.0)	(18.0, 1279.0)	(19.0, 3038.0)	(20.0, 5907.0)	(21.0, 8760.0)	(22.0, 11624.0)	(23.0, 14387.0)	(24.0, 17929.0)	(25.0, 21388.0)	(26.0, 25963.0)	(27.0, 30494.0)	(28.0, 37763.0)	(29.0, 46124.0)	(30.0, 56503.0)	(31.0, 69172.0)	(32.0, 91466.0)	(33.0, 126681.0)	(34.0, 186462.0)	(35.0, 268677.0)	(36.0, 430755.0)	(37.0, 597967.0)	(38.0, 766066.0)	(39.0, 2558660.0)	(40.0, 230260.0)					
IDDLNTM52_R2	(12.0, 3.0)	(13.0, 17.0)	(14.0, 64.0)	(15.0, 505.0)	(16.0, 3361.0)	(17.0, 8803.0)	(18.0, 12293.0)	(19.0, 13224.0)	(20.0, 14437.0)	(21.0, 15984.0)	(22.0, 17720.0)	(23.0, 19529.0)	(24.0, 22842.0)	(25.0, 26594.0)	(26.0, 31441.0)	(27.0, 34882.0)	(28.0, 42839.0)	(29.0, 51421.0)	(30.0, 60353.0)	(31.0, 65608.0)	(32.0, 81371.0)	(33.0, 101469.0)	(34.0, 129816.0)	(35.0, 169989.0)	(36.0, 248249.0)	(37.0, 417469.0)	(38.0, 1159905.0)	(39.0, 2771924.0)	(40.0, 85723.0)		
IDDLNTM55.A_R1	(16.0, 73.0)	(17.0, 418.0)	(18.0, 1130.0)	(19.0, 2495.0)	(20.0, 4713.0)	(21.0, 7178.0)	(22.0, 9604.0)	(23.0, 11872.0)	(24.0, 14823.0)	(25.0, 18143.0)	(26.0, 21908.0)	(27.0, 25965.0)	(28.0, 32665.0)	(29.0, 40411.0)	(30.0, 50414.0)	(31.0, 63994.0)	(32.0, 90425.0)	(33.0, 131280.0)	(34.0, 201390.0)	(35.0, 289122.0)	(36.0, 437690.0)	(37.0, 524937.0)	(38.0, 619363.0)	(39.0, 2571466.0)	(40.0, 272024.0)						
IDDLNTM55.A_R2	(12.0, 5.0)	(13.0, 11.0)	(14.0, 44.0)	(15.0, 466.0)	(16.0, 3196.0)	(17.0, 7633.0)	(18.0, 10833.0)	(19.0, 11442.0)	(20.0, 12865.0)	(21.0, 14534.0)	(22.0, 15900.0)	(23.0, 17787.0)	(24.0, 20707.0)	(25.0, 24158.0)	(26.0, 28861.0)	(27.0, 32542.0)	(28.0, 38555.0)	(29.0, 47127.0)	(30.0, 55360.0)	(31.0, 60524.0)	(32.0, 74231.0)	(33.0, 92217.0)	(34.0, 118823.0)	(35.0, 154723.0)	(36.0, 227578.0)	(37.0, 382183.0)	(38.0, 1083247.0)	(39.0, 2816760.0)	(40.0, 91191.0)		
IDDLNTM55.B_R1	(15.0, 4.0)	(16.0, 73.0)	(17.0, 493.0)	(18.0, 1497.0)	(19.0, 3241.0)	(20.0, 5824.0)	(21.0, 8648.0)	(22.0, 11590.0)	(23.0, 14041.0)	(24.0, 17566.0)	(25.0, 21273.0)	(26.0, 25842.0)	(27.0, 30026.0)	(28.0, 36795.0)	(29.0, 45292.0)	(30.0, 55370.0)	(31.0, 68106.0)	(32.0, 92226.0)	(33.0, 130947.0)	(34.0, 195533.0)	(35.0, 279513.0)	(36.0, 428575.0)	(37.0, 538579.0)	(38.0, 624871.0)	(39.0, 2374907.0)	(40.0, 258926.0)					
IDDLNTM55.B_R2	(11.0, 1.0)	(12.0, 3.0)	(13.0, 14.0)	(14.0, 40.0)	(15.0, 358.0)	(16.0, 2608.0)	(17.0, 7075.0)	(18.0, 10188.0)	(19.0, 10996.0)	(20.0, 12003.0)	(21.0, 13586.0)	(22.0, 15317.0)	(23.0, 17088.0)	(24.0, 20350.0)	(25.0, 23771.0)	(26.0, 28153.0)	(27.0, 31606.0)	(28.0, 38347.0)	(29.0, 46420.0)	(30.0, 54552.0)	(31.0, 58933.0)	(32.0, 73019.0)	(33.0, 90944.0)	(34.0, 115971.0)	(35.0, 150086.0)	(36.0, 219600.0)	(37.0, 366214.0)	(38.0, 1046862.0)	(39.0, 2724696.0)	(40.0, 90957.0)	
IDDLNTM56_R1	(15.0, 5.0)	(16.0, 77.0)	(17.0, 373.0)	(18.0, 1130.0)	(19.0, 2623.0)	(20.0, 5001.0)	(21.0, 7272.0)	(22.0, 9816.0)	(23.0, 11704.0)	(24.0, 14415.0)	(25.0, 17111.0)	(26.0, 20217.0)	(27.0, 23820.0)	(28.0, 29268.0)	(29.0, 35586.0)	(30.0, 45216.0)	(31.0, 56938.0)	(32.0, 80760.0)	(33.0, 119984.0)	(34.0, 181196.0)	(35.0, 256289.0)	(36.0, 371251.0)	(37.0, 401591.0)	(38.0, 494260.0)	(39.0, 2096547.0)	(40.0, 222233.0)					
IDDLNTM56_R2	(12.0, 3.0)	(13.0, 14.0)	(14.0, 50.0)	(15.0, 354.0)	(16.0, 2621.0)	(17.0, 6825.0)	(18.0, 10050.0)	(19.0, 10665.0)	(20.0, 11866.0)	(21.0, 13162.0)	(22.0, 14582.0)	(23.0, 15911.0)	(24.0, 18672.0)	(25.0, 21452.0)	(26.0, 24612.0)	(27.0, 27970.0)	(28.0, 33326.0)	(29.0, 39962.0)	(30.0, 46772.0)	(31.0, 50555.0)	(32.0, 62380.0)	(33.0, 77021.0)	(34.0, 98911.0)	(35.0, 129096.0)	(36.0, 189751.0)	(37.0, 326875.0)	(38.0, 941576.0)	(39.0, 2260887.0)	(40.0, 68762.0)		
IDDLNTM58_R1	(15.0, 1.0)	(16.0, 47.0)	(17.0, 260.0)	(18.0, 735.0)	(19.0, 1524.0)	(20.0, 2992.0)	(21.0, 4587.0)	(22.0, 6099.0)	(23.0, 7554.0)	(24.0, 9607.0)	(25.0, 11798.0)	(26.0, 14601.0)	(27.0, 17484.0)	(28.0, 22373.0)	(29.0, 28355.0)	(30.0, 35846.0)	(31.0, 47426.0)	(32.0, 71626.0)	(33.0, 110341.0)	(34.0, 164661.0)	(35.0, 224235.0)	(36.0, 299376.0)	(37.0, 295927.0)	(38.0, 380729.0)	(39.0, 1656443.0)	(40.0, 171709.0)					
IDDLNTM58_R2	(12.0, 3.0)	(13.0, 7.0)	(14.0, 26.0)	(15.0, 218.0)	(16.0, 1396.0)	(17.0, 3833.0)	(18.0, 5675.0)	(19.0, 6302.0)	(20.0, 7198.0)	(21.0, 8138.0)	(22.0, 9162.0)	(23.0, 10560.0)	(24.0, 12425.0)	(25.0, 14654.0)	(26.0, 17390.0)	(27.0, 19509.0)	(28.0, 23899.0)	(29.0, 29539.0)	(30.0, 34475.0)	(31.0, 37317.0)	(32.0, 47005.0)	(33.0, 58464.0)	(34.0, 74941.0)	(35.0, 98589.0)	(36.0, 144848.0)	(37.0, 246288.0)	(38.0, 711324.0)	(39.0, 1902571.0)	(40.0, 60580.0)		
IDDLNTM59_R1	(15.0, 3.0)	(16.0, 45.0)	(17.0, 302.0)	(18.0, 1000.0)	(19.0, 2228.0)	(20.0, 4279.0)	(21.0, 6444.0)	(22.0, 8598.0)	(23.0, 10594.0)	(24.0, 13448.0)	(25.0, 16273.0)	(26.0, 19785.0)	(27.0, 23499.0)	(28.0, 29937.0)	(29.0, 36827.0)	(30.0, 46935.0)	(31.0, 62112.0)	(32.0, 95709.0)	(33.0, 148472.0)	(34.0, 215118.0)	(35.0, 261732.0)	(36.0, 292535.0)	(37.0, 271930.0)	(38.0, 371901.0)	(39.0, 1598389.0)	(40.0, 173141.0)					
IDDLNTM59_R2	(12.0, 2.0)	(13.0, 8.0)	(14.0, 20.0)	(15.0, 204.0)	(16.0, 1503.0)	(17.0, 4373.0)	(18.0, 6771.0)	(19.0, 7784.0)	(20.0, 8780.0)	(21.0, 9776.0)	(22.0, 11069.0)	(23.0, 12314.0)	(24.0, 14673.0)	(25.0, 17141.0)	(26.0, 20070.0)	(27.0, 22861.0)	(28.0, 27477.0)	(29.0, 33792.0)	(30.0, 39132.0)	(31.0, 42529.0)	(32.0, 53046.0)	(33.0, 65201.0)	(34.0, 83163.0)	(35.0, 107634.0)	(36.0, 156559.0)	(37.0, 264052.0)	(38.0, 743050.0)	(39.0, 1892966.0)	(40.0, 65286.0)		
IDDLNTM5_R1	(15.0, 1.0)	(16.0, 103.0)	(17.0, 518.0)	(18.0, 1517.0)	(19.0, 3342.0)	(20.0, 5932.0)	(21.0, 8716.0)	(22.0, 12089.0)	(23.0, 14985.0)	(24.0, 19092.0)	(25.0, 23550.0)	(26.0, 28813.0)	(27.0, 34508.0)	(28.0, 43549.0)	(29.0, 53987.0)	(30.0, 69467.0)	(31.0, 92401.0)	(32.0, 143341.0)	(33.0, 221382.0)	(34.0, 317284.0)	(35.0, 375862.0)	(36.0, 423114.0)	(37.0, 400800.0)	(38.0, 596076.0)	(39.0, 2359985.0)	(40.0, 227277.0)					
IDDLNTM5_R2	(12.0, 3.0)	(13.0, 19.0)	(14.0, 59.0)	(15.0, 546.0)	(16.0, 3558.0)	(17.0, 8592.0)	(18.0, 11771.0)	(19.0, 12278.0)	(20.0, 13509.0)	(21.0, 14748.0)	(22.0, 16687.0)	(23.0, 18309.0)	(24.0, 21685.0)	(25.0, 25143.0)	(26.0, 29865.0)	(27.0, 33784.0)	(28.0, 40962.0)	(29.0, 49378.0)	(30.0, 57689.0)	(31.0, 62958.0)	(32.0, 78141.0)	(33.0, 96956.0)	(34.0, 123817.0)	(35.0, 161421.0)	(36.0, 233979.0)	(37.0, 388169.0)	(38.0, 1094239.0)	(39.0, 2787711.0)	(40.0, 91715.0)		
IDDLNTM6.A_R1	(15.0, 2.0)	(16.0, 69.0)	(17.0, 356.0)	(18.0, 1174.0)	(19.0, 2889.0)	(20.0, 5597.0)	(21.0, 8506.0)	(22.0, 11042.0)	(23.0, 13370.0)	(24.0, 16679.0)	(25.0, 19948.0)	(26.0, 24402.0)	(27.0, 28572.0)	(28.0, 36142.0)	(29.0, 44952.0)	(30.0, 57615.0)	(31.0, 75243.0)	(32.0, 114239.0)	(33.0, 174334.0)	(34.0, 255124.0)	(35.0, 314351.0)	(36.0, 374640.0)	(37.0, 362306.0)	(38.0, 503567.0)	(39.0, 2080018.0)	(40.0, 201202.0)					
IDDLNTM6.A_R2	(12.0, 2.0)	(13.0, 13.0)	(14.0, 42.0)	(15.0, 333.0)	(16.0, 2623.0)	(17.0, 6755.0)	(18.0, 10294.0)	(19.0, 11048.0)	(20.0, 12656.0)	(21.0, 13790.0)	(22.0, 15374.0)	(23.0, 17001.0)	(24.0, 20003.0)	(25.0, 23559.0)	(26.0, 27022.0)	(27.0, 30524.0)	(28.0, 36092.0)	(29.0, 43837.0)	(30.0, 51147.0)	(31.0, 55618.0)	(32.0, 69461.0)	(33.0, 85679.0)	(34.0, 109566.0)	(35.0, 141693.0)	(36.0, 206712.0)	(37.0, 344587.0)	(38.0, 954852.0)	(39.0, 2366277.0)	(40.0, 69779.0)		
IDDLNTM6.B_R1	(15.0, 3.0)	(16.0, 51.0)	(17.0, 425.0)	(18.0, 1214.0)	(19.0, 2981.0)	(20.0, 5633.0)	(21.0, 8577.0)	(22.0, 11251.0)	(23.0, 13470.0)	(24.0, 16379.0)	(25.0, 19585.0)	(26.0, 23883.0)	(27.0, 27585.0)	(28.0, 33499.0)	(29.0, 41017.0)	(30.0, 50505.0)	(31.0, 62748.0)	(32.0, 85840.0)	(33.0, 123520.0)	(34.0, 185857.0)	(35.0, 257834.0)	(36.0, 384160.0)	(37.0, 473492.0)	(38.0, 556681.0)	(39.0, 2163670.0)	(40.0, 226459.0)					
IDDLNTM6.B_R2	(12.0, 3.0)	(13.0, 14.0)	(14.0, 43.0)	(15.0, 445.0)	(16.0, 2972.0)	(17.0, 7517.0)	(18.0, 11072.0)	(19.0, 11758.0)	(20.0, 12954.0)	(21.0, 14573.0)	(22.0, 16032.0)	(23.0, 17792.0)	(24.0, 20837.0)	(25.0, 23872.0)	(26.0, 27502.0)	(27.0, 30983.0)	(28.0, 37381.0)	(29.0, 44670.0)	(30.0, 51672.0)	(31.0, 56404.0)	(32.0, 70205.0)	(33.0, 85891.0)	(34.0, 110163.0)	(35.0, 142448.0)	(36.0, 207607.0)	(37.0, 348287.0)	(38.0, 954120.0)	(39.0, 2385511.0)	(40.0, 83591.0)		
IDDLNTM60_R1	(15.0, 2.0)	(16.0, 40.0)	(17.0, 223.0)	(18.0, 739.0)	(19.0, 1775.0)	(20.0, 3344.0)	(21.0, 5133.0)	(22.0, 6818.0)	(23.0, 8186.0)	(24.0, 10235.0)	(25.0, 12753.0)	(26.0, 15614.0)	(27.0, 18336.0)	(28.0, 23310.0)	(29.0, 29942.0)	(30.0, 39140.0)	(31.0, 54025.0)	(32.0, 85723.0)	(33.0, 134529.0)	(34.0, 194976.0)	(35.0, 236059.0)	(36.0, 275153.0)	(37.0, 253109.0)	(38.0, 367595.0)	(39.0, 1613664.0)	(40.0, 165683.0)					
IDDLNTM60_R2	(12.0, 2.0)	(13.0, 9.0)	(14.0, 22.0)	(15.0, 164.0)	(16.0, 1390.0)	(17.0, 3745.0)	(18.0, 5774.0)	(19.0, 6458.0)	(20.0, 7310.0)	(21.0, 8157.0)	(22.0, 9433.0)	(23.0, 10577.0)	(24.0, 12469.0)	(25.0, 14626.0)	(26.0, 16975.0)	(27.0, 19066.0)	(28.0, 23596.0)	(29.0, 28888.0)	(30.0, 33831.0)	(31.0, 36362.0)	(32.0, 45338.0)	(33.0, 56293.0)	(34.0, 72761.0)	(35.0, 95631.0)	(36.0, 140451.0)	(37.0, 235692.0)	(38.0, 681466.0)	(39.0, 1924570.0)	(40.0, 65050.0)		
IDDLNTM61_R1	(15.0, 1.0)	(16.0, 51.0)	(17.0, 282.0)	(18.0, 908.0)	(19.0, 2105.0)	(20.0, 4046.0)	(21.0, 6139.0)	(22.0, 8141.0)	(23.0, 9802.0)	(24.0, 12073.0)	(25.0, 14503.0)	(26.0, 17352.0)	(27.0, 20268.0)	(28.0, 24662.0)	(29.0, 30161.0)	(30.0, 37461.0)	(31.0, 45768.0)	(32.0, 61961.0)	(33.0, 87761.0)	(34.0, 132955.0)	(35.0, 197408.0)	(36.0, 325186.0)	(37.0, 443446.0)	(38.0, 527109.0)	(39.0, 1820673.0)	(40.0, 185799.0)					
IDDLNTM61_R2	(12.0, 3.0)	(13.0, 18.0)	(14.0, 35.0)	(15.0, 392.0)	(16.0, 2573.0)	(17.0, 6521.0)	(18.0, 9074.0)	(19.0, 9770.0)	(20.0, 10886.0)	(21.0, 11864.0)	(22.0, 13185.0)	(23.0, 14378.0)	(24.0, 16720.0)	(25.0, 19111.0)	(26.0, 22040.0)	(27.0, 24535.0)	(28.0, 29400.0)	(29.0, 34865.0)	(30.0, 40955.0)	(31.0, 43948.0)	(32.0, 54313.0)	(33.0, 66981.0)	(34.0, 86425.0)	(35.0, 112481.0)	(36.0, 164196.0)	(37.0, 276409.0)	(38.0, 794154.0)	(39.0, 2080351.0)	(40.0, 70438.0)		
IDDLNTM63_R1	(15.0, 5.0)	(16.0, 56.0)	(17.0, 372.0)	(18.0, 1075.0)	(19.0, 2264.0)	(20.0, 4359.0)	(21.0, 6303.0)	(22.0, 8496.0)	(23.0, 10337.0)	(24.0, 12900.0)	(25.0, 15832.0)	(26.0, 19186.0)	(27.0, 22896.0)	(28.0, 28624.0)	(29.0, 36020.0)	(30.0, 45608.0)	(31.0, 59661.0)	(32.0, 88322.0)	(33.0, 132057.0)	(34.0, 190847.0)	(35.0, 240307.0)	(36.0, 295943.0)	(37.0, 294861.0)	(38.0, 417887.0)	(39.0, 1816109.0)	(40.0, 200154.0)					
IDDLNTM63_R2	(12.0, 1.0)	(13.0, 9.0)	(14.0, 43.0)	(15.0, 276.0)	(16.0, 2125.0)	(17.0, 5473.0)	(18.0, 8186.0)	(19.0, 9045.0)	(20.0, 10046.0)	(21.0, 11106.0)	(22.0, 12665.0)	(23.0, 13774.0)	(24.0, 16664.0)	(25.0, 18914.0)	(26.0, 22084.0)	(27.0, 25308.0)	(28.0, 30252.0)	(29.0, 36608.0)	(30.0, 42292.0)	(31.0, 45775.0)	(32.0, 56733.0)	(33.0, 69088.0)	(34.0, 88882.0)	(35.0, 113569.0)	(36.0, 165117.0)	(37.0, 274118.0)	(38.0, 767296.0)	(39.0, 2036625.0)	(40.0, 68407.0)		
IDDLNTM64_R1	(16.0, 60.0)	(17.0, 310.0)	(18.0, 875.0)	(19.0, 1936.0)	(20.0, 3490.0)	(21.0, 5144.0)	(22.0, 7163.0)	(23.0, 8813.0)	(24.0, 11238.0)	(25.0, 13467.0)	(26.0, 16688.0)	(27.0, 19979.0)	(28.0, 24931.0)	(29.0, 31100.0)	(30.0, 39043.0)	(31.0, 50101.0)	(32.0, 72375.0)	(33.0, 107900.0)	(34.0, 159815.0)	(35.0, 212374.0)	(36.0, 276716.0)	(37.0, 298392.0)	(38.0, 399870.0)	(39.0, 1847823.0)	(40.0, 205695.0)						
IDDLNTM64_R2	(12.0, 3.0)	(13.0, 6.0)	(14.0, 34.0)	(15.0, 288.0)	(16.0, 1957.0)	(17.0, 5032.0)	(18.0, 7171.0)	(19.0, 7755.0)	(20.0, 9040.0)	(21.0, 9806.0)	(22.0, 11161.0)	(23.0, 12386.0)	(24.0, 14774.0)	(25.0, 17429.0)	(26.0, 20085.0)	(27.0, 22763.0)	(28.0, 27456.0)	(29.0, 32983.0)	(30.0, 39286.0)	(31.0, 42528.0)	(32.0, 52198.0)	(33.0, 64433.0)	(34.0, 82382.0)	(35.0, 105905.0)	(36.0, 153793.0)	(37.0, 250995.0)	(38.0, 698603.0)	(39.0, 2049680.0)	(40.0, 75366.0)		
IDDLNTM67_R1	(15.0, 2.0)	(16.0, 55.0)	(17.0, 311.0)	(18.0, 916.0)	(19.0, 1800.0)	(20.0, 3321.0)	(21.0, 4944.0)	(22.0, 6455.0)	(23.0, 8011.0)	(24.0, 9902.0)	(25.0, 12228.0)	(26.0, 14919.0)	(27.0, 17833.0)	(28.0, 22253.0)	(29.0, 27467.0)	(30.0, 34943.0)	(31.0, 43818.0)	(32.0, 61251.0)	(33.0, 89151.0)	(34.0, 134998.0)	(35.0, 190068.0)	(36.0, 284146.0)	(37.0, 351375.0)	(38.0, 468306.0)	(39.0, 2079115.0)	(40.0, 225613.0)					
IDDLNTM67_R2	(12.0, 1.0)	(13.0, 17.0)	(14.0, 52.0)	(15.0, 347.0)	(16.0, 2196.0)	(17.0, 5416.0)	(18.0, 7506.0)	(19.0, 7953.0)	(20.0, 8967.0)	(21.0, 9820.0)	(22.0, 11219.0)	(23.0, 12940.0)	(24.0, 15303.0)	(25.0, 18302.0)	(26.0, 21473.0)	(27.0, 25405.0)	(28.0, 31299.0)	(29.0, 38676.0)	(30.0, 47601.0)	(31.0, 55127.0)	(32.0, 73170.0)	(33.0, 102233.0)	(34.0, 155173.0)	(35.0, 220273.0)	(36.0, 304093.0)	(37.0, 378930.0)	(38.0, 625027.0)	(39.0, 1841108.0)	(40.0, 73574.0)		
IDDLNTM68_R1	(15.0, 1.0)	(16.0, 45.0)	(17.0, 292.0)	(18.0, 918.0)	(19.0, 1996.0)	(20.0, 3550.0)	(21.0, 5525.0)	(22.0, 7279.0)	(23.0, 9243.0)	(24.0, 11775.0)	(25.0, 14392.0)	(26.0, 18113.0)	(27.0, 21435.0)	(28.0, 27638.0)	(29.0, 34472.0)	(30.0, 44356.0)	(31.0, 58760.0)	(32.0, 87477.0)	(33.0, 134210.0)	(34.0, 200543.0)	(35.0, 259063.0)	(36.0, 317622.0)	(37.0, 315522.0)	(38.0, 489768.0)	(39.0, 2246210.0)	(40.0, 230084.0)					
IDDLNTM68_R2	(12.0, 3.0)	(13.0, 30.0)	(14.0, 52.0)	(15.0, 409.0)	(16.0, 2837.0)	(17.0, 6415.0)	(18.0, 8752.0)	(19.0, 9341.0)	(20.0, 10344.0)	(21.0, 11588.0)	(22.0, 12915.0)	(23.0, 14419.0)	(24.0, 17233.0)	(25.0, 19558.0)	(26.0, 23303.0)	(27.0, 26567.0)	(28.0, 31868.0)	(29.0, 39236.0)	(30.0, 46190.0)	(31.0, 50121.0)	(32.0, 62290.0)	(33.0, 76860.0)	(34.0, 99412.0)	(35.0, 129518.0)	(36.0, 189410.0)	(37.0, 311884.0)	(38.0, 850609.0)	(39.0, 2408289.0)	(40.0, 80836.0)		
IDDLNTM7.A_R1	(15.0, 2.0)	(16.0, 95.0)	(17.0, 408.0)	(18.0, 1383.0)	(19.0, 3244.0)	(20.0, 6324.0)	(21.0, 9345.0)	(22.0, 12318.0)	(23.0, 14984.0)	(24.0, 18539.0)	(25.0, 22315.0)	(26.0, 26751.0)	(27.0, 31316.0)	(28.0, 39068.0)	(29.0, 48337.0)	(30.0, 61488.0)	(31.0, 80908.0)	(32.0, 123526.0)	(33.0, 188370.0)	(34.0, 270104.0)	(35.0, 318975.0)	(36.0, 352175.0)	(37.0, 338580.0)	(38.0, 527684.0)	(39.0, 2279551.0)	(40.0, 229184.0)					
IDDLNTM7.A_R2	(12.0, 1.0)	(13.0, 24.0)	(14.0, 63.0)	(15.0, 459.0)	(16.0, 3252.0)	(17.0, 8521.0)	(18.0, 12574.0)	(19.0, 13515.0)	(20.0, 14727.0)	(21.0, 15931.0)	(22.0, 17880.0)	(23.0, 19649.0)	(24.0, 22695.0)	(25.0, 25981.0)	(26.0, 30115.0)	(27.0, 33420.0)	(28.0, 39774.0)	(29.0, 47300.0)	(30.0, 55367.0)	(31.0, 59558.0)	(32.0, 72888.0)	(33.0, 90395.0)	(34.0, 115333.0)	(35.0, 147117.0)	(36.0, 214453.0)	(37.0, 355237.0)	(38.0, 984124.0)	(39.0, 2528491.0)	(40.0, 76130.0)		
IDDLNTM7.B_R1	(15.0, 2.0)	(16.0, 68.0)	(17.0, 436.0)	(18.0, 1360.0)	(19.0, 3094.0)	(20.0, 5865.0)	(21.0, 8847.0)	(22.0, 11507.0)	(23.0, 13666.0)	(24.0, 17346.0)	(25.0, 21247.0)	(26.0, 25548.0)	(27.0, 30284.0)	(28.0, 37591.0)	(29.0, 47501.0)	(30.0, 61283.0)	(31.0, 85664.0)	(32.0, 143351.0)	(33.0, 218724.0)	(34.0, 287675.0)	(35.0, 306071.0)	(36.0, 302549.0)	(37.0, 289681.0)	(38.0, 481459.0)	(39.0, 2118778.0)	(40.0, 229599.0)					
IDDLNTM7.B_R2	(12.0, 5.0)	(13.0, 15.0)	(14.0, 40.0)	(15.0, 384.0)	(16.0, 2780.0)	(17.0, 7232.0)	(18.0, 10624.0)	(19.0, 11462.0)	(20.0, 12937.0)	(21.0, 14003.0)	(22.0, 15697.0)	(23.0, 17383.0)	(24.0, 20130.0)	(25.0, 22990.0)	(26.0, 26742.0)	(27.0, 30055.0)	(28.0, 36129.0)	(29.0, 43201.0)	(30.0, 50840.0)	(31.0, 55154.0)	(32.0, 68214.0)	(33.0, 83749.0)	(34.0, 107722.0)	(35.0, 138945.0)	(36.0, 202240.0)	(37.0, 337097.0)	(38.0, 927587.0)	(39.0, 2423548.0)	(40.0, 82291.0)		
IDDLNTM7.C_R1	(15.0, 3.0)	(16.0, 103.0)	(17.0, 521.0)	(18.0, 1685.0)	(19.0, 3845.0)	(20.0, 7202.0)	(21.0, 10717.0)	(22.0, 13998.0)	(23.0, 16573.0)	(24.0, 20093.0)	(25.0, 23921.0)	(26.0, 28237.0)	(27.0, 32835.0)	(28.0, 40193.0)	(29.0, 47840.0)	(30.0, 58922.0)	(31.0, 71391.0)	(32.0, 96344.0)	(33.0, 135070.0)	(34.0, 198854.0)	(35.0, 277660.0)	(36.0, 421643.0)	(37.0, 527203.0)	(38.0, 638665.0)	(39.0, 2524549.0)	(40.0, 270161.0)					
IDDLNTM7.C_R2	(11.0, 1.0)	(12.0, 3.0)	(13.0, 17.0)	(14.0, 59.0)	(15.0, 442.0)	(16.0, 3304.0)	(17.0, 8678.0)	(18.0, 12611.0)	(19.0, 13958.0)	(20.0, 15375.0)	(21.0, 17191.0)	(22.0, 19056.0)	(23.0, 21083.0)	(24.0, 24738.0)	(25.0, 28268.0)	(26.0, 32676.0)	(27.0, 36825.0)	(28.0, 44413.0)	(29.0, 52687.0)	(30.0, 61630.0)	(31.0, 66954.0)	(32.0, 81752.0)	(33.0, 101125.0)	(34.0, 127460.0)	(35.0, 164179.0)	(36.0, 237873.0)	(37.0, 395454.0)	(38.0, 1083454.0)	(39.0, 2721787.0)	(40.0, 95175.0)	
IDDLNTM70_R1	(16.0, 34.0)	(17.0, 173.0)	(18.0, 512.0)	(19.0, 1208.0)	(20.0, 2271.0)	(21.0, 3563.0)	(22.0, 4764.0)	(23.0, 6087.0)	(24.0, 7761.0)	(25.0, 9899.0)	(26.0, 12551.0)	(27.0, 15720.0)	(28.0, 20480.0)	(29.0, 26755.0)	(30.0, 37337.0)	(31.0, 59146.0)	(32.0, 110087.0)	(33.0, 161752.0)	(34.0, 177257.0)	(35.0, 153261.0)	(36.0, 150899.0)	(37.0, 179557.0)	(38.0, 367711.0)	(39.0, 1957697.0)	(40.0, 234833.0)						
IDDLNTM70_R2	(12.0, 1.0)	(13.0, 13.0)	(14.0, 21.0)	(15.0, 203.0)	(16.0, 1326.0)	(17.0, 3445.0)	(18.0, 5160.0)	(19.0, 5729.0)	(20.0, 6542.0)	(21.0, 7454.0)	(22.0, 8282.0)	(23.0, 9499.0)	(24.0, 11470.0)	(25.0, 13234.0)	(26.0, 16044.0)	(27.0, 18474.0)	(28.0, 22417.0)	(29.0, 27436.0)	(30.0, 32525.0)	(31.0, 34891.0)	(32.0, 44187.0)	(33.0, 55661.0)	(34.0, 71805.0)	(35.0, 95104.0)	(36.0, 140681.0)	(37.0, 239282.0)	(38.0, 688992.0)	(39.0, 2072047.0)	(40.0, 69390.0)		
IDDLNTM71_R1	(15.0, 2.0)	(16.0, 58.0)	(17.0, 272.0)	(18.0, 847.0)	(19.0, 1760.0)	(20.0, 3265.0)	(21.0, 4683.0)	(22.0, 6304.0)	(23.0, 7739.0)	(24.0, 9919.0)	(25.0, 12040.0)	(26.0, 14835.0)	(27.0, 17457.0)	(28.0, 22126.0)	(29.0, 27371.0)	(30.0, 34305.0)	(31.0, 43217.0)	(32.0, 61290.0)	(33.0, 89280.0)	(34.0, 133247.0)	(35.0, 182087.0)	(36.0, 248852.0)	(37.0, 276568.0)	(38.0, 378441.0)	(39.0, 1707761.0)	(40.0, 196352.0)					
IDDLNTM71_R2	(12.0, 1.0)	(13.0, 7.0)	(14.0, 39.0)	(15.0, 235.0)	(16.0, 1522.0)	(17.0, 4107.0)	(18.0, 6114.0)	(19.0, 6677.0)	(20.0, 7369.0)	(21.0, 8510.0)	(22.0, 9619.0)	(23.0, 10851.0)	(24.0, 12983.0)	(25.0, 15095.0)	(26.0, 17810.0)	(27.0, 20236.0)	(28.0, 24662.0)	(29.0, 29661.0)	(30.0, 35500.0)	(31.0, 38089.0)	(32.0, 46752.0)	(33.0, 58987.0)	(34.0, 74705.0)	(35.0, 96404.0)	(36.0, 138662.0)	(37.0, 227179.0)	(38.0, 621363.0)	(39.0, 1893962.0)	(40.0, 72977.0)		
IDDLNTM72_R1	(15.0, 1.0)	(16.0, 30.0)	(17.0, 182.0)	(18.0, 603.0)	(19.0, 1254.0)	(20.0, 2286.0)	(21.0, 3557.0)	(22.0, 4937.0)	(23.0, 6517.0)	(24.0, 8640.0)	(25.0, 11390.0)	(26.0, 14611.0)	(27.0, 18280.0)	(28.0, 24495.0)	(29.0, 31949.0)	(30.0, 44403.0)	(31.0, 66038.0)	(32.0, 119442.0)	(33.0, 185089.0)	(34.0, 213693.0)	(35.0, 184921.0)	(36.0, 146998.0)	(37.0, 129884.0)	(38.0, 197934.0)	(39.0, 631359.0)	(40.0, 41963.0)					
IDDLNTM72_R2	(12.0, 1.0)	(13.0, 1.0)	(14.0, 9.0)	(15.0, 41.0)	(16.0, 399.0)	(17.0, 924.0)	(18.0, 1279.0)	(19.0, 1485.0)	(20.0, 1758.0)	(21.0, 2036.0)	(22.0, 2640.0)	(23.0, 2948.0)	(24.0, 3752.0)	(25.0, 4561.0)	(26.0, 5690.0)	(27.0, 7052.0)	(28.0, 9055.0)	(29.0, 11710.0)	(30.0, 14720.0)	(31.0, 16056.0)	(32.0, 21363.0)	(33.0, 28372.0)	(34.0, 38445.0)	(35.0, 52817.0)	(36.0, 82403.0)	(37.0, 150291.0)	(38.0, 488757.0)	(39.0, 1104248.0)	(40.0, 37643.0)		
IDDLNTM73_R1	(15.0, 2.0)	(16.0, 60.0)	(17.0, 386.0)	(18.0, 1052.0)	(19.0, 2236.0)	(20.0, 4302.0)	(21.0, 6374.0)	(22.0, 8629.0)	(23.0, 10664.0)	(24.0, 13423.0)	(25.0, 16762.0)	(26.0, 20867.0)	(27.0, 24909.0)	(28.0, 32191.0)	(29.0, 40572.0)	(30.0, 53493.0)	(31.0, 73724.0)	(32.0, 117134.0)	(33.0, 181556.0)	(34.0, 258168.0)	(35.0, 305633.0)	(36.0, 339049.0)	(37.0, 327376.0)	(38.0, 542815.0)	(39.0, 2547377.0)	(40.0, 274722.0)					
IDDLNTM73_R2	(11.0, 1.0)	(12.0, 4.0)	(13.0, 21.0)	(14.0, 58.0)	(15.0, 462.0)	(16.0, 2880.0)	(17.0, 7327.0)	(18.0, 10245.0)	(19.0, 11164.0)	(20.0, 12623.0)	(21.0, 13777.0)	(22.0, 15460.0)	(23.0, 17357.0)	(24.0, 20636.0)	(25.0, 23665.0)	(26.0, 27769.0)	(27.0, 31627.0)	(28.0, 38527.0)	(29.0, 46226.0)	(30.0, 53901.0)	(31.0, 58735.0)	(32.0, 72262.0)	(33.0, 89559.0)	(34.0, 114280.0)	(35.0, 148078.0)	(36.0, 217498.0)	(37.0, 364578.0)	(38.0, 1013439.0)	(39.0, 2700970.0)	(40.0, 90347.0)	
IDDLNTM74_R1	(15.0, 1.0)	(16.0, 43.0)	(17.0, 333.0)	(18.0, 930.0)	(19.0, 2003.0)	(20.0, 3750.0)	(21.0, 5703.0)	(22.0, 7509.0)	(23.0, 9213.0)	(24.0, 11933.0)	(25.0, 14578.0)	(26.0, 18034.0)	(27.0, 22120.0)	(28.0, 28161.0)	(29.0, 35888.0)	(30.0, 47788.0)	(31.0, 66882.0)	(32.0, 109675.0)	(33.0, 168002.0)	(34.0, 230391.0)	(35.0, 256924.0)	(36.0, 265430.0)	(37.0, 258103.0)	(38.0, 425547.0)	(39.0, 2149091.0)	(40.0, 264991.0)					
IDDLNTM74_R2	(12.0, 2.0)	(13.0, 12.0)	(14.0, 26.0)	(15.0, 331.0)	(16.0, 2208.0)	(17.0, 5477.0)	(18.0, 7743.0)	(19.0, 8454.0)	(20.0, 9595.0)	(21.0, 10605.0)	(22.0, 11861.0)	(23.0, 13229.0)	(24.0, 15861.0)	(25.0, 18400.0)	(26.0, 21478.0)	(27.0, 24768.0)	(28.0, 29737.0)	(29.0, 36629.0)	(30.0, 42174.0)	(31.0, 45859.0)	(32.0, 56924.0)	(33.0, 70243.0)	(34.0, 90982.0)	(35.0, 117959.0)	(36.0, 172453.0)	(37.0, 291061.0)	(38.0, 849082.0)	(39.0, 2373016.0)	(40.0, 76854.0)		
IDDLNTM75_R1	(15.0, 3.0)	(16.0, 64.0)	(17.0, 315.0)	(18.0, 1041.0)	(19.0, 2066.0)	(20.0, 3756.0)	(21.0, 5522.0)	(22.0, 7417.0)	(23.0, 9483.0)	(24.0, 12246.0)	(25.0, 15003.0)	(26.0, 18697.0)	(27.0, 22384.0)	(28.0, 28903.0)	(29.0, 36761.0)	(30.0, 49773.0)	(31.0, 72004.0)	(32.0, 124621.0)	(33.0, 192198.0)	(34.0, 247578.0)	(35.0, 257625.0)	(36.0, 249155.0)	(37.0, 240142.0)	(38.0, 431618.0)	(39.0, 1992934.0)	(40.0, 209369.0)					
IDDLNTM75_R2	(12.0, 4.0)	(13.0, 3.0)	(14.0, 35.0)	(15.0, 268.0)	(16.0, 1474.0)	(17.0, 4120.0)	(18.0, 6172.0)	(19.0, 6661.0)	(20.0, 7495.0)	(21.0, 8520.0)	(22.0, 9800.0)	(23.0, 11262.0)	(24.0, 13301.0)	(25.0, 15747.0)	(26.0, 18843.0)	(27.0, 21564.0)	(28.0, 26414.0)	(29.0, 32138.0)	(30.0, 38219.0)	(31.0, 41826.0)	(32.0, 52242.0)	(33.0, 65186.0)	(34.0, 84966.0)	(35.0, 111562.0)	(36.0, 163954.0)	(37.0, 278988.0)	(38.0, 811202.0)	(39.0, 2316913.0)	(40.0, 81799.0)		
IDDLNTM76_R1	(15.0, 4.0)	(16.0, 63.0)	(17.0, 347.0)	(18.0, 1060.0)	(19.0, 2348.0)	(20.0, 4264.0)	(21.0, 6338.0)	(22.0, 8445.0)	(23.0, 10349.0)	(24.0, 13287.0)	(25.0, 16142.0)	(26.0, 20098.0)	(27.0, 24157.0)	(28.0, 31044.0)	(29.0, 39937.0)	(30.0, 51897.0)	(31.0, 74291.0)	(32.0, 124281.0)	(33.0, 193435.0)	(34.0, 259888.0)	(35.0, 278435.0)	(36.0, 276993.0)	(37.0, 275308.0)	(38.0, 464135.0)	(39.0, 2285825.0)	(40.0, 256158.0)					
IDDLNTM76_R2	(12.0, 2.0)	(13.0, 13.0)	(14.0, 49.0)	(15.0, 387.0)	(16.0, 2764.0)	(17.0, 6820.0)	(18.0, 9589.0)	(19.0, 10271.0)	(20.0, 11349.0)	(21.0, 12477.0)	(22.0, 14117.0)	(23.0, 15887.0)	(24.0, 18535.0)	(25.0, 21776.0)	(26.0, 25312.0)	(27.0, 28875.0)	(28.0, 34749.0)	(29.0, 41847.0)	(30.0, 48762.0)	(31.0, 52396.0)	(32.0, 65271.0)	(33.0, 80553.0)	(34.0, 103666.0)	(35.0, 133481.0)	(36.0, 196208.0)	(37.0, 334835.0)	(38.0, 958814.0)	(39.0, 2413784.0)	(40.0, 75940.0)		
IDDLNTM77_R1	(15.0, 2.0)	(16.0, 37.0)	(17.0, 254.0)	(18.0, 722.0)	(19.0, 1457.0)	(20.0, 2648.0)	(21.0, 3984.0)	(22.0, 5584.0)	(23.0, 7088.0)	(24.0, 9430.0)	(25.0, 12117.0)	(26.0, 15554.0)	(27.0, 19101.0)	(28.0, 25517.0)	(29.0, 33133.0)	(30.0, 46182.0)	(31.0, 73623.0)	(32.0, 135054.0)	(33.0, 211491.0)	(34.0, 260245.0)	(35.0, 239101.0)	(36.0, 197967.0)	(37.0, 167285.0)	(38.0, 258842.0)	(39.0, 1129156.0)	(40.0, 125896.0)					
IDDLNTM77_R2	(13.0, 11.0)	(14.0, 22.0)	(15.0, 176.0)	(16.0, 1446.0)	(17.0, 3228.0)	(18.0, 4682.0)	(19.0, 5065.0)	(20.0, 5721.0)	(21.0, 6438.0)	(22.0, 7158.0)	(23.0, 8331.0)	(24.0, 9764.0)	(25.0, 11554.0)	(26.0, 13609.0)	(27.0, 15560.0)	(28.0, 19000.0)	(29.0, 23434.0)	(30.0, 27680.0)	(31.0, 29781.0)	(32.0, 37374.0)	(33.0, 47106.0)	(34.0, 60839.0)	(35.0, 79060.0)	(36.0, 115936.0)	(37.0, 201903.0)	(38.0, 627911.0)	(39.0, 1562715.0)	(40.0, 55966.0)			
IDDLNTM78_R1	(16.0, 71.0)	(17.0, 373.0)	(18.0, 1120.0)	(19.0, 2414.0)	(20.0, 4366.0)	(21.0, 6502.0)	(22.0, 8895.0)	(23.0, 11108.0)	(24.0, 14301.0)	(25.0, 17859.0)	(26.0, 22247.0)	(27.0, 26898.0)	(28.0, 34885.0)	(29.0, 43968.0)	(30.0, 58039.0)	(31.0, 80913.0)	(32.0, 136194.0)	(33.0, 210926.0)	(34.0, 276205.0)	(35.0, 289030.0)	(36.0, 282271.0)	(37.0, 281196.0)	(38.0, 496879.0)	(39.0, 2097813.0)	(40.0, 189777.0)						
IDDLNTM78_R2	(11.0, 1.0)	(12.0, 2.0)	(13.0, 12.0)	(14.0, 25.0)	(15.0, 231.0)	(16.0, 1482.0)	(17.0, 3821.0)	(18.0, 5700.0)	(19.0, 6069.0)	(20.0, 7001.0)	(21.0, 7809.0)	(22.0, 9255.0)	(23.0, 10397.0)	(24.0, 12787.0)	(25.0, 15302.0)	(26.0, 18262.0)	(27.0, 21148.0)	(28.0, 26430.0)	(29.0, 32979.0)	(30.0, 39335.0)	(31.0, 42913.0)	(32.0, 54484.0)	(33.0, 69585.0)	(34.0, 91496.0)	(35.0, 122203.0)	(36.0, 182874.0)	(37.0, 314817.0)	(38.0, 910059.0)	(39.0, 2502781.0)	(40.0, 84990.0)	
IDDLNTM79_R1	(15.0, 4.0)	(16.0, 52.0)	(17.0, 351.0)	(18.0, 973.0)	(19.0, 2216.0)	(20.0, 3961.0)	(21.0, 6022.0)	(22.0, 8104.0)	(23.0, 10025.0)	(24.0, 12553.0)	(25.0, 15069.0)	(26.0, 18477.0)	(27.0, 21436.0)	(28.0, 26333.0)	(29.0, 32017.0)	(30.0, 39186.0)	(31.0, 46993.0)	(32.0, 60536.0)	(33.0, 78116.0)	(34.0, 107671.0)	(35.0, 154648.0)	(36.0, 265163.0)	(37.0, 478553.0)	(38.0, 825797.0)	(39.0, 2573747.0)	(40.0, 236021.0)					
IDDLNTM79_R2	(12.0, 2.0)	(13.0, 16.0)	(14.0, 42.0)	(15.0, 386.0)	(16.0, 2479.0)	(17.0, 6363.0)	(18.0, 9042.0)	(19.0, 9758.0)	(20.0, 10979.0)	(21.0, 12490.0)	(22.0, 14163.0)	(23.0, 15909.0)	(24.0, 19044.0)	(25.0, 22361.0)	(26.0, 26356.0)	(27.0, 30239.0)	(28.0, 36328.0)	(29.0, 44417.0)	(30.0, 51815.0)	(31.0, 56284.0)	(32.0, 70235.0)	(33.0, 87270.0)	(34.0, 112078.0)	(35.0, 146047.0)	(36.0, 213787.0)	(37.0, 361882.0)	(38.0, 1000811.0)	(39.0, 2581194.0)	(40.0, 82247.0)		
IDDLNTM81_R1	(15.0, 1.0)	(16.0, 42.0)	(17.0, 297.0)	(18.0, 834.0)	(19.0, 1791.0)	(20.0, 3358.0)	(21.0, 4919.0)	(22.0, 6597.0)	(23.0, 8185.0)	(24.0, 10360.0)	(25.0, 13020.0)	(26.0, 16087.0)	(27.0, 19765.0)	(28.0, 25718.0)	(29.0, 33381.0)	(30.0, 45415.0)	(31.0, 68792.0)	(32.0, 122196.0)	(33.0, 184976.0)	(34.0, 221345.0)	(35.0, 209348.0)	(36.0, 199199.0)	(37.0, 214017.0)	(38.0, 405031.0)	(39.0, 1950071.0)	(40.0, 220915.0)					
IDDLNTM81_R2	(12.0, 1.0)	(13.0, 10.0)	(14.0, 42.0)	(15.0, 298.0)	(16.0, 2105.0)	(17.0, 5269.0)	(18.0, 7865.0)	(19.0, 8206.0)	(20.0, 9145.0)	(21.0, 10095.0)	(22.0, 11333.0)	(23.0, 12694.0)	(24.0, 15074.0)	(25.0, 17528.0)	(26.0, 20963.0)	(27.0, 23425.0)	(28.0, 28561.0)	(29.0, 34798.0)	(30.0, 40610.0)	(31.0, 43873.0)	(32.0, 54452.0)	(33.0, 67962.0)	(34.0, 86754.0)	(35.0, 112307.0)	(36.0, 162675.0)	(37.0, 270190.0)	(38.0, 733070.0)	(39.0, 2129572.0)	(40.0, 76783.0)		
IDDLNTM82_R1	(15.0, 2.0)	(16.0, 40.0)	(17.0, 273.0)	(18.0, 732.0)	(19.0, 1602.0)	(20.0, 3025.0)	(21.0, 4435.0)	(22.0, 6084.0)	(23.0, 7510.0)	(24.0, 9603.0)	(25.0, 11824.0)	(26.0, 14507.0)	(27.0, 17415.0)	(28.0, 22555.0)	(29.0, 28105.0)	(30.0, 35684.0)	(31.0, 45643.0)	(32.0, 65628.0)	(33.0, 97247.0)	(34.0, 147004.0)	(35.0, 205476.0)	(36.0, 301339.0)	(37.0, 353421.0)	(38.0, 497938.0)	(39.0, 2188004.0)	(40.0, 211660.0)					
IDDLNTM82_R2	(12.0, 1.0)	(13.0, 15.0)	(14.0, 35.0)	(15.0, 289.0)	(16.0, 1708.0)	(17.0, 4153.0)	(18.0, 5426.0)	(19.0, 5884.0)	(20.0, 6491.0)	(21.0, 7414.0)	(22.0, 8672.0)	(23.0, 9697.0)	(24.0, 11522.0)	(25.0, 13874.0)	(26.0, 16660.0)	(27.0, 19441.0)	(28.0, 23848.0)	(29.0, 30176.0)	(30.0, 36473.0)	(31.0, 39402.0)	(32.0, 50347.0)	(33.0, 63791.0)	(34.0, 84700.0)	(35.0, 113343.0)	(36.0, 170614.0)	(37.0, 294331.0)	(38.0, 833839.0)	(39.0, 2338812.0)	(40.0, 85798.0)		
IDDLNTM83_R1	(15.0, 3.0)	(16.0, 65.0)	(17.0, 321.0)	(18.0, 926.0)	(19.0, 2169.0)	(20.0, 3896.0)	(21.0, 5955.0)	(22.0, 7830.0)	(23.0, 9908.0)	(24.0, 12395.0)	(25.0, 15291.0)	(26.0, 19135.0)	(27.0, 22833.0)	(28.0, 29393.0)	(29.0, 37698.0)	(30.0, 49829.0)	(31.0, 70796.0)	(32.0, 117771.0)	(33.0, 186357.0)	(34.0, 257488.0)	(35.0, 285202.0)	(36.0, 293969.0)	(37.0, 289231.0)	(38.0, 520852.0)	(39.0, 2505015.0)	(40.0, 282400.0)					
IDDLNTM83_R2	(12.0, 4.0)	(13.0, 15.0)	(14.0, 64.0)	(15.0, 454.0)	(16.0, 2924.0)	(17.0, 7666.0)	(18.0, 10942.0)	(19.0, 11665.0)	(20.0, 12920.0)	(21.0, 14412.0)	(22.0, 16211.0)	(23.0, 17821.0)	(24.0, 20866.0)	(25.0, 24587.0)	(26.0, 28671.0)	(27.0, 32574.0)	(28.0, 39299.0)	(29.0, 47397.0)	(30.0, 55233.0)	(31.0, 60908.0)	(32.0, 75751.0)	(33.0, 93539.0)	(34.0, 120865.0)	(35.0, 158178.0)	(36.0, 240326.0)	(37.0, 432196.0)	(38.0, 1032407.0)	(39.0, 2388824.0)	(40.0, 80009.0)		
IDDLNTM84_R1	(15.0, 5.0)	(16.0, 90.0)	(17.0, 473.0)	(18.0, 1216.0)	(19.0, 2539.0)	(20.0, 4562.0)	(21.0, 6750.0)	(22.0, 8769.0)	(23.0, 10757.0)	(24.0, 13797.0)	(25.0, 16635.0)	(26.0, 20510.0)	(27.0, 24417.0)	(28.0, 30785.0)	(29.0, 38951.0)	(30.0, 49994.0)	(31.0, 66376.0)	(32.0, 101332.0)	(33.0, 154952.0)	(34.0, 225847.0)	(35.0, 286842.0)	(36.0, 341658.0)	(37.0, 330288.0)	(38.0, 499859.0)	(39.0, 2279866.0)	(40.0, 236437.0)					
IDDLNTM84_R2	(12.0, 5.0)	(13.0, 22.0)	(14.0, 66.0)	(15.0, 408.0)	(16.0, 2693.0)	(17.0, 6582.0)	(18.0, 9941.0)	(19.0, 10651.0)	(20.0, 11611.0)	(21.0, 12944.0)	(22.0, 14411.0)	(23.0, 16120.0)	(24.0, 19187.0)	(25.0, 22027.0)	(26.0, 25797.0)	(27.0, 29376.0)	(28.0, 35201.0)	(29.0, 42391.0)	(30.0, 50008.0)	(31.0, 54108.0)	(32.0, 67066.0)	(33.0, 82105.0)	(34.0, 105192.0)	(35.0, 135430.0)	(36.0, 197385.0)	(37.0, 329665.0)	(38.0, 911452.0)	(39.0, 2481340.0)	(40.0, 80523.0)		
IDDLNTM85_R1	(16.0, 77.0)	(17.0, 397.0)	(18.0, 1099.0)	(19.0, 2411.0)	(20.0, 4492.0)	(21.0, 6625.0)	(22.0, 8871.0)	(23.0, 10999.0)	(24.0, 14004.0)	(25.0, 17078.0)	(26.0, 21074.0)	(27.0, 25258.0)	(28.0, 31901.0)	(29.0, 39071.0)	(30.0, 48784.0)	(31.0, 61641.0)	(32.0, 86887.0)	(33.0, 126065.0)	(34.0, 185490.0)	(35.0, 258932.0)	(36.0, 366352.0)	(37.0, 412520.0)	(38.0, 561400.0)	(39.0, 2480580.0)	(40.0, 268558.0)						
IDDLNTM85_R2	(12.0, 6.0)	(13.0, 18.0)	(14.0, 52.0)	(15.0, 399.0)	(16.0, 2881.0)	(17.0, 6696.0)	(18.0, 9460.0)	(19.0, 10329.0)	(20.0, 11235.0)	(21.0, 12605.0)	(22.0, 14540.0)	(23.0, 15826.0)	(24.0, 19118.0)	(25.0, 22297.0)	(26.0, 26432.0)	(27.0, 30281.0)	(28.0, 36475.0)	(29.0, 44061.0)	(30.0, 52318.0)	(31.0, 56807.0)	(32.0, 71423.0)	(33.0, 88449.0)	(34.0, 113605.0)	(35.0, 146820.0)	(36.0, 214162.0)	(37.0, 362140.0)	(38.0, 973377.0)	(39.0, 2602311.0)	(40.0, 96443.0)		
IDDLNTM86_R1	(15.0, 1.0)	(16.0, 71.0)	(17.0, 423.0)	(18.0, 1249.0)	(19.0, 2544.0)	(20.0, 4588.0)	(21.0, 6691.0)	(22.0, 8849.0)	(23.0, 10860.0)	(24.0, 13593.0)	(25.0, 16440.0)	(26.0, 20134.0)	(27.0, 23530.0)	(28.0, 29654.0)	(29.0, 35958.0)	(30.0, 44882.0)	(31.0, 55047.0)	(32.0, 75264.0)	(33.0, 106310.0)	(34.0, 157886.0)	(35.0, 222561.0)	(36.0, 343733.0)	(37.0, 439023.0)	(38.0, 583133.0)	(39.0, 2437254.0)	(40.0, 239786.0)					
IDDLNTM86_R2	(12.0, 3.0)	(13.0, 20.0)	(14.0, 63.0)	(15.0, 465.0)	(16.0, 3093.0)	(17.0, 7765.0)	(18.0, 11243.0)	(19.0, 11696.0)	(20.0, 12475.0)	(21.0, 13979.0)	(22.0, 15984.0)	(23.0, 17554.0)	(24.0, 20514.0)	(25.0, 23952.0)	(26.0, 28028.0)	(27.0, 31737.0)	(28.0, 38255.0)	(29.0, 45745.0)	(30.0, 53329.0)	(31.0, 58310.0)	(32.0, 72745.0)	(33.0, 89514.0)	(34.0, 114683.0)	(35.0, 148672.0)	(36.0, 217129.0)	(37.0, 363583.0)	(38.0, 977194.0)	(39.0, 2426637.0)	(40.0, 75097.0)		
IDDLNTM88_R1	(15.0, 2.0)	(16.0, 71.0)	(17.0, 474.0)	(18.0, 1489.0)	(19.0, 3601.0)	(20.0, 6716.0)	(21.0, 9953.0)	(22.0, 12816.0)	(23.0, 15070.0)	(24.0, 18345.0)	(25.0, 21867.0)	(26.0, 25734.0)	(27.0, 29914.0)	(28.0, 36790.0)	(29.0, 44322.0)	(30.0, 53728.0)	(31.0, 66970.0)	(32.0, 91143.0)	(33.0, 127871.0)	(34.0, 183555.0)	(35.0, 252531.0)	(36.0, 364201.0)	(37.0, 428601.0)	(38.0, 627854.0)	(39.0, 2892656.0)	(40.0, 327918.0)					
IDDLNTM88_R2	(11.0, 1.0)	(12.0, 2.0)	(13.0, 20.0)	(14.0, 62.0)	(15.0, 513.0)	(16.0, 3519.0)	(17.0, 9295.0)	(18.0, 13966.0)	(19.0, 15471.0)	(20.0, 16881.0)	(21.0, 18878.0)	(22.0, 20896.0)	(23.0, 22617.0)	(24.0, 26452.0)	(25.0, 30345.0)	(26.0, 35093.0)	(27.0, 38857.0)	(28.0, 46537.0)	(29.0, 55055.0)	(30.0, 63587.0)	(31.0, 68393.0)	(32.0, 83089.0)	(33.0, 102346.0)	(34.0, 128813.0)	(35.0, 164653.0)	(36.0, 235946.0)	(37.0, 383856.0)	(38.0, 1006337.0)	(39.0, 2946297.0)	(40.0, 106415.0)	
IDDLNTM89_R1	(15.0, 2.0)	(16.0, 50.0)	(17.0, 342.0)	(18.0, 906.0)	(19.0, 1988.0)	(20.0, 3744.0)	(21.0, 5351.0)	(22.0, 7069.0)	(23.0, 8745.0)	(24.0, 11231.0)	(25.0, 13696.0)	(26.0, 17014.0)	(27.0, 19876.0)	(28.0, 25232.0)	(29.0, 31001.0)	(30.0, 39259.0)	(31.0, 49754.0)	(32.0, 69182.0)	(33.0, 101001.0)	(34.0, 153319.0)	(35.0, 214866.0)	(36.0, 324947.0)	(37.0, 399675.0)	(38.0, 540864.0)	(39.0, 2399879.0)	(40.0, 262938.0)					
IDDLNTM89_R2	(11.0, 1.0)	(12.0, 1.0)	(13.0, 18.0)	(14.0, 52.0)	(15.0, 434.0)	(16.0, 2599.0)	(17.0, 6227.0)	(18.0, 8344.0)	(19.0, 8884.0)	(20.0, 9731.0)	(21.0, 10843.0)	(22.0, 12035.0)	(23.0, 13323.0)	(24.0, 15945.0)	(25.0, 18488.0)	(26.0, 21944.0)	(27.0, 24477.0)	(28.0, 29895.0)	(29.0, 36768.0)	(30.0, 43883.0)	(31.0, 47426.0)	(32.0, 58958.0)	(33.0, 74120.0)	(34.0, 96041.0)	(35.0, 125321.0)	(36.0, 185525.0)	(37.0, 316022.0)	(38.0, 885685.0)	(39.0, 2550768.0)	(40.0, 98173.0)	
IDDLNTM90_R1	(16.0, 65.0)	(17.0, 326.0)	(18.0, 1101.0)	(19.0, 2413.0)	(20.0, 4450.0)	(21.0, 6863.0)	(22.0, 8943.0)	(23.0, 10978.0)	(24.0, 13723.0)	(25.0, 16753.0)	(26.0, 20219.0)	(27.0, 24175.0)	(28.0, 30221.0)	(29.0, 37576.0)	(30.0, 48733.0)	(31.0, 65295.0)	(32.0, 100931.0)	(33.0, 155930.0)	(34.0, 219193.0)	(35.0, 253133.0)	(36.0, 273317.0)	(37.0, 288340.0)	(38.0, 497992.0)	(39.0, 2498514.0)	(40.0, 298188.0)						
IDDLNTM90_R2	(12.0, 3.0)	(13.0, 12.0)	(14.0, 47.0)	(15.0, 337.0)	(16.0, 2383.0)	(17.0, 5845.0)	(18.0, 8367.0)	(19.0, 9461.0)	(20.0, 10430.0)	(21.0, 11624.0)	(22.0, 13588.0)	(23.0, 15071.0)	(24.0, 17907.0)	(25.0, 20626.0)	(26.0, 24497.0)	(27.0, 27814.0)	(28.0, 33561.0)	(29.0, 40913.0)	(30.0, 48488.0)	(31.0, 51946.0)	(32.0, 65523.0)	(33.0, 80871.0)	(34.0, 102958.0)	(35.0, 133951.0)	(36.0, 195943.0)	(37.0, 322121.0)	(38.0, 874532.0)	(39.0, 2660593.0)	(40.0, 97960.0)		
IDDLNTM91_R1	(15.0, 5.0)	(16.0, 89.0)	(17.0, 463.0)	(18.0, 1342.0)	(19.0, 2681.0)	(20.0, 4850.0)	(21.0, 7013.0)	(22.0, 9098.0)	(23.0, 11161.0)	(24.0, 14216.0)	(25.0, 17225.0)	(26.0, 20708.0)	(27.0, 24646.0)	(28.0, 30789.0)	(29.0, 37829.0)	(30.0, 47732.0)	(31.0, 59556.0)	(32.0, 83268.0)	(33.0, 120945.0)	(34.0, 179478.0)	(35.0, 249811.0)	(36.0, 361332.0)	(37.0, 421531.0)	(38.0, 556839.0)	(39.0, 2399340.0)	(40.0, 258127.0)					
IDDLNTM91_R2	(12.0, 6.0)	(13.0, 26.0)	(14.0, 53.0)	(15.0, 479.0)	(16.0, 3037.0)	(17.0, 8237.0)	(18.0, 11873.0)	(19.0, 12530.0)	(20.0, 14029.0)	(21.0, 15138.0)	(22.0, 17233.0)	(23.0, 18912.0)	(24.0, 22602.0)	(25.0, 26035.0)	(26.0, 30300.0)	(27.0, 34206.0)	(28.0, 41142.0)	(29.0, 48853.0)	(30.0, 56852.0)	(31.0, 61438.0)	(32.0, 75449.0)	(33.0, 92484.0)	(34.0, 117021.0)	(35.0, 150537.0)	(36.0, 216639.0)	(37.0, 356538.0)	(38.0, 939823.0)	(39.0, 2469319.0)	(40.0, 79283.0)		
IDDLNTM94_R1	(15.0, 1.0)	(16.0, 69.0)	(17.0, 343.0)	(18.0, 1042.0)	(19.0, 2523.0)	(20.0, 5130.0)	(21.0, 7435.0)	(22.0, 9849.0)	(23.0, 11706.0)	(24.0, 14552.0)	(25.0, 17289.0)	(26.0, 20520.0)	(27.0, 24314.0)	(28.0, 30533.0)	(29.0, 37734.0)	(30.0, 47605.0)	(31.0, 62581.0)	(32.0, 93221.0)	(33.0, 140736.0)	(34.0, 204908.0)	(35.0, 256636.0)	(36.0, 309654.0)	(37.0, 317792.0)	(38.0, 512991.0)	(39.0, 2304959.0)	(40.0, 236848.0)					
IDDLNTM94_R2	(11.0, 1.0)	(12.0, 2.0)	(13.0, 13.0)	(14.0, 44.0)	(15.0, 341.0)	(16.0, 2497.0)	(17.0, 6485.0)	(18.0, 9432.0)	(19.0, 10401.0)	(20.0, 11564.0)	(21.0, 12698.0)	(22.0, 14516.0)	(23.0, 15919.0)	(24.0, 19099.0)	(25.0, 21873.0)	(26.0, 25255.0)	(27.0, 28779.0)	(28.0, 34391.0)	(29.0, 41933.0)	(30.0, 48644.0)	(31.0, 53250.0)	(32.0, 65040.0)	(33.0, 80440.0)	(34.0, 103447.0)	(35.0, 133995.0)	(36.0, 196610.0)	(37.0, 326270.0)	(38.0, 884936.0)	(39.0, 2438619.0)	(40.0, 84477.0)	
IDDLNTM96_R1	(15.0, 1.0)	(16.0, 60.0)	(17.0, 265.0)	(18.0, 739.0)	(19.0, 1558.0)	(20.0, 2982.0)	(21.0, 4358.0)	(22.0, 5987.0)	(23.0, 7262.0)	(24.0, 9412.0)	(25.0, 11924.0)	(26.0, 14810.0)	(27.0, 18135.0)	(28.0, 23006.0)	(29.0, 29433.0)	(30.0, 39277.0)	(31.0, 55146.0)	(32.0, 89639.0)	(33.0, 140068.0)	(34.0, 198340.0)	(35.0, 233786.0)	(36.0, 259414.0)	(37.0, 258545.0)	(38.0, 435128.0)	(39.0, 2150490.0)	(40.0, 241226.0)					
IDDLNTM96_R2	(12.0, 3.0)	(13.0, 20.0)	(14.0, 47.0)	(15.0, 370.0)	(16.0, 2573.0)	(17.0, 6279.0)	(18.0, 8379.0)	(19.0, 8740.0)	(20.0, 9483.0)	(21.0, 10571.0)	(22.0, 12169.0)	(23.0, 13384.0)	(24.0, 16159.0)	(25.0, 19232.0)	(26.0, 23088.0)	(27.0, 27673.0)	(28.0, 35023.0)	(29.0, 44830.0)	(30.0, 58896.0)	(31.0, 77530.0)	(32.0, 127916.0)	(33.0, 200388.0)	(34.0, 243676.0)	(35.0, 227786.0)	(36.0, 241697.0)	(37.0, 312226.0)	(38.0, 633029.0)	(39.0, 1803514.0)	(40.0, 66310.0)		
IDDLNTM97_R1	(15.0, 1.0)	(16.0, 42.0)	(17.0, 227.0)	(18.0, 584.0)	(19.0, 1241.0)	(20.0, 2372.0)	(21.0, 3788.0)	(22.0, 5211.0)	(23.0, 6386.0)	(24.0, 8372.0)	(25.0, 10264.0)	(26.0, 12603.0)	(27.0, 15351.0)	(28.0, 18995.0)	(29.0, 23518.0)	(30.0, 29601.0)	(31.0, 37003.0)	(32.0, 51426.0)	(33.0, 74003.0)	(34.0, 105915.0)	(35.0, 141731.0)	(36.0, 227294.0)	(37.0, 323406.0)	(38.0, 431801.0)	(39.0, 1890794.0)	(40.0, 206537.0)					
IDDLNTM97_R2	(12.0, 3.0)	(13.0, 13.0)	(14.0, 28.0)	(15.0, 297.0)	(16.0, 1962.0)	(17.0, 4435.0)	(18.0, 5782.0)	(19.0, 6146.0)	(20.0, 6683.0)	(21.0, 7540.0)	(22.0, 8710.0)	(23.0, 9610.0)	(24.0, 11545.0)	(25.0, 13608.0)	(26.0, 16082.0)	(27.0, 18645.0)	(28.0, 22733.0)	(29.0, 27440.0)	(30.0, 32615.0)	(31.0, 35323.0)	(32.0, 44766.0)	(33.0, 56395.0)	(34.0, 73077.0)	(35.0, 96635.0)	(36.0, 145300.0)	(37.0, 257537.0)	(38.0, 767884.0)	(39.0, 1896960.0)	(40.0, 60712.0)		
IDDLNTM99_R1	(15.0, 2.0)	(16.0, 64.0)	(17.0, 349.0)	(18.0, 979.0)	(19.0, 2103.0)	(20.0, 4085.0)	(21.0, 6040.0)	(22.0, 8032.0)	(23.0, 9644.0)	(24.0, 12263.0)	(25.0, 15132.0)	(26.0, 18759.0)	(27.0, 22266.0)	(28.0, 28443.0)	(29.0, 35988.0)	(30.0, 46520.0)	(31.0, 63502.0)	(32.0, 100390.0)	(33.0, 152601.0)	(34.0, 208459.0)	(35.0, 234748.0)	(36.0, 254701.0)	(37.0, 273913.0)	(38.0, 512607.0)	(39.0, 2414725.0)	(40.0, 247417.0)					
IDDLNTM99_R2	(12.0, 3.0)	(13.0, 9.0)	(14.0, 38.0)	(15.0, 326.0)	(16.0, 2028.0)	(17.0, 5121.0)	(18.0, 7294.0)	(19.0, 8050.0)	(20.0, 9006.0)	(21.0, 10220.0)	(22.0, 11784.0)	(23.0, 13292.0)	(24.0, 15886.0)	(25.0, 18536.0)	(26.0, 22038.0)	(27.0, 25491.0)	(28.0, 30989.0)	(29.0, 38278.0)	(30.0, 45355.0)	(31.0, 49153.0)	(32.0, 61959.0)	(33.0, 76770.0)	(34.0, 100104.0)	(35.0, 130601.0)	(36.0, 193862.0)	(37.0, 325470.0)	(38.0, 893969.0)	(39.0, 2497698.0)	(40.0, 80402.0)		
