Sample	0	1	2	3	4	5	6	7	8	9	10	11	12	13	14	15	16	17	18	19	20	21	22	23	24	25	26	27	28	29	30	31	32	33	34	35	36	37	38	39	40	41	42	43	44	45	46	47	48	49	50	51	52	53	54	55	56	57	58	59	60	61	62	63	64	65	66	67	68	69	70	71	72	73	74	75	76	77	78	79	80	81	82	83	84	85	86	87	88	89	90	91	92	93	94	95	96	97	98	99	100
IDDLNTM10.A_R1	(0.0, 0.0)	(1.0, 0.0)	(2.0, 0.0)	(3.0, 0.0)	(4.0, 0.0)	(5.0, 0.0)	(6.0, 0.0)	(7.0, 0.0)	(8.0, 0.0)	(9.0, 0.0)	(10.0, 0.0)	(11.0, 0.0)	(12.0, 0.0)	(13.0, 0.0)	(14.0, 0.5)	(15.0, 0.5)	(16.0, 0.0)	(17.0, 0.0)	(18.0, 0.0)	(19.0, 0.0)	(20.0, 0.0)	(21.0, 0.0)	(22.0, 0.0)	(23.0, 0.0)	(24.0, 0.0)	(25.0, 0.0)	(26.0, 0.0)	(27.0, 1.0)	(28.0, 1.5)	(29.0, 1.0)	(30.0, 0.5)	(31.0, 0.0)	(32.0, 0.5)	(33.0, 0.5)	(34.0, 1.5)	(35.0, 3.0)	(36.0, 3.0)	(37.0, 13.5)	(38.0, 36.5)	(39.0, 70.0)	(40.0, 129.5)	(41.0, 193.5)	(42.0, 307.5)	(43.0, 489.5)	(44.0, 733.0)	(45.0, 1072.0)	(46.0, 1677.5)	(47.0, 2745.0)	(48.0, 4249.0)	(49.0, 6215.0)	(50.0, 9196.0)	(51.0, 14008.5)	(52.0, 21067.5)	(53.0, 30753.5)	(54.0, 43749.5)	(55.0, 60933.0)	(56.0, 82511.0)	(57.0, 108165.5)	(58.0, 136711.0)	(59.0, 167376.0)	(60.0, 199312.5)	(61.0, 231004.0)	(62.0, 260631.5)	(63.0, 284024.5)	(64.0, 301412.5)	(65.0, 313091.5)	(66.0, 319852.5)	(67.0, 324310.0)	(68.0, 324873.5)	(69.0, 322011.5)	(70.0, 311767.0)	(71.0, 292742.5)	(72.0, 268663.5)	(73.0, 238850.0)	(74.0, 206581.0)	(75.0, 174769.5)	(76.0, 142940.0)	(77.0, 112170.0)	(78.0, 83851.5)	(79.0, 59834.0)	(80.0, 41192.0)	(81.0, 27106.5)	(82.0, 16705.0)	(83.0, 9758.0)	(84.0, 5509.0)	(85.0, 2891.5)	(86.0, 1367.0)	(87.0, 632.5)	(88.0, 292.5)	(89.0, 131.0)	(90.0, 68.0)	(91.0, 48.0)	(92.0, 42.0)	(93.0, 55.0)	(94.0, 77.0)	(95.0, 97.5)	(96.0, 106.0)	(97.0, 91.5)	(98.0, 86.0)	(99.0, 81.5)	(100.0, 46.0)
IDDLNTM10.A_R2	(0.0, 0.0)	(1.0, 0.0)	(2.0, 0.0)	(3.0, 0.0)	(4.0, 0.0)	(5.0, 0.0)	(6.0, 0.0)	(7.0, 0.0)	(8.0, 0.0)	(9.0, 0.0)	(10.0, 0.0)	(11.0, 0.0)	(12.0, 0.0)	(13.0, 0.0)	(14.0, 0.0)	(15.0, 0.0)	(16.0, 0.0)	(17.0, 0.0)	(18.0, 0.0)	(19.0, 0.0)	(20.0, 0.0)	(21.0, 0.0)	(22.0, 0.0)	(23.0, 0.0)	(24.0, 0.0)	(25.0, 0.5)	(26.0, 0.5)	(27.0, 1.5)	(28.0, 1.5)	(29.0, 0.5)	(30.0, 1.0)	(31.0, 1.5)	(32.0, 2.0)	(33.0, 2.5)	(34.0, 3.5)	(35.0, 8.5)	(36.0, 16.5)	(37.0, 35.0)	(38.0, 76.0)	(39.0, 129.0)	(40.0, 214.0)	(41.0, 338.0)	(42.0, 518.5)	(43.0, 813.0)	(44.0, 1205.0)	(45.0, 1703.5)	(46.0, 2625.0)	(47.0, 4189.5)	(48.0, 6547.0)	(49.0, 9971.0)	(50.0, 15425.0)	(51.0, 24154.0)	(52.0, 36478.0)	(53.0, 52923.5)	(54.0, 73192.0)	(55.0, 96173.0)	(56.0, 120186.5)	(57.0, 142490.0)	(58.0, 162156.5)	(59.0, 179045.5)	(60.0, 194188.5)	(61.0, 210040.0)	(62.0, 227871.0)	(63.0, 245598.5)	(64.0, 263423.0)	(65.0, 280076.5)	(66.0, 293882.5)	(67.0, 305255.0)	(68.0, 312182.0)	(69.0, 313927.5)	(70.0, 305926.0)	(71.0, 289088.0)	(72.0, 266680.5)	(73.0, 237317.5)	(74.0, 205477.5)	(75.0, 174040.0)	(76.0, 142299.5)	(77.0, 111762.0)	(78.0, 83563.5)	(79.0, 59986.0)	(80.0, 41573.0)	(81.0, 27334.0)	(82.0, 16950.5)	(83.0, 9912.0)	(84.0, 5589.5)	(85.0, 2898.5)	(86.0, 1466.0)	(87.0, 762.5)	(88.0, 406.0)	(89.0, 238.5)	(90.0, 175.5)	(91.0, 149.0)	(92.0, 125.0)	(93.0, 128.0)	(94.0, 130.0)	(95.0, 144.0)	(96.0, 187.5)	(97.0, 276.0)	(98.0, 435.0)	(99.0, 918.5)	(100.0, 4571.0)
IDDLNTM10.B_R1	(0.0, 0.0)	(1.0, 0.0)	(2.0, 0.0)	(3.0, 0.0)	(4.0, 0.0)	(5.0, 0.0)	(6.0, 0.0)	(7.0, 0.0)	(8.0, 0.0)	(9.0, 0.0)	(10.0, 0.0)	(11.0, 0.0)	(12.0, 0.0)	(13.0, 0.0)	(14.0, 0.0)	(15.0, 0.0)	(16.0, 0.0)	(17.0, 0.0)	(18.0, 0.0)	(19.0, 0.0)	(20.0, 0.0)	(21.0, 0.0)	(22.0, 0.0)	(23.0, 0.0)	(24.0, 0.0)	(25.0, 0.0)	(26.0, 0.5)	(27.0, 1.0)	(28.0, 1.0)	(29.0, 0.5)	(30.0, 0.0)	(31.0, 0.5)	(32.0, 1.5)	(33.0, 1.5)	(34.0, 2.0)	(35.0, 2.0)	(36.0, 1.0)	(37.0, 8.0)	(38.0, 24.5)	(39.0, 54.0)	(40.0, 84.0)	(41.0, 128.0)	(42.0, 238.5)	(43.0, 371.0)	(44.0, 539.0)	(45.0, 748.5)	(46.0, 1168.0)	(47.0, 1839.5)	(48.0, 2670.0)	(49.0, 3841.0)	(50.0, 5591.5)	(51.0, 8216.0)	(52.0, 12236.0)	(53.0, 17782.5)	(54.0, 25396.0)	(55.0, 36293.5)	(56.0, 50517.0)	(57.0, 68765.5)	(58.0, 91197.5)	(59.0, 118224.5)	(60.0, 149301.5)	(61.0, 182669.0)	(62.0, 216308.0)	(63.0, 245352.0)	(64.0, 268030.5)	(65.0, 284091.5)	(66.0, 292397.5)	(67.0, 293768.0)	(68.0, 289186.5)	(69.0, 280501.0)	(70.0, 265881.5)	(71.0, 245833.5)	(72.0, 223082.0)	(73.0, 196076.0)	(74.0, 168417.0)	(75.0, 141825.0)	(76.0, 115545.0)	(77.0, 90553.5)	(78.0, 67906.5)	(79.0, 48819.0)	(80.0, 33352.0)	(81.0, 21916.5)	(82.0, 13627.0)	(83.0, 7912.0)	(84.0, 4431.5)	(85.0, 2295.5)	(86.0, 1096.5)	(87.0, 506.0)	(88.0, 231.0)	(89.0, 107.5)	(90.0, 57.0)	(91.0, 29.0)	(92.0, 28.0)	(93.0, 37.0)	(94.0, 64.5)	(95.0, 73.5)	(96.0, 69.0)	(97.0, 67.0)	(98.0, 65.5)	(99.0, 71.0)	(100.0, 41.5)
IDDLNTM10.B_R2	(0.0, 0.0)	(1.0, 0.0)	(2.0, 0.0)	(3.0, 0.0)	(4.0, 0.0)	(5.0, 0.0)	(6.0, 0.0)	(7.0, 0.0)	(8.0, 0.0)	(9.0, 0.0)	(10.0, 0.0)	(11.0, 0.0)	(12.0, 0.0)	(13.0, 0.0)	(14.0, 0.0)	(15.0, 0.0)	(16.0, 0.0)	(17.0, 0.0)	(18.0, 0.0)	(19.0, 0.5)	(20.0, 0.5)	(21.0, 0.0)	(22.0, 0.0)	(23.0, 0.0)	(24.0, 0.0)	(25.0, 0.5)	(26.0, 1.0)	(27.0, 0.5)	(28.0, 1.0)	(29.0, 1.5)	(30.0, 2.0)	(31.0, 3.0)	(32.0, 3.5)	(33.0, 3.5)	(34.0, 4.0)	(35.0, 7.0)	(36.0, 15.5)	(37.0, 29.0)	(38.0, 54.0)	(39.0, 97.0)	(40.0, 164.0)	(41.0, 239.5)	(42.0, 381.0)	(43.0, 581.5)	(44.0, 820.0)	(45.0, 1157.5)	(46.0, 1730.5)	(47.0, 2552.5)	(48.0, 3511.0)	(49.0, 4918.5)	(50.0, 7072.5)	(51.0, 10601.0)	(52.0, 16040.5)	(53.0, 23647.5)	(54.0, 34600.0)	(55.0, 49985.5)	(56.0, 69517.0)	(57.0, 93387.0)	(58.0, 120697.5)	(59.0, 148863.5)	(60.0, 175534.5)	(61.0, 199270.5)	(62.0, 219472.0)	(63.0, 233873.5)	(64.0, 244696.5)	(65.0, 253420.5)	(66.0, 258681.5)	(67.0, 262072.5)	(68.0, 263337.5)	(69.0, 261845.5)	(70.0, 253349.5)	(71.0, 237478.0)	(72.0, 218238.5)	(73.0, 194240.5)	(74.0, 167964.0)	(75.0, 141903.5)	(76.0, 115940.5)	(77.0, 91073.5)	(78.0, 68321.0)	(79.0, 49223.0)	(80.0, 33961.0)	(81.0, 22329.0)	(82.0, 13825.0)	(83.0, 8121.5)	(84.0, 4618.0)	(85.0, 2414.0)	(86.0, 1201.0)	(87.0, 619.0)	(88.0, 309.0)	(89.0, 179.0)	(90.0, 130.5)	(91.0, 107.5)	(92.0, 101.0)	(93.0, 107.5)	(94.0, 123.5)	(95.0, 133.5)	(96.0, 150.5)	(97.0, 238.5)	(98.0, 389.0)	(99.0, 749.5)	(100.0, 3828.0)
IDDLNTM100_R1	(0.0, 0.0)	(1.0, 0.0)	(2.0, 0.0)	(3.0, 0.0)	(4.0, 0.0)	(5.0, 0.0)	(6.0, 0.0)	(7.0, 0.0)	(8.0, 0.0)	(9.0, 0.0)	(10.0, 0.0)	(11.0, 0.0)	(12.0, 0.0)	(13.0, 0.0)	(14.0, 0.0)	(15.0, 0.0)	(16.0, 0.0)	(17.0, 0.0)	(18.0, 0.0)	(19.0, 0.0)	(20.0, 0.0)	(21.0, 0.0)	(22.0, 0.0)	(23.0, 0.0)	(24.0, 0.0)	(25.0, 0.0)	(26.0, 0.0)	(27.0, 0.0)	(28.0, 0.0)	(29.0, 0.0)	(30.0, 0.0)	(31.0, 0.0)	(32.0, 0.0)	(33.0, 0.5)	(34.0, 1.0)	(35.0, 2.0)	(36.0, 5.5)	(37.0, 12.0)	(38.0, 29.5)	(39.0, 66.0)	(40.0, 97.0)	(41.0, 136.5)	(42.0, 229.0)	(43.0, 378.5)	(44.0, 540.5)	(45.0, 752.0)	(46.0, 1180.5)	(47.0, 1786.5)	(48.0, 2638.0)	(49.0, 3875.0)	(50.0, 5758.0)	(51.0, 8720.5)	(52.0, 12881.0)	(53.0, 18533.5)	(54.0, 26385.5)	(55.0, 37517.5)	(56.0, 52329.5)	(57.0, 70656.5)	(58.0, 93241.5)	(59.0, 120011.0)	(60.0, 149365.0)	(61.0, 180634.0)	(62.0, 213425.5)	(63.0, 242278.5)	(64.0, 265535.0)	(65.0, 283667.5)	(66.0, 295671.0)	(67.0, 301617.5)	(68.0, 302906.5)	(69.0, 300331.5)	(70.0, 289321.0)	(71.0, 270300.5)	(72.0, 247442.0)	(73.0, 220220.0)	(74.0, 189694.0)	(75.0, 159805.5)	(76.0, 130396.5)	(77.0, 101548.5)	(78.0, 75790.0)	(79.0, 54348.5)	(80.0, 37040.5)	(81.0, 23829.0)	(82.0, 14386.5)	(83.0, 8058.0)	(84.0, 4215.5)	(85.0, 2091.0)	(86.0, 985.5)	(87.0, 438.5)	(88.0, 185.5)	(89.0, 81.0)	(90.0, 43.0)	(91.0, 39.5)	(92.0, 37.0)	(93.0, 45.5)	(94.0, 55.5)	(95.0, 70.5)	(96.0, 74.0)	(97.0, 59.0)	(98.0, 57.0)	(99.0, 64.0)	(100.0, 42.5)
IDDLNTM100_R2	(0.0, 0.0)	(1.0, 0.0)	(2.0, 0.0)	(3.0, 0.0)	(4.0, 0.0)	(5.0, 0.0)	(6.0, 0.0)	(7.0, 0.0)	(8.0, 0.0)	(9.0, 0.0)	(10.0, 0.0)	(11.0, 0.0)	(12.0, 0.0)	(13.0, 0.5)	(14.0, 0.5)	(15.0, 0.0)	(16.0, 0.0)	(17.0, 0.0)	(18.0, 0.0)	(19.0, 0.0)	(20.0, 0.0)	(21.0, 0.0)	(22.0, 0.0)	(23.0, 0.0)	(24.0, 0.0)	(25.0, 0.0)	(26.0, 0.0)	(27.0, 0.0)	(28.0, 0.5)	(29.0, 0.5)	(30.0, 0.0)	(31.0, 0.5)	(32.0, 1.5)	(33.0, 2.5)	(34.0, 3.0)	(35.0, 7.5)	(36.0, 17.5)	(37.0, 35.0)	(38.0, 64.5)	(39.0, 104.0)	(40.0, 161.0)	(41.0, 248.0)	(42.0, 391.0)	(43.0, 607.0)	(44.0, 822.5)	(45.0, 1111.0)	(46.0, 1765.5)	(47.0, 2728.5)	(48.0, 3915.0)	(49.0, 5709.5)	(50.0, 8586.5)	(51.0, 13029.0)	(52.0, 19817.0)	(53.0, 29252.5)	(54.0, 41662.5)	(55.0, 58082.5)	(56.0, 78008.0)	(57.0, 99233.0)	(58.0, 121611.5)	(59.0, 144275.0)	(60.0, 164545.0)	(61.0, 184125.0)	(62.0, 203566.0)	(63.0, 221068.5)	(64.0, 237839.5)	(65.0, 252809.5)	(66.0, 265680.0)	(67.0, 276155.0)	(68.0, 283530.5)	(69.0, 286424.0)	(70.0, 280060.0)	(71.0, 265077.0)	(72.0, 244383.0)	(73.0, 217812.5)	(74.0, 188157.5)	(75.0, 159041.0)	(76.0, 129847.5)	(77.0, 101152.0)	(78.0, 75729.5)	(79.0, 54206.0)	(80.0, 36787.0)	(81.0, 23800.5)	(82.0, 14547.0)	(83.0, 8297.0)	(84.0, 4389.0)	(85.0, 2193.0)	(86.0, 1051.0)	(87.0, 525.0)	(88.0, 279.5)	(89.0, 182.0)	(90.0, 134.5)	(91.0, 111.5)	(92.0, 103.0)	(93.0, 102.5)	(94.0, 114.0)	(95.0, 125.0)	(96.0, 150.0)	(97.0, 206.0)	(98.0, 324.0)	(99.0, 727.5)	(100.0, 3940.0)
IDDLNTM101_R1	(0.0, 0.0)	(1.0, 0.0)	(2.0, 0.0)	(3.0, 0.0)	(4.0, 0.0)	(5.0, 0.0)	(6.0, 0.0)	(7.0, 0.0)	(8.0, 0.0)	(9.0, 0.0)	(10.0, 0.0)	(11.0, 0.0)	(12.0, 0.0)	(13.0, 0.0)	(14.0, 0.0)	(15.0, 0.0)	(16.0, 0.0)	(17.0, 0.0)	(18.0, 0.0)	(19.0, 0.0)	(20.0, 0.0)	(21.0, 0.0)	(22.0, 0.0)	(23.0, 0.0)	(24.0, 0.0)	(25.0, 0.0)	(26.0, 0.0)	(27.0, 0.0)	(28.0, 0.0)	(29.0, 0.0)	(30.0, 0.0)	(31.0, 1.0)	(32.0, 11.5)	(33.0, 15.5)	(34.0, 8.5)	(35.0, 19.5)	(36.0, 34.0)	(37.0, 80.5)	(38.0, 145.5)	(39.0, 206.0)	(40.0, 304.0)	(41.0, 466.5)	(42.0, 780.5)	(43.0, 1294.5)	(44.0, 1862.0)	(45.0, 2537.5)	(46.0, 3645.5)	(47.0, 5253.5)	(48.0, 7447.0)	(49.0, 10415.5)	(50.0, 14570.0)	(51.0, 20875.5)	(52.0, 30268.0)	(53.0, 43352.0)	(54.0, 61390.5)	(55.0, 85494.5)	(56.0, 116215.5)	(57.0, 152342.0)	(58.0, 193978.5)	(59.0, 239406.5)	(60.0, 284208.5)	(61.0, 323862.0)	(62.0, 355631.0)	(63.0, 375147.5)	(64.0, 378071.5)	(65.0, 368019.0)	(66.0, 345964.5)	(67.0, 311674.5)	(68.0, 270063.5)	(69.0, 226917.5)	(70.0, 184268.5)	(71.0, 143693.5)	(72.0, 108416.5)	(73.0, 78486.5)	(74.0, 53795.5)	(75.0, 35378.0)	(76.0, 22895.0)	(77.0, 14565.5)	(78.0, 8794.5)	(79.0, 5236.5)	(80.0, 3249.0)	(81.0, 1994.0)	(82.0, 1061.5)	(83.0, 555.5)	(84.0, 329.0)	(85.0, 157.0)	(86.0, 63.0)	(87.0, 39.5)	(88.0, 24.0)	(89.0, 25.5)	(90.0, 21.5)	(91.0, 15.0)	(92.0, 28.0)	(93.0, 47.0)	(94.0, 83.0)	(95.0, 120.5)	(96.0, 115.0)	(97.0, 83.5)	(98.0, 76.0)	(99.0, 72.0)	(100.0, 37.0)
IDDLNTM101_R2	(0.0, 0.0)	(1.0, 0.0)	(2.0, 0.0)	(3.0, 0.0)	(4.0, 0.0)	(5.0, 0.0)	(6.0, 0.5)	(7.0, 0.5)	(8.0, 0.0)	(9.0, 0.0)	(10.0, 0.0)	(11.0, 0.0)	(12.0, 0.0)	(13.0, 0.0)	(14.0, 0.0)	(15.0, 0.0)	(16.0, 0.0)	(17.0, 0.0)	(18.0, 0.0)	(19.0, 0.0)	(20.0, 0.0)	(21.0, 0.0)	(22.0, 0.0)	(23.0, 0.5)	(24.0, 1.0)	(25.0, 0.5)	(26.0, 0.0)	(27.0, 0.5)	(28.0, 0.5)	(29.0, 0.5)	(30.0, 1.0)	(31.0, 1.0)	(32.0, 11.5)	(33.0, 24.0)	(34.0, 23.0)	(35.0, 32.0)	(36.0, 55.0)	(37.0, 121.5)	(38.0, 197.0)	(39.0, 306.5)	(40.0, 487.5)	(41.0, 728.0)	(42.0, 1149.5)	(43.0, 1832.0)	(44.0, 2653.0)	(45.0, 3545.5)	(46.0, 4891.0)	(47.0, 7076.5)	(48.0, 10268.5)	(49.0, 15242.0)	(50.0, 22659.5)	(51.0, 33901.5)	(52.0, 50447.5)	(53.0, 72214.0)	(54.0, 99204.0)	(55.0, 130292.0)	(56.0, 162580.5)	(57.0, 193995.0)	(58.0, 224345.5)	(59.0, 252014.5)	(60.0, 276409.5)	(61.0, 298210.0)	(62.0, 316302.5)	(63.0, 328579.5)	(64.0, 331378.5)	(65.0, 325161.5)	(66.0, 309640.5)	(67.0, 284936.0)	(68.0, 253516.0)	(69.0, 216746.0)	(70.0, 178403.0)	(71.0, 140930.5)	(72.0, 107197.0)	(73.0, 78162.0)	(74.0, 54050.5)	(75.0, 36022.5)	(76.0, 23353.5)	(77.0, 14680.0)	(78.0, 8868.5)	(79.0, 5281.5)	(80.0, 3134.5)	(81.0, 1880.5)	(82.0, 1073.0)	(83.0, 638.5)	(84.0, 405.0)	(85.0, 238.5)	(86.0, 159.5)	(87.0, 121.5)	(88.0, 103.5)	(89.0, 106.0)	(90.0, 103.0)	(91.0, 99.0)	(92.0, 98.5)	(93.0, 114.0)	(94.0, 120.0)	(95.0, 122.5)	(96.0, 151.0)	(97.0, 226.0)	(98.0, 370.0)	(99.0, 792.0)	(100.0, 4043.5)
IDDLNTM102_R1	(0.0, 0.0)	(1.0, 0.0)	(2.0, 0.0)	(3.0, 0.0)	(4.0, 0.0)	(5.0, 0.0)	(6.0, 0.0)	(7.0, 0.0)	(8.0, 0.0)	(9.0, 0.0)	(10.0, 0.0)	(11.0, 0.0)	(12.0, 0.0)	(13.0, 0.0)	(14.0, 0.0)	(15.0, 0.0)	(16.0, 0.0)	(17.0, 0.0)	(18.0, 0.0)	(19.0, 0.0)	(20.0, 0.0)	(21.0, 0.0)	(22.0, 0.0)	(23.0, 0.0)	(24.0, 0.0)	(25.0, 0.0)	(26.0, 0.0)	(27.0, 0.0)	(28.0, 0.0)	(29.0, 0.0)	(30.0, 0.0)	(31.0, 0.5)	(32.0, 0.5)	(33.0, 1.0)	(34.0, 5.5)	(35.0, 7.0)	(36.0, 4.0)	(37.0, 12.5)	(38.0, 22.5)	(39.0, 47.0)	(40.0, 93.0)	(41.0, 150.5)	(42.0, 225.5)	(43.0, 317.0)	(44.0, 521.5)	(45.0, 863.0)	(46.0, 1358.0)	(47.0, 1978.0)	(48.0, 2807.0)	(49.0, 4092.0)	(50.0, 5864.0)	(51.0, 8873.0)	(52.0, 13194.5)	(53.0, 18602.5)	(54.0, 26047.0)	(55.0, 35483.0)	(56.0, 46960.0)	(57.0, 60666.0)	(58.0, 75856.5)	(59.0, 91188.5)	(60.0, 106619.0)	(61.0, 121715.5)	(62.0, 135329.0)	(63.0, 146356.5)	(64.0, 155506.5)	(65.0, 163360.0)	(66.0, 168964.0)	(67.0, 171354.5)	(68.0, 169835.5)	(69.0, 165316.0)	(70.0, 156698.5)	(71.0, 142718.5)	(72.0, 125020.5)	(73.0, 106439.5)	(74.0, 87646.5)	(75.0, 69452.0)	(76.0, 52806.0)	(77.0, 37643.5)	(78.0, 24998.5)	(79.0, 15606.0)	(80.0, 9188.5)	(81.0, 5016.0)	(82.0, 2412.5)	(83.0, 1040.5)	(84.0, 433.0)	(85.0, 166.0)	(86.0, 68.5)	(87.0, 27.5)	(88.0, 17.0)	(89.0, 16.5)	(90.0, 13.5)	(91.0, 10.5)	(92.0, 14.5)	(93.0, 21.0)	(94.0, 25.5)	(95.0, 32.5)	(96.0, 31.0)	(97.0, 28.0)	(98.0, 38.5)	(99.0, 52.0)	(100.0, 29.5)
IDDLNTM102_R2	(0.0, 0.0)	(1.0, 0.0)	(2.0, 0.0)	(3.0, 0.0)	(4.0, 0.0)	(5.0, 0.0)	(6.0, 0.0)	(7.0, 0.0)	(8.0, 0.0)	(9.0, 0.0)	(10.0, 0.0)	(11.0, 0.0)	(12.0, 0.0)	(13.0, 0.0)	(14.0, 0.0)	(15.0, 0.0)	(16.0, 0.0)	(17.0, 0.0)	(18.0, 0.0)	(19.0, 0.0)	(20.0, 0.0)	(21.0, 0.0)	(22.0, 0.0)	(23.0, 0.0)	(24.0, 0.0)	(25.0, 0.0)	(26.0, 0.0)	(27.0, 0.0)	(28.0, 0.5)	(29.0, 0.5)	(30.0, 0.0)	(31.0, 0.0)	(32.0, 1.5)	(33.0, 3.5)	(34.0, 5.5)	(35.0, 7.0)	(36.0, 13.5)	(37.0, 32.0)	(38.0, 45.5)	(39.0, 82.5)	(40.0, 137.0)	(41.0, 197.5)	(42.0, 273.0)	(43.0, 389.0)	(44.0, 654.5)	(45.0, 1020.5)	(46.0, 1422.5)	(47.0, 1975.0)	(48.0, 2662.0)	(49.0, 3701.5)	(50.0, 5112.0)	(51.0, 7277.5)	(52.0, 10664.5)	(53.0, 15085.0)	(54.0, 21066.0)	(55.0, 29480.0)	(56.0, 41163.5)	(57.0, 55625.0)	(58.0, 71655.0)	(59.0, 89285.0)	(60.0, 107438.5)	(61.0, 124498.0)	(62.0, 139619.5)	(63.0, 151287.5)	(64.0, 160101.0)	(65.0, 167095.0)	(66.0, 171462.0)	(67.0, 173258.5)	(68.0, 171283.5)	(69.0, 165472.5)	(70.0, 156139.0)	(71.0, 142300.5)	(72.0, 125208.0)	(73.0, 107132.5)	(74.0, 88570.5)	(75.0, 70213.0)	(76.0, 53425.0)	(77.0, 38228.5)	(78.0, 25633.0)	(79.0, 16127.0)	(80.0, 9489.5)	(81.0, 5233.5)	(82.0, 2565.0)	(83.0, 1155.0)	(84.0, 502.5)	(85.0, 211.0)	(86.0, 98.5)	(87.0, 65.5)	(88.0, 46.5)	(89.0, 38.5)	(90.0, 36.0)	(91.0, 37.0)	(92.0, 39.0)	(93.0, 36.5)	(94.0, 39.5)	(95.0, 42.5)	(96.0, 41.0)	(97.0, 71.5)	(98.0, 128.0)	(99.0, 297.5)	(100.0, 1913.5)
IDDLNTM105_R1	(0.0, 0.0)	(1.0, 0.0)	(2.0, 0.0)	(3.0, 0.0)	(4.0, 0.0)	(5.0, 0.0)	(6.0, 0.0)	(7.0, 0.0)	(8.0, 0.0)	(9.0, 0.0)	(10.0, 0.0)	(11.0, 0.0)	(12.0, 0.0)	(13.0, 0.0)	(14.0, 1.5)	(15.0, 1.5)	(16.0, 0.0)	(17.0, 0.0)	(18.0, 0.0)	(19.0, 0.0)	(20.0, 0.0)	(21.0, 0.0)	(22.0, 0.0)	(23.0, 0.0)	(24.0, 0.0)	(25.0, 0.5)	(26.0, 0.5)	(27.0, 0.0)	(28.0, 0.0)	(29.0, 1.5)	(30.0, 3.5)	(31.0, 10.5)	(32.0, 16.0)	(33.0, 21.5)	(34.0, 28.0)	(35.0, 34.0)	(36.0, 41.0)	(37.0, 66.0)	(38.0, 127.5)	(39.0, 216.0)	(40.0, 394.0)	(41.0, 627.5)	(42.0, 857.5)	(43.0, 1223.5)	(44.0, 1752.5)	(45.0, 2427.0)	(46.0, 3481.5)	(47.0, 5048.5)	(48.0, 7312.5)	(49.0, 10767.5)	(50.0, 15590.0)	(51.0, 22422.5)	(52.0, 32329.0)	(53.0, 45892.0)	(54.0, 63805.5)	(55.0, 86316.5)	(56.0, 113824.5)	(57.0, 145187.0)	(58.0, 178268.5)	(59.0, 210674.5)	(60.0, 239866.5)	(61.0, 263323.0)	(62.0, 279849.0)	(63.0, 288630.0)	(64.0, 286224.0)	(65.0, 275476.5)	(66.0, 258572.0)	(67.0, 233376.0)	(68.0, 203021.0)	(69.0, 170193.0)	(70.0, 136095.0)	(71.0, 104611.5)	(72.0, 77581.0)	(73.0, 55063.5)	(74.0, 37480.0)	(75.0, 24218.0)	(76.0, 15072.5)	(77.0, 9230.5)	(78.0, 5559.5)	(79.0, 3227.5)	(80.0, 1766.5)	(81.0, 969.5)	(82.0, 553.5)	(83.0, 335.0)	(84.0, 160.0)	(85.0, 76.5)	(86.0, 46.5)	(87.0, 20.0)	(88.0, 14.5)	(89.0, 9.5)	(90.0, 10.0)	(91.0, 12.0)	(92.0, 18.0)	(93.0, 27.0)	(94.0, 49.0)	(95.0, 79.5)	(96.0, 68.5)	(97.0, 53.0)	(98.0, 46.5)	(99.0, 39.0)	(100.0, 25.5)
IDDLNTM105_R2	(0.0, 0.0)	(1.0, 0.0)	(2.0, 0.0)	(3.0, 0.0)	(4.0, 0.0)	(5.0, 0.0)	(6.0, 0.0)	(7.0, 0.0)	(8.0, 0.0)	(9.0, 0.0)	(10.0, 0.0)	(11.0, 0.0)	(12.0, 0.0)	(13.0, 0.0)	(14.0, 0.0)	(15.0, 0.0)	(16.0, 0.0)	(17.0, 0.0)	(18.0, 0.0)	(19.0, 0.0)	(20.0, 0.5)	(21.0, 0.5)	(22.0, 0.5)	(23.0, 0.5)	(24.0, 0.0)	(25.0, 0.0)	(26.0, 0.0)	(27.0, 0.5)	(28.0, 1.5)	(29.0, 4.5)	(30.0, 6.0)	(31.0, 11.5)	(32.0, 21.0)	(33.0, 30.0)	(34.0, 34.0)	(35.0, 44.0)	(36.0, 75.5)	(37.0, 113.5)	(38.0, 188.5)	(39.0, 319.0)	(40.0, 542.5)	(41.0, 832.5)	(42.0, 1186.5)	(43.0, 1668.5)	(44.0, 2394.0)	(45.0, 3373.0)	(46.0, 4918.5)	(47.0, 7303.0)	(48.0, 10816.0)	(49.0, 16395.0)	(50.0, 24724.5)	(51.0, 36581.5)	(52.0, 52515.5)	(53.0, 71694.5)	(54.0, 92778.0)	(55.0, 114877.5)	(56.0, 136942.0)	(57.0, 158083.5)	(58.0, 177530.5)	(59.0, 196223.0)	(60.0, 215588.0)	(61.0, 234214.5)	(62.0, 250012.5)	(63.0, 260933.0)	(64.0, 264735.5)	(65.0, 260361.0)	(66.0, 247669.0)	(67.0, 226668.0)	(68.0, 199230.5)	(69.0, 168278.0)	(70.0, 135874.5)	(71.0, 104749.0)	(72.0, 77569.0)	(73.0, 55161.5)	(74.0, 37433.5)	(75.0, 24440.5)	(76.0, 15349.0)	(77.0, 9145.5)	(78.0, 5366.5)	(79.0, 3128.0)	(80.0, 1772.5)	(81.0, 1014.5)	(82.0, 617.0)	(83.0, 395.5)	(84.0, 223.5)	(85.0, 121.0)	(86.0, 85.0)	(87.0, 62.5)	(88.0, 48.5)	(89.0, 48.5)	(90.0, 53.0)	(91.0, 52.5)	(92.0, 58.5)	(93.0, 66.5)	(94.0, 78.5)	(95.0, 91.0)	(96.0, 95.5)	(97.0, 143.0)	(98.0, 228.0)	(99.0, 515.0)	(100.0, 3149.0)
IDDLNTM107_R1	(0.0, 0.0)	(1.0, 0.0)	(2.0, 0.0)	(3.0, 0.0)	(4.0, 0.0)	(5.0, 0.0)	(6.0, 0.0)	(7.0, 0.0)	(8.0, 0.0)	(9.0, 0.0)	(10.0, 0.0)	(11.0, 0.0)	(12.0, 0.0)	(13.0, 0.0)	(14.0, 0.0)	(15.0, 0.0)	(16.0, 0.0)	(17.0, 0.0)	(18.0, 0.0)	(19.0, 0.0)	(20.0, 0.0)	(21.0, 0.0)	(22.0, 0.0)	(23.0, 0.0)	(24.0, 0.0)	(25.0, 0.0)	(26.0, 0.5)	(27.0, 0.5)	(28.0, 0.0)	(29.0, 0.0)	(30.0, 0.5)	(31.0, 0.5)	(32.0, 0.0)	(33.0, 0.0)	(34.0, 0.0)	(35.0, 0.5)	(36.0, 5.0)	(37.0, 14.5)	(38.0, 25.0)	(39.0, 50.0)	(40.0, 90.0)	(41.0, 152.5)	(42.0, 239.5)	(43.0, 358.5)	(44.0, 549.5)	(45.0, 831.5)	(46.0, 1290.5)	(47.0, 1987.0)	(48.0, 3100.5)	(49.0, 4744.5)	(50.0, 7103.5)	(51.0, 10648.0)	(52.0, 15997.5)	(53.0, 23204.5)	(54.0, 32813.5)	(55.0, 46017.0)	(56.0, 63239.0)	(57.0, 84974.0)	(58.0, 109483.5)	(59.0, 135068.5)	(60.0, 162754.5)	(61.0, 192172.0)	(62.0, 221889.5)	(63.0, 247365.0)	(64.0, 267487.5)	(65.0, 281640.5)	(66.0, 292487.0)	(67.0, 302765.5)	(68.0, 310012.0)	(69.0, 312906.5)	(70.0, 304691.0)	(71.0, 287011.5)	(72.0, 264412.0)	(73.0, 236489.0)	(74.0, 206173.5)	(75.0, 174551.0)	(76.0, 143204.0)	(77.0, 113053.0)	(78.0, 84254.5)	(79.0, 60573.5)	(80.0, 42053.0)	(81.0, 27511.5)	(82.0, 17063.0)	(83.0, 9830.0)	(84.0, 5385.0)	(85.0, 2765.0)	(86.0, 1269.0)	(87.0, 573.5)	(88.0, 275.0)	(89.0, 130.5)	(90.0, 60.0)	(91.0, 33.5)	(92.0, 32.0)	(93.0, 42.5)	(94.0, 53.0)	(95.0, 62.5)	(96.0, 60.5)	(97.0, 54.0)	(98.0, 72.5)	(99.0, 67.5)	(100.0, 27.5)
IDDLNTM107_R2	(0.0, 0.0)	(1.0, 0.0)	(2.0, 0.0)	(3.0, 0.0)	(4.0, 0.0)	(5.0, 0.5)	(6.0, 0.5)	(7.0, 0.0)	(8.0, 0.0)	(9.0, 0.0)	(10.0, 0.0)	(11.0, 0.0)	(12.0, 0.0)	(13.0, 0.0)	(14.0, 0.0)	(15.0, 0.0)	(16.0, 0.0)	(17.0, 0.0)	(18.0, 0.0)	(19.0, 0.0)	(20.0, 0.0)	(21.0, 0.0)	(22.0, 0.0)	(23.0, 0.0)	(24.0, 0.0)	(25.0, 0.0)	(26.0, 0.5)	(27.0, 0.5)	(28.0, 0.0)	(29.0, 0.0)	(30.0, 0.5)	(31.0, 1.0)	(32.0, 1.5)	(33.0, 1.5)	(34.0, 3.0)	(35.0, 6.5)	(36.0, 19.5)	(37.0, 37.0)	(38.0, 59.0)	(39.0, 99.0)	(40.0, 148.5)	(41.0, 223.5)	(42.0, 329.0)	(43.0, 499.5)	(44.0, 740.5)	(45.0, 1065.0)	(46.0, 1564.5)	(47.0, 2263.5)	(48.0, 3236.5)	(49.0, 4635.5)	(50.0, 6715.5)	(51.0, 9860.5)	(52.0, 14310.5)	(53.0, 20629.0)	(54.0, 30053.5)	(55.0, 43285.5)	(56.0, 60711.5)	(57.0, 83383.0)	(58.0, 109625.5)	(59.0, 136705.0)	(60.0, 164832.0)	(61.0, 193143.0)	(62.0, 222417.5)	(63.0, 247891.5)	(64.0, 267591.5)	(65.0, 282429.0)	(66.0, 292994.5)	(67.0, 303109.5)	(68.0, 310658.0)	(69.0, 312153.5)	(70.0, 303467.5)	(71.0, 286669.5)	(72.0, 264557.0)	(73.0, 236253.5)	(74.0, 205552.0)	(75.0, 173965.5)	(76.0, 142690.0)	(77.0, 112627.0)	(78.0, 84275.0)	(79.0, 60600.5)	(80.0, 41682.0)	(81.0, 27318.5)	(82.0, 16982.0)	(83.0, 9886.5)	(84.0, 5436.5)	(85.0, 2837.5)	(86.0, 1356.0)	(87.0, 663.5)	(88.0, 331.0)	(89.0, 167.0)	(90.0, 114.5)	(91.0, 93.0)	(92.0, 80.0)	(93.0, 73.0)	(94.0, 79.5)	(95.0, 84.5)	(96.0, 97.5)	(97.0, 152.5)	(98.0, 247.5)	(99.0, 586.0)	(100.0, 4692.5)
IDDLNTM108.A_R1	(0.0, 0.0)	(1.0, 0.0)	(2.0, 0.0)	(3.0, 0.0)	(4.0, 0.0)	(5.0, 0.0)	(6.0, 0.0)	(7.0, 0.0)	(8.0, 0.0)	(9.0, 0.0)	(10.0, 0.0)	(11.0, 0.0)	(12.0, 0.0)	(13.0, 0.0)	(14.0, 0.0)	(15.0, 0.0)	(16.0, 0.0)	(17.0, 0.0)	(18.0, 0.0)	(19.0, 0.0)	(20.0, 0.0)	(21.0, 0.0)	(22.0, 0.0)	(23.0, 0.0)	(24.0, 0.0)	(25.0, 0.0)	(26.0, 0.0)	(27.0, 0.0)	(28.0, 0.0)	(29.0, 0.0)	(30.0, 0.0)	(31.0, 5.0)	(32.0, 13.5)	(33.0, 21.5)	(34.0, 29.5)	(35.0, 28.5)	(36.0, 34.0)	(37.0, 74.0)	(38.0, 116.0)	(39.0, 166.5)	(40.0, 312.5)	(41.0, 615.5)	(42.0, 988.5)	(43.0, 1383.5)	(44.0, 2141.5)	(45.0, 3124.5)	(46.0, 4321.0)	(47.0, 6114.0)	(48.0, 8849.0)	(49.0, 12805.0)	(50.0, 18662.0)	(51.0, 27535.5)	(52.0, 40192.0)	(53.0, 57488.0)	(54.0, 80401.0)	(55.0, 108522.5)	(56.0, 141295.0)	(57.0, 178260.5)	(58.0, 217551.5)	(59.0, 256359.5)	(60.0, 293190.0)	(61.0, 325525.5)	(62.0, 349513.5)	(63.0, 362051.5)	(64.0, 363616.0)	(65.0, 356033.5)	(66.0, 337524.0)	(67.0, 308318.0)	(68.0, 272120.5)	(69.0, 232272.0)	(70.0, 191073.5)	(71.0, 151346.5)	(72.0, 115600.5)	(73.0, 84317.5)	(74.0, 58295.5)	(75.0, 38997.0)	(76.0, 25605.0)	(77.0, 16427.0)	(78.0, 9875.5)	(79.0, 5550.0)	(80.0, 3135.5)	(81.0, 1729.0)	(82.0, 969.5)	(83.0, 561.5)	(84.0, 316.5)	(85.0, 179.0)	(86.0, 93.5)	(87.0, 35.5)	(88.0, 18.0)	(89.0, 15.0)	(90.0, 14.0)	(91.0, 15.0)	(92.0, 27.5)	(93.0, 45.0)	(94.0, 70.0)	(95.0, 86.5)	(96.0, 80.5)	(97.0, 73.5)	(98.0, 80.0)	(99.0, 68.5)	(100.0, 32.5)
IDDLNTM108.A_R2	(0.0, 0.0)	(1.0, 0.0)	(2.0, 0.0)	(3.0, 0.0)	(4.0, 0.0)	(5.0, 0.0)	(6.0, 0.0)	(7.0, 0.0)	(8.0, 0.0)	(9.0, 0.0)	(10.0, 0.0)	(11.0, 0.0)	(12.0, 0.0)	(13.0, 0.0)	(14.0, 0.0)	(15.0, 0.0)	(16.0, 0.0)	(17.0, 0.0)	(18.0, 0.0)	(19.0, 0.0)	(20.0, 0.0)	(21.0, 0.0)	(22.0, 0.0)	(23.0, 0.5)	(24.0, 0.5)	(25.0, 0.0)	(26.0, 0.0)	(27.0, 0.0)	(28.0, 1.0)	(29.0, 1.5)	(30.0, 2.0)	(31.0, 7.0)	(32.0, 13.5)	(33.0, 19.5)	(34.0, 30.0)	(35.0, 36.0)	(36.0, 55.0)	(37.0, 113.0)	(38.0, 181.5)	(39.0, 266.0)	(40.0, 473.0)	(41.0, 795.5)	(42.0, 1201.0)	(43.0, 1773.5)	(44.0, 2613.5)	(45.0, 3785.5)	(46.0, 5163.0)	(47.0, 7121.5)	(48.0, 10224.5)	(49.0, 14725.0)	(50.0, 21757.0)	(51.0, 32759.0)	(52.0, 48567.0)	(53.0, 69771.0)	(54.0, 96660.5)	(55.0, 126907.5)	(56.0, 159195.0)	(57.0, 192755.5)	(58.0, 223975.5)	(59.0, 253006.0)	(60.0, 282072.5)	(61.0, 308385.0)	(62.0, 330053.5)	(63.0, 343308.0)	(64.0, 348126.5)	(65.0, 344475.0)	(66.0, 329534.5)	(67.0, 303786.5)	(68.0, 269253.0)	(69.0, 230762.5)	(70.0, 190008.0)	(71.0, 150325.0)	(72.0, 114712.5)	(73.0, 83914.5)	(74.0, 58375.0)	(75.0, 38902.5)	(76.0, 25198.0)	(77.0, 15956.5)	(78.0, 9784.5)	(79.0, 5674.5)	(80.0, 3295.0)	(81.0, 1855.0)	(82.0, 1051.5)	(83.0, 615.5)	(84.0, 357.5)	(85.0, 231.5)	(86.0, 144.0)	(87.0, 80.0)	(88.0, 67.5)	(89.0, 59.5)	(90.0, 61.5)	(91.0, 60.5)	(92.0, 51.0)	(93.0, 56.0)	(94.0, 71.0)	(95.0, 73.5)	(96.0, 92.5)	(97.0, 150.0)	(98.0, 217.5)	(99.0, 489.0)	(100.0, 3518.0)
IDDLNTM108.B_R1	(0.0, 0.0)	(1.0, 0.0)	(2.0, 0.0)	(3.0, 0.0)	(4.0, 0.0)	(5.0, 0.0)	(6.0, 0.0)	(7.0, 0.0)	(8.0, 0.0)	(9.0, 0.0)	(10.0, 0.0)	(11.0, 0.0)	(12.0, 0.0)	(13.0, 0.0)	(14.0, 0.0)	(15.0, 0.0)	(16.0, 0.0)	(17.0, 0.0)	(18.0, 0.0)	(19.0, 0.0)	(20.0, 0.0)	(21.0, 0.0)	(22.0, 0.0)	(23.0, 0.0)	(24.0, 0.0)	(25.0, 0.0)	(26.0, 0.0)	(27.0, 0.0)	(28.0, 0.0)	(29.0, 0.0)	(30.0, 0.0)	(31.0, 2.5)	(32.0, 15.5)	(33.0, 28.0)	(34.0, 31.0)	(35.0, 44.0)	(36.0, 71.5)	(37.0, 115.5)	(38.0, 166.5)	(39.0, 240.5)	(40.0, 343.5)	(41.0, 561.5)	(42.0, 836.0)	(43.0, 1205.5)	(44.0, 1834.5)	(45.0, 2681.0)	(46.0, 3796.5)	(47.0, 5183.5)	(48.0, 7182.5)	(49.0, 10260.0)	(50.0, 15014.5)	(51.0, 21893.5)	(52.0, 31816.0)	(53.0, 46038.5)	(54.0, 64999.5)	(55.0, 88901.0)	(56.0, 117549.5)	(57.0, 149818.0)	(58.0, 183245.5)	(59.0, 216378.0)	(60.0, 246562.0)	(61.0, 269808.5)	(62.0, 285725.0)	(63.0, 292138.0)	(64.0, 289211.0)	(65.0, 279509.5)	(66.0, 262063.0)	(67.0, 237293.5)	(68.0, 207801.0)	(69.0, 176343.5)	(70.0, 144376.0)	(71.0, 114178.5)	(72.0, 87408.5)	(73.0, 63613.0)	(74.0, 43932.5)	(75.0, 29387.0)	(76.0, 19239.5)	(77.0, 12537.0)	(78.0, 7853.0)	(79.0, 4540.5)	(80.0, 2588.0)	(81.0, 1503.0)	(82.0, 861.5)	(83.0, 476.5)	(84.0, 241.5)	(85.0, 117.5)	(86.0, 49.0)	(87.0, 30.0)	(88.0, 21.5)	(89.0, 14.5)	(90.0, 11.0)	(91.0, 10.0)	(92.0, 19.0)	(93.0, 38.0)	(94.0, 54.5)	(95.0, 69.5)	(96.0, 75.0)	(97.0, 67.0)	(98.0, 57.0)	(99.0, 44.0)	(100.0, 22.0)
IDDLNTM108.B_R2	(0.0, 0.0)	(1.0, 0.0)	(2.0, 0.0)	(3.0, 0.0)	(4.0, 0.0)	(5.0, 0.0)	(6.0, 0.0)	(7.0, 0.0)	(8.0, 0.0)	(9.0, 0.0)	(10.0, 0.0)	(11.0, 0.0)	(12.0, 0.0)	(13.0, 0.0)	(14.0, 0.0)	(15.0, 0.0)	(16.0, 0.0)	(17.0, 0.0)	(18.0, 0.0)	(19.0, 0.0)	(20.0, 0.0)	(21.0, 0.0)	(22.0, 0.0)	(23.0, 0.0)	(24.0, 0.0)	(25.0, 0.0)	(26.0, 0.5)	(27.0, 1.0)	(28.0, 0.5)	(29.0, 0.5)	(30.0, 2.0)	(31.0, 7.5)	(32.0, 14.5)	(33.0, 20.5)	(34.0, 37.0)	(35.0, 67.0)	(36.0, 90.0)	(37.0, 126.0)	(38.0, 212.0)	(39.0, 305.5)	(40.0, 438.5)	(41.0, 725.0)	(42.0, 1071.5)	(43.0, 1475.0)	(44.0, 2179.0)	(45.0, 3088.5)	(46.0, 4215.5)	(47.0, 5660.0)	(48.0, 7433.0)	(49.0, 10163.5)	(50.0, 14404.5)	(51.0, 20778.5)	(52.0, 30699.0)	(53.0, 45257.5)	(54.0, 65049.0)	(55.0, 90524.5)	(56.0, 121323.0)	(57.0, 155494.5)	(58.0, 190133.0)	(59.0, 221856.5)	(60.0, 248179.0)	(61.0, 268348.5)	(62.0, 281575.5)	(63.0, 285682.0)	(64.0, 282014.5)	(65.0, 273277.5)	(66.0, 257519.0)	(67.0, 234391.0)	(68.0, 206626.5)	(69.0, 176318.5)	(70.0, 144865.5)	(71.0, 114883.0)	(72.0, 87861.0)	(73.0, 64358.5)	(74.0, 44888.0)	(75.0, 29710.0)	(76.0, 19293.0)	(77.0, 12468.0)	(78.0, 7725.5)	(79.0, 4576.0)	(80.0, 2703.0)	(81.0, 1529.0)	(82.0, 867.5)	(83.0, 511.5)	(84.0, 299.0)	(85.0, 172.5)	(86.0, 100.5)	(87.0, 78.0)	(88.0, 68.5)	(89.0, 61.5)	(90.0, 59.0)	(91.0, 56.0)	(92.0, 48.0)	(93.0, 52.0)	(94.0, 61.5)	(95.0, 58.0)	(96.0, 72.5)	(97.0, 120.0)	(98.0, 196.5)	(99.0, 461.0)	(100.0, 2748.0)
IDDLNTM109_R1	(0.0, 0.0)	(1.0, 0.0)	(2.0, 0.0)	(3.0, 0.0)	(4.0, 0.0)	(5.0, 0.0)	(6.0, 0.0)	(7.0, 0.0)	(8.0, 0.0)	(9.0, 0.0)	(10.0, 0.0)	(11.0, 0.0)	(12.0, 0.0)	(13.0, 0.0)	(14.0, 0.0)	(15.0, 0.0)	(16.0, 0.0)	(17.0, 0.0)	(18.0, 0.0)	(19.0, 0.5)	(20.0, 0.5)	(21.0, 0.0)	(22.0, 0.0)	(23.0, 0.0)	(24.0, 0.0)	(25.0, 0.0)	(26.0, 0.0)	(27.0, 0.0)	(28.0, 0.0)	(29.0, 0.0)	(30.0, 0.0)	(31.0, 0.0)	(32.0, 0.0)	(33.0, 0.0)	(34.0, 0.5)	(35.0, 2.0)	(36.0, 14.0)	(37.0, 30.0)	(38.0, 34.5)	(39.0, 53.0)	(40.0, 81.5)	(41.0, 116.5)	(42.0, 183.0)	(43.0, 322.5)	(44.0, 506.5)	(45.0, 697.0)	(46.0, 1027.0)	(47.0, 1492.0)	(48.0, 2183.0)	(49.0, 3154.5)	(50.0, 4537.5)	(51.0, 6635.5)	(52.0, 9896.0)	(53.0, 14554.0)	(54.0, 20844.0)	(55.0, 29432.0)	(56.0, 41201.5)	(57.0, 57062.5)	(58.0, 77617.0)	(59.0, 100901.0)	(60.0, 126248.5)	(61.0, 154355.0)	(62.0, 183924.5)	(63.0, 210681.0)	(64.0, 232203.0)	(65.0, 247853.0)	(66.0, 256534.0)	(67.0, 260021.5)	(68.0, 258655.5)	(69.0, 252454.0)	(70.0, 239488.5)	(71.0, 221006.5)	(72.0, 199599.5)	(73.0, 174942.0)	(74.0, 148978.5)	(75.0, 122208.0)	(76.0, 96175.5)	(77.0, 72290.0)	(78.0, 50821.5)	(79.0, 33725.5)	(80.0, 20909.5)	(81.0, 11687.5)	(82.0, 5763.0)	(83.0, 2453.5)	(84.0, 955.0)	(85.0, 346.5)	(86.0, 138.5)	(87.0, 69.0)	(88.0, 44.0)	(89.0, 35.5)	(90.0, 23.0)	(91.0, 16.5)	(92.0, 21.5)	(93.0, 34.0)	(94.0, 41.5)	(95.0, 44.0)	(96.0, 47.5)	(97.0, 46.0)	(98.0, 49.0)	(99.0, 42.5)	(100.0, 23.0)
IDDLNTM109_R2	(0.0, 0.0)	(1.0, 0.0)	(2.0, 0.0)	(3.0, 0.0)	(4.0, 0.0)	(5.0, 0.0)	(6.0, 0.0)	(7.0, 0.0)	(8.0, 0.0)	(9.0, 0.0)	(10.0, 0.0)	(11.0, 0.0)	(12.0, 0.5)	(13.0, 0.5)	(14.0, 0.0)	(15.0, 0.0)	(16.0, 0.0)	(17.0, 0.0)	(18.0, 0.0)	(19.0, 0.0)	(20.0, 0.0)	(21.0, 0.0)	(22.0, 0.0)	(23.0, 0.0)	(24.0, 0.0)	(25.0, 0.0)	(26.0, 0.5)	(27.0, 0.5)	(28.0, 0.0)	(29.0, 0.0)	(30.0, 0.0)	(31.0, 0.5)	(32.0, 1.0)	(33.0, 3.0)	(34.0, 5.0)	(35.0, 7.0)	(36.0, 19.5)	(37.0, 44.0)	(38.0, 68.0)	(39.0, 109.0)	(40.0, 147.0)	(41.0, 192.5)	(42.0, 328.0)	(43.0, 517.5)	(44.0, 706.0)	(45.0, 983.0)	(46.0, 1489.0)	(47.0, 2145.5)	(48.0, 3064.0)	(49.0, 4371.5)	(50.0, 6356.5)	(51.0, 9573.5)	(52.0, 14227.0)	(53.0, 21093.0)	(54.0, 31020.0)	(55.0, 43892.5)	(56.0, 59803.0)	(57.0, 78949.5)	(58.0, 100093.5)	(59.0, 120569.0)	(60.0, 140394.5)	(61.0, 159640.5)	(62.0, 178981.5)	(63.0, 197131.0)	(64.0, 212072.5)	(65.0, 223948.5)	(66.0, 233046.5)	(67.0, 240008.0)	(68.0, 243065.5)	(69.0, 240966.0)	(70.0, 231522.0)	(71.0, 216104.5)	(72.0, 196935.5)	(73.0, 173398.0)	(74.0, 147834.0)	(75.0, 121342.0)	(76.0, 95482.0)	(77.0, 72083.5)	(78.0, 51013.5)	(79.0, 33627.0)	(80.0, 20787.5)	(81.0, 11882.5)	(82.0, 5990.5)	(83.0, 2663.5)	(84.0, 1076.5)	(85.0, 417.5)	(86.0, 200.5)	(87.0, 111.0)	(88.0, 77.0)	(89.0, 65.5)	(90.0, 63.0)	(91.0, 57.5)	(92.0, 54.5)	(93.0, 55.0)	(94.0, 52.0)	(95.0, 56.5)	(96.0, 65.5)	(97.0, 93.5)	(98.0, 152.5)	(99.0, 352.0)	(100.0, 2575.5)
IDDLNTM111_R1	(0.0, 0.0)	(1.0, 0.0)	(2.0, 0.0)	(3.0, 0.0)	(4.0, 0.0)	(5.0, 0.0)	(6.0, 0.0)	(7.0, 0.0)	(8.0, 0.0)	(9.0, 0.0)	(10.0, 0.0)	(11.0, 0.0)	(12.0, 0.0)	(13.0, 0.0)	(14.0, 0.0)	(15.0, 0.0)	(16.0, 0.0)	(17.0, 0.0)	(18.0, 0.0)	(19.0, 0.0)	(20.0, 0.0)	(21.0, 0.0)	(22.0, 0.0)	(23.0, 0.0)	(24.0, 0.5)	(25.0, 0.5)	(26.0, 0.5)	(27.0, 0.5)	(28.0, 1.5)	(29.0, 2.5)	(30.0, 4.0)	(31.0, 4.5)	(32.0, 3.0)	(33.0, 13.5)	(34.0, 24.0)	(35.0, 39.0)	(36.0, 51.5)	(37.0, 69.5)	(38.0, 120.5)	(39.0, 191.0)	(40.0, 333.5)	(41.0, 515.0)	(42.0, 749.5)	(43.0, 1163.5)	(44.0, 1673.0)	(45.0, 2239.5)	(46.0, 2939.0)	(47.0, 3781.0)	(48.0, 5163.0)	(49.0, 7313.0)	(50.0, 10262.5)	(51.0, 14282.5)	(52.0, 20345.5)	(53.0, 29194.0)	(54.0, 41532.0)	(55.0, 58797.5)	(56.0, 81252.5)	(57.0, 108322.5)	(58.0, 140134.0)	(59.0, 176269.5)	(60.0, 215250.5)	(61.0, 253971.0)	(62.0, 289851.0)	(63.0, 319836.0)	(64.0, 340405.5)	(65.0, 352805.0)	(66.0, 356399.0)	(67.0, 348258.5)	(68.0, 332056.5)	(69.0, 307756.5)	(70.0, 275327.0)	(71.0, 239639.0)	(72.0, 201553.5)	(73.0, 163407.0)	(74.0, 128541.5)	(75.0, 98825.5)	(76.0, 74307.0)	(77.0, 54336.0)	(78.0, 39195.5)	(79.0, 27899.5)	(80.0, 19135.5)	(81.0, 12703.0)	(82.0, 8055.5)	(83.0, 4631.5)	(84.0, 2347.5)	(85.0, 1077.0)	(86.0, 466.5)	(87.0, 182.0)	(88.0, 66.5)	(89.0, 38.5)	(90.0, 30.5)	(91.0, 29.5)	(92.0, 28.0)	(93.0, 36.0)	(94.0, 55.0)	(95.0, 71.5)	(96.0, 71.0)	(97.0, 66.5)	(98.0, 69.5)	(99.0, 67.0)	(100.0, 42.0)
IDDLNTM111_R2	(0.0, 0.0)	(1.0, 0.0)	(2.0, 0.5)	(3.0, 0.5)	(4.0, 0.0)	(5.0, 0.0)	(6.0, 0.5)	(7.0, 0.5)	(8.0, 0.0)	(9.0, 0.5)	(10.0, 0.5)	(11.0, 0.0)	(12.0, 0.0)	(13.0, 0.0)	(14.0, 0.0)	(15.0, 0.0)	(16.0, 0.0)	(17.0, 0.0)	(18.0, 0.0)	(19.0, 0.0)	(20.0, 0.0)	(21.0, 0.0)	(22.0, 0.0)	(23.0, 0.0)	(24.0, 1.0)	(25.0, 2.0)	(26.0, 1.5)	(27.0, 1.5)	(28.0, 2.5)	(29.0, 3.5)	(30.0, 4.0)	(31.0, 6.5)	(32.0, 9.0)	(33.0, 20.0)	(34.0, 32.0)	(35.0, 43.0)	(36.0, 68.0)	(37.0, 107.0)	(38.0, 172.5)	(39.0, 264.0)	(40.0, 447.0)	(41.0, 682.0)	(42.0, 980.0)	(43.0, 1409.0)	(44.0, 2000.5)	(45.0, 2678.0)	(46.0, 3496.0)	(47.0, 4554.0)	(48.0, 6068.5)	(49.0, 8497.0)	(50.0, 11728.0)	(51.0, 16367.5)	(52.0, 23476.0)	(53.0, 34271.5)	(54.0, 50020.5)	(55.0, 71354.0)	(56.0, 98640.5)	(57.0, 130604.0)	(58.0, 164335.0)	(59.0, 197956.0)	(60.0, 230746.0)	(61.0, 259833.5)	(62.0, 283823.5)	(63.0, 303113.5)	(64.0, 316731.0)	(65.0, 326182.5)	(66.0, 330999.5)	(67.0, 327312.5)	(68.0, 316657.5)	(69.0, 297644.5)	(70.0, 268949.5)	(71.0, 235897.5)	(72.0, 199808.5)	(73.0, 163229.0)	(74.0, 128954.5)	(75.0, 98969.0)	(76.0, 74609.0)	(77.0, 54443.5)	(78.0, 39023.0)	(79.0, 27718.5)	(80.0, 19102.5)	(81.0, 12704.0)	(82.0, 8056.0)	(83.0, 4751.5)	(84.0, 2457.5)	(85.0, 1133.5)	(86.0, 531.5)	(87.0, 248.0)	(88.0, 110.5)	(89.0, 82.5)	(90.0, 78.5)	(91.0, 74.0)	(92.0, 67.0)	(93.0, 64.0)	(94.0, 72.0)	(95.0, 86.0)	(96.0, 104.0)	(97.0, 142.5)	(98.0, 227.5)	(99.0, 635.0)	(100.0, 5251.5)
IDDLNTM112_R1	(0.0, 0.0)	(1.0, 0.0)	(2.0, 0.0)	(3.0, 0.0)	(4.0, 0.0)	(5.0, 0.0)	(6.0, 0.0)	(7.0, 0.0)	(8.0, 0.0)	(9.0, 0.0)	(10.0, 0.0)	(11.0, 0.0)	(12.0, 0.0)	(13.0, 0.0)	(14.0, 0.0)	(15.0, 0.0)	(16.0, 0.0)	(17.0, 0.0)	(18.0, 0.0)	(19.0, 0.0)	(20.0, 0.0)	(21.0, 0.0)	(22.0, 0.0)	(23.0, 0.0)	(24.0, 0.0)	(25.0, 0.0)	(26.0, 0.0)	(27.0, 0.0)	(28.0, 0.0)	(29.0, 0.0)	(30.0, 0.0)	(31.0, 0.0)	(32.0, 0.0)	(33.0, 0.0)	(34.0, 1.0)	(35.0, 3.0)	(36.0, 10.0)	(37.0, 38.0)	(38.0, 52.0)	(39.0, 60.0)	(40.0, 91.0)	(41.0, 140.0)	(42.0, 232.5)	(43.0, 377.0)	(44.0, 550.5)	(45.0, 800.5)	(46.0, 1230.0)	(47.0, 1796.5)	(48.0, 2615.0)	(49.0, 3766.5)	(50.0, 5396.0)	(51.0, 7781.5)	(52.0, 11360.5)	(53.0, 16264.5)	(54.0, 22921.0)	(55.0, 32201.5)	(56.0, 44674.0)	(57.0, 61601.0)	(58.0, 82876.5)	(59.0, 107839.5)	(60.0, 136175.5)	(61.0, 168850.5)	(62.0, 205885.0)	(63.0, 241748.0)	(64.0, 272060.0)	(65.0, 295009.0)	(66.0, 311359.5)	(67.0, 322301.0)	(68.0, 327657.5)	(69.0, 325994.0)	(70.0, 312278.0)	(71.0, 290512.0)	(72.0, 265330.5)	(73.0, 235357.0)	(74.0, 203233.0)	(75.0, 169874.0)	(76.0, 137640.0)	(77.0, 107258.0)	(78.0, 78651.0)	(79.0, 55713.0)	(80.0, 37850.5)	(81.0, 23324.5)	(82.0, 13050.5)	(83.0, 6810.5)	(84.0, 3288.0)	(85.0, 1452.5)	(86.0, 572.0)	(87.0, 239.0)	(88.0, 100.5)	(89.0, 51.5)	(90.0, 39.0)	(91.0, 35.5)	(92.0, 40.0)	(93.0, 46.5)	(94.0, 68.5)	(95.0, 83.5)	(96.0, 91.0)	(97.0, 77.0)	(98.0, 71.0)	(99.0, 71.0)	(100.0, 36.0)
IDDLNTM112_R2	(0.0, 0.0)	(1.0, 0.0)	(2.0, 0.0)	(3.0, 0.0)	(4.0, 0.0)	(5.0, 0.0)	(6.0, 0.0)	(7.0, 0.0)	(8.0, 0.0)	(9.0, 0.5)	(10.0, 0.5)	(11.0, 0.0)	(12.0, 0.0)	(13.0, 0.0)	(14.0, 0.0)	(15.0, 0.0)	(16.0, 0.0)	(17.0, 0.0)	(18.0, 0.0)	(19.0, 0.0)	(20.0, 0.0)	(21.0, 0.5)	(22.0, 1.0)	(23.0, 0.5)	(24.0, 0.0)	(25.0, 0.5)	(26.0, 0.5)	(27.0, 0.0)	(28.0, 1.0)	(29.0, 1.5)	(30.0, 1.5)	(31.0, 2.5)	(32.0, 2.5)	(33.0, 2.0)	(34.0, 4.0)	(35.0, 9.0)	(36.0, 20.5)	(37.0, 47.5)	(38.0, 72.5)	(39.0, 109.5)	(40.0, 177.0)	(41.0, 248.0)	(42.0, 357.5)	(43.0, 528.0)	(44.0, 757.0)	(45.0, 1134.5)	(46.0, 1706.5)	(47.0, 2378.0)	(48.0, 3385.5)	(49.0, 4648.0)	(50.0, 6584.5)	(51.0, 9577.5)	(52.0, 13862.5)	(53.0, 19914.5)	(54.0, 28312.5)	(55.0, 40324.5)	(56.0, 56185.5)	(57.0, 76100.5)	(58.0, 100126.0)	(59.0, 125486.0)	(60.0, 151839.5)	(61.0, 180369.0)	(62.0, 209824.5)	(63.0, 236359.0)	(64.0, 258721.5)	(65.0, 276096.0)	(66.0, 289934.5)	(67.0, 302251.0)	(68.0, 310270.5)	(69.0, 312069.5)	(70.0, 303376.5)	(71.0, 285557.0)	(72.0, 262846.0)	(73.0, 234127.5)	(74.0, 202323.0)	(75.0, 170170.0)	(76.0, 137995.0)	(77.0, 107112.5)	(78.0, 78857.5)	(79.0, 55644.5)	(80.0, 37121.5)	(81.0, 23089.5)	(82.0, 13459.0)	(83.0, 7110.0)	(84.0, 3424.5)	(85.0, 1539.5)	(86.0, 674.0)	(87.0, 327.0)	(88.0, 178.0)	(89.0, 123.0)	(90.0, 108.5)	(91.0, 105.5)	(92.0, 103.0)	(93.0, 97.0)	(94.0, 88.0)	(95.0, 87.0)	(96.0, 115.5)	(97.0, 169.0)	(98.0, 255.0)	(99.0, 625.5)	(100.0, 4413.0)
IDDLNTM113_R1	(0.0, 0.0)	(1.0, 0.0)	(2.0, 0.0)	(3.0, 0.0)	(4.0, 0.0)	(5.0, 0.0)	(6.0, 0.0)	(7.0, 0.0)	(8.0, 0.0)	(9.0, 0.0)	(10.0, 0.0)	(11.0, 0.0)	(12.0, 0.0)	(13.0, 0.0)	(14.0, 0.0)	(15.0, 0.0)	(16.0, 0.0)	(17.0, 0.0)	(18.0, 0.0)	(19.0, 0.0)	(20.0, 0.0)	(21.0, 0.0)	(22.0, 0.0)	(23.0, 0.0)	(24.0, 0.0)	(25.0, 0.0)	(26.0, 0.0)	(27.0, 0.0)	(28.0, 0.5)	(29.0, 0.5)	(30.0, 0.0)	(31.0, 0.0)	(32.0, 0.0)	(33.0, 0.0)	(34.0, 0.5)	(35.0, 1.0)	(36.0, 1.5)	(37.0, 15.0)	(38.0, 26.5)	(39.0, 31.5)	(40.0, 52.0)	(41.0, 74.0)	(42.0, 104.5)	(43.0, 171.0)	(44.0, 268.5)	(45.0, 391.5)	(46.0, 580.0)	(47.0, 847.5)	(48.0, 1313.0)	(49.0, 1953.0)	(50.0, 2966.5)	(51.0, 4581.0)	(52.0, 6808.5)	(53.0, 9986.0)	(54.0, 14210.5)	(55.0, 19875.5)	(56.0, 27161.5)	(57.0, 36399.5)	(58.0, 47106.5)	(59.0, 58241.0)	(60.0, 69736.5)	(61.0, 82111.0)	(62.0, 94742.5)	(63.0, 106193.5)	(64.0, 116105.0)	(65.0, 123341.5)	(66.0, 128652.0)	(67.0, 132829.5)	(68.0, 135691.5)	(69.0, 135622.0)	(70.0, 130707.0)	(71.0, 122726.5)	(72.0, 112256.5)	(73.0, 99505.0)	(74.0, 85786.0)	(75.0, 71638.0)	(76.0, 58078.5)	(77.0, 45252.5)	(78.0, 33372.0)	(79.0, 23609.5)	(80.0, 15980.0)	(81.0, 10143.0)	(82.0, 6081.0)	(83.0, 3414.5)	(84.0, 1785.5)	(85.0, 884.5)	(86.0, 380.5)	(87.0, 163.0)	(88.0, 73.0)	(89.0, 36.0)	(90.0, 20.0)	(91.0, 16.5)	(92.0, 18.0)	(93.0, 22.0)	(94.0, 32.0)	(95.0, 43.5)	(96.0, 42.0)	(97.0, 33.5)	(98.0, 30.0)	(99.0, 23.5)	(100.0, 12.0)
IDDLNTM113_R2	(0.0, 0.0)	(1.0, 0.0)	(2.0, 0.0)	(3.0, 0.0)	(4.0, 0.0)	(5.0, 0.0)	(6.0, 0.0)	(7.0, 0.0)	(8.0, 0.0)	(9.0, 0.0)	(10.0, 0.0)	(11.0, 0.0)	(12.0, 0.0)	(13.0, 0.0)	(14.0, 0.0)	(15.0, 0.0)	(16.0, 0.0)	(17.0, 0.0)	(18.0, 0.0)	(19.0, 0.0)	(20.0, 0.0)	(21.0, 0.0)	(22.0, 0.0)	(23.0, 0.0)	(24.0, 0.0)	(25.0, 0.0)	(26.0, 0.0)	(27.0, 0.0)	(28.0, 0.0)	(29.0, 0.5)	(30.0, 0.5)	(31.0, 0.0)	(32.0, 0.5)	(33.0, 1.0)	(34.0, 1.5)	(35.0, 5.0)	(36.0, 8.5)	(37.0, 13.0)	(38.0, 22.0)	(39.0, 39.5)	(40.0, 76.0)	(41.0, 106.0)	(42.0, 151.0)	(43.0, 251.5)	(44.0, 353.5)	(45.0, 504.0)	(46.0, 754.5)	(47.0, 1010.5)	(48.0, 1401.0)	(49.0, 1976.0)	(50.0, 2833.0)	(51.0, 4275.5)	(52.0, 6142.0)	(53.0, 8884.0)	(54.0, 12942.0)	(55.0, 18439.5)	(56.0, 26122.5)	(57.0, 35902.0)	(58.0, 47265.5)	(59.0, 59321.5)	(60.0, 71344.5)	(61.0, 83544.5)	(62.0, 96137.5)	(63.0, 107454.5)	(64.0, 116440.5)	(65.0, 123208.0)	(66.0, 128278.0)	(67.0, 132001.0)	(68.0, 134277.0)	(69.0, 134832.5)	(70.0, 130248.0)	(71.0, 121601.0)	(72.0, 111454.0)	(73.0, 99022.0)	(74.0, 85235.5)	(75.0, 71167.5)	(76.0, 57721.0)	(77.0, 45070.0)	(78.0, 33495.5)	(79.0, 23764.5)	(80.0, 15904.0)	(81.0, 10135.0)	(82.0, 6201.5)	(83.0, 3535.0)	(84.0, 1905.0)	(85.0, 934.5)	(86.0, 424.0)	(87.0, 210.5)	(88.0, 126.5)	(89.0, 90.0)	(90.0, 59.5)	(91.0, 53.5)	(92.0, 55.5)	(93.0, 68.0)	(94.0, 66.0)	(95.0, 64.5)	(96.0, 93.0)	(97.0, 129.5)	(98.0, 202.0)	(99.0, 456.0)	(100.0, 2439.5)
IDDLNTM116_R1	(0.0, 0.0)	(1.0, 0.0)	(2.0, 0.0)	(3.0, 0.0)	(4.0, 0.0)	(5.0, 0.0)	(6.0, 0.0)	(7.0, 0.0)	(8.0, 0.0)	(9.0, 0.0)	(10.0, 0.0)	(11.0, 0.0)	(12.0, 0.0)	(13.0, 0.0)	(14.0, 0.5)	(15.0, 0.5)	(16.0, 0.0)	(17.0, 0.0)	(18.0, 0.0)	(19.0, 0.0)	(20.0, 0.0)	(21.0, 0.0)	(22.0, 0.0)	(23.0, 0.0)	(24.0, 0.0)	(25.0, 0.0)	(26.0, 0.0)	(27.0, 0.0)	(28.0, 0.0)	(29.0, 0.0)	(30.0, 0.0)	(31.0, 0.0)	(32.0, 0.5)	(33.0, 3.0)	(34.0, 6.5)	(35.0, 7.5)	(36.0, 8.0)	(37.0, 15.5)	(38.0, 46.0)	(39.0, 78.5)	(40.0, 97.0)	(41.0, 173.0)	(42.0, 322.0)	(43.0, 483.0)	(44.0, 734.0)	(45.0, 1060.0)	(46.0, 1518.5)	(47.0, 2203.5)	(48.0, 3110.5)	(49.0, 4465.5)	(50.0, 6595.0)	(51.0, 9805.0)	(52.0, 14228.5)	(53.0, 20801.5)	(54.0, 29919.0)	(55.0, 42197.0)	(56.0, 58600.5)	(57.0, 78784.5)	(58.0, 102880.0)	(59.0, 130045.5)	(60.0, 159210.5)	(61.0, 189132.0)	(62.0, 215041.0)	(63.0, 235118.5)	(64.0, 251288.0)	(65.0, 263192.5)	(66.0, 269857.5)	(67.0, 270510.5)	(68.0, 266144.0)	(69.0, 257550.5)	(70.0, 242492.5)	(71.0, 222249.5)	(72.0, 198799.0)	(73.0, 170878.5)	(74.0, 141816.0)	(75.0, 115198.5)	(76.0, 90385.5)	(77.0, 67066.5)	(78.0, 47511.0)	(79.0, 32156.5)	(80.0, 20736.5)	(81.0, 12997.5)	(82.0, 7630.0)	(83.0, 4314.0)	(84.0, 2224.5)	(85.0, 1056.5)	(86.0, 476.0)	(87.0, 194.0)	(88.0, 94.5)	(89.0, 51.0)	(90.0, 27.5)	(91.0, 23.5)	(92.0, 26.5)	(93.0, 38.5)	(94.0, 61.5)	(95.0, 67.5)	(96.0, 66.5)	(97.0, 66.5)	(98.0, 66.5)	(99.0, 63.0)	(100.0, 32.5)
IDDLNTM116_R2	(0.0, 0.0)	(1.0, 0.0)	(2.0, 0.0)	(3.0, 0.5)	(4.0, 0.5)	(5.0, 0.5)	(6.0, 0.5)	(7.0, 0.0)	(8.0, 0.0)	(9.0, 0.0)	(10.0, 0.0)	(11.0, 0.0)	(12.0, 0.0)	(13.0, 0.0)	(14.0, 0.5)	(15.0, 0.5)	(16.0, 0.0)	(17.0, 0.0)	(18.0, 0.0)	(19.0, 0.5)	(20.0, 0.5)	(21.0, 0.0)	(22.0, 0.0)	(23.0, 0.0)	(24.0, 0.5)	(25.0, 0.5)	(26.0, 0.0)	(27.0, 0.5)	(28.0, 0.5)	(29.0, 0.5)	(30.0, 0.5)	(31.0, 2.5)	(32.0, 3.5)	(33.0, 5.5)	(34.0, 7.5)	(35.0, 10.5)	(36.0, 22.5)	(37.0, 42.5)	(38.0, 83.0)	(39.0, 127.0)	(40.0, 203.0)	(41.0, 328.0)	(42.0, 487.5)	(43.0, 701.5)	(44.0, 1062.5)	(45.0, 1568.0)	(46.0, 2202.0)	(47.0, 3118.5)	(48.0, 4532.5)	(49.0, 6709.5)	(50.0, 10073.5)	(51.0, 15486.0)	(52.0, 23662.0)	(53.0, 34902.5)	(54.0, 49414.5)	(55.0, 67126.0)	(56.0, 87058.5)	(57.0, 107391.0)	(58.0, 127056.0)	(59.0, 145558.5)	(60.0, 162365.0)	(61.0, 179212.0)	(62.0, 194155.0)	(63.0, 206611.5)	(64.0, 220708.0)	(65.0, 233400.0)	(66.0, 244055.0)	(67.0, 251875.0)	(68.0, 253471.0)	(69.0, 249603.5)	(70.0, 237958.5)	(71.0, 219687.5)	(72.0, 196991.0)	(73.0, 170018.5)	(74.0, 141841.5)	(75.0, 114938.5)	(76.0, 90285.5)	(77.0, 67631.0)	(78.0, 47652.0)	(79.0, 32105.0)	(80.0, 21100.0)	(81.0, 13245.0)	(82.0, 7793.5)	(83.0, 4424.5)	(84.0, 2360.0)	(85.0, 1142.0)	(86.0, 525.0)	(87.0, 249.0)	(88.0, 172.0)	(89.0, 143.0)	(90.0, 116.5)	(91.0, 106.5)	(92.0, 107.0)	(93.0, 106.5)	(94.0, 98.5)	(95.0, 103.5)	(96.0, 128.0)	(97.0, 197.0)	(98.0, 340.5)	(99.0, 720.0)	(100.0, 3958.5)
IDDLNTM117_R1	(0.0, 0.0)	(1.0, 0.0)	(2.0, 0.0)	(3.0, 0.0)	(4.0, 0.0)	(5.0, 0.0)	(6.0, 0.0)	(7.0, 0.0)	(8.0, 0.0)	(9.0, 0.0)	(10.0, 0.0)	(11.0, 0.0)	(12.0, 0.0)	(13.0, 0.0)	(14.0, 0.0)	(15.0, 0.0)	(16.0, 0.0)	(17.0, 0.0)	(18.0, 0.0)	(19.0, 0.0)	(20.0, 0.0)	(21.0, 0.0)	(22.0, 0.0)	(23.0, 0.0)	(24.0, 0.0)	(25.0, 0.0)	(26.0, 0.0)	(27.0, 0.0)	(28.0, 0.0)	(29.0, 1.0)	(30.0, 1.0)	(31.0, 0.0)	(32.0, 0.0)	(33.0, 0.0)	(34.0, 0.0)	(35.0, 0.5)	(36.0, 2.0)	(37.0, 13.0)	(38.0, 27.5)	(39.0, 67.5)	(40.0, 119.0)	(41.0, 168.5)	(42.0, 278.0)	(43.0, 450.5)	(44.0, 680.5)	(45.0, 964.0)	(46.0, 1522.0)	(47.0, 2429.5)	(48.0, 3655.5)	(49.0, 5356.0)	(50.0, 7918.5)	(51.0, 12058.5)	(52.0, 18254.0)	(53.0, 26891.5)	(54.0, 38536.5)	(55.0, 54093.0)	(56.0, 73525.5)	(57.0, 96536.5)	(58.0, 121615.0)	(59.0, 148391.0)	(60.0, 175378.5)	(61.0, 198153.0)	(62.0, 216805.0)	(63.0, 230073.5)	(64.0, 235786.0)	(65.0, 234096.0)	(66.0, 227515.5)	(67.0, 218665.5)	(68.0, 207957.5)	(69.0, 196801.5)	(70.0, 183547.5)	(71.0, 168563.0)	(72.0, 152391.5)	(73.0, 133420.5)	(74.0, 114623.0)	(75.0, 96144.5)	(76.0, 77261.5)	(77.0, 59437.5)	(78.0, 43309.5)	(79.0, 29800.5)	(80.0, 19199.0)	(81.0, 11393.0)	(82.0, 6055.5)	(83.0, 2818.0)	(84.0, 1147.0)	(85.0, 440.0)	(86.0, 164.5)	(87.0, 78.5)	(88.0, 60.5)	(89.0, 44.0)	(90.0, 26.5)	(91.0, 26.0)	(92.0, 19.5)	(93.0, 14.5)	(94.0, 15.0)	(95.0, 19.5)	(96.0, 27.0)	(97.0, 35.0)	(98.0, 41.5)	(99.0, 45.0)	(100.0, 30.0)
IDDLNTM117_R2	(0.0, 0.0)	(1.0, 0.0)	(2.0, 0.5)	(3.0, 0.5)	(4.0, 0.0)	(5.0, 0.0)	(6.0, 0.0)	(7.0, 0.0)	(8.0, 0.0)	(9.0, 0.0)	(10.0, 0.0)	(11.0, 0.0)	(12.0, 0.0)	(13.0, 0.0)	(14.0, 0.0)	(15.0, 0.0)	(16.0, 0.0)	(17.0, 0.0)	(18.0, 0.0)	(19.0, 0.5)	(20.0, 0.5)	(21.0, 0.0)	(22.0, 0.0)	(23.0, 0.0)	(24.0, 0.0)	(25.0, 0.0)	(26.0, 0.0)	(27.0, 0.5)	(28.0, 1.0)	(29.0, 2.0)	(30.0, 1.5)	(31.0, 0.5)	(32.0, 1.0)	(33.0, 1.0)	(34.0, 4.0)	(35.0, 4.5)	(36.0, 9.5)	(37.0, 23.5)	(38.0, 53.0)	(39.0, 103.5)	(40.0, 177.0)	(41.0, 270.5)	(42.0, 425.0)	(43.0, 648.0)	(44.0, 928.5)	(45.0, 1234.5)	(46.0, 1783.5)	(47.0, 2722.0)	(48.0, 3966.0)	(49.0, 5794.0)	(50.0, 9012.5)	(51.0, 14460.5)	(52.0, 22725.5)	(53.0, 34731.0)	(54.0, 51396.5)	(55.0, 73024.0)	(56.0, 98085.0)	(57.0, 124515.5)	(58.0, 149625.0)	(59.0, 171065.0)	(60.0, 187055.5)	(61.0, 197200.0)	(62.0, 203644.0)	(63.0, 206947.5)	(64.0, 206870.0)	(65.0, 204673.0)	(66.0, 201845.5)	(67.0, 199268.5)	(68.0, 195502.5)	(69.0, 189371.0)	(70.0, 179638.0)	(71.0, 166230.0)	(72.0, 150903.5)	(73.0, 133083.0)	(74.0, 113844.5)	(75.0, 95209.0)	(76.0, 77118.5)	(77.0, 59432.5)	(78.0, 43415.5)	(79.0, 29952.5)	(80.0, 19380.0)	(81.0, 11634.5)	(82.0, 6255.0)	(83.0, 2920.5)	(84.0, 1198.5)	(85.0, 476.5)	(86.0, 202.0)	(87.0, 121.5)	(88.0, 77.0)	(89.0, 47.0)	(90.0, 40.5)	(91.0, 36.0)	(92.0, 40.0)	(93.0, 37.5)	(94.0, 30.5)	(95.0, 31.5)	(96.0, 29.5)	(97.0, 38.5)	(98.0, 61.0)	(99.0, 184.0)	(100.0, 2149.5)
IDDLNTM12.A_R1	(0.0, 0.0)	(1.0, 0.0)	(2.0, 0.0)	(3.0, 0.0)	(4.0, 0.0)	(5.0, 0.0)	(6.0, 0.0)	(7.0, 0.0)	(8.0, 0.0)	(9.0, 0.0)	(10.0, 0.0)	(11.0, 0.0)	(12.0, 0.0)	(13.0, 0.0)	(14.0, 0.0)	(15.0, 0.0)	(16.0, 0.0)	(17.0, 0.0)	(18.0, 0.0)	(19.0, 0.0)	(20.0, 0.0)	(21.0, 0.0)	(22.0, 0.0)	(23.0, 0.0)	(24.0, 0.0)	(25.0, 0.0)	(26.0, 0.0)	(27.0, 0.0)	(28.0, 1.0)	(29.0, 1.5)	(30.0, 0.5)	(31.0, 5.0)	(32.0, 13.0)	(33.0, 20.0)	(34.0, 26.5)	(35.0, 30.0)	(36.0, 41.5)	(37.0, 78.5)	(38.0, 108.0)	(39.0, 170.0)	(40.0, 332.0)	(41.0, 595.0)	(42.0, 888.0)	(43.0, 1262.0)	(44.0, 1934.0)	(45.0, 2831.0)	(46.0, 3916.5)	(47.0, 5362.0)	(48.0, 7574.0)	(49.0, 10588.5)	(50.0, 15065.0)	(51.0, 21745.0)	(52.0, 31603.5)	(53.0, 45652.0)	(54.0, 64998.0)	(55.0, 90660.5)	(56.0, 122744.5)	(57.0, 161387.5)	(58.0, 205656.5)	(59.0, 252434.0)	(60.0, 298237.0)	(61.0, 338983.0)	(62.0, 369904.0)	(63.0, 386071.0)	(64.0, 388517.5)	(65.0, 377561.5)	(66.0, 351775.5)	(67.0, 315070.0)	(68.0, 270623.5)	(69.0, 223833.5)	(70.0, 178964.0)	(71.0, 138012.5)	(72.0, 102799.5)	(73.0, 73862.5)	(74.0, 50788.0)	(75.0, 33714.5)	(76.0, 21838.0)	(77.0, 13865.5)	(78.0, 8668.0)	(79.0, 5037.0)	(80.0, 2940.0)	(81.0, 1848.0)	(82.0, 1110.0)	(83.0, 607.5)	(84.0, 362.0)	(85.0, 196.5)	(86.0, 87.5)	(87.0, 49.0)	(88.0, 27.5)	(89.0, 20.5)	(90.0, 17.5)	(91.0, 18.0)	(92.0, 28.0)	(93.0, 56.0)	(94.0, 85.5)	(95.0, 103.0)	(96.0, 102.5)	(97.0, 81.0)	(98.0, 74.0)	(99.0, 71.0)	(100.0, 36.0)
IDDLNTM12.A_R2	(0.0, 0.0)	(1.0, 0.0)	(2.0, 0.0)	(3.0, 0.0)	(4.0, 0.0)	(5.0, 0.0)	(6.0, 0.0)	(7.0, 0.0)	(8.0, 0.0)	(9.0, 0.0)	(10.0, 0.0)	(11.0, 0.0)	(12.0, 0.0)	(13.0, 0.5)	(14.0, 0.5)	(15.0, 0.0)	(16.0, 0.0)	(17.0, 0.0)	(18.0, 0.5)	(19.0, 0.5)	(20.0, 0.0)	(21.0, 0.0)	(22.0, 0.5)	(23.0, 0.5)	(24.0, 0.0)	(25.0, 0.0)	(26.0, 0.5)	(27.0, 0.5)	(28.0, 0.5)	(29.0, 1.0)	(30.0, 1.0)	(31.0, 6.5)	(32.0, 14.0)	(33.0, 27.0)	(34.0, 33.5)	(35.0, 35.0)	(36.0, 54.5)	(37.0, 102.0)	(38.0, 167.5)	(39.0, 276.5)	(40.0, 475.0)	(41.0, 791.0)	(42.0, 1202.5)	(43.0, 1736.0)	(44.0, 2552.0)	(45.0, 3557.5)	(46.0, 4880.0)	(47.0, 6602.5)	(48.0, 9160.0)	(49.0, 12905.0)	(50.0, 18523.0)	(51.0, 27353.5)	(52.0, 41055.5)	(53.0, 61530.0)	(54.0, 89297.5)	(55.0, 124536.0)	(56.0, 166347.0)	(57.0, 210964.0)	(58.0, 254016.0)	(59.0, 291544.5)	(60.0, 319609.5)	(61.0, 337587.5)	(62.0, 346461.5)	(63.0, 345443.5)	(64.0, 337135.5)	(65.0, 324141.5)	(66.0, 303895.5)	(67.0, 275972.5)	(68.0, 242668.5)	(69.0, 206541.0)	(70.0, 169657.0)	(71.0, 134021.5)	(72.0, 101739.0)	(73.0, 74182.5)	(74.0, 51689.5)	(75.0, 34395.5)	(76.0, 22317.5)	(77.0, 14359.0)	(78.0, 8922.5)	(79.0, 5148.5)	(80.0, 3001.0)	(81.0, 1781.0)	(82.0, 1078.0)	(83.0, 680.5)	(84.0, 459.0)	(85.0, 335.0)	(86.0, 235.0)	(87.0, 145.0)	(88.0, 110.5)	(89.0, 116.0)	(90.0, 127.0)	(91.0, 120.0)	(92.0, 109.5)	(93.0, 115.5)	(94.0, 128.0)	(95.0, 142.5)	(96.0, 165.0)	(97.0, 250.5)	(98.0, 453.5)	(99.0, 937.5)	(100.0, 4144.0)
IDDLNTM12.B_R1	(0.0, 0.0)	(1.0, 0.0)	(2.0, 0.0)	(3.0, 0.0)	(4.0, 0.0)	(5.0, 0.0)	(6.0, 0.0)	(7.0, 0.0)	(8.0, 0.0)	(9.0, 0.0)	(10.0, 0.0)	(11.0, 0.0)	(12.0, 0.0)	(13.0, 0.0)	(14.0, 0.0)	(15.0, 0.0)	(16.0, 0.0)	(17.0, 0.0)	(18.0, 0.0)	(19.0, 0.0)	(20.0, 0.0)	(21.0, 0.5)	(22.0, 0.5)	(23.0, 0.0)	(24.0, 0.5)	(25.0, 0.5)	(26.0, 0.0)	(27.0, 0.5)	(28.0, 0.5)	(29.0, 0.0)	(30.0, 0.0)	(31.0, 5.0)	(32.0, 15.0)	(33.0, 16.5)	(34.0, 16.0)	(35.0, 18.0)	(36.0, 31.5)	(37.0, 63.5)	(38.0, 113.0)	(39.0, 205.0)	(40.0, 328.5)	(41.0, 572.5)	(42.0, 913.0)	(43.0, 1311.5)	(44.0, 2047.0)	(45.0, 3093.5)	(46.0, 4449.0)	(47.0, 6356.0)	(48.0, 9468.5)	(49.0, 14177.0)	(50.0, 21090.0)	(51.0, 31615.5)	(52.0, 46596.0)	(53.0, 66448.0)	(54.0, 91862.5)	(55.0, 122574.5)	(56.0, 157278.5)	(57.0, 193325.5)	(58.0, 228242.0)	(59.0, 259914.5)	(60.0, 285385.0)	(61.0, 304211.5)	(62.0, 315675.0)	(63.0, 317286.0)	(64.0, 311719.5)	(65.0, 300168.0)	(66.0, 280464.5)	(67.0, 254356.0)	(68.0, 223261.5)	(69.0, 189427.5)	(70.0, 155032.5)	(71.0, 121824.5)	(72.0, 92559.5)	(73.0, 67381.5)	(74.0, 46427.0)	(75.0, 30855.5)	(76.0, 19941.5)	(77.0, 12539.5)	(78.0, 7664.0)	(79.0, 4405.0)	(80.0, 2465.0)	(81.0, 1383.5)	(82.0, 771.0)	(83.0, 443.5)	(84.0, 259.5)	(85.0, 162.5)	(86.0, 92.0)	(87.0, 32.0)	(88.0, 13.0)	(89.0, 15.5)	(90.0, 11.5)	(91.0, 14.0)	(92.0, 27.0)	(93.0, 45.5)	(94.0, 70.0)	(95.0, 89.5)	(96.0, 91.5)	(97.0, 80.0)	(98.0, 74.5)	(99.0, 58.5)	(100.0, 23.0)
IDDLNTM12.B_R2	(0.0, 0.0)	(1.0, 0.0)	(2.0, 0.0)	(3.0, 0.0)	(4.0, 0.0)	(5.0, 0.0)	(6.0, 0.0)	(7.0, 0.0)	(8.0, 0.0)	(9.0, 0.0)	(10.0, 0.0)	(11.0, 0.0)	(12.0, 0.0)	(13.0, 0.0)	(14.0, 0.0)	(15.0, 0.0)	(16.0, 0.0)	(17.0, 0.0)	(18.0, 0.0)	(19.0, 0.0)	(20.0, 0.0)	(21.0, 0.0)	(22.0, 0.5)	(23.0, 0.5)	(24.0, 0.0)	(25.0, 1.0)	(26.0, 2.0)	(27.0, 1.5)	(28.0, 1.0)	(29.0, 0.5)	(30.0, 2.0)	(31.0, 6.0)	(32.0, 11.0)	(33.0, 17.5)	(34.0, 27.5)	(35.0, 36.0)	(36.0, 64.0)	(37.0, 109.0)	(38.0, 155.0)	(39.0, 254.0)	(40.0, 408.5)	(41.0, 716.5)	(42.0, 1141.0)	(43.0, 1624.5)	(44.0, 2379.5)	(45.0, 3375.0)	(46.0, 4545.0)	(47.0, 6055.0)	(48.0, 8356.5)	(49.0, 11695.0)	(50.0, 16817.5)	(51.0, 24760.0)	(52.0, 36825.5)	(53.0, 55112.5)	(54.0, 80250.5)	(55.0, 111870.0)	(56.0, 150114.0)	(57.0, 191807.5)	(58.0, 231494.0)	(59.0, 266650.5)	(60.0, 294550.5)	(61.0, 313103.5)	(62.0, 323025.0)	(63.0, 323045.0)	(64.0, 315348.0)	(65.0, 303349.5)	(66.0, 284186.0)	(67.0, 256206.0)	(68.0, 223744.0)	(69.0, 189824.5)	(70.0, 155126.5)	(71.0, 122365.0)	(72.0, 93028.0)	(73.0, 67445.5)	(74.0, 46585.0)	(75.0, 31078.5)	(76.0, 20106.5)	(77.0, 12674.5)	(78.0, 7769.0)	(79.0, 4529.0)	(80.0, 2616.0)	(81.0, 1505.0)	(82.0, 883.5)	(83.0, 535.0)	(84.0, 338.0)	(85.0, 253.0)	(86.0, 159.0)	(87.0, 92.0)	(88.0, 84.0)	(89.0, 86.5)	(90.0, 78.0)	(91.0, 73.0)	(92.0, 79.0)	(93.0, 88.0)	(94.0, 99.0)	(95.0, 105.0)	(96.0, 127.5)	(97.0, 189.0)	(98.0, 313.5)	(99.0, 673.5)	(100.0, 3639.0)
IDDLNTM120_R1	(0.0, 0.0)	(1.0, 0.0)	(2.0, 0.0)	(3.0, 0.0)	(4.0, 0.0)	(5.0, 0.0)	(6.0, 0.0)	(7.0, 0.0)	(8.0, 0.0)	(9.0, 0.0)	(10.0, 0.0)	(11.0, 0.0)	(12.0, 0.0)	(13.0, 0.0)	(14.0, 0.0)	(15.0, 0.0)	(16.0, 0.0)	(17.0, 0.0)	(18.0, 0.0)	(19.0, 0.0)	(20.0, 0.5)	(21.0, 0.5)	(22.0, 0.0)	(23.0, 0.0)	(24.0, 0.0)	(25.0, 0.0)	(26.0, 0.0)	(27.0, 0.0)	(28.0, 0.0)	(29.0, 0.0)	(30.0, 0.0)	(31.0, 0.0)	(32.0, 0.0)	(33.0, 0.0)	(34.0, 4.5)	(35.0, 7.0)	(36.0, 17.0)	(37.0, 35.5)	(38.0, 70.0)	(39.0, 121.5)	(40.0, 183.5)	(41.0, 334.5)	(42.0, 545.0)	(43.0, 808.0)	(44.0, 1233.0)	(45.0, 1906.0)	(46.0, 2954.0)	(47.0, 4266.0)	(48.0, 6311.5)	(49.0, 9412.0)	(50.0, 13887.5)	(51.0, 20797.5)	(52.0, 30847.5)	(53.0, 45370.0)	(54.0, 64943.5)	(55.0, 90680.5)	(56.0, 125207.0)	(57.0, 167930.0)	(58.0, 217952.5)	(59.0, 274198.5)	(60.0, 332312.5)	(61.0, 389456.5)	(62.0, 447018.0)	(63.0, 498888.5)	(64.0, 539029.5)	(65.0, 569054.0)	(66.0, 589301.5)	(67.0, 605544.5)	(68.0, 615227.5)	(69.0, 614118.5)	(70.0, 598529.0)	(71.0, 564900.5)	(72.0, 521759.5)	(73.0, 469803.5)	(74.0, 410418.5)	(75.0, 347356.5)	(76.0, 284436.0)	(77.0, 224139.5)	(78.0, 167065.5)	(79.0, 119552.0)	(80.0, 82064.0)	(81.0, 53313.5)	(82.0, 32633.5)	(83.0, 18380.0)	(84.0, 9790.5)	(85.0, 4882.0)	(86.0, 2210.0)	(87.0, 1010.0)	(88.0, 456.5)	(89.0, 211.5)	(90.0, 105.5)	(91.0, 72.0)	(92.0, 67.5)	(93.0, 79.5)	(94.0, 103.0)	(95.0, 125.5)	(96.0, 135.0)	(97.0, 134.0)	(98.0, 147.0)	(99.0, 141.5)	(100.0, 79.5)
IDDLNTM120_R2	(0.0, 0.0)	(1.0, 0.0)	(2.0, 0.0)	(3.0, 0.0)	(4.0, 0.0)	(5.0, 0.0)	(6.0, 0.0)	(7.0, 0.0)	(8.0, 0.0)	(9.0, 0.0)	(10.0, 0.0)	(11.0, 0.0)	(12.0, 0.0)	(13.0, 0.0)	(14.0, 0.0)	(15.0, 0.5)	(16.0, 0.5)	(17.0, 0.0)	(18.0, 0.0)	(19.0, 0.0)	(20.0, 0.0)	(21.0, 0.0)	(22.0, 0.0)	(23.0, 0.0)	(24.0, 0.0)	(25.0, 0.0)	(26.0, 0.0)	(27.0, 0.0)	(28.0, 0.5)	(29.0, 0.5)	(30.0, 0.5)	(31.0, 2.0)	(32.0, 5.0)	(33.0, 6.0)	(34.0, 5.5)	(35.0, 14.5)	(36.0, 43.5)	(37.0, 78.0)	(38.0, 125.0)	(39.0, 204.5)	(40.0, 335.5)	(41.0, 561.5)	(42.0, 887.5)	(43.0, 1283.5)	(44.0, 1827.0)	(45.0, 2706.0)	(46.0, 3991.0)	(47.0, 5836.5)	(48.0, 8656.5)	(49.0, 12874.5)	(50.0, 19318.5)	(51.0, 29458.0)	(52.0, 44893.0)	(53.0, 66260.5)	(54.0, 94013.5)	(55.0, 128684.0)	(56.0, 169452.5)	(57.0, 212830.5)	(58.0, 255954.5)	(59.0, 298913.0)	(60.0, 338187.5)	(61.0, 374353.0)	(62.0, 414079.0)	(63.0, 455078.5)	(64.0, 491180.5)	(65.0, 523194.0)	(66.0, 551917.5)	(67.0, 578265.0)	(68.0, 596064.0)	(69.0, 601026.5)	(70.0, 590213.0)	(71.0, 560441.5)	(72.0, 518712.0)	(73.0, 467849.5)	(74.0, 409717.0)	(75.0, 346237.5)	(76.0, 283340.0)	(77.0, 223880.0)	(78.0, 167695.0)	(79.0, 119967.0)	(80.0, 82480.0)	(81.0, 53661.0)	(82.0, 32701.5)	(83.0, 18819.0)	(84.0, 10211.0)	(85.0, 5159.5)	(86.0, 2437.5)	(87.0, 1175.0)	(88.0, 557.5)	(89.0, 290.5)	(90.0, 191.5)	(91.0, 151.5)	(92.0, 142.5)	(93.0, 135.0)	(94.0, 128.5)	(95.0, 145.5)	(96.0, 167.5)	(97.0, 245.0)	(98.0, 372.5)	(99.0, 959.5)	(100.0, 7041.0)
IDDLNTM121_R1	(0.0, 1.0)	(1.0, 0.5)	(2.0, 0.0)	(3.0, 0.0)	(4.0, 0.0)	(5.0, 0.5)	(6.0, 0.5)	(7.0, 0.0)	(8.0, 0.0)	(9.0, 0.0)	(10.0, 0.0)	(11.0, 0.0)	(12.0, 0.0)	(13.0, 0.0)	(14.0, 0.0)	(15.0, 0.5)	(16.0, 0.5)	(17.0, 0.0)	(18.0, 0.0)	(19.0, 0.0)	(20.0, 0.0)	(21.0, 0.0)	(22.0, 0.0)	(23.0, 0.0)	(24.0, 0.0)	(25.0, 0.0)	(26.0, 0.0)	(27.0, 0.0)	(28.0, 0.0)	(29.0, 0.0)	(30.0, 0.0)	(31.0, 0.0)	(32.0, 0.5)	(33.0, 1.5)	(34.0, 7.0)	(35.0, 10.0)	(36.0, 12.0)	(37.0, 31.0)	(38.0, 61.5)	(39.0, 112.0)	(40.0, 188.5)	(41.0, 252.5)	(42.0, 384.0)	(43.0, 612.0)	(44.0, 810.0)	(45.0, 1071.0)	(46.0, 1649.5)	(47.0, 2507.5)	(48.0, 3703.5)	(49.0, 5430.0)	(50.0, 8144.0)	(51.0, 11587.5)	(52.0, 16399.5)	(53.0, 23384.5)	(54.0, 32933.5)	(55.0, 46574.5)	(56.0, 66665.0)	(57.0, 92564.5)	(58.0, 122751.0)	(59.0, 160692.0)	(60.0, 206811.0)	(61.0, 257474.0)	(62.0, 311158.5)	(63.0, 364081.0)	(64.0, 413480.5)	(65.0, 454000.5)	(66.0, 482025.5)	(67.0, 499599.5)	(68.0, 506764.0)	(69.0, 503792.5)	(70.0, 485544.5)	(71.0, 453710.5)	(72.0, 414850.0)	(73.0, 369008.5)	(74.0, 319236.0)	(75.0, 266437.5)	(76.0, 213762.5)	(77.0, 165200.0)	(78.0, 121021.5)	(79.0, 83620.0)	(80.0, 54237.5)	(81.0, 32705.5)	(82.0, 18136.0)	(83.0, 9226.0)	(84.0, 4207.0)	(85.0, 1695.5)	(86.0, 602.0)	(87.0, 242.0)	(88.0, 130.5)	(89.0, 78.0)	(90.0, 45.0)	(91.0, 38.5)	(92.0, 40.5)	(93.0, 52.0)	(94.0, 82.5)	(95.0, 113.0)	(96.0, 111.0)	(97.0, 102.5)	(98.0, 111.0)	(99.0, 113.5)	(100.0, 61.0)
IDDLNTM121_R2	(0.0, 0.0)	(1.0, 0.0)	(2.0, 0.0)	(3.0, 0.0)	(4.0, 0.0)	(5.0, 0.0)	(6.0, 0.0)	(7.0, 0.5)	(8.0, 0.5)	(9.0, 0.0)	(10.0, 0.0)	(11.0, 0.0)	(12.0, 0.0)	(13.0, 0.0)	(14.0, 0.0)	(15.0, 0.0)	(16.0, 0.0)	(17.0, 0.0)	(18.0, 0.0)	(19.0, 0.0)	(20.0, 0.0)	(21.0, 0.5)	(22.0, 1.0)	(23.0, 1.0)	(24.0, 0.5)	(25.0, 0.0)	(26.0, 0.0)	(27.0, 0.5)	(28.0, 0.5)	(29.0, 0.0)	(30.0, 1.5)	(31.0, 2.5)	(32.0, 2.0)	(33.0, 3.0)	(34.0, 4.5)	(35.0, 8.0)	(36.0, 23.5)	(37.0, 56.5)	(38.0, 99.5)	(39.0, 191.0)	(40.0, 313.5)	(41.0, 403.0)	(42.0, 588.5)	(43.0, 922.5)	(44.0, 1277.0)	(45.0, 1742.5)	(46.0, 2688.5)	(47.0, 4017.5)	(48.0, 5732.5)	(49.0, 8369.0)	(50.0, 12710.5)	(51.0, 19145.5)	(52.0, 28500.0)	(53.0, 42209.5)	(54.0, 60422.0)	(55.0, 83258.5)	(56.0, 111278.5)	(57.0, 142229.5)	(58.0, 172195.0)	(59.0, 202609.0)	(60.0, 234368.5)	(61.0, 265576.0)	(62.0, 299101.0)	(63.0, 333281.0)	(64.0, 366798.0)	(65.0, 399985.5)	(66.0, 429028.5)	(67.0, 452965.0)	(68.0, 469801.5)	(69.0, 475354.0)	(70.0, 464835.0)	(71.0, 440801.5)	(72.0, 407540.0)	(73.0, 365351.0)	(74.0, 317161.5)	(75.0, 265289.5)	(76.0, 214084.5)	(77.0, 165913.5)	(78.0, 121025.0)	(79.0, 83133.0)	(80.0, 54075.5)	(81.0, 32932.5)	(82.0, 18614.0)	(83.0, 9686.5)	(84.0, 4554.0)	(85.0, 1949.0)	(86.0, 814.0)	(87.0, 405.0)	(88.0, 261.5)	(89.0, 210.5)	(90.0, 194.5)	(91.0, 190.0)	(92.0, 183.5)	(93.0, 182.0)	(94.0, 199.0)	(95.0, 214.5)	(96.0, 256.0)	(97.0, 381.0)	(98.0, 607.5)	(99.0, 1343.5)	(100.0, 6786.5)
IDDLNTM124_R1	(0.0, 0.0)	(1.0, 0.0)	(2.0, 0.0)	(3.0, 0.0)	(4.0, 0.0)	(5.0, 0.0)	(6.0, 0.0)	(7.0, 0.0)	(8.0, 0.0)	(9.0, 0.0)	(10.0, 0.0)	(11.0, 0.0)	(12.0, 0.0)	(13.0, 0.0)	(14.0, 0.0)	(15.0, 0.0)	(16.0, 0.0)	(17.0, 0.0)	(18.0, 0.0)	(19.0, 0.0)	(20.0, 0.0)	(21.0, 0.0)	(22.0, 0.0)	(23.0, 0.0)	(24.0, 0.0)	(25.0, 0.0)	(26.0, 0.0)	(27.0, 0.0)	(28.0, 0.0)	(29.0, 0.0)	(30.0, 0.0)	(31.0, 0.0)	(32.0, 0.0)	(33.0, 4.5)	(34.0, 10.0)	(35.0, 10.0)	(36.0, 16.5)	(37.0, 41.5)	(38.0, 72.5)	(39.0, 94.0)	(40.0, 163.5)	(41.0, 296.5)	(42.0, 460.0)	(43.0, 683.0)	(44.0, 1061.0)	(45.0, 1569.5)	(46.0, 2179.0)	(47.0, 2984.5)	(48.0, 4130.0)	(49.0, 5921.5)	(50.0, 8478.5)	(51.0, 12152.0)	(52.0, 17494.0)	(53.0, 25279.0)	(54.0, 36016.0)	(55.0, 50494.0)	(56.0, 69906.5)	(57.0, 95481.0)	(58.0, 127447.5)	(59.0, 165259.0)	(60.0, 208466.0)	(61.0, 255992.0)	(62.0, 303336.5)	(63.0, 345938.5)	(64.0, 382924.0)	(65.0, 411819.5)	(66.0, 429780.0)	(67.0, 434176.0)	(68.0, 426312.5)	(69.0, 408236.5)	(70.0, 378360.5)	(71.0, 339032.5)	(72.0, 296759.5)	(73.0, 252222.0)	(74.0, 207505.0)	(75.0, 167506.0)	(76.0, 131426.5)	(77.0, 97912.0)	(78.0, 69158.0)	(79.0, 47065.0)	(80.0, 30733.0)	(81.0, 19416.0)	(82.0, 11478.5)	(83.0, 6304.0)	(84.0, 3282.5)	(85.0, 1540.5)	(86.0, 659.5)	(87.0, 257.5)	(88.0, 111.0)	(89.0, 63.5)	(90.0, 34.5)	(91.0, 27.5)	(92.0, 39.0)	(93.0, 48.0)	(94.0, 50.5)	(95.0, 62.5)	(96.0, 60.0)	(97.0, 65.5)	(98.0, 93.0)	(99.0, 94.0)	(100.0, 54.0)
IDDLNTM124_R2	(0.0, 0.0)	(1.0, 0.0)	(2.0, 0.0)	(3.0, 0.0)	(4.0, 0.0)	(5.0, 0.0)	(6.0, 0.0)	(7.0, 0.0)	(8.0, 0.0)	(9.0, 0.0)	(10.0, 0.0)	(11.0, 0.0)	(12.0, 0.0)	(13.0, 0.0)	(14.0, 0.0)	(15.0, 0.0)	(16.0, 0.0)	(17.0, 0.0)	(18.0, 0.0)	(19.0, 0.0)	(20.0, 0.0)	(21.0, 0.0)	(22.0, 0.0)	(23.0, 0.0)	(24.0, 0.0)	(25.0, 0.0)	(26.0, 0.0)	(27.0, 0.0)	(28.0, 0.5)	(29.0, 0.5)	(30.0, 1.0)	(31.0, 3.5)	(32.0, 4.5)	(33.0, 13.5)	(34.0, 17.5)	(35.0, 19.0)	(36.0, 38.0)	(37.0, 63.0)	(38.0, 106.0)	(39.0, 165.5)	(40.0, 277.0)	(41.0, 471.0)	(42.0, 739.0)	(43.0, 1110.5)	(44.0, 1619.0)	(45.0, 2258.5)	(46.0, 3085.5)	(47.0, 4309.0)	(48.0, 5962.5)	(49.0, 8553.5)	(50.0, 12825.5)	(51.0, 19476.0)	(52.0, 29687.5)	(53.0, 44727.0)	(54.0, 65480.5)	(55.0, 91744.5)	(56.0, 122877.0)	(57.0, 156838.5)	(58.0, 191763.5)	(59.0, 225276.0)	(60.0, 254998.0)	(61.0, 281154.0)	(62.0, 302401.0)	(63.0, 319479.0)	(64.0, 336061.0)	(65.0, 351672.0)	(66.0, 363211.0)	(67.0, 369400.5)	(68.0, 370198.0)	(69.0, 363278.0)	(70.0, 344528.5)	(71.0, 317106.5)	(72.0, 284857.5)	(73.0, 246038.0)	(74.0, 205240.5)	(75.0, 166889.0)	(76.0, 130919.0)	(77.0, 97825.0)	(78.0, 69215.0)	(79.0, 46906.5)	(80.0, 30632.5)	(81.0, 19054.5)	(82.0, 11185.0)	(83.0, 6331.5)	(84.0, 3310.5)	(85.0, 1580.0)	(86.0, 742.0)	(87.0, 331.0)	(88.0, 161.0)	(89.0, 118.0)	(90.0, 91.0)	(91.0, 83.0)	(92.0, 75.0)	(93.0, 63.5)	(94.0, 60.0)	(95.0, 66.0)	(96.0, 93.0)	(97.0, 156.5)	(98.0, 235.0)	(99.0, 637.0)	(100.0, 5360.0)
IDDLNTM126_R1	(0.0, 0.0)	(1.0, 0.0)	(2.0, 0.0)	(3.0, 0.0)	(4.0, 0.0)	(5.0, 0.0)	(6.0, 0.0)	(7.0, 0.0)	(8.0, 0.0)	(9.0, 0.0)	(10.0, 0.0)	(11.0, 0.0)	(12.0, 0.0)	(13.0, 0.0)	(14.0, 0.5)	(15.0, 0.5)	(16.0, 0.0)	(17.0, 0.0)	(18.0, 0.0)	(19.0, 0.0)	(20.0, 0.0)	(21.0, 0.0)	(22.0, 0.0)	(23.0, 0.0)	(24.0, 0.0)	(25.0, 0.0)	(26.0, 0.0)	(27.0, 0.0)	(28.0, 0.5)	(29.0, 2.0)	(30.0, 6.0)	(31.0, 4.5)	(32.0, 8.5)	(33.0, 17.5)	(34.0, 12.5)	(35.0, 22.5)	(36.0, 40.0)	(37.0, 50.5)	(38.0, 101.5)	(39.0, 160.5)	(40.0, 250.0)	(41.0, 414.5)	(42.0, 612.0)	(43.0, 920.5)	(44.0, 1373.5)	(45.0, 2139.0)	(46.0, 3304.0)	(47.0, 4681.0)	(48.0, 6580.5)	(49.0, 9886.0)	(50.0, 14748.5)	(51.0, 21714.5)	(52.0, 31887.5)	(53.0, 45801.0)	(54.0, 63344.0)	(55.0, 84663.0)	(56.0, 109556.5)	(57.0, 135991.0)	(58.0, 162559.0)	(59.0, 187425.0)	(60.0, 208654.0)	(61.0, 224559.5)	(62.0, 233534.0)	(63.0, 237111.5)	(64.0, 233954.0)	(65.0, 224121.5)	(66.0, 208917.0)	(67.0, 189052.5)	(68.0, 166295.5)	(69.0, 141232.5)	(70.0, 115382.5)	(71.0, 90673.0)	(72.0, 69118.0)	(73.0, 50025.0)	(74.0, 34133.0)	(75.0, 22662.5)	(76.0, 14581.5)	(77.0, 8861.0)	(78.0, 5166.0)	(79.0, 2917.5)	(80.0, 1493.0)	(81.0, 737.5)	(82.0, 361.0)	(83.0, 169.5)	(84.0, 67.0)	(85.0, 36.0)	(86.0, 21.5)	(87.0, 18.5)	(88.0, 15.5)	(89.0, 12.5)	(90.0, 9.5)	(91.0, 8.5)	(92.0, 11.5)	(93.0, 21.0)	(94.0, 33.5)	(95.0, 38.0)	(96.0, 26.5)	(97.0, 28.0)	(98.0, 42.0)	(99.0, 40.0)	(100.0, 20.5)
IDDLNTM126_R2	(0.0, 0.0)	(1.0, 0.0)	(2.0, 0.0)	(3.0, 0.0)	(4.0, 0.0)	(5.0, 0.0)	(6.0, 0.0)	(7.0, 0.0)	(8.0, 0.0)	(9.0, 0.0)	(10.0, 0.0)	(11.0, 0.0)	(12.0, 0.0)	(13.0, 0.0)	(14.0, 0.0)	(15.0, 0.0)	(16.0, 0.0)	(17.0, 0.0)	(18.0, 0.0)	(19.0, 0.0)	(20.0, 0.0)	(21.0, 0.5)	(22.0, 0.5)	(23.0, 0.0)	(24.0, 0.5)	(25.0, 0.5)	(26.0, 0.5)	(27.0, 1.0)	(28.0, 1.0)	(29.0, 2.5)	(30.0, 9.5)	(31.0, 11.0)	(32.0, 13.5)	(33.0, 22.5)	(34.0, 19.5)	(35.0, 27.5)	(36.0, 55.5)	(37.0, 91.0)	(38.0, 156.0)	(39.0, 243.5)	(40.0, 374.0)	(41.0, 565.5)	(42.0, 857.5)	(43.0, 1279.5)	(44.0, 1845.0)	(45.0, 2678.5)	(46.0, 3844.0)	(47.0, 5404.5)	(48.0, 7689.0)	(49.0, 11738.5)	(50.0, 17934.0)	(51.0, 27246.0)	(52.0, 40843.5)	(53.0, 58619.0)	(54.0, 79358.5)	(55.0, 102411.5)	(56.0, 125745.0)	(57.0, 146651.0)	(58.0, 165382.5)	(59.0, 182184.0)	(60.0, 196497.0)	(61.0, 207825.5)	(62.0, 215741.0)	(63.0, 220876.0)	(64.0, 221168.5)	(65.0, 214564.5)	(66.0, 202734.0)	(67.0, 185964.5)	(68.0, 164495.5)	(69.0, 139942.0)	(70.0, 114381.5)	(71.0, 90372.0)	(72.0, 69181.0)	(73.0, 50056.5)	(74.0, 34095.0)	(75.0, 22661.5)	(76.0, 14579.0)	(77.0, 8896.0)	(78.0, 5263.0)	(79.0, 2969.0)	(80.0, 1538.0)	(81.0, 756.5)	(82.0, 378.0)	(83.0, 169.5)	(84.0, 83.5)	(85.0, 55.0)	(86.0, 43.0)	(87.0, 34.0)	(88.0, 26.5)	(89.0, 27.0)	(90.0, 27.5)	(91.0, 22.5)	(92.0, 16.5)	(93.0, 16.0)	(94.0, 18.0)	(95.0, 25.0)	(96.0, 31.0)	(97.0, 47.5)	(98.0, 71.0)	(99.0, 183.5)	(100.0, 1724.0)
IDDLNTM127_R1	(0.0, 0.0)	(1.0, 0.0)	(2.0, 0.0)	(3.0, 0.0)	(4.0, 0.0)	(5.0, 0.0)	(6.0, 0.0)	(7.0, 0.0)	(8.0, 0.0)	(9.0, 0.0)	(10.0, 0.0)	(11.0, 0.0)	(12.0, 0.0)	(13.0, 0.0)	(14.0, 0.5)	(15.0, 0.5)	(16.0, 0.0)	(17.0, 0.0)	(18.0, 0.0)	(19.0, 0.0)	(20.0, 0.0)	(21.0, 0.0)	(22.0, 0.0)	(23.0, 0.0)	(24.0, 0.0)	(25.0, 0.0)	(26.0, 0.0)	(27.0, 0.5)	(28.0, 0.5)	(29.0, 0.0)	(30.0, 0.5)	(31.0, 4.0)	(32.0, 13.0)	(33.0, 21.0)	(34.0, 20.5)	(35.0, 20.5)	(36.0, 43.5)	(37.0, 70.5)	(38.0, 132.5)	(39.0, 207.5)	(40.0, 331.0)	(41.0, 584.0)	(42.0, 865.0)	(43.0, 1225.0)	(44.0, 1867.5)	(45.0, 2730.0)	(46.0, 3918.0)	(47.0, 5565.5)	(48.0, 7957.0)	(49.0, 11488.0)	(50.0, 16774.5)	(51.0, 24588.5)	(52.0, 35855.5)	(53.0, 51264.0)	(54.0, 72600.0)	(55.0, 100074.5)	(56.0, 132623.5)	(57.0, 169237.5)	(58.0, 207886.0)	(59.0, 246566.5)	(60.0, 281550.5)	(61.0, 309902.5)	(62.0, 328868.5)	(63.0, 334950.0)	(64.0, 329798.0)	(65.0, 316420.0)	(66.0, 293406.5)	(67.0, 262475.0)	(68.0, 227677.5)	(69.0, 191581.0)	(70.0, 155570.5)	(71.0, 121595.0)	(72.0, 92175.5)	(73.0, 67106.5)	(74.0, 46489.0)	(75.0, 31044.5)	(76.0, 20240.0)	(77.0, 13016.5)	(78.0, 8077.5)	(79.0, 4623.0)	(80.0, 2557.5)	(81.0, 1458.5)	(82.0, 838.5)	(83.0, 492.0)	(84.0, 270.5)	(85.0, 144.0)	(86.0, 63.5)	(87.0, 25.0)	(88.0, 19.0)	(89.0, 18.5)	(90.0, 12.0)	(91.0, 9.0)	(92.0, 15.0)	(93.0, 31.0)	(94.0, 43.5)	(95.0, 50.0)	(96.0, 49.5)	(97.0, 50.5)	(98.0, 59.5)	(99.0, 57.0)	(100.0, 30.0)
IDDLNTM127_R2	(0.0, 0.0)	(1.0, 0.5)	(2.0, 0.5)	(3.0, 0.0)	(4.0, 0.0)	(5.0, 0.0)	(6.0, 0.0)	(7.0, 0.0)	(8.0, 0.0)	(9.0, 0.0)	(10.0, 0.0)	(11.0, 0.0)	(12.0, 0.0)	(13.0, 0.0)	(14.0, 0.0)	(15.0, 0.0)	(16.0, 0.0)	(17.0, 0.0)	(18.0, 0.0)	(19.0, 0.0)	(20.0, 0.0)	(21.0, 0.0)	(22.0, 0.0)	(23.0, 0.0)	(24.0, 0.5)	(25.0, 0.5)	(26.0, 0.0)	(27.0, 0.5)	(28.0, 0.5)	(29.0, 1.0)	(30.0, 3.0)	(31.0, 6.5)	(32.0, 14.5)	(33.0, 23.0)	(34.0, 30.0)	(35.0, 39.0)	(36.0, 69.5)	(37.0, 122.5)	(38.0, 193.0)	(39.0, 290.0)	(40.0, 456.0)	(41.0, 748.0)	(42.0, 1113.0)	(43.0, 1577.5)	(44.0, 2285.5)	(45.0, 3146.0)	(46.0, 4331.5)	(47.0, 5993.5)	(48.0, 8117.5)	(49.0, 11207.5)	(50.0, 15735.5)	(51.0, 22339.0)	(52.0, 32426.5)	(53.0, 47277.0)	(54.0, 68554.0)	(55.0, 97325.5)	(56.0, 132675.5)	(57.0, 172943.5)	(58.0, 215153.5)	(59.0, 255026.0)	(60.0, 289265.0)	(61.0, 314022.5)	(62.0, 327769.0)	(63.0, 330129.5)	(64.0, 322414.5)	(65.0, 308559.5)	(66.0, 287597.0)	(67.0, 259555.0)	(68.0, 226757.5)	(69.0, 191998.5)	(70.0, 156979.5)	(71.0, 123213.0)	(72.0, 93609.0)	(73.0, 68200.5)	(74.0, 47314.5)	(75.0, 31688.5)	(76.0, 20597.5)	(77.0, 13049.5)	(78.0, 8009.5)	(79.0, 4709.0)	(80.0, 2694.0)	(81.0, 1528.5)	(82.0, 885.5)	(83.0, 513.0)	(84.0, 296.0)	(85.0, 183.0)	(86.0, 99.0)	(87.0, 56.0)	(88.0, 44.0)	(89.0, 41.0)	(90.0, 43.5)	(91.0, 38.0)	(92.0, 30.5)	(93.0, 40.5)	(94.0, 49.0)	(95.0, 42.5)	(96.0, 45.5)	(97.0, 73.0)	(98.0, 130.0)	(99.0, 366.5)	(100.0, 2911.0)
IDDLNTM128_R1	(0.0, 0.0)	(1.0, 0.0)	(2.0, 0.0)	(3.0, 0.0)	(4.0, 0.0)	(5.0, 0.0)	(6.0, 0.0)	(7.0, 0.0)	(8.0, 0.0)	(9.0, 0.0)	(10.0, 0.0)	(11.0, 0.0)	(12.0, 0.0)	(13.0, 0.0)	(14.0, 0.0)	(15.0, 0.0)	(16.0, 0.0)	(17.0, 0.0)	(18.0, 0.0)	(19.0, 0.0)	(20.0, 0.0)	(21.0, 0.0)	(22.0, 0.0)	(23.0, 0.0)	(24.0, 0.0)	(25.0, 0.0)	(26.0, 0.0)	(27.0, 0.0)	(28.0, 1.0)	(29.0, 1.5)	(30.0, 6.5)	(31.0, 7.5)	(32.0, 9.0)	(33.0, 17.0)	(34.0, 11.0)	(35.0, 16.5)	(36.0, 34.0)	(37.0, 53.0)	(38.0, 88.5)	(39.0, 157.0)	(40.0, 245.5)	(41.0, 391.0)	(42.0, 653.5)	(43.0, 1042.5)	(44.0, 1525.0)	(45.0, 2236.0)	(46.0, 3288.5)	(47.0, 4567.5)	(48.0, 6172.0)	(49.0, 8812.0)	(50.0, 12521.0)	(51.0, 17930.0)	(52.0, 26329.0)	(53.0, 38156.0)	(54.0, 54231.5)	(55.0, 75780.5)	(56.0, 102902.5)	(57.0, 135733.0)	(58.0, 174120.0)	(59.0, 215706.5)	(60.0, 257548.0)	(61.0, 294570.0)	(62.0, 323202.0)	(63.0, 342911.0)	(64.0, 349147.5)	(65.0, 340486.0)	(66.0, 320533.0)	(67.0, 289893.0)	(68.0, 251405.5)	(69.0, 210461.5)	(70.0, 169671.5)	(71.0, 131741.5)	(72.0, 99455.0)	(73.0, 72032.5)	(74.0, 49196.0)	(75.0, 32548.5)	(76.0, 21012.0)	(77.0, 12908.0)	(78.0, 7937.5)	(79.0, 4913.5)	(80.0, 3042.5)	(81.0, 2013.0)	(82.0, 1141.5)	(83.0, 541.0)	(84.0, 289.5)	(85.0, 138.5)	(86.0, 76.5)	(87.0, 43.0)	(88.0, 20.5)	(89.0, 16.0)	(90.0, 19.0)	(91.0, 23.0)	(92.0, 29.5)	(93.0, 38.0)	(94.0, 62.0)	(95.0, 94.5)	(96.0, 93.5)	(97.0, 67.5)	(98.0, 64.0)	(99.0, 70.0)	(100.0, 36.0)
IDDLNTM128_R2	(0.0, 0.0)	(1.0, 0.0)	(2.0, 0.0)	(3.0, 0.0)	(4.0, 0.0)	(5.0, 0.0)	(6.0, 0.0)	(7.0, 0.0)	(8.0, 0.0)	(9.0, 0.0)	(10.0, 0.0)	(11.0, 0.0)	(12.0, 0.0)	(13.0, 0.0)	(14.0, 0.0)	(15.0, 0.0)	(16.0, 0.0)	(17.0, 0.0)	(18.0, 0.0)	(19.0, 0.0)	(20.0, 0.0)	(21.0, 0.0)	(22.0, 0.0)	(23.0, 0.0)	(24.0, 0.0)	(25.0, 0.0)	(26.0, 0.5)	(27.0, 0.5)	(28.0, 0.0)	(29.0, 1.5)	(30.0, 8.0)	(31.0, 9.5)	(32.0, 13.0)	(33.0, 24.0)	(34.0, 26.0)	(35.0, 32.0)	(36.0, 48.0)	(37.0, 80.5)	(38.0, 138.0)	(39.0, 224.0)	(40.0, 366.0)	(41.0, 579.5)	(42.0, 920.5)	(43.0, 1388.0)	(44.0, 2027.0)	(45.0, 2937.5)	(46.0, 4080.0)	(47.0, 5502.0)	(48.0, 7461.0)	(49.0, 10631.0)	(50.0, 15252.5)	(51.0, 22217.0)	(52.0, 32991.0)	(53.0, 48617.0)	(54.0, 69936.0)	(55.0, 97867.0)	(56.0, 131197.5)	(57.0, 167623.0)	(58.0, 204781.5)	(59.0, 239803.0)	(60.0, 270597.0)	(61.0, 293933.0)	(62.0, 307994.5)	(63.0, 315397.5)	(64.0, 314932.5)	(65.0, 305896.0)	(66.0, 289438.5)	(67.0, 264307.5)	(68.0, 233148.5)	(69.0, 198966.5)	(70.0, 163478.5)	(71.0, 129320.0)	(72.0, 98719.0)	(73.0, 71846.0)	(74.0, 49528.0)	(75.0, 32937.5)	(76.0, 21283.0)	(77.0, 13276.0)	(78.0, 8091.5)	(79.0, 4790.5)	(80.0, 2784.0)	(81.0, 1681.0)	(82.0, 1042.5)	(83.0, 639.0)	(84.0, 377.0)	(85.0, 229.5)	(86.0, 164.5)	(87.0, 127.5)	(88.0, 103.5)	(89.0, 98.0)	(90.0, 97.5)	(91.0, 91.5)	(92.0, 93.0)	(93.0, 96.5)	(94.0, 114.0)	(95.0, 133.5)	(96.0, 156.5)	(97.0, 237.0)	(98.0, 369.0)	(99.0, 794.0)	(100.0, 4362.0)
IDDLNTM129_R1	(0.0, 0.0)	(1.0, 0.0)	(2.0, 0.0)	(3.0, 0.0)	(4.0, 0.0)	(5.0, 0.0)	(6.0, 0.0)	(7.0, 0.0)	(8.0, 0.0)	(9.0, 0.0)	(10.0, 0.0)	(11.0, 0.0)	(12.0, 0.0)	(13.0, 0.0)	(14.0, 0.0)	(15.0, 0.0)	(16.0, 0.0)	(17.0, 0.0)	(18.0, 0.0)	(19.0, 0.0)	(20.0, 0.0)	(21.0, 0.5)	(22.0, 0.5)	(23.0, 0.0)	(24.0, 0.0)	(25.0, 0.0)	(26.0, 0.0)	(27.0, 0.0)	(28.0, 0.0)	(29.0, 0.0)	(30.0, 0.0)	(31.0, 2.5)	(32.0, 10.5)	(33.0, 16.5)	(34.0, 22.0)	(35.0, 25.5)	(36.0, 33.0)	(37.0, 63.0)	(38.0, 132.5)	(39.0, 195.5)	(40.0, 318.0)	(41.0, 607.5)	(42.0, 912.0)	(43.0, 1255.5)	(44.0, 1914.5)	(45.0, 2786.5)	(46.0, 3943.0)	(47.0, 5645.5)	(48.0, 8138.0)	(49.0, 11650.0)	(50.0, 16904.0)	(51.0, 24492.0)	(52.0, 35478.0)	(53.0, 51373.5)	(54.0, 73074.5)	(55.0, 99797.5)	(56.0, 132086.5)	(57.0, 169616.0)	(58.0, 209499.5)	(59.0, 250078.0)	(60.0, 288458.5)	(61.0, 320677.0)	(62.0, 345073.0)	(63.0, 357411.0)	(64.0, 357661.5)	(65.0, 349300.5)	(66.0, 330371.0)	(67.0, 301016.0)	(68.0, 264458.5)	(69.0, 224999.0)	(70.0, 184253.5)	(71.0, 144678.0)	(72.0, 109710.5)	(73.0, 80094.0)	(74.0, 55854.5)	(75.0, 37186.5)	(76.0, 24108.0)	(77.0, 15454.0)	(78.0, 9455.0)	(79.0, 5339.5)	(80.0, 3004.0)	(81.0, 1740.0)	(82.0, 993.5)	(83.0, 582.5)	(84.0, 369.5)	(85.0, 230.5)	(86.0, 103.0)	(87.0, 39.0)	(88.0, 19.5)	(89.0, 14.0)	(90.0, 17.5)	(91.0, 26.0)	(92.0, 34.0)	(93.0, 54.5)	(94.0, 90.5)	(95.0, 123.0)	(96.0, 107.5)	(97.0, 77.5)	(98.0, 79.5)	(99.0, 69.5)	(100.0, 32.0)
IDDLNTM129_R2	(0.0, 0.0)	(1.0, 0.0)	(2.0, 0.5)	(3.0, 0.5)	(4.0, 0.0)	(5.0, 0.0)	(6.0, 0.0)	(7.0, 0.0)	(8.0, 0.0)	(9.0, 0.0)	(10.0, 0.0)	(11.0, 0.0)	(12.0, 0.0)	(13.0, 0.0)	(14.0, 0.0)	(15.0, 0.0)	(16.0, 0.0)	(17.0, 0.0)	(18.0, 0.0)	(19.0, 0.0)	(20.0, 0.0)	(21.0, 0.5)	(22.0, 0.5)	(23.0, 0.5)	(24.0, 0.5)	(25.0, 0.0)	(26.0, 0.0)	(27.0, 0.0)	(28.0, 0.0)	(29.0, 0.5)	(30.0, 1.5)	(31.0, 7.5)	(32.0, 17.5)	(33.0, 25.5)	(34.0, 26.5)	(35.0, 28.5)	(36.0, 57.0)	(37.0, 104.5)	(38.0, 185.5)	(39.0, 284.0)	(40.0, 443.5)	(41.0, 769.5)	(42.0, 1146.5)	(43.0, 1589.0)	(44.0, 2418.5)	(45.0, 3428.0)	(46.0, 4686.5)	(47.0, 6347.0)	(48.0, 8612.5)	(49.0, 12155.5)	(50.0, 17209.5)	(51.0, 24740.0)	(52.0, 35939.5)	(53.0, 51870.5)	(54.0, 74457.5)	(55.0, 103985.0)	(56.0, 138910.0)	(57.0, 177243.5)	(58.0, 216994.5)	(59.0, 255619.0)	(60.0, 289952.0)	(61.0, 317285.0)	(62.0, 337000.5)	(63.0, 347429.5)	(64.0, 348536.5)	(65.0, 341203.0)	(66.0, 323736.0)	(67.0, 296960.0)	(68.0, 262633.0)	(69.0, 224320.0)	(70.0, 184164.0)	(71.0, 144958.5)	(72.0, 110429.0)	(73.0, 80860.5)	(74.0, 56218.0)	(75.0, 37227.5)	(76.0, 23908.0)	(77.0, 15090.0)	(78.0, 9335.5)	(79.0, 5511.0)	(80.0, 3179.5)	(81.0, 1831.5)	(82.0, 1133.0)	(83.0, 706.0)	(84.0, 432.0)	(85.0, 289.5)	(86.0, 175.0)	(87.0, 108.5)	(88.0, 81.5)	(89.0, 80.0)	(90.0, 72.5)	(91.0, 65.5)	(92.0, 65.5)	(93.0, 73.5)	(94.0, 87.5)	(95.0, 99.5)	(96.0, 121.5)	(97.0, 186.0)	(98.0, 298.5)	(99.0, 675.0)	(100.0, 4054.0)
IDDLNTM13.A_R1	(0.0, 0.0)	(1.0, 0.0)	(2.0, 0.0)	(3.0, 0.0)	(4.0, 0.0)	(5.0, 0.0)	(6.0, 0.0)	(7.0, 0.0)	(8.0, 0.0)	(9.0, 0.0)	(10.0, 0.0)	(11.0, 0.0)	(12.0, 0.0)	(13.0, 0.0)	(14.0, 0.0)	(15.0, 0.0)	(16.0, 0.0)	(17.0, 0.0)	(18.0, 0.0)	(19.0, 0.0)	(20.0, 0.0)	(21.0, 0.0)	(22.0, 0.0)	(23.0, 0.0)	(24.0, 0.0)	(25.0, 0.5)	(26.0, 0.5)	(27.0, 0.0)	(28.0, 0.5)	(29.0, 0.5)	(30.0, 0.0)	(31.0, 0.0)	(32.0, 0.0)	(33.0, 0.5)	(34.0, 2.0)	(35.0, 1.5)	(36.0, 8.0)	(37.0, 13.5)	(38.0, 24.5)	(39.0, 56.0)	(40.0, 87.5)	(41.0, 124.0)	(42.0, 189.5)	(43.0, 284.0)	(44.0, 455.0)	(45.0, 714.5)	(46.0, 1111.0)	(47.0, 1585.0)	(48.0, 2321.0)	(49.0, 3418.5)	(50.0, 4941.5)	(51.0, 7208.5)	(52.0, 10546.5)	(53.0, 15210.5)	(54.0, 21401.0)	(55.0, 30075.5)	(56.0, 42078.0)	(57.0, 57468.0)	(58.0, 76863.0)	(59.0, 101367.0)	(60.0, 129859.0)	(61.0, 161471.5)	(62.0, 195772.0)	(63.0, 229453.5)	(64.0, 258799.0)	(65.0, 281471.5)	(66.0, 295595.5)	(67.0, 302011.0)	(68.0, 301614.5)	(69.0, 292574.0)	(70.0, 274886.0)	(71.0, 250145.5)	(72.0, 221530.5)	(73.0, 190314.5)	(74.0, 158070.0)	(75.0, 126031.0)	(76.0, 95413.5)	(77.0, 68132.0)	(78.0, 44635.5)	(79.0, 26736.5)	(80.0, 14421.0)	(81.0, 6841.5)	(82.0, 2728.0)	(83.0, 877.5)	(84.0, 313.0)	(85.0, 114.0)	(86.0, 63.0)	(87.0, 43.5)	(88.0, 32.5)	(89.0, 28.5)	(90.0, 20.5)	(91.0, 18.5)	(92.0, 20.0)	(93.0, 21.0)	(94.0, 29.5)	(95.0, 39.5)	(96.0, 39.5)	(97.0, 44.5)	(98.0, 61.0)	(99.0, 62.5)	(100.0, 31.5)
IDDLNTM13.A_R2	(0.0, 0.0)	(1.0, 0.0)	(2.0, 0.0)	(3.0, 0.0)	(4.0, 0.0)	(5.0, 0.0)	(6.0, 0.0)	(7.0, 0.0)	(8.0, 0.0)	(9.0, 0.0)	(10.0, 0.0)	(11.0, 0.5)	(12.0, 0.5)	(13.0, 0.0)	(14.0, 0.0)	(15.0, 0.0)	(16.0, 0.0)	(17.0, 0.0)	(18.0, 0.0)	(19.0, 0.0)	(20.0, 0.0)	(21.0, 0.0)	(22.0, 0.0)	(23.0, 0.0)	(24.0, 0.0)	(25.0, 0.5)	(26.0, 0.5)	(27.0, 0.0)	(28.0, 0.5)	(29.0, 1.5)	(30.0, 2.0)	(31.0, 1.0)	(32.0, 0.0)	(33.0, 0.5)	(34.0, 2.5)	(35.0, 5.0)	(36.0, 13.5)	(37.0, 25.0)	(38.0, 60.0)	(39.0, 100.0)	(40.0, 141.5)	(41.0, 220.5)	(42.0, 338.5)	(43.0, 498.0)	(44.0, 761.5)	(45.0, 1140.5)	(46.0, 1654.0)	(47.0, 2382.5)	(48.0, 3425.5)	(49.0, 4845.0)	(50.0, 7148.0)	(51.0, 10883.5)	(52.0, 16366.0)	(53.0, 24418.5)	(54.0, 35554.0)	(55.0, 50902.0)	(56.0, 70241.5)	(57.0, 91848.0)	(58.0, 115161.0)	(59.0, 138795.0)	(60.0, 161578.0)	(61.0, 182124.0)	(62.0, 201131.0)	(63.0, 219081.5)	(64.0, 233720.0)	(65.0, 245499.5)	(66.0, 254978.0)	(67.0, 262294.0)	(68.0, 266535.0)	(69.0, 264362.5)	(70.0, 254410.5)	(71.0, 236938.0)	(72.0, 213564.5)	(73.0, 186384.0)	(74.0, 156719.5)	(75.0, 125709.0)	(76.0, 95721.0)	(77.0, 68412.0)	(78.0, 44674.5)	(79.0, 26653.5)	(80.0, 14385.5)	(81.0, 6841.5)	(82.0, 2786.5)	(83.0, 952.5)	(84.0, 350.5)	(85.0, 158.0)	(86.0, 89.0)	(87.0, 65.0)	(88.0, 56.0)	(89.0, 46.5)	(90.0, 45.0)	(91.0, 42.5)	(92.0, 34.5)	(93.0, 36.5)	(94.0, 38.0)	(95.0, 38.5)	(96.0, 40.5)	(97.0, 55.5)	(98.0, 95.5)	(99.0, 266.0)	(100.0, 2140.5)
IDDLNTM13.B_R1	(0.0, 0.0)	(1.0, 0.0)	(2.0, 0.5)	(3.0, 0.5)	(4.0, 0.0)	(5.0, 0.0)	(6.0, 0.0)	(7.0, 0.0)	(8.0, 0.0)	(9.0, 0.0)	(10.0, 0.0)	(11.0, 0.0)	(12.0, 0.0)	(13.0, 0.0)	(14.0, 0.0)	(15.0, 0.0)	(16.0, 0.0)	(17.0, 0.0)	(18.0, 0.0)	(19.0, 0.0)	(20.0, 0.0)	(21.0, 0.0)	(22.0, 0.0)	(23.0, 0.0)	(24.0, 0.0)	(25.0, 0.0)	(26.0, 0.0)	(27.0, 0.0)	(28.0, 0.0)	(29.0, 0.5)	(30.0, 0.5)	(31.0, 0.0)	(32.0, 0.0)	(33.0, 0.0)	(34.0, 1.5)	(35.0, 1.5)	(36.0, 7.0)	(37.0, 13.5)	(38.0, 29.0)	(39.0, 53.0)	(40.0, 77.5)	(41.0, 130.5)	(42.0, 214.5)	(43.0, 327.5)	(44.0, 494.5)	(45.0, 773.0)	(46.0, 1208.5)	(47.0, 1754.0)	(48.0, 2587.5)	(49.0, 3817.0)	(50.0, 5704.5)	(51.0, 8660.5)	(52.0, 12901.0)	(53.0, 18840.5)	(54.0, 27118.5)	(55.0, 38189.0)	(56.0, 52842.5)	(57.0, 71350.0)	(58.0, 93492.5)	(59.0, 118742.5)	(60.0, 145758.0)	(61.0, 173335.5)	(62.0, 200848.5)	(63.0, 225295.0)	(64.0, 243828.0)	(65.0, 255964.5)	(66.0, 262227.0)	(67.0, 265218.5)	(68.0, 264360.5)	(69.0, 258612.0)	(70.0, 246786.5)	(71.0, 228309.5)	(72.0, 205900.0)	(73.0, 180168.5)	(74.0, 152077.0)	(75.0, 123164.0)	(76.0, 94830.5)	(77.0, 68702.0)	(78.0, 46147.5)	(79.0, 28520.5)	(80.0, 15891.5)	(81.0, 7728.0)	(82.0, 3199.5)	(83.0, 1112.5)	(84.0, 341.5)	(85.0, 126.0)	(86.0, 55.5)	(87.0, 36.5)	(88.0, 24.5)	(89.0, 25.0)	(90.0, 24.5)	(91.0, 17.5)	(92.0, 22.0)	(93.0, 38.5)	(94.0, 50.5)	(95.0, 48.0)	(96.0, 44.5)	(97.0, 44.0)	(98.0, 49.0)	(99.0, 52.0)	(100.0, 31.0)
IDDLNTM13.B_R2	(0.0, 0.0)	(1.0, 0.0)	(2.0, 0.0)	(3.0, 0.0)	(4.0, 0.0)	(5.0, 0.0)	(6.0, 0.0)	(7.0, 0.0)	(8.0, 0.0)	(9.0, 0.0)	(10.0, 0.0)	(11.0, 0.0)	(12.0, 0.0)	(13.0, 0.0)	(14.0, 0.0)	(15.0, 0.0)	(16.0, 0.0)	(17.0, 0.0)	(18.0, 0.0)	(19.0, 0.5)	(20.0, 0.5)	(21.0, 0.0)	(22.0, 0.0)	(23.0, 0.0)	(24.0, 0.0)	(25.0, 1.0)	(26.0, 1.0)	(27.0, 0.0)	(28.0, 0.0)	(29.0, 1.0)	(30.0, 1.0)	(31.0, 0.5)	(32.0, 0.5)	(33.0, 0.5)	(34.0, 3.0)	(35.0, 7.5)	(36.0, 18.0)	(37.0, 30.0)	(38.0, 60.5)	(39.0, 99.0)	(40.0, 156.0)	(41.0, 243.5)	(42.0, 364.5)	(43.0, 552.5)	(44.0, 772.5)	(45.0, 1138.5)	(46.0, 1746.5)	(47.0, 2525.5)	(48.0, 3790.0)	(49.0, 5724.0)	(50.0, 8797.0)	(51.0, 13535.5)	(52.0, 20613.0)	(53.0, 31009.0)	(54.0, 44529.5)	(55.0, 61537.5)	(56.0, 80928.0)	(57.0, 100833.5)	(58.0, 120486.5)	(59.0, 138603.0)	(60.0, 154400.5)	(61.0, 168635.0)	(62.0, 183570.5)	(63.0, 198760.5)	(64.0, 213089.5)	(65.0, 225265.5)	(66.0, 235193.0)	(67.0, 244134.0)	(68.0, 249043.0)	(69.0, 248996.0)	(70.0, 241037.5)	(71.0, 224471.5)	(72.0, 204453.5)	(73.0, 179525.5)	(74.0, 151660.0)	(75.0, 123398.0)	(76.0, 95228.0)	(77.0, 69396.0)	(78.0, 46569.5)	(79.0, 28961.5)	(80.0, 16363.5)	(81.0, 7941.0)	(82.0, 3343.0)	(83.0, 1212.0)	(84.0, 437.5)	(85.0, 179.5)	(86.0, 104.0)	(87.0, 82.0)	(88.0, 73.0)	(89.0, 69.5)	(90.0, 68.0)	(91.0, 56.0)	(92.0, 50.0)	(93.0, 50.0)	(94.0, 56.0)	(95.0, 67.5)	(96.0, 86.5)	(97.0, 123.5)	(98.0, 181.0)	(99.0, 375.5)	(100.0, 1902.0)
IDDLNTM131_R1	(0.0, 0.0)	(1.0, 0.0)	(2.0, 0.0)	(3.0, 0.0)	(4.0, 0.0)	(5.0, 0.0)	(6.0, 0.0)	(7.0, 0.0)	(8.0, 0.0)	(9.0, 0.0)	(10.0, 0.0)	(11.0, 0.0)	(12.0, 0.0)	(13.0, 0.0)	(14.0, 0.5)	(15.0, 0.5)	(16.0, 0.0)	(17.0, 0.0)	(18.0, 0.0)	(19.0, 0.0)	(20.0, 0.0)	(21.0, 0.0)	(22.0, 0.0)	(23.0, 0.0)	(24.0, 0.0)	(25.0, 0.0)	(26.0, 0.0)	(27.0, 0.0)	(28.0, 0.0)	(29.0, 0.0)	(30.0, 0.0)	(31.0, 0.5)	(32.0, 9.0)	(33.0, 17.0)	(34.0, 15.0)	(35.0, 23.5)	(36.0, 38.5)	(37.0, 48.5)	(38.0, 80.5)	(39.0, 147.0)	(40.0, 237.5)	(41.0, 391.0)	(42.0, 688.5)	(43.0, 1102.5)	(44.0, 1689.0)	(45.0, 2524.5)	(46.0, 3732.5)	(47.0, 5618.5)	(48.0, 8100.0)	(49.0, 11766.0)	(50.0, 17213.5)	(51.0, 25639.0)	(52.0, 37929.5)	(53.0, 54623.5)	(54.0, 76948.0)	(55.0, 105187.0)	(56.0, 138661.0)	(57.0, 176749.5)	(58.0, 216535.5)	(59.0, 255500.5)	(60.0, 292132.5)	(61.0, 321506.5)	(62.0, 342036.5)	(63.0, 353400.5)	(64.0, 354169.5)	(65.0, 343807.5)	(66.0, 324346.0)	(67.0, 296509.0)	(68.0, 261733.5)	(69.0, 222942.5)	(70.0, 182602.5)	(71.0, 143635.0)	(72.0, 108426.0)	(73.0, 78589.5)	(74.0, 53973.5)	(75.0, 35341.0)	(76.0, 22794.5)	(77.0, 14421.0)	(78.0, 8666.0)	(79.0, 5118.0)	(80.0, 3005.5)	(81.0, 1802.5)	(82.0, 985.5)	(83.0, 580.5)	(84.0, 347.5)	(85.0, 147.0)	(86.0, 63.5)	(87.0, 35.0)	(88.0, 21.5)	(89.0, 15.0)	(90.0, 18.0)	(91.0, 23.0)	(92.0, 36.5)	(93.0, 61.0)	(94.0, 91.5)	(95.0, 127.0)	(96.0, 124.0)	(97.0, 87.0)	(98.0, 65.0)	(99.0, 56.0)	(100.0, 31.5)
IDDLNTM131_R2	(0.0, 1.0)	(1.0, 0.5)	(2.0, 0.0)	(3.0, 0.0)	(4.0, 0.0)	(5.0, 0.0)	(6.0, 0.0)	(7.0, 0.0)	(8.0, 0.0)	(9.0, 0.0)	(10.0, 0.0)	(11.0, 0.0)	(12.0, 0.0)	(13.0, 0.0)	(14.0, 0.0)	(15.0, 0.0)	(16.0, 0.0)	(17.0, 0.0)	(18.0, 0.0)	(19.0, 0.0)	(20.0, 0.0)	(21.0, 0.0)	(22.0, 0.0)	(23.0, 0.0)	(24.0, 0.5)	(25.0, 0.5)	(26.0, 0.5)	(27.0, 0.5)	(28.0, 1.0)	(29.0, 1.0)	(30.0, 0.5)	(31.0, 3.0)	(32.0, 14.0)	(33.0, 18.5)	(34.0, 17.5)	(35.0, 40.5)	(36.0, 69.0)	(37.0, 97.5)	(38.0, 151.0)	(39.0, 236.5)	(40.0, 378.5)	(41.0, 622.0)	(42.0, 1008.5)	(43.0, 1544.0)	(44.0, 2268.0)	(45.0, 3369.0)	(46.0, 4819.5)	(47.0, 6817.0)	(48.0, 9799.5)	(49.0, 14501.5)	(50.0, 21633.0)	(51.0, 32708.5)	(52.0, 48577.0)	(53.0, 69536.5)	(54.0, 95839.5)	(55.0, 125747.0)	(56.0, 158119.5)	(57.0, 190558.0)	(58.0, 220954.0)	(59.0, 249326.5)	(60.0, 276139.0)	(61.0, 301061.5)	(62.0, 320444.0)	(63.0, 332907.0)	(64.0, 336653.0)	(65.0, 330646.0)	(66.0, 316184.0)	(67.0, 291667.0)	(68.0, 258795.5)	(69.0, 221231.5)	(70.0, 181368.0)	(71.0, 142796.5)	(72.0, 108044.0)	(73.0, 78314.5)	(74.0, 54214.0)	(75.0, 35521.5)	(76.0, 22736.0)	(77.0, 14336.0)	(78.0, 8674.5)	(79.0, 5189.5)	(80.0, 3038.0)	(81.0, 1813.0)	(82.0, 1103.0)	(83.0, 708.5)	(84.0, 435.0)	(85.0, 253.5)	(86.0, 155.5)	(87.0, 110.0)	(88.0, 107.0)	(89.0, 106.5)	(90.0, 102.5)	(91.0, 111.0)	(92.0, 117.5)	(93.0, 124.5)	(94.0, 129.5)	(95.0, 147.5)	(96.0, 213.5)	(97.0, 331.5)	(98.0, 521.0)	(99.0, 1035.5)	(100.0, 4723.0)
IDDLNTM132_R1	(0.0, 0.0)	(1.0, 0.0)	(2.0, 0.0)	(3.0, 0.0)	(4.0, 0.0)	(5.0, 0.0)	(6.0, 0.0)	(7.0, 0.0)	(8.0, 0.0)	(9.0, 0.0)	(10.0, 0.0)	(11.0, 0.0)	(12.0, 0.0)	(13.0, 0.0)	(14.0, 0.0)	(15.0, 0.0)	(16.0, 0.0)	(17.0, 0.0)	(18.0, 0.0)	(19.0, 0.0)	(20.0, 0.0)	(21.0, 0.0)	(22.0, 0.0)	(23.0, 0.0)	(24.0, 0.0)	(25.0, 0.0)	(26.0, 0.0)	(27.0, 0.0)	(28.0, 0.0)	(29.0, 1.0)	(30.0, 10.0)	(31.0, 11.0)	(32.0, 12.0)	(33.0, 21.5)	(34.0, 21.0)	(35.0, 23.5)	(36.0, 34.0)	(37.0, 61.0)	(38.0, 106.5)	(39.0, 188.5)	(40.0, 323.0)	(41.0, 489.0)	(42.0, 768.0)	(43.0, 1243.0)	(44.0, 1870.0)	(45.0, 2757.0)	(46.0, 3957.0)	(47.0, 5554.0)	(48.0, 7978.0)	(49.0, 11426.5)	(50.0, 16233.5)	(51.0, 23589.0)	(52.0, 34689.5)	(53.0, 50701.5)	(54.0, 72318.0)	(55.0, 101321.0)	(56.0, 137008.0)	(57.0, 178573.0)	(58.0, 226302.5)	(59.0, 276874.5)	(60.0, 325639.0)	(61.0, 366384.5)	(62.0, 397201.5)	(63.0, 416970.5)	(64.0, 419832.5)	(65.0, 407580.5)	(66.0, 383528.0)	(67.0, 345860.0)	(68.0, 301015.5)	(69.0, 253729.5)	(70.0, 205563.5)	(71.0, 160920.5)	(72.0, 121606.5)	(73.0, 87871.0)	(74.0, 60338.5)	(75.0, 39862.0)	(76.0, 25599.5)	(77.0, 16042.5)	(78.0, 9801.5)	(79.0, 5918.0)	(80.0, 3551.5)	(81.0, 1942.0)	(82.0, 906.0)	(83.0, 467.5)	(84.0, 225.0)	(85.0, 78.0)	(86.0, 38.5)	(87.0, 25.5)	(88.0, 20.5)	(89.0, 25.5)	(90.0, 24.5)	(91.0, 24.0)	(92.0, 35.5)	(93.0, 63.5)	(94.0, 101.0)	(95.0, 111.5)	(96.0, 100.5)	(97.0, 79.5)	(98.0, 68.0)	(99.0, 71.0)	(100.0, 41.0)
IDDLNTM132_R2	(0.0, 0.0)	(1.0, 0.5)	(2.0, 0.5)	(3.0, 0.0)	(4.0, 0.0)	(5.0, 0.0)	(6.0, 0.0)	(7.0, 0.0)	(8.0, 0.0)	(9.0, 0.0)	(10.0, 0.0)	(11.0, 0.0)	(12.0, 0.0)	(13.0, 0.0)	(14.0, 0.0)	(15.0, 0.5)	(16.0, 0.5)	(17.0, 0.0)	(18.0, 0.0)	(19.0, 0.0)	(20.0, 0.0)	(21.0, 0.0)	(22.0, 0.0)	(23.0, 0.0)	(24.0, 0.0)	(25.0, 0.0)	(26.0, 0.0)	(27.0, 1.5)	(28.0, 1.5)	(29.0, 2.5)	(30.0, 10.0)	(31.0, 11.5)	(32.0, 15.5)	(33.0, 22.5)	(34.0, 21.5)	(35.0, 35.0)	(36.0, 65.0)	(37.0, 103.5)	(38.0, 175.0)	(39.0, 298.0)	(40.0, 446.5)	(41.0, 701.0)	(42.0, 1123.0)	(43.0, 1738.0)	(44.0, 2486.0)	(45.0, 3509.0)	(46.0, 4933.0)	(47.0, 6720.0)	(48.0, 9206.5)	(49.0, 12887.0)	(50.0, 18419.5)	(51.0, 27014.0)	(52.0, 39984.0)	(53.0, 58945.5)	(54.0, 85314.0)	(55.0, 119927.0)	(56.0, 160824.0)	(57.0, 204819.5)	(58.0, 251400.5)	(59.0, 295758.5)	(60.0, 332579.5)	(61.0, 360870.5)	(62.0, 380339.0)	(63.0, 390687.0)	(64.0, 389819.5)	(65.0, 379335.0)	(66.0, 358963.0)	(67.0, 328179.0)	(68.0, 289829.0)	(69.0, 247025.0)	(70.0, 202582.5)	(71.0, 159622.0)	(72.0, 121721.5)	(73.0, 88239.0)	(74.0, 60648.0)	(75.0, 40514.0)	(76.0, 26054.5)	(77.0, 16076.5)	(78.0, 9796.0)	(79.0, 5765.5)	(80.0, 3192.0)	(81.0, 1814.5)	(82.0, 1018.5)	(83.0, 554.5)	(84.0, 289.0)	(85.0, 150.0)	(86.0, 129.5)	(87.0, 115.0)	(88.0, 120.0)	(89.0, 129.5)	(90.0, 115.5)	(91.0, 105.5)	(92.0, 108.5)	(93.0, 107.0)	(94.0, 112.5)	(95.0, 125.5)	(96.0, 154.0)	(97.0, 230.5)	(98.0, 382.0)	(99.0, 820.0)	(100.0, 4488.5)
IDDLNTM135_R1	(0.0, 0.0)	(1.0, 0.0)	(2.0, 0.0)	(3.0, 0.0)	(4.0, 0.0)	(5.0, 0.0)	(6.0, 0.0)	(7.0, 0.0)	(8.0, 0.0)	(9.0, 0.0)	(10.0, 0.0)	(11.0, 0.0)	(12.0, 0.0)	(13.0, 0.0)	(14.0, 0.5)	(15.0, 0.5)	(16.0, 0.0)	(17.0, 0.0)	(18.0, 0.0)	(19.0, 0.0)	(20.0, 0.0)	(21.0, 0.0)	(22.0, 0.0)	(23.0, 0.0)	(24.0, 0.0)	(25.0, 0.0)	(26.0, 0.0)	(27.0, 0.0)	(28.0, 0.5)	(29.0, 1.0)	(30.0, 6.5)	(31.0, 9.0)	(32.0, 10.5)	(33.0, 20.5)	(34.0, 20.0)	(35.0, 18.5)	(36.0, 27.5)	(37.0, 51.5)	(38.0, 86.0)	(39.0, 129.0)	(40.0, 220.0)	(41.0, 361.5)	(42.0, 577.5)	(43.0, 957.0)	(44.0, 1427.5)	(45.0, 2156.0)	(46.0, 3245.0)	(47.0, 4650.5)	(48.0, 6564.0)	(49.0, 9411.0)	(50.0, 13933.5)	(51.0, 20402.5)	(52.0, 29758.5)	(53.0, 42362.0)	(54.0, 59841.0)	(55.0, 83665.5)	(56.0, 113093.0)	(57.0, 148492.0)	(58.0, 188784.0)	(59.0, 231025.0)	(60.0, 272181.0)	(61.0, 308498.5)	(62.0, 335713.5)	(63.0, 350419.5)	(64.0, 351439.0)	(65.0, 340800.5)	(66.0, 319645.5)	(67.0, 289354.5)	(68.0, 252588.0)	(69.0, 212207.5)	(70.0, 171458.0)	(71.0, 133344.0)	(72.0, 100696.0)	(73.0, 73255.0)	(74.0, 50771.5)	(75.0, 33812.0)	(76.0, 21814.0)	(77.0, 13709.5)	(78.0, 8418.0)	(79.0, 5064.5)	(80.0, 2964.0)	(81.0, 1723.5)	(82.0, 923.0)	(83.0, 501.5)	(84.0, 309.0)	(85.0, 168.5)	(86.0, 84.0)	(87.0, 39.5)	(88.0, 24.0)	(89.0, 20.0)	(90.0, 15.5)	(91.0, 18.0)	(92.0, 31.5)	(93.0, 48.0)	(94.0, 66.0)	(95.0, 90.5)	(96.0, 101.5)	(97.0, 76.0)	(98.0, 59.5)	(99.0, 64.0)	(100.0, 35.0)
IDDLNTM135_R2	(0.0, 0.0)	(1.0, 0.0)	(2.0, 0.0)	(3.0, 0.0)	(4.0, 0.0)	(5.0, 0.0)	(6.0, 0.0)	(7.0, 0.0)	(8.0, 0.0)	(9.0, 0.0)	(10.0, 0.0)	(11.0, 0.0)	(12.0, 0.0)	(13.0, 0.0)	(14.0, 0.0)	(15.0, 0.0)	(16.0, 0.0)	(17.0, 0.5)	(18.0, 0.5)	(19.0, 0.0)	(20.0, 0.0)	(21.0, 0.0)	(22.0, 0.0)	(23.0, 0.0)	(24.0, 0.0)	(25.0, 0.0)	(26.0, 0.0)	(27.0, 0.0)	(28.0, 0.5)	(29.0, 3.0)	(30.0, 14.5)	(31.0, 15.0)	(32.0, 14.5)	(33.0, 25.0)	(34.0, 22.0)	(35.0, 33.5)	(36.0, 59.5)	(37.0, 104.0)	(38.0, 152.5)	(39.0, 213.5)	(40.0, 368.5)	(41.0, 580.0)	(42.0, 893.0)	(43.0, 1368.0)	(44.0, 2086.5)	(45.0, 3085.0)	(46.0, 4437.5)	(47.0, 6537.5)	(48.0, 9388.0)	(49.0, 13884.0)	(50.0, 21025.5)	(51.0, 31665.0)	(52.0, 47008.0)	(53.0, 66703.0)	(54.0, 91371.5)	(55.0, 120304.0)	(56.0, 149882.5)	(57.0, 179265.5)	(58.0, 208306.0)	(59.0, 234897.0)	(60.0, 259262.5)	(61.0, 281136.0)	(62.0, 299007.0)	(63.0, 310730.5)	(64.0, 313826.5)	(65.0, 309387.5)	(66.0, 296502.5)	(67.0, 273968.0)	(68.0, 242935.5)	(69.0, 206740.0)	(70.0, 169156.0)	(71.0, 133124.5)	(72.0, 101153.0)	(73.0, 73704.5)	(74.0, 51079.0)	(75.0, 33865.0)	(76.0, 21911.5)	(77.0, 13741.0)	(78.0, 8379.5)	(79.0, 4996.5)	(80.0, 2918.0)	(81.0, 1763.0)	(82.0, 1032.5)	(83.0, 623.5)	(84.0, 398.5)	(85.0, 212.5)	(86.0, 142.0)	(87.0, 101.5)	(88.0, 89.0)	(89.0, 91.5)	(90.0, 83.5)	(91.0, 75.0)	(92.0, 75.0)	(93.0, 77.5)	(94.0, 77.5)	(95.0, 82.5)	(96.0, 108.0)	(97.0, 176.5)	(98.0, 292.5)	(99.0, 636.5)	(100.0, 3472.5)
IDDLNTM136_R1	(0.0, 0.0)	(1.0, 0.0)	(2.0, 0.0)	(3.0, 0.0)	(4.0, 0.0)	(5.0, 0.0)	(6.0, 0.0)	(7.0, 0.0)	(8.0, 0.0)	(9.0, 0.0)	(10.0, 0.0)	(11.0, 0.0)	(12.0, 0.0)	(13.0, 0.0)	(14.0, 0.5)	(15.0, 0.5)	(16.0, 0.0)	(17.0, 0.0)	(18.0, 0.0)	(19.0, 0.0)	(20.0, 0.0)	(21.0, 0.0)	(22.0, 0.0)	(23.0, 0.0)	(24.0, 0.0)	(25.0, 0.0)	(26.0, 0.0)	(27.0, 0.0)	(28.0, 0.0)	(29.0, 0.0)	(30.0, 0.0)	(31.0, 0.5)	(32.0, 4.5)	(33.0, 12.0)	(34.0, 20.5)	(35.0, 37.0)	(36.0, 42.5)	(37.0, 49.5)	(38.0, 84.0)	(39.0, 145.5)	(40.0, 243.0)	(41.0, 385.5)	(42.0, 646.5)	(43.0, 1037.5)	(44.0, 1602.0)	(45.0, 2339.5)	(46.0, 3400.0)	(47.0, 5073.0)	(48.0, 7350.0)	(49.0, 10879.0)	(50.0, 16021.5)	(51.0, 23286.5)	(52.0, 34201.0)	(53.0, 48838.0)	(54.0, 67800.0)	(55.0, 91337.5)	(56.0, 118985.0)	(57.0, 149773.5)	(58.0, 182089.0)	(59.0, 214331.5)	(60.0, 243590.5)	(61.0, 268018.0)	(62.0, 284521.0)	(63.0, 292506.5)	(64.0, 293329.5)	(65.0, 284425.5)	(66.0, 267229.5)	(67.0, 243806.0)	(68.0, 214961.0)	(69.0, 182539.0)	(70.0, 148655.5)	(71.0, 117291.5)	(72.0, 89028.0)	(73.0, 64203.0)	(74.0, 44363.0)	(75.0, 29364.0)	(76.0, 18987.0)	(77.0, 12079.0)	(78.0, 7303.0)	(79.0, 4202.5)	(80.0, 2449.5)	(81.0, 1471.5)	(82.0, 813.0)	(83.0, 478.5)	(84.0, 279.5)	(85.0, 135.0)	(86.0, 70.0)	(87.0, 30.0)	(88.0, 14.5)	(89.0, 15.5)	(90.0, 13.5)	(91.0, 13.5)	(92.0, 20.0)	(93.0, 43.5)	(94.0, 74.0)	(95.0, 95.0)	(96.0, 88.0)	(97.0, 65.0)	(98.0, 57.5)	(99.0, 52.0)	(100.0, 27.5)
IDDLNTM136_R2	(0.0, 1.0)	(1.0, 0.5)	(2.0, 0.0)	(3.0, 0.0)	(4.0, 0.0)	(5.0, 0.0)	(6.0, 0.5)	(7.0, 0.5)	(8.0, 0.0)	(9.0, 0.0)	(10.0, 0.0)	(11.0, 0.0)	(12.0, 0.0)	(13.0, 0.0)	(14.0, 0.0)	(15.0, 0.0)	(16.0, 0.0)	(17.0, 0.0)	(18.0, 0.0)	(19.0, 0.0)	(20.0, 0.0)	(21.0, 0.0)	(22.0, 0.0)	(23.0, 0.0)	(24.0, 0.0)	(25.0, 0.0)	(26.0, 0.0)	(27.0, 0.0)	(28.0, 0.5)	(29.0, 0.5)	(30.0, 2.5)	(31.0, 4.0)	(32.0, 8.5)	(33.0, 19.0)	(34.0, 24.5)	(35.0, 42.5)	(36.0, 66.0)	(37.0, 80.0)	(38.0, 130.5)	(39.0, 216.0)	(40.0, 337.5)	(41.0, 535.5)	(42.0, 852.5)	(43.0, 1284.5)	(44.0, 1863.0)	(45.0, 2758.5)	(46.0, 3901.0)	(47.0, 5513.0)	(48.0, 7706.0)	(49.0, 11050.5)	(50.0, 16199.0)	(51.0, 23923.5)	(52.0, 35410.0)	(53.0, 51735.5)	(54.0, 73223.0)	(55.0, 99146.0)	(56.0, 128718.5)	(57.0, 159704.0)	(58.0, 189820.5)	(59.0, 216370.0)	(60.0, 239815.5)	(61.0, 259408.0)	(62.0, 273023.5)	(63.0, 281461.5)	(64.0, 282412.5)	(65.0, 275581.0)	(66.0, 262539.0)	(67.0, 241358.0)	(68.0, 213233.5)	(69.0, 181812.0)	(70.0, 149623.5)	(71.0, 118552.0)	(72.0, 89854.5)	(73.0, 65519.5)	(74.0, 45366.0)	(75.0, 29436.0)	(76.0, 18791.0)	(77.0, 12082.5)	(78.0, 7399.5)	(79.0, 4364.5)	(80.0, 2637.0)	(81.0, 1582.5)	(82.0, 912.5)	(83.0, 557.0)	(84.0, 363.5)	(85.0, 213.0)	(86.0, 132.5)	(87.0, 99.0)	(88.0, 70.5)	(89.0, 64.0)	(90.0, 70.0)	(91.0, 67.0)	(92.0, 66.5)	(93.0, 67.5)	(94.0, 73.5)	(95.0, 86.5)	(96.0, 98.5)	(97.0, 174.5)	(98.0, 277.0)	(99.0, 598.0)	(100.0, 3340.5)
IDDLNTM137_R1	(0.0, 0.0)	(1.0, 0.0)	(2.0, 0.0)	(3.0, 0.0)	(4.0, 0.0)	(5.0, 0.0)	(6.0, 0.0)	(7.0, 0.0)	(8.0, 0.0)	(9.0, 0.0)	(10.0, 0.0)	(11.0, 0.0)	(12.0, 0.0)	(13.0, 0.5)	(14.0, 0.5)	(15.0, 0.0)	(16.0, 0.0)	(17.0, 0.0)	(18.0, 0.0)	(19.0, 0.0)	(20.0, 0.0)	(21.0, 0.0)	(22.0, 0.0)	(23.0, 0.0)	(24.0, 0.5)	(25.0, 0.5)	(26.0, 0.0)	(27.0, 0.0)	(28.0, 0.0)	(29.0, 0.0)	(30.0, 0.0)	(31.0, 0.0)	(32.0, 0.0)	(33.0, 0.0)	(34.0, 2.0)	(35.0, 2.0)	(36.0, 1.5)	(37.0, 8.0)	(38.0, 24.5)	(39.0, 66.0)	(40.0, 117.0)	(41.0, 179.5)	(42.0, 283.5)	(43.0, 453.5)	(44.0, 622.5)	(45.0, 828.0)	(46.0, 1275.5)	(47.0, 1990.5)	(48.0, 2982.5)	(49.0, 4103.0)	(50.0, 5895.5)	(51.0, 8750.5)	(52.0, 12741.0)	(53.0, 18286.0)	(54.0, 25779.0)	(55.0, 35866.5)	(56.0, 49570.5)	(57.0, 68040.0)	(58.0, 90872.0)	(59.0, 118549.5)	(60.0, 150839.0)	(61.0, 187196.0)	(62.0, 227259.5)	(63.0, 265807.0)	(64.0, 300007.5)	(65.0, 328877.5)	(66.0, 351167.5)	(67.0, 365360.0)	(68.0, 371316.0)	(69.0, 370351.5)	(70.0, 358109.0)	(71.0, 335401.0)	(72.0, 307395.0)	(73.0, 273321.5)	(74.0, 236008.0)	(75.0, 199290.5)	(76.0, 162949.5)	(77.0, 127787.0)	(78.0, 95635.0)	(79.0, 68847.5)	(80.0, 47257.0)	(81.0, 30606.5)	(82.0, 18750.0)	(83.0, 10616.5)	(84.0, 5673.0)	(85.0, 2844.0)	(86.0, 1354.5)	(87.0, 646.0)	(88.0, 275.0)	(89.0, 124.0)	(90.0, 58.0)	(91.0, 36.0)	(92.0, 40.5)	(93.0, 57.0)	(94.0, 71.5)	(95.0, 90.0)	(96.0, 100.0)	(97.0, 92.0)	(98.0, 86.0)	(99.0, 81.5)	(100.0, 47.5)
IDDLNTM137_R2	(0.0, 0.0)	(1.0, 0.0)	(2.0, 0.0)	(3.0, 0.0)	(4.0, 0.0)	(5.0, 0.0)	(6.0, 0.0)	(7.0, 0.0)	(8.0, 0.0)	(9.0, 0.0)	(10.0, 0.0)	(11.0, 0.0)	(12.0, 0.0)	(13.0, 0.0)	(14.0, 0.0)	(15.0, 0.0)	(16.0, 0.0)	(17.0, 0.0)	(18.0, 0.0)	(19.0, 0.0)	(20.0, 0.0)	(21.0, 0.0)	(22.0, 0.0)	(23.0, 0.0)	(24.0, 0.5)	(25.0, 0.5)	(26.0, 0.5)	(27.0, 0.5)	(28.0, 0.0)	(29.0, 0.5)	(30.0, 0.5)	(31.0, 0.5)	(32.0, 2.5)	(33.0, 3.0)	(34.0, 5.0)	(35.0, 7.0)	(36.0, 11.5)	(37.0, 33.5)	(38.0, 62.0)	(39.0, 98.0)	(40.0, 181.0)	(41.0, 291.0)	(42.0, 412.0)	(43.0, 632.0)	(44.0, 899.0)	(45.0, 1214.5)	(46.0, 1779.0)	(47.0, 2647.5)	(48.0, 3755.0)	(49.0, 5170.0)	(50.0, 7444.0)	(51.0, 10722.5)	(52.0, 15638.0)	(53.0, 22766.5)	(54.0, 32513.5)	(55.0, 46261.5)	(56.0, 64645.5)	(57.0, 87520.5)	(58.0, 113766.5)	(59.0, 142631.0)	(60.0, 172811.5)	(61.0, 203134.5)	(62.0, 233337.5)	(63.0, 259889.0)	(64.0, 284060.0)	(65.0, 305441.0)	(66.0, 322646.5)	(67.0, 337742.0)	(68.0, 348016.5)	(69.0, 351696.0)	(70.0, 344804.5)	(71.0, 327041.0)	(72.0, 302822.0)	(73.0, 271294.5)	(74.0, 235631.0)	(75.0, 199747.5)	(76.0, 163660.0)	(77.0, 128137.0)	(78.0, 95468.5)	(79.0, 68671.0)	(80.0, 47353.5)	(81.0, 30844.5)	(82.0, 18840.5)	(83.0, 10820.5)	(84.0, 5867.5)	(85.0, 2974.5)	(86.0, 1491.0)	(87.0, 756.0)	(88.0, 395.0)	(89.0, 212.0)	(90.0, 145.5)	(91.0, 125.0)	(92.0, 127.0)	(93.0, 126.5)	(94.0, 120.5)	(95.0, 140.0)	(96.0, 169.5)	(97.0, 225.5)	(98.0, 370.5)	(99.0, 857.0)	(100.0, 5312.5)
IDDLNTM139_R1	(0.0, 0.0)	(1.0, 0.0)	(2.0, 0.0)	(3.0, 0.0)	(4.0, 0.0)	(5.0, 0.0)	(6.0, 0.0)	(7.0, 0.0)	(8.0, 0.0)	(9.0, 0.0)	(10.0, 0.0)	(11.0, 0.0)	(12.0, 0.0)	(13.0, 0.0)	(14.0, 0.0)	(15.0, 0.0)	(16.0, 0.0)	(17.0, 0.0)	(18.0, 0.0)	(19.0, 0.0)	(20.0, 0.0)	(21.0, 0.0)	(22.0, 0.0)	(23.0, 0.0)	(24.0, 0.0)	(25.0, 0.0)	(26.0, 0.0)	(27.0, 0.0)	(28.0, 0.0)	(29.0, 0.0)	(30.0, 0.0)	(31.0, 0.0)	(32.0, 0.0)	(33.0, 0.0)	(34.0, 1.0)	(35.0, 1.5)	(36.0, 1.0)	(37.0, 2.5)	(38.0, 13.0)	(39.0, 40.0)	(40.0, 65.5)	(41.0, 102.5)	(42.0, 162.5)	(43.0, 266.5)	(44.0, 400.0)	(45.0, 588.5)	(46.0, 889.0)	(47.0, 1391.0)	(48.0, 2143.5)	(49.0, 3184.0)	(50.0, 4706.0)	(51.0, 7104.5)	(52.0, 10722.5)	(53.0, 15639.0)	(54.0, 22129.5)	(55.0, 30877.0)	(56.0, 41750.0)	(57.0, 54434.0)	(58.0, 68520.5)	(59.0, 84478.0)	(60.0, 101408.0)	(61.0, 117974.0)	(62.0, 135280.0)	(63.0, 150493.0)	(64.0, 162837.5)	(65.0, 173662.0)	(66.0, 183038.5)	(67.0, 190451.0)	(68.0, 195128.5)	(69.0, 196283.0)	(70.0, 190885.0)	(71.0, 180960.5)	(72.0, 168482.0)	(73.0, 151250.5)	(74.0, 131102.5)	(75.0, 110567.0)	(76.0, 89932.0)	(77.0, 69932.5)	(78.0, 52155.5)	(79.0, 37225.0)	(80.0, 25107.5)	(81.0, 16133.5)	(82.0, 9761.0)	(83.0, 5435.0)	(84.0, 2816.0)	(85.0, 1409.0)	(86.0, 647.0)	(87.0, 283.0)	(88.0, 112.5)	(89.0, 48.0)	(90.0, 26.5)	(91.0, 18.5)	(92.0, 19.0)	(93.0, 25.0)	(94.0, 37.5)	(95.0, 51.0)	(96.0, 54.0)	(97.0, 45.0)	(98.0, 53.5)	(99.0, 55.5)	(100.0, 27.5)
IDDLNTM139_R2	(0.0, 1.0)	(1.0, 0.5)	(2.0, 0.0)	(3.0, 0.0)	(4.0, 0.0)	(5.0, 0.5)	(6.0, 1.0)	(7.0, 0.5)	(8.0, 0.0)	(9.0, 0.0)	(10.0, 0.0)	(11.0, 0.0)	(12.0, 0.0)	(13.0, 0.0)	(14.0, 0.0)	(15.0, 0.0)	(16.0, 0.0)	(17.0, 0.0)	(18.0, 0.0)	(19.0, 0.0)	(20.0, 0.0)	(21.0, 0.0)	(22.0, 0.0)	(23.0, 0.0)	(24.0, 0.0)	(25.0, 0.0)	(26.0, 0.0)	(27.0, 0.5)	(28.0, 1.0)	(29.0, 1.0)	(30.0, 0.5)	(31.0, 0.5)	(32.0, 1.0)	(33.0, 0.5)	(34.0, 2.0)	(35.0, 3.0)	(36.0, 4.0)	(37.0, 11.5)	(38.0, 34.5)	(39.0, 71.0)	(40.0, 104.0)	(41.0, 161.5)	(42.0, 250.5)	(43.0, 416.0)	(44.0, 600.5)	(45.0, 791.5)	(46.0, 1141.0)	(47.0, 1726.0)	(48.0, 2610.0)	(49.0, 3833.0)	(50.0, 5748.5)	(51.0, 8702.5)	(52.0, 13156.0)	(53.0, 19382.5)	(54.0, 27535.5)	(55.0, 38034.0)	(56.0, 50007.5)	(57.0, 62521.0)	(58.0, 74827.5)	(59.0, 87573.5)	(60.0, 100058.5)	(61.0, 112282.5)	(62.0, 126682.0)	(63.0, 140583.0)	(64.0, 153466.5)	(65.0, 166657.5)	(66.0, 177811.0)	(67.0, 186792.0)	(68.0, 193334.5)	(69.0, 194840.5)	(70.0, 189704.5)	(71.0, 179880.0)	(72.0, 167168.0)	(73.0, 150754.0)	(74.0, 131268.0)	(75.0, 110557.0)	(76.0, 89862.5)	(77.0, 70065.5)	(78.0, 52250.0)	(79.0, 37155.5)	(80.0, 25294.0)	(81.0, 16370.0)	(82.0, 9796.5)	(83.0, 5535.5)	(84.0, 2990.5)	(85.0, 1493.5)	(86.0, 725.0)	(87.0, 367.0)	(88.0, 204.0)	(89.0, 135.5)	(90.0, 99.5)	(91.0, 80.5)	(92.0, 78.0)	(93.0, 80.5)	(94.0, 84.5)	(95.0, 86.0)	(96.0, 110.5)	(97.0, 160.5)	(98.0, 244.5)	(99.0, 551.0)	(100.0, 3157.5)
IDDLNTM14.A_R1	(0.0, 0.0)	(1.0, 0.0)	(2.0, 0.0)	(3.0, 0.0)	(4.0, 0.0)	(5.0, 0.0)	(6.0, 0.0)	(7.0, 0.0)	(8.0, 0.0)	(9.0, 0.0)	(10.0, 0.0)	(11.0, 0.0)	(12.0, 0.0)	(13.0, 0.0)	(14.0, 0.0)	(15.0, 0.0)	(16.0, 0.0)	(17.0, 0.0)	(18.0, 0.0)	(19.0, 0.0)	(20.0, 0.0)	(21.0, 0.0)	(22.0, 0.0)	(23.0, 0.0)	(24.0, 0.0)	(25.0, 0.0)	(26.0, 0.0)	(27.0, 0.0)	(28.0, 0.0)	(29.0, 0.5)	(30.0, 0.5)	(31.0, 0.0)	(32.0, 0.5)	(33.0, 0.5)	(34.0, 0.0)	(35.0, 1.5)	(36.0, 5.5)	(37.0, 12.0)	(38.0, 24.5)	(39.0, 46.0)	(40.0, 78.0)	(41.0, 131.5)	(42.0, 204.0)	(43.0, 315.0)	(44.0, 492.0)	(45.0, 793.5)	(46.0, 1235.0)	(47.0, 1854.5)	(48.0, 2923.0)	(49.0, 4495.5)	(50.0, 6816.5)	(51.0, 10464.5)	(52.0, 16004.5)	(53.0, 23875.0)	(54.0, 34240.5)	(55.0, 47159.5)	(56.0, 63407.5)	(57.0, 82319.0)	(58.0, 103079.5)	(59.0, 124570.5)	(60.0, 145052.5)	(61.0, 164507.5)	(62.0, 182518.0)	(63.0, 197928.0)	(64.0, 210338.5)	(65.0, 220239.0)	(66.0, 227828.5)	(67.0, 234621.5)	(68.0, 239408.0)	(69.0, 239458.0)	(70.0, 232531.0)	(71.0, 219348.0)	(72.0, 202517.0)	(73.0, 181648.0)	(74.0, 158472.0)	(75.0, 134002.0)	(76.0, 109777.0)	(77.0, 86329.0)	(78.0, 64498.5)	(79.0, 46645.0)	(80.0, 32308.5)	(81.0, 21239.5)	(82.0, 13267.0)	(83.0, 7834.0)	(84.0, 4400.5)	(85.0, 2385.0)	(86.0, 1203.5)	(87.0, 583.5)	(88.0, 252.5)	(89.0, 121.5)	(90.0, 54.5)	(91.0, 27.0)	(92.0, 32.5)	(93.0, 38.5)	(94.0, 51.5)	(95.0, 66.5)	(96.0, 73.5)	(97.0, 60.0)	(98.0, 49.5)	(99.0, 47.0)	(100.0, 26.0)
IDDLNTM14.A_R2	(0.0, 0.0)	(1.0, 0.0)	(2.0, 0.0)	(3.0, 0.0)	(4.0, 0.0)	(5.0, 0.0)	(6.0, 0.0)	(7.0, 0.0)	(8.0, 0.0)	(9.0, 0.0)	(10.0, 0.0)	(11.0, 0.0)	(12.0, 0.0)	(13.0, 0.0)	(14.0, 0.0)	(15.0, 0.0)	(16.0, 0.0)	(17.0, 0.0)	(18.0, 0.0)	(19.0, 0.0)	(20.0, 0.0)	(21.0, 0.0)	(22.0, 0.0)	(23.0, 0.0)	(24.0, 0.0)	(25.0, 0.0)	(26.0, 0.0)	(27.0, 0.5)	(28.0, 0.5)	(29.0, 0.0)	(30.0, 0.0)	(31.0, 0.5)	(32.0, 1.0)	(33.0, 3.0)	(34.0, 5.0)	(35.0, 7.0)	(36.0, 16.0)	(37.0, 25.5)	(38.0, 44.0)	(39.0, 80.5)	(40.0, 122.0)	(41.0, 181.5)	(42.0, 283.0)	(43.0, 437.5)	(44.0, 619.0)	(45.0, 911.0)	(46.0, 1353.5)	(47.0, 1944.0)	(48.0, 2728.0)	(49.0, 3850.0)	(50.0, 5574.0)	(51.0, 8245.0)	(52.0, 12287.0)	(53.0, 18221.0)	(54.0, 26825.0)	(55.0, 38820.0)	(56.0, 54690.0)	(57.0, 74279.5)	(58.0, 97128.5)	(59.0, 122067.0)	(60.0, 146344.0)	(61.0, 168030.0)	(62.0, 187775.5)	(63.0, 205371.0)	(64.0, 218625.0)	(65.0, 227814.0)	(66.0, 234448.5)	(67.0, 239582.5)	(68.0, 242357.5)	(69.0, 240697.5)	(70.0, 233360.5)	(71.0, 219342.0)	(72.0, 201413.0)	(73.0, 180703.5)	(74.0, 157530.5)	(75.0, 133353.0)	(76.0, 109344.0)	(77.0, 86295.0)	(78.0, 64637.5)	(79.0, 46539.5)	(80.0, 32145.0)	(81.0, 21256.5)	(82.0, 13388.0)	(83.0, 7853.0)	(84.0, 4492.0)	(85.0, 2428.5)	(86.0, 1231.0)	(87.0, 650.0)	(88.0, 331.0)	(89.0, 184.5)	(90.0, 125.0)	(91.0, 97.5)	(92.0, 99.0)	(93.0, 99.0)	(94.0, 89.0)	(95.0, 89.0)	(96.0, 111.0)	(97.0, 182.5)	(98.0, 322.0)	(99.0, 682.5)	(100.0, 3326.5)
IDDLNTM14.B_R1	(0.0, 0.0)	(1.0, 0.0)	(2.0, 0.0)	(3.0, 0.0)	(4.0, 0.0)	(5.0, 0.0)	(6.0, 0.0)	(7.0, 0.0)	(8.0, 0.0)	(9.0, 0.0)	(10.0, 0.0)	(11.0, 0.0)	(12.0, 0.0)	(13.0, 0.0)	(14.0, 0.0)	(15.0, 0.0)	(16.0, 0.0)	(17.0, 0.0)	(18.0, 0.0)	(19.0, 0.0)	(20.0, 0.0)	(21.0, 0.0)	(22.0, 0.0)	(23.0, 0.0)	(24.0, 0.0)	(25.0, 0.5)	(26.0, 1.0)	(27.0, 0.5)	(28.0, 0.0)	(29.0, 0.0)	(30.0, 0.5)	(31.0, 0.5)	(32.0, 0.0)	(33.0, 0.5)	(34.0, 2.5)	(35.0, 2.5)	(36.0, 7.5)	(37.0, 19.5)	(38.0, 32.5)	(39.0, 54.5)	(40.0, 89.0)	(41.0, 145.0)	(42.0, 237.5)	(43.0, 372.5)	(44.0, 565.5)	(45.0, 849.5)	(46.0, 1302.5)	(47.0, 1931.5)	(48.0, 2882.0)	(49.0, 4254.0)	(50.0, 6302.5)	(51.0, 9462.5)	(52.0, 13942.5)	(53.0, 20421.0)	(54.0, 29453.0)	(55.0, 41959.5)	(56.0, 58940.5)	(57.0, 80676.0)	(58.0, 107768.5)	(59.0, 140270.0)	(60.0, 176026.0)	(61.0, 212890.0)	(62.0, 250598.5)	(63.0, 285419.5)	(64.0, 312464.5)	(65.0, 330337.0)	(66.0, 339957.5)	(67.0, 343382.0)	(68.0, 341474.0)	(69.0, 333564.0)	(70.0, 318355.5)	(71.0, 295987.0)	(72.0, 270266.0)	(73.0, 241301.5)	(74.0, 208838.5)	(75.0, 176024.0)	(76.0, 144630.0)	(77.0, 113939.0)	(78.0, 85060.5)	(79.0, 61260.5)	(80.0, 42287.0)	(81.0, 27734.5)	(82.0, 17334.5)	(83.0, 10220.0)	(84.0, 5815.0)	(85.0, 3267.0)	(86.0, 1655.5)	(87.0, 824.5)	(88.0, 400.5)	(89.0, 168.5)	(90.0, 72.0)	(91.0, 48.5)	(92.0, 42.0)	(93.0, 48.0)	(94.0, 73.0)	(95.0, 84.5)	(96.0, 92.5)	(97.0, 88.0)	(98.0, 74.0)	(99.0, 65.0)	(100.0, 34.0)
IDDLNTM14.B_R2	(0.0, 0.0)	(1.0, 0.0)	(2.0, 0.0)	(3.0, 0.0)	(4.0, 0.0)	(5.0, 0.0)	(6.0, 0.0)	(7.0, 0.0)	(8.0, 0.0)	(9.0, 0.0)	(10.0, 0.0)	(11.0, 0.0)	(12.0, 0.0)	(13.0, 0.0)	(14.0, 0.0)	(15.0, 0.0)	(16.0, 0.0)	(17.0, 0.0)	(18.0, 0.0)	(19.0, 0.0)	(20.0, 0.5)	(21.0, 0.5)	(22.0, 0.5)	(23.0, 0.5)	(24.0, 0.0)	(25.0, 0.0)	(26.0, 0.5)	(27.0, 1.0)	(28.0, 0.5)	(29.0, 0.0)	(30.0, 0.0)	(31.0, 0.5)	(32.0, 2.0)	(33.0, 2.0)	(34.0, 5.0)	(35.0, 10.5)	(36.0, 20.0)	(37.0, 37.0)	(38.0, 65.0)	(39.0, 124.5)	(40.0, 176.5)	(41.0, 250.0)	(42.0, 380.5)	(43.0, 620.0)	(44.0, 953.5)	(45.0, 1421.5)	(46.0, 2151.0)	(47.0, 3043.5)	(48.0, 4619.0)	(49.0, 7010.0)	(50.0, 10577.0)	(51.0, 16463.5)	(52.0, 25523.5)	(53.0, 38333.0)	(54.0, 55229.0)	(55.0, 76544.5)	(56.0, 101193.5)	(57.0, 127054.5)	(58.0, 152342.0)	(59.0, 175818.5)	(60.0, 196480.0)	(61.0, 214223.5)	(62.0, 232637.5)	(63.0, 251238.5)	(64.0, 267936.0)	(65.0, 282718.5)	(66.0, 295110.0)	(67.0, 305854.0)	(68.0, 313245.0)	(69.0, 313793.0)	(70.0, 305061.0)	(71.0, 287860.0)	(72.0, 265108.0)	(73.0, 238017.0)	(74.0, 207179.5)	(75.0, 174679.0)	(76.0, 143440.5)	(77.0, 113381.0)	(78.0, 84793.5)	(79.0, 60952.0)	(80.0, 42097.5)	(81.0, 27885.0)	(82.0, 17628.0)	(83.0, 10384.5)	(84.0, 5974.5)	(85.0, 3348.0)	(86.0, 1749.0)	(87.0, 936.0)	(88.0, 491.5)	(89.0, 253.5)	(90.0, 155.5)	(91.0, 128.5)	(92.0, 116.5)	(93.0, 104.0)	(94.0, 107.5)	(95.0, 132.5)	(96.0, 170.0)	(97.0, 240.5)	(98.0, 362.0)	(99.0, 762.5)	(100.0, 3996.0)
IDDLNTM140_R1	(0.0, 0.0)	(1.0, 0.0)	(2.0, 0.0)	(3.0, 0.0)	(4.0, 0.0)	(5.0, 0.0)	(6.0, 0.0)	(7.0, 0.0)	(8.0, 0.0)	(9.0, 0.0)	(10.0, 0.0)	(11.0, 0.0)	(12.0, 0.0)	(13.0, 0.0)	(14.0, 0.0)	(15.0, 0.0)	(16.0, 0.0)	(17.0, 0.0)	(18.0, 0.0)	(19.0, 0.0)	(20.0, 0.0)	(21.0, 0.0)	(22.0, 0.0)	(23.0, 0.0)	(24.0, 0.0)	(25.0, 0.0)	(26.0, 0.0)	(27.0, 0.0)	(28.0, 0.0)	(29.0, 1.0)	(30.0, 5.0)	(31.0, 6.5)	(32.0, 13.0)	(33.0, 17.5)	(34.0, 14.0)	(35.0, 18.5)	(36.0, 25.5)	(37.0, 44.0)	(38.0, 75.0)	(39.0, 115.0)	(40.0, 192.5)	(41.0, 299.0)	(42.0, 525.0)	(43.0, 863.0)	(44.0, 1314.5)	(45.0, 2037.5)	(46.0, 3157.5)	(47.0, 4659.5)	(48.0, 6826.5)	(49.0, 10240.0)	(50.0, 15273.0)	(51.0, 22627.0)	(52.0, 33089.5)	(53.0, 46796.5)	(54.0, 64675.5)	(55.0, 87332.0)	(56.0, 113346.0)	(57.0, 142096.0)	(58.0, 172617.0)	(59.0, 202549.0)	(60.0, 230989.0)	(61.0, 254477.0)	(62.0, 271597.0)	(63.0, 280635.5)	(64.0, 279701.0)	(65.0, 272675.5)	(66.0, 258987.0)	(67.0, 238042.5)	(68.0, 210049.5)	(69.0, 178013.0)	(70.0, 145884.5)	(71.0, 114290.5)	(72.0, 86139.5)	(73.0, 62338.5)	(74.0, 43039.5)	(75.0, 28556.5)	(76.0, 18314.5)	(77.0, 11415.5)	(78.0, 6767.5)	(79.0, 3835.5)	(80.0, 2109.0)	(81.0, 1164.5)	(82.0, 608.0)	(83.0, 292.0)	(84.0, 142.5)	(85.0, 56.5)	(86.0, 24.0)	(87.0, 14.5)	(88.0, 16.5)	(89.0, 16.5)	(90.0, 15.0)	(91.0, 17.0)	(92.0, 23.0)	(93.0, 35.0)	(94.0, 55.5)	(95.0, 71.0)	(96.0, 58.5)	(97.0, 38.5)	(98.0, 38.5)	(99.0, 47.5)	(100.0, 31.0)
IDDLNTM140_R2	(0.0, 0.0)	(1.0, 0.0)	(2.0, 0.0)	(3.0, 0.5)	(4.0, 0.5)	(5.0, 0.0)	(6.0, 0.0)	(7.0, 0.0)	(8.0, 0.0)	(9.0, 0.0)	(10.0, 0.0)	(11.0, 0.0)	(12.0, 0.0)	(13.0, 0.0)	(14.0, 0.0)	(15.0, 0.0)	(16.0, 0.5)	(17.0, 0.5)	(18.0, 0.0)	(19.0, 0.0)	(20.0, 0.0)	(21.0, 0.0)	(22.0, 0.0)	(23.0, 0.0)	(24.0, 0.0)	(25.0, 0.0)	(26.0, 0.0)	(27.0, 0.0)	(28.0, 0.0)	(29.0, 1.5)	(30.0, 6.0)	(31.0, 6.5)	(32.0, 16.5)	(33.0, 25.0)	(34.0, 17.0)	(35.0, 30.0)	(36.0, 47.0)	(37.0, 76.5)	(38.0, 136.0)	(39.0, 190.5)	(40.0, 291.0)	(41.0, 465.5)	(42.0, 734.0)	(43.0, 1152.5)	(44.0, 1746.5)	(45.0, 2611.0)	(46.0, 3848.0)	(47.0, 5569.5)	(48.0, 7846.5)	(49.0, 11697.5)	(50.0, 17897.5)	(51.0, 26927.5)	(52.0, 39844.5)	(53.0, 56425.0)	(54.0, 76965.0)	(55.0, 101459.5)	(56.0, 126926.5)	(57.0, 151441.0)	(58.0, 175967.5)	(59.0, 199120.0)	(60.0, 220471.5)	(61.0, 239772.0)	(62.0, 255700.5)	(63.0, 266232.0)	(64.0, 268302.0)	(65.0, 264610.5)	(66.0, 253371.5)	(67.0, 234101.5)	(68.0, 208350.0)	(69.0, 177278.0)	(70.0, 145433.5)	(71.0, 114318.5)	(72.0, 86824.0)	(73.0, 63077.0)	(74.0, 43254.0)	(75.0, 28835.5)	(76.0, 18674.5)	(77.0, 11590.0)	(78.0, 6849.5)	(79.0, 3922.5)	(80.0, 2219.5)	(81.0, 1266.0)	(82.0, 689.5)	(83.0, 341.5)	(84.0, 174.5)	(85.0, 97.0)	(86.0, 68.0)	(87.0, 65.5)	(88.0, 59.5)	(89.0, 48.0)	(90.0, 54.0)	(91.0, 49.0)	(92.0, 37.5)	(93.0, 48.0)	(94.0, 54.0)	(95.0, 55.0)	(96.0, 68.5)	(97.0, 105.5)	(98.0, 173.0)	(99.0, 422.5)	(100.0, 2620.5)
IDDLNTM141_R1	(0.0, 0.0)	(1.0, 0.0)	(2.0, 0.0)	(3.0, 0.0)	(4.0, 0.0)	(5.0, 0.0)	(6.0, 0.0)	(7.0, 0.0)	(8.0, 0.0)	(9.0, 0.0)	(10.0, 0.0)	(11.0, 0.0)	(12.0, 0.0)	(13.0, 0.0)	(14.0, 0.0)	(15.0, 0.0)	(16.0, 0.0)	(17.0, 0.0)	(18.0, 0.0)	(19.0, 0.0)	(20.0, 0.0)	(21.0, 0.0)	(22.0, 0.0)	(23.0, 0.0)	(24.0, 0.0)	(25.0, 0.0)	(26.0, 0.0)	(27.0, 0.0)	(28.0, 0.0)	(29.0, 0.0)	(30.0, 0.0)	(31.0, 0.0)	(32.0, 0.0)	(33.0, 0.0)	(34.0, 6.0)	(35.0, 6.5)	(36.0, 1.5)	(37.0, 9.5)	(38.0, 31.0)	(39.0, 79.0)	(40.0, 128.0)	(41.0, 162.5)	(42.0, 251.5)	(43.0, 431.0)	(44.0, 604.5)	(45.0, 839.0)	(46.0, 1358.0)	(47.0, 2101.0)	(48.0, 3226.0)	(49.0, 4796.0)	(50.0, 6990.0)	(51.0, 10425.5)	(52.0, 15062.5)	(53.0, 21593.5)	(54.0, 30752.5)	(55.0, 43385.5)	(56.0, 59392.0)	(57.0, 78543.0)	(58.0, 101164.5)	(59.0, 127240.5)	(60.0, 155861.0)	(61.0, 185140.0)	(62.0, 214268.5)	(63.0, 240074.5)	(64.0, 262331.5)	(65.0, 281003.5)	(66.0, 296389.0)	(67.0, 308237.5)	(68.0, 314008.5)	(69.0, 314445.0)	(70.0, 305499.0)	(71.0, 287106.5)	(72.0, 262030.0)	(73.0, 230817.5)	(74.0, 197499.5)	(75.0, 163512.5)	(76.0, 129146.5)	(77.0, 97226.0)	(78.0, 69320.5)	(79.0, 46028.0)	(80.0, 28552.0)	(81.0, 16330.0)	(82.0, 8241.0)	(83.0, 3568.5)	(84.0, 1342.5)	(85.0, 481.0)	(86.0, 182.0)	(87.0, 86.0)	(88.0, 53.5)	(89.0, 40.5)	(90.0, 28.5)	(91.0, 23.0)	(92.0, 22.5)	(93.0, 33.0)	(94.0, 58.5)	(95.0, 77.5)	(96.0, 71.5)	(97.0, 66.0)	(98.0, 71.5)	(99.0, 74.0)	(100.0, 45.0)
IDDLNTM141_R2	(0.0, 0.0)	(1.0, 0.0)	(2.0, 0.0)	(3.0, 0.0)	(4.0, 0.0)	(5.0, 0.0)	(6.0, 0.0)	(7.0, 0.0)	(8.0, 0.0)	(9.0, 0.0)	(10.0, 0.0)	(11.0, 0.0)	(12.0, 0.0)	(13.0, 0.5)	(14.0, 0.5)	(15.0, 0.0)	(16.0, 0.0)	(17.0, 0.0)	(18.0, 0.5)	(19.0, 0.5)	(20.0, 0.0)	(21.0, 0.0)	(22.0, 0.0)	(23.0, 0.0)	(24.0, 0.0)	(25.0, 0.0)	(26.0, 0.5)	(27.0, 0.5)	(28.0, 0.0)	(29.0, 0.0)	(30.0, 1.0)	(31.0, 2.5)	(32.0, 2.0)	(33.0, 3.0)	(34.0, 5.0)	(35.0, 6.0)	(36.0, 10.5)	(37.0, 31.5)	(38.0, 59.0)	(39.0, 95.5)	(40.0, 159.5)	(41.0, 241.0)	(42.0, 382.0)	(43.0, 605.0)	(44.0, 842.0)	(45.0, 1140.0)	(46.0, 1633.0)	(47.0, 2457.5)	(48.0, 3536.0)	(49.0, 4870.5)	(50.0, 6780.5)	(51.0, 9743.5)	(52.0, 14059.5)	(53.0, 19924.0)	(54.0, 28052.0)	(55.0, 39637.0)	(56.0, 55154.0)	(57.0, 74703.0)	(58.0, 97914.5)	(59.0, 125079.5)	(60.0, 154639.0)	(61.0, 184686.5)	(62.0, 214724.5)	(63.0, 241401.5)	(64.0, 263701.0)	(65.0, 282264.5)	(66.0, 297492.5)	(67.0, 308712.0)	(68.0, 315157.0)	(69.0, 314932.5)	(70.0, 305415.0)	(71.0, 288045.5)	(72.0, 263289.5)	(73.0, 231810.5)	(74.0, 197865.5)	(75.0, 163902.0)	(76.0, 130158.0)	(77.0, 97844.0)	(78.0, 69491.5)	(79.0, 46505.5)	(80.0, 28958.0)	(81.0, 16492.0)	(82.0, 8295.0)	(83.0, 3760.0)	(84.0, 1538.5)	(85.0, 590.5)	(86.0, 263.0)	(87.0, 148.0)	(88.0, 117.5)	(89.0, 113.5)	(90.0, 104.0)	(91.0, 96.0)	(92.0, 80.0)	(93.0, 81.0)	(94.0, 102.0)	(95.0, 114.0)	(96.0, 119.5)	(97.0, 186.0)	(98.0, 298.0)	(99.0, 629.5)	(100.0, 3589.5)
IDDLNTM143_R1	(0.0, 0.0)	(1.0, 0.0)	(2.0, 0.0)	(3.0, 0.0)	(4.0, 0.0)	(5.0, 0.0)	(6.0, 0.0)	(7.0, 0.0)	(8.0, 0.0)	(9.0, 0.0)	(10.0, 0.0)	(11.0, 0.0)	(12.0, 0.0)	(13.0, 0.0)	(14.0, 0.0)	(15.0, 0.0)	(16.0, 0.0)	(17.0, 0.0)	(18.0, 0.0)	(19.0, 0.0)	(20.0, 0.0)	(21.0, 0.0)	(22.0, 0.0)	(23.0, 0.0)	(24.0, 0.0)	(25.0, 0.0)	(26.0, 0.0)	(27.0, 0.0)	(28.0, 0.0)	(29.0, 0.0)	(30.0, 0.0)	(31.0, 0.0)	(32.0, 0.0)	(33.0, 0.0)	(34.0, 1.0)	(35.0, 4.0)	(36.0, 9.0)	(37.0, 16.5)	(38.0, 31.5)	(39.0, 65.5)	(40.0, 109.5)	(41.0, 156.5)	(42.0, 241.5)	(43.0, 415.5)	(44.0, 623.0)	(45.0, 849.0)	(46.0, 1311.0)	(47.0, 2039.5)	(48.0, 3009.0)	(49.0, 4292.0)	(50.0, 6265.5)	(51.0, 9239.5)	(52.0, 13350.5)	(53.0, 18900.5)	(54.0, 26460.5)	(55.0, 37123.5)	(56.0, 51436.0)	(57.0, 69595.0)	(58.0, 91999.5)	(59.0, 119217.0)	(60.0, 150815.0)	(61.0, 185770.0)	(62.0, 223693.5)	(63.0, 259644.5)	(64.0, 291828.0)	(65.0, 319567.5)	(66.0, 341895.0)	(67.0, 357755.0)	(68.0, 365008.0)	(69.0, 365432.5)	(70.0, 354175.0)	(71.0, 331957.0)	(72.0, 304165.0)	(73.0, 270202.0)	(74.0, 233575.0)	(75.0, 196723.0)	(76.0, 159724.0)	(77.0, 124115.0)	(78.0, 91491.5)	(79.0, 64433.5)	(80.0, 43544.0)	(81.0, 27442.5)	(82.0, 15607.5)	(83.0, 8216.0)	(84.0, 4043.0)	(85.0, 1749.0)	(86.0, 714.5)	(87.0, 283.5)	(88.0, 118.0)	(89.0, 71.0)	(90.0, 52.0)	(91.0, 36.0)	(92.0, 34.0)	(93.0, 52.0)	(94.0, 70.0)	(95.0, 86.5)	(96.0, 103.0)	(97.0, 103.5)	(98.0, 107.5)	(99.0, 108.5)	(100.0, 60.5)
IDDLNTM143_R2	(0.0, 0.0)	(1.0, 0.0)	(2.0, 0.5)	(3.0, 0.5)	(4.0, 0.0)	(5.0, 0.0)	(6.0, 0.0)	(7.0, 0.0)	(8.0, 0.0)	(9.0, 0.0)	(10.0, 0.0)	(11.0, 0.0)	(12.0, 0.0)	(13.0, 0.0)	(14.0, 0.0)	(15.0, 0.0)	(16.0, 0.0)	(17.0, 0.0)	(18.0, 0.0)	(19.0, 0.0)	(20.0, 0.0)	(21.0, 0.0)	(22.0, 0.0)	(23.0, 0.0)	(24.0, 0.0)	(25.0, 0.0)	(26.0, 0.0)	(27.0, 0.0)	(28.0, 0.0)	(29.0, 1.0)	(30.0, 1.0)	(31.0, 1.5)	(32.0, 2.0)	(33.0, 2.5)	(34.0, 4.5)	(35.0, 10.0)	(36.0, 19.5)	(37.0, 39.5)	(38.0, 64.0)	(39.0, 106.0)	(40.0, 202.0)	(41.0, 301.0)	(42.0, 426.5)	(43.0, 670.0)	(44.0, 1006.0)	(45.0, 1445.5)	(46.0, 2148.0)	(47.0, 3223.0)	(48.0, 4912.0)	(49.0, 7539.5)	(50.0, 11636.5)	(51.0, 17560.0)	(52.0, 25508.0)	(53.0, 36147.0)	(54.0, 49680.0)	(55.0, 65800.5)	(56.0, 83662.0)	(57.0, 102040.5)	(58.0, 120499.5)	(59.0, 139586.5)	(60.0, 160186.0)	(61.0, 183105.5)	(62.0, 208971.5)	(63.0, 234859.5)	(64.0, 261291.5)	(65.0, 287775.0)	(66.0, 309737.5)	(67.0, 328326.0)	(68.0, 342199.0)	(69.0, 347815.5)	(70.0, 341826.0)	(71.0, 324664.0)	(72.0, 299873.5)	(73.0, 267543.5)	(74.0, 232383.0)	(75.0, 196133.0)	(76.0, 159022.0)	(77.0, 123953.0)	(78.0, 91496.0)	(79.0, 64259.5)	(80.0, 42959.0)	(81.0, 26868.5)	(82.0, 15619.5)	(83.0, 8389.0)	(84.0, 4188.5)	(85.0, 1919.5)	(86.0, 803.0)	(87.0, 348.5)	(88.0, 183.5)	(89.0, 133.0)	(90.0, 107.5)	(91.0, 93.5)	(92.0, 93.0)	(93.0, 94.0)	(94.0, 94.0)	(95.0, 100.5)	(96.0, 115.0)	(97.0, 176.0)	(98.0, 298.5)	(99.0, 678.0)	(100.0, 4452.0)
IDDLNTM144_R1	(0.0, 0.0)	(1.0, 0.0)	(2.0, 0.0)	(3.0, 0.0)	(4.0, 0.0)	(5.0, 0.0)	(6.0, 0.0)	(7.0, 0.0)	(8.0, 0.0)	(9.0, 0.0)	(10.0, 0.0)	(11.0, 0.0)	(12.0, 0.0)	(13.0, 0.0)	(14.0, 0.5)	(15.0, 1.0)	(16.0, 0.5)	(17.0, 0.0)	(18.0, 0.0)	(19.0, 0.0)	(20.0, 0.0)	(21.0, 0.0)	(22.0, 0.0)	(23.0, 0.0)	(24.0, 0.0)	(25.0, 0.0)	(26.0, 0.0)	(27.0, 0.0)	(28.0, 0.0)	(29.0, 0.0)	(30.0, 0.0)	(31.0, 0.0)	(32.0, 0.5)	(33.0, 1.5)	(34.0, 6.5)	(35.0, 6.5)	(36.0, 4.5)	(37.0, 11.0)	(38.0, 31.0)	(39.0, 64.0)	(40.0, 96.5)	(41.0, 155.5)	(42.0, 259.5)	(43.0, 416.5)	(44.0, 580.5)	(45.0, 793.5)	(46.0, 1221.0)	(47.0, 1913.5)	(48.0, 2825.5)	(49.0, 4179.0)	(50.0, 6139.0)	(51.0, 9034.0)	(52.0, 13234.5)	(53.0, 18868.5)	(54.0, 26792.5)	(55.0, 38042.5)	(56.0, 52705.0)	(57.0, 71296.0)	(58.0, 94215.5)	(59.0, 120973.0)	(60.0, 151132.5)	(61.0, 184732.5)	(62.0, 219427.0)	(63.0, 250263.0)	(64.0, 276349.5)	(65.0, 297291.5)	(66.0, 312579.0)	(67.0, 322817.0)	(68.0, 326526.5)	(69.0, 324876.5)	(70.0, 315155.0)	(71.0, 295640.5)	(72.0, 270377.0)	(73.0, 240189.0)	(74.0, 208232.0)	(75.0, 175693.0)	(76.0, 142478.0)	(77.0, 111086.5)	(78.0, 82787.5)	(79.0, 59164.0)	(80.0, 40196.0)	(81.0, 25524.5)	(82.0, 15221.5)	(83.0, 8573.0)	(84.0, 4554.0)	(85.0, 2205.5)	(86.0, 977.0)	(87.0, 422.0)	(88.0, 188.0)	(89.0, 87.5)	(90.0, 46.0)	(91.0, 32.5)	(92.0, 30.5)	(93.0, 38.0)	(94.0, 62.0)	(95.0, 90.5)	(96.0, 96.0)	(97.0, 84.0)	(98.0, 85.5)	(99.0, 82.5)	(100.0, 42.5)
IDDLNTM144_R2	(0.0, 0.0)	(1.0, 0.0)	(2.0, 0.5)	(3.0, 0.5)	(4.0, 0.0)	(5.0, 0.0)	(6.0, 0.0)	(7.0, 0.0)	(8.0, 0.0)	(9.0, 0.0)	(10.0, 0.0)	(11.0, 0.0)	(12.0, 0.0)	(13.0, 0.5)	(14.0, 0.5)	(15.0, 0.0)	(16.0, 0.0)	(17.0, 0.0)	(18.0, 0.0)	(19.0, 0.0)	(20.0, 0.0)	(21.0, 0.0)	(22.0, 0.0)	(23.0, 0.0)	(24.0, 0.5)	(25.0, 0.5)	(26.0, 0.0)	(27.0, 0.0)	(28.0, 0.5)	(29.0, 0.5)	(30.0, 0.5)	(31.0, 2.0)	(32.0, 2.5)	(33.0, 2.5)	(34.0, 4.5)	(35.0, 5.5)	(36.0, 16.0)	(37.0, 37.5)	(38.0, 62.0)	(39.0, 103.5)	(40.0, 178.5)	(41.0, 277.5)	(42.0, 420.5)	(43.0, 637.0)	(44.0, 902.5)	(45.0, 1309.5)	(46.0, 1932.0)	(47.0, 2853.0)	(48.0, 4264.5)	(49.0, 6419.0)	(50.0, 9642.5)	(51.0, 14520.0)	(52.0, 21925.5)	(53.0, 32101.5)	(54.0, 45314.0)	(55.0, 62045.5)	(56.0, 81870.0)	(57.0, 103290.0)	(58.0, 124370.5)	(59.0, 144906.5)	(60.0, 165218.0)	(61.0, 184955.0)	(62.0, 205370.0)	(63.0, 225266.0)	(64.0, 244949.0)	(65.0, 263836.0)	(66.0, 280961.0)	(67.0, 296034.0)	(68.0, 306108.0)	(69.0, 310360.0)	(70.0, 304917.0)	(71.0, 289874.0)	(72.0, 267488.5)	(73.0, 238738.0)	(74.0, 207340.5)	(75.0, 174548.0)	(76.0, 141965.5)	(77.0, 110856.0)	(78.0, 82381.0)	(79.0, 58754.5)	(80.0, 39952.0)	(81.0, 25623.5)	(82.0, 15496.0)	(83.0, 8818.0)	(84.0, 4693.5)	(85.0, 2314.5)	(86.0, 1102.5)	(87.0, 535.5)	(88.0, 264.5)	(89.0, 154.0)	(90.0, 128.5)	(91.0, 116.0)	(92.0, 109.5)	(93.0, 121.0)	(94.0, 119.0)	(95.0, 123.5)	(96.0, 154.0)	(97.0, 231.5)	(98.0, 376.5)	(99.0, 846.5)	(100.0, 4653.5)
IDDLNTM145_R1	(0.0, 0.0)	(1.0, 0.0)	(2.0, 0.0)	(3.0, 0.0)	(4.0, 0.0)	(5.0, 0.0)	(6.0, 0.0)	(7.0, 0.0)	(8.0, 0.0)	(9.0, 0.0)	(10.0, 0.0)	(11.0, 0.0)	(12.0, 0.0)	(13.0, 0.0)	(14.0, 0.0)	(15.0, 0.0)	(16.0, 0.0)	(17.0, 0.0)	(18.0, 0.0)	(19.0, 0.0)	(20.0, 0.0)	(21.0, 0.0)	(22.0, 0.0)	(23.0, 0.0)	(24.0, 0.0)	(25.0, 0.0)	(26.0, 0.0)	(27.0, 0.0)	(28.0, 0.0)	(29.0, 0.0)	(30.0, 0.0)	(31.0, 0.5)	(32.0, 3.0)	(33.0, 2.5)	(34.0, 6.0)	(35.0, 11.0)	(36.0, 13.5)	(37.0, 22.5)	(38.0, 38.5)	(39.0, 99.0)	(40.0, 173.5)	(41.0, 237.0)	(42.0, 334.5)	(43.0, 510.5)	(44.0, 913.0)	(45.0, 1431.0)	(46.0, 2027.0)	(47.0, 2912.0)	(48.0, 4125.0)	(49.0, 5875.5)	(50.0, 8542.0)	(51.0, 12682.5)	(52.0, 18530.5)	(53.0, 26566.5)	(54.0, 37840.5)	(55.0, 52664.5)	(56.0, 71715.5)	(57.0, 95458.0)	(58.0, 123379.5)	(59.0, 153867.5)	(60.0, 185124.5)	(61.0, 216303.0)	(62.0, 245111.0)	(63.0, 269741.5)	(64.0, 288332.5)	(65.0, 300020.0)	(66.0, 305481.5)	(67.0, 304265.0)	(68.0, 296562.0)	(69.0, 283342.0)	(70.0, 263974.5)	(71.0, 238365.0)	(72.0, 208126.0)	(73.0, 177076.0)	(74.0, 146151.0)	(75.0, 116487.0)	(76.0, 90347.5)	(77.0, 66545.5)	(78.0, 46606.0)	(79.0, 31420.5)	(80.0, 20097.0)	(81.0, 12310.5)	(82.0, 7412.5)	(83.0, 4187.5)	(84.0, 2187.0)	(85.0, 1057.5)	(86.0, 441.5)	(87.0, 197.5)	(88.0, 90.5)	(89.0, 54.0)	(90.0, 40.5)	(91.0, 28.0)	(92.0, 33.0)	(93.0, 43.5)	(94.0, 65.5)	(95.0, 84.5)	(96.0, 87.0)	(97.0, 74.5)	(98.0, 67.5)	(99.0, 59.0)	(100.0, 29.0)
IDDLNTM145_R2	(0.0, 1.0)	(1.0, 0.5)	(2.0, 0.0)	(3.0, 0.0)	(4.0, 0.0)	(5.0, 0.0)	(6.0, 0.0)	(7.0, 0.0)	(8.0, 0.0)	(9.0, 0.0)	(10.0, 0.0)	(11.0, 0.0)	(12.0, 0.0)	(13.0, 0.0)	(14.0, 0.0)	(15.0, 0.5)	(16.0, 1.0)	(17.0, 0.5)	(18.0, 0.0)	(19.0, 0.0)	(20.0, 0.0)	(21.0, 0.0)	(22.0, 0.0)	(23.0, 0.0)	(24.0, 0.0)	(25.0, 0.0)	(26.0, 0.0)	(27.0, 0.5)	(28.0, 0.5)	(29.0, 0.0)	(30.0, 0.5)	(31.0, 1.0)	(32.0, 5.0)	(33.0, 9.5)	(34.0, 12.5)	(35.0, 16.5)	(36.0, 26.0)	(37.0, 52.5)	(38.0, 83.0)	(39.0, 138.5)	(40.0, 245.5)	(41.0, 364.0)	(42.0, 547.0)	(43.0, 835.0)	(44.0, 1310.0)	(45.0, 1978.0)	(46.0, 2831.0)	(47.0, 4018.5)	(48.0, 5707.5)	(49.0, 8533.0)	(50.0, 12854.0)	(51.0, 19421.0)	(52.0, 28931.5)	(53.0, 41720.5)	(54.0, 58375.5)	(55.0, 78191.0)	(56.0, 99837.5)	(57.0, 123063.5)	(58.0, 146704.0)	(59.0, 167668.0)	(60.0, 186179.0)	(61.0, 204263.5)	(62.0, 223056.5)	(63.0, 241281.0)	(64.0, 256970.0)	(65.0, 270467.0)	(66.0, 280390.0)	(67.0, 284484.0)	(68.0, 282632.5)	(69.0, 275059.5)	(70.0, 259270.5)	(71.0, 235504.5)	(72.0, 207542.0)	(73.0, 177408.5)	(74.0, 146392.0)	(75.0, 117112.0)	(76.0, 91038.0)	(77.0, 67299.5)	(78.0, 47157.0)	(79.0, 31722.5)	(80.0, 20469.0)	(81.0, 12789.0)	(82.0, 7636.0)	(83.0, 4355.0)	(84.0, 2364.5)	(85.0, 1181.0)	(86.0, 573.0)	(87.0, 306.5)	(88.0, 165.5)	(89.0, 120.5)	(90.0, 109.5)	(91.0, 95.5)	(92.0, 90.0)	(93.0, 86.5)	(94.0, 97.0)	(95.0, 111.5)	(96.0, 119.5)	(97.0, 183.5)	(98.0, 322.0)	(99.0, 705.0)	(100.0, 3963.5)
IDDLNTM146_R1	(0.0, 0.0)	(1.0, 0.0)	(2.0, 0.0)	(3.0, 0.0)	(4.0, 0.0)	(5.0, 0.0)	(6.0, 0.0)	(7.0, 0.0)	(8.0, 0.0)	(9.0, 0.0)	(10.0, 0.0)	(11.0, 0.0)	(12.0, 0.0)	(13.0, 0.0)	(14.0, 0.0)	(15.0, 0.0)	(16.0, 0.0)	(17.0, 0.0)	(18.0, 0.0)	(19.0, 0.0)	(20.0, 0.0)	(21.0, 0.0)	(22.0, 0.0)	(23.0, 0.0)	(24.0, 0.0)	(25.0, 0.0)	(26.0, 0.0)	(27.0, 0.0)	(28.0, 0.0)	(29.0, 0.0)	(30.0, 0.0)	(31.0, 0.0)	(32.0, 0.0)	(33.0, 0.0)	(34.0, 0.0)	(35.0, 1.0)	(36.0, 5.5)	(37.0, 16.0)	(38.0, 40.0)	(39.0, 70.0)	(40.0, 108.5)	(41.0, 145.5)	(42.0, 237.0)	(43.0, 383.5)	(44.0, 547.5)	(45.0, 771.5)	(46.0, 1197.5)	(47.0, 1844.5)	(48.0, 2713.5)	(49.0, 3997.5)	(50.0, 6050.5)	(51.0, 8829.5)	(52.0, 12745.5)	(53.0, 18550.0)	(54.0, 26301.0)	(55.0, 37065.5)	(56.0, 52083.5)	(57.0, 70403.5)	(58.0, 91904.0)	(59.0, 117864.5)	(60.0, 147145.0)	(61.0, 177368.5)	(62.0, 208482.5)	(63.0, 237188.0)	(64.0, 260605.5)	(65.0, 278883.5)	(66.0, 291161.5)	(67.0, 298350.5)	(68.0, 300491.5)	(69.0, 296598.5)	(70.0, 284887.0)	(71.0, 266288.0)	(72.0, 242433.0)	(73.0, 214042.0)	(74.0, 183168.5)	(75.0, 151082.0)	(76.0, 119364.0)	(77.0, 90045.5)	(78.0, 63675.0)	(79.0, 41469.0)	(80.0, 24953.5)	(81.0, 13510.0)	(82.0, 6365.5)	(83.0, 2651.5)	(84.0, 1026.5)	(85.0, 371.5)	(86.0, 137.5)	(87.0, 64.0)	(88.0, 38.5)	(89.0, 29.0)	(90.0, 24.0)	(91.0, 17.0)	(92.0, 18.0)	(93.0, 33.0)	(94.0, 42.0)	(95.0, 47.0)	(96.0, 49.0)	(97.0, 47.0)	(98.0, 60.5)	(99.0, 67.5)	(100.0, 41.0)
IDDLNTM146_R2	(0.0, 1.0)	(1.0, 0.5)	(2.0, 0.0)	(3.0, 0.0)	(4.0, 0.0)	(5.0, 0.0)	(6.0, 0.0)	(7.0, 0.0)	(8.0, 0.0)	(9.0, 0.0)	(10.0, 0.0)	(11.0, 0.0)	(12.0, 0.0)	(13.0, 0.0)	(14.0, 0.0)	(15.0, 0.0)	(16.0, 0.0)	(17.0, 0.0)	(18.0, 0.0)	(19.0, 0.0)	(20.0, 0.0)	(21.0, 0.0)	(22.0, 0.0)	(23.0, 0.0)	(24.0, 0.0)	(25.0, 0.0)	(26.0, 0.0)	(27.0, 0.5)	(28.0, 1.5)	(29.0, 1.5)	(30.0, 1.5)	(31.0, 1.0)	(32.0, 1.5)	(33.0, 3.0)	(34.0, 3.0)	(35.0, 9.0)	(36.0, 17.0)	(37.0, 32.5)	(38.0, 59.5)	(39.0, 101.5)	(40.0, 161.0)	(41.0, 244.0)	(42.0, 381.0)	(43.0, 546.5)	(44.0, 750.5)	(45.0, 1076.0)	(46.0, 1598.0)	(47.0, 2263.0)	(48.0, 3253.0)	(49.0, 4566.5)	(50.0, 6496.0)	(51.0, 9308.0)	(52.0, 13276.0)	(53.0, 19013.0)	(54.0, 27126.0)	(55.0, 38680.5)	(56.0, 54806.5)	(57.0, 75096.0)	(58.0, 98557.0)	(59.0, 125233.5)	(60.0, 154680.0)	(61.0, 183843.0)	(62.0, 211467.5)	(63.0, 236021.0)	(64.0, 255575.5)	(65.0, 270887.5)	(66.0, 281858.5)	(67.0, 288953.0)	(68.0, 292648.5)	(69.0, 290774.5)	(70.0, 280544.5)	(71.0, 263060.0)	(72.0, 240915.0)	(73.0, 213756.5)	(74.0, 183535.0)	(75.0, 151682.0)	(76.0, 119713.0)	(77.0, 90213.0)	(78.0, 63608.0)	(79.0, 41537.5)	(80.0, 25050.5)	(81.0, 13965.0)	(82.0, 6841.0)	(83.0, 2894.0)	(84.0, 1134.5)	(85.0, 436.5)	(86.0, 205.5)	(87.0, 113.5)	(88.0, 86.5)	(89.0, 79.5)	(90.0, 80.0)	(91.0, 81.0)	(92.0, 68.5)	(93.0, 56.0)	(94.0, 61.5)	(95.0, 66.5)	(96.0, 85.0)	(97.0, 130.5)	(98.0, 201.0)	(99.0, 495.5)	(100.0, 3254.5)
IDDLNTM147_R1	(0.0, 0.0)	(1.0, 0.0)	(2.0, 0.0)	(3.0, 0.0)	(4.0, 0.0)	(5.0, 0.0)	(6.0, 0.0)	(7.0, 0.0)	(8.0, 0.0)	(9.0, 0.0)	(10.0, 0.0)	(11.0, 0.0)	(12.0, 0.0)	(13.0, 0.0)	(14.0, 1.0)	(15.0, 1.0)	(16.0, 0.0)	(17.0, 0.0)	(18.0, 0.0)	(19.0, 0.0)	(20.0, 0.0)	(21.0, 0.0)	(22.0, 0.0)	(23.0, 0.0)	(24.0, 0.0)	(25.0, 0.0)	(26.0, 0.0)	(27.0, 0.0)	(28.0, 0.0)	(29.0, 0.0)	(30.0, 0.0)	(31.0, 1.5)	(32.0, 5.5)	(33.0, 10.5)	(34.0, 26.5)	(35.0, 41.0)	(36.0, 50.5)	(37.0, 65.0)	(38.0, 89.5)	(39.0, 145.0)	(40.0, 264.0)	(41.0, 428.0)	(42.0, 661.0)	(43.0, 971.0)	(44.0, 1306.0)	(45.0, 1736.5)	(46.0, 2520.0)	(47.0, 3764.5)	(48.0, 5429.5)	(49.0, 7832.5)	(50.0, 11341.0)	(51.0, 16224.5)	(52.0, 23490.5)	(53.0, 33081.5)	(54.0, 45518.5)	(55.0, 61931.5)	(56.0, 83471.5)	(57.0, 109473.0)	(58.0, 137662.5)	(59.0, 167773.0)	(60.0, 199625.5)	(61.0, 231782.5)	(62.0, 260711.0)	(63.0, 286758.5)	(64.0, 309446.0)	(65.0, 327998.5)	(66.0, 339116.5)	(67.0, 341125.5)	(68.0, 335156.0)	(69.0, 318777.5)	(70.0, 293589.0)	(71.0, 261045.0)	(72.0, 222967.5)	(73.0, 182128.5)	(74.0, 142319.0)	(75.0, 106258.0)	(76.0, 75985.5)	(77.0, 52859.0)	(78.0, 34441.0)	(79.0, 20651.5)	(80.0, 12108.0)	(81.0, 6741.5)	(82.0, 3551.5)	(83.0, 1861.0)	(84.0, 871.0)	(85.0, 403.5)	(86.0, 207.5)	(87.0, 85.0)	(88.0, 32.5)	(89.0, 21.0)	(90.0, 19.0)	(91.0, 17.0)	(92.0, 24.5)	(93.0, 36.5)	(94.0, 55.0)	(95.0, 76.5)	(96.0, 78.5)	(97.0, 63.0)	(98.0, 61.5)	(99.0, 65.5)	(100.0, 37.0)
IDDLNTM147_R2	(0.0, 0.0)	(1.0, 0.0)	(2.0, 0.5)	(3.0, 0.5)	(4.0, 0.0)	(5.0, 0.0)	(6.0, 0.0)	(7.0, 0.0)	(8.0, 0.0)	(9.0, 0.0)	(10.0, 0.0)	(11.0, 0.0)	(12.0, 0.0)	(13.0, 0.0)	(14.0, 0.0)	(15.0, 0.0)	(16.0, 0.0)	(17.0, 0.0)	(18.0, 0.0)	(19.0, 0.0)	(20.0, 0.0)	(21.0, 0.0)	(22.0, 0.0)	(23.0, 0.0)	(24.0, 0.0)	(25.0, 0.0)	(26.0, 0.0)	(27.0, 0.5)	(28.0, 1.0)	(29.0, 0.5)	(30.0, 0.0)	(31.0, 4.0)	(32.0, 10.0)	(33.0, 17.5)	(34.0, 31.0)	(35.0, 43.5)	(36.0, 64.0)	(37.0, 101.0)	(38.0, 144.0)	(39.0, 214.5)	(40.0, 357.0)	(41.0, 571.5)	(42.0, 829.0)	(43.0, 1211.5)	(44.0, 1607.5)	(45.0, 2144.5)	(46.0, 3132.0)	(47.0, 4517.0)	(48.0, 6466.5)	(49.0, 9213.5)	(50.0, 13359.0)	(51.0, 19667.0)	(52.0, 28826.0)	(53.0, 41522.0)	(54.0, 57822.5)	(55.0, 77806.0)	(56.0, 101480.5)	(57.0, 126190.0)	(58.0, 149904.0)	(59.0, 173645.5)	(60.0, 197370.5)	(61.0, 220696.0)	(62.0, 243746.0)	(63.0, 267090.5)	(64.0, 290634.0)	(65.0, 313435.5)	(66.0, 328428.5)	(67.0, 332867.5)	(68.0, 329971.0)	(69.0, 316831.5)	(70.0, 291896.0)	(71.0, 258992.5)	(72.0, 221592.5)	(73.0, 181336.5)	(74.0, 142346.0)	(75.0, 106979.0)	(76.0, 76597.5)	(77.0, 52735.5)	(78.0, 34190.5)	(79.0, 20606.0)	(80.0, 12174.0)	(81.0, 6951.0)	(82.0, 3674.0)	(83.0, 1888.5)	(84.0, 961.0)	(85.0, 512.0)	(86.0, 258.5)	(87.0, 136.5)	(88.0, 98.5)	(89.0, 80.0)	(90.0, 70.0)	(91.0, 72.0)	(92.0, 85.0)	(93.0, 91.0)	(94.0, 89.5)	(95.0, 87.5)	(96.0, 104.5)	(97.0, 175.5)	(98.0, 278.5)	(99.0, 589.0)	(100.0, 3640.0)
IDDLNTM148_R1	(0.0, 0.0)	(1.0, 0.0)	(2.0, 0.0)	(3.0, 0.0)	(4.0, 0.0)	(5.0, 0.0)	(6.0, 0.0)	(7.0, 0.0)	(8.0, 0.0)	(9.0, 0.0)	(10.0, 0.0)	(11.0, 0.0)	(12.0, 0.0)	(13.0, 0.0)	(14.0, 0.0)	(15.0, 0.0)	(16.0, 0.0)	(17.0, 0.0)	(18.0, 0.0)	(19.0, 0.0)	(20.0, 0.0)	(21.0, 0.0)	(22.0, 0.0)	(23.0, 0.0)	(24.0, 0.0)	(25.0, 0.0)	(26.0, 0.0)	(27.0, 0.0)	(28.0, 0.0)	(29.0, 0.0)	(30.0, 0.0)	(31.0, 0.0)	(32.0, 0.0)	(33.0, 0.0)	(34.0, 1.5)	(35.0, 1.5)	(36.0, 1.0)	(37.0, 9.5)	(38.0, 24.5)	(39.0, 54.0)	(40.0, 91.5)	(41.0, 129.0)	(42.0, 216.5)	(43.0, 361.0)	(44.0, 524.0)	(45.0, 727.0)	(46.0, 1154.0)	(47.0, 1767.0)	(48.0, 2460.0)	(49.0, 3544.5)	(50.0, 5323.5)	(51.0, 7967.0)	(52.0, 11873.5)	(53.0, 17138.0)	(54.0, 24232.5)	(55.0, 33759.0)	(56.0, 46314.0)	(57.0, 61133.0)	(58.0, 78148.5)	(59.0, 97963.0)	(60.0, 118519.5)	(61.0, 138425.5)	(62.0, 158310.0)	(63.0, 176488.5)	(64.0, 191646.0)	(65.0, 204465.0)	(66.0, 213980.5)	(67.0, 220952.0)	(68.0, 224449.0)	(69.0, 223067.0)	(70.0, 215269.5)	(71.0, 200005.5)	(72.0, 179898.0)	(73.0, 156201.0)	(74.0, 130545.5)	(75.0, 104550.5)	(76.0, 79800.5)	(77.0, 57237.5)	(78.0, 37655.0)	(79.0, 22707.5)	(80.0, 12438.0)	(81.0, 6162.5)	(82.0, 2662.5)	(83.0, 935.5)	(84.0, 303.0)	(85.0, 122.0)	(86.0, 51.5)	(87.0, 31.0)	(88.0, 22.5)	(89.0, 19.5)	(90.0, 15.5)	(91.0, 14.5)	(92.0, 15.0)	(93.0, 22.0)	(94.0, 31.0)	(95.0, 36.5)	(96.0, 43.5)	(97.0, 45.5)	(98.0, 56.0)	(99.0, 55.0)	(100.0, 24.0)
IDDLNTM148_R2	(0.0, 0.0)	(1.0, 0.0)	(2.0, 0.0)	(3.0, 0.0)	(4.0, 0.0)	(5.0, 0.0)	(6.0, 0.0)	(7.0, 0.5)	(8.0, 0.5)	(9.0, 0.0)	(10.0, 0.0)	(11.0, 0.0)	(12.0, 0.0)	(13.0, 0.0)	(14.0, 0.0)	(15.0, 0.0)	(16.0, 0.0)	(17.0, 0.0)	(18.0, 0.0)	(19.0, 0.0)	(20.0, 0.0)	(21.0, 0.0)	(22.0, 0.0)	(23.0, 0.0)	(24.0, 0.0)	(25.0, 0.0)	(26.0, 0.0)	(27.0, 0.0)	(28.0, 0.0)	(29.0, 0.0)	(30.0, 0.0)	(31.0, 1.0)	(32.0, 2.0)	(33.0, 2.5)	(34.0, 4.0)	(35.0, 5.0)	(36.0, 7.5)	(37.0, 18.0)	(38.0, 44.0)	(39.0, 81.5)	(40.0, 126.0)	(41.0, 193.0)	(42.0, 291.5)	(43.0, 457.0)	(44.0, 644.5)	(45.0, 894.5)	(46.0, 1322.0)	(47.0, 1866.5)	(48.0, 2548.5)	(49.0, 3493.0)	(50.0, 4981.5)	(51.0, 7335.0)	(52.0, 10596.0)	(53.0, 15382.0)	(54.0, 22236.0)	(55.0, 31901.5)	(56.0, 44847.0)	(57.0, 60270.5)	(58.0, 78850.0)	(59.0, 99374.0)	(60.0, 119533.0)	(61.0, 139619.5)	(62.0, 159416.0)	(63.0, 176045.5)	(64.0, 190435.5)	(65.0, 203113.0)	(66.0, 212370.5)	(67.0, 219697.0)	(68.0, 224020.0)	(69.0, 223071.0)	(70.0, 214594.5)	(71.0, 199634.5)	(72.0, 180040.5)	(73.0, 156695.5)	(74.0, 131459.0)	(75.0, 105518.0)	(76.0, 80826.0)	(77.0, 58003.5)	(78.0, 38486.5)	(79.0, 23636.0)	(80.0, 13061.0)	(81.0, 6446.0)	(82.0, 2781.0)	(83.0, 1026.5)	(84.0, 366.0)	(85.0, 158.5)	(86.0, 85.0)	(87.0, 56.0)	(88.0, 49.5)	(89.0, 50.0)	(90.0, 41.0)	(91.0, 35.0)	(92.0, 33.0)	(93.0, 33.0)	(94.0, 35.5)	(95.0, 33.5)	(96.0, 26.5)	(97.0, 52.5)	(98.0, 96.0)	(99.0, 237.0)	(100.0, 1844.0)
IDDLNTM149_R1	(0.0, 0.0)	(1.0, 0.0)	(2.0, 0.0)	(3.0, 0.0)	(4.0, 0.0)	(5.0, 0.0)	(6.0, 0.0)	(7.0, 0.0)	(8.0, 0.0)	(9.0, 0.0)	(10.0, 0.0)	(11.0, 0.0)	(12.0, 0.0)	(13.0, 0.0)	(14.0, 0.0)	(15.0, 0.0)	(16.0, 0.0)	(17.0, 0.0)	(18.0, 0.0)	(19.0, 0.0)	(20.0, 0.0)	(21.0, 0.0)	(22.0, 0.0)	(23.0, 0.0)	(24.0, 0.0)	(25.0, 0.0)	(26.0, 0.0)	(27.0, 0.0)	(28.0, 0.0)	(29.0, 0.0)	(30.0, 0.0)	(31.0, 0.0)	(32.0, 0.0)	(33.0, 0.0)	(34.0, 2.0)	(35.0, 5.0)	(36.0, 7.5)	(37.0, 12.5)	(38.0, 26.5)	(39.0, 48.5)	(40.0, 76.0)	(41.0, 116.5)	(42.0, 192.5)	(43.0, 292.5)	(44.0, 427.5)	(45.0, 598.0)	(46.0, 917.0)	(47.0, 1457.5)	(48.0, 2222.0)	(49.0, 3314.0)	(50.0, 4940.5)	(51.0, 7354.0)	(52.0, 10870.5)	(53.0, 15887.5)	(54.0, 22501.5)	(55.0, 31308.0)	(56.0, 43439.5)	(57.0, 58380.5)	(58.0, 75137.5)	(59.0, 94027.5)	(60.0, 114894.0)	(61.0, 136410.5)	(62.0, 157541.0)	(63.0, 176888.0)	(64.0, 192484.5)	(65.0, 203844.0)	(66.0, 211631.0)	(67.0, 215912.5)	(68.0, 216324.0)	(69.0, 213316.0)	(70.0, 204293.5)	(71.0, 188481.5)	(72.0, 168042.0)	(73.0, 143902.0)	(74.0, 117960.0)	(75.0, 91505.5)	(76.0, 66831.0)	(77.0, 45498.0)	(78.0, 27866.5)	(79.0, 14882.5)	(80.0, 6837.5)	(81.0, 2781.0)	(82.0, 992.0)	(83.0, 307.5)	(84.0, 112.5)	(85.0, 57.5)	(86.0, 27.5)	(87.0, 19.0)	(88.0, 19.0)	(89.0, 15.5)	(90.0, 11.0)	(91.0, 7.5)	(92.0, 15.5)	(93.0, 25.5)	(94.0, 34.0)	(95.0, 44.0)	(96.0, 44.5)	(97.0, 38.5)	(98.0, 41.5)	(99.0, 41.5)	(100.0, 23.5)
IDDLNTM149_R2	(0.0, 0.0)	(1.0, 0.0)	(2.0, 0.5)	(3.0, 0.5)	(4.0, 0.0)	(5.0, 0.0)	(6.0, 0.0)	(7.0, 0.0)	(8.0, 0.0)	(9.0, 0.0)	(10.0, 0.0)	(11.0, 0.0)	(12.0, 0.0)	(13.0, 0.0)	(14.0, 0.0)	(15.0, 0.0)	(16.0, 0.0)	(17.0, 0.0)	(18.0, 0.0)	(19.0, 0.0)	(20.0, 0.0)	(21.0, 0.0)	(22.0, 0.0)	(23.0, 0.0)	(24.0, 0.0)	(25.0, 0.0)	(26.0, 0.0)	(27.0, 0.0)	(28.0, 0.0)	(29.0, 0.5)	(30.0, 1.0)	(31.0, 2.5)	(32.0, 2.0)	(33.0, 1.5)	(34.0, 3.0)	(35.0, 5.5)	(36.0, 9.5)	(37.0, 20.5)	(38.0, 59.0)	(39.0, 103.0)	(40.0, 133.0)	(41.0, 200.5)	(42.0, 313.0)	(43.0, 469.0)	(44.0, 701.5)	(45.0, 999.0)	(46.0, 1532.0)	(47.0, 2396.5)	(48.0, 3672.5)	(49.0, 5632.0)	(50.0, 8655.5)	(51.0, 13337.0)	(52.0, 20219.5)	(53.0, 29194.5)	(54.0, 40080.0)	(55.0, 52505.5)	(56.0, 65929.5)	(57.0, 79074.5)	(58.0, 90391.0)	(59.0, 101298.5)	(60.0, 112881.0)	(61.0, 125095.5)	(62.0, 139390.5)	(63.0, 154924.0)	(64.0, 169442.0)	(65.0, 183118.5)	(66.0, 194461.5)	(67.0, 202439.0)	(68.0, 207305.5)	(69.0, 206957.5)	(70.0, 199565.0)	(71.0, 185896.5)	(72.0, 167172.5)	(73.0, 144081.0)	(74.0, 118715.0)	(75.0, 92315.0)	(76.0, 67312.0)	(77.0, 45722.5)	(78.0, 28022.0)	(79.0, 15220.0)	(80.0, 7143.5)	(81.0, 2901.5)	(82.0, 1081.5)	(83.0, 387.0)	(84.0, 156.0)	(85.0, 87.5)	(86.0, 70.5)	(87.0, 58.5)	(88.0, 49.0)	(89.0, 44.5)	(90.0, 41.0)	(91.0, 34.0)	(92.0, 31.0)	(93.0, 34.0)	(94.0, 33.0)	(95.0, 38.5)	(96.0, 51.0)	(97.0, 79.5)	(98.0, 125.0)	(99.0, 300.5)	(100.0, 2035.5)
IDDLNTM15.A_R1	(0.0, 0.0)	(1.0, 0.0)	(2.0, 0.0)	(3.0, 0.0)	(4.0, 0.0)	(5.0, 0.0)	(6.0, 0.0)	(7.0, 0.0)	(8.0, 0.0)	(9.0, 0.0)	(10.0, 0.0)	(11.0, 0.0)	(12.0, 0.0)	(13.0, 0.0)	(14.0, 0.0)	(15.0, 0.0)	(16.0, 0.0)	(17.0, 0.0)	(18.0, 0.0)	(19.0, 0.5)	(20.0, 0.5)	(21.0, 0.0)	(22.0, 0.0)	(23.0, 0.0)	(24.0, 0.0)	(25.0, 0.0)	(26.0, 0.5)	(27.0, 1.0)	(28.0, 0.5)	(29.0, 0.0)	(30.0, 0.0)	(31.0, 0.5)	(32.0, 1.0)	(33.0, 0.5)	(34.0, 4.0)	(35.0, 5.0)	(36.0, 4.5)	(37.0, 10.5)	(38.0, 24.5)	(39.0, 48.5)	(40.0, 77.5)	(41.0, 129.0)	(42.0, 189.5)	(43.0, 289.5)	(44.0, 445.0)	(45.0, 654.5)	(46.0, 1024.5)	(47.0, 1464.0)	(48.0, 2171.5)	(49.0, 3238.5)	(50.0, 4682.0)	(51.0, 6982.5)	(52.0, 10213.5)	(53.0, 14655.0)	(54.0, 21226.5)	(55.0, 30041.0)	(56.0, 41882.5)	(57.0, 57401.0)	(58.0, 77347.0)	(59.0, 101923.5)	(60.0, 129890.0)	(61.0, 160480.0)	(62.0, 192608.0)	(63.0, 223545.0)	(64.0, 249833.5)	(65.0, 268595.5)	(66.0, 279281.0)	(67.0, 285133.0)	(68.0, 285406.0)	(69.0, 278370.5)	(70.0, 263890.0)	(71.0, 243884.5)	(72.0, 221489.5)	(73.0, 196585.5)	(74.0, 170005.0)	(75.0, 142909.0)	(76.0, 116803.0)	(77.0, 92164.5)	(78.0, 69243.5)	(79.0, 50073.5)	(80.0, 35032.5)	(81.0, 23167.5)	(82.0, 14450.5)	(83.0, 8611.0)	(84.0, 4933.0)	(85.0, 2726.0)	(86.0, 1437.0)	(87.0, 748.5)	(88.0, 344.0)	(89.0, 145.5)	(90.0, 67.5)	(91.0, 44.0)	(92.0, 35.0)	(93.0, 36.0)	(94.0, 53.5)	(95.0, 85.5)	(96.0, 94.5)	(97.0, 79.0)	(98.0, 79.0)	(99.0, 73.0)	(100.0, 34.0)
IDDLNTM15.A_R2	(0.0, 0.0)	(1.0, 0.0)	(2.0, 0.0)	(3.0, 0.0)	(4.0, 0.5)	(5.0, 0.5)	(6.0, 0.0)	(7.0, 0.0)	(8.0, 0.0)	(9.0, 0.0)	(10.0, 0.0)	(11.0, 0.0)	(12.0, 0.0)	(13.0, 0.0)	(14.0, 0.0)	(15.0, 0.5)	(16.0, 0.5)	(17.0, 0.0)	(18.0, 0.0)	(19.0, 0.0)	(20.0, 0.5)	(21.0, 0.5)	(22.0, 0.0)	(23.0, 0.0)	(24.0, 0.0)	(25.0, 0.5)	(26.0, 0.5)	(27.0, 0.0)	(28.0, 0.0)	(29.0, 1.0)	(30.0, 2.0)	(31.0, 2.0)	(32.0, 2.5)	(33.0, 3.0)	(34.0, 4.5)	(35.0, 6.0)	(36.0, 9.5)	(37.0, 20.5)	(38.0, 47.0)	(39.0, 75.0)	(40.0, 127.0)	(41.0, 219.5)	(42.0, 314.0)	(43.0, 493.0)	(44.0, 743.5)	(45.0, 1053.5)	(46.0, 1528.5)	(47.0, 2188.5)	(48.0, 3129.0)	(49.0, 4589.0)	(50.0, 6856.5)	(51.0, 10537.5)	(52.0, 15989.5)	(53.0, 23743.0)	(54.0, 35015.0)	(55.0, 50213.5)	(56.0, 69135.0)	(57.0, 90967.0)	(58.0, 113834.5)	(59.0, 136588.5)	(60.0, 157686.0)	(61.0, 175566.5)	(62.0, 192719.5)	(63.0, 208874.0)	(64.0, 222229.0)	(65.0, 232980.5)	(66.0, 241511.0)	(67.0, 249256.5)	(68.0, 254491.5)	(69.0, 254595.0)	(70.0, 247235.5)	(71.0, 233387.0)	(72.0, 215530.0)	(73.0, 193441.5)	(74.0, 168463.0)	(75.0, 142886.0)	(76.0, 117588.0)	(77.0, 92404.5)	(78.0, 69167.0)	(79.0, 49911.0)	(80.0, 34568.5)	(81.0, 22923.5)	(82.0, 14610.5)	(83.0, 8845.5)	(84.0, 5098.5)	(85.0, 2874.5)	(86.0, 1565.0)	(87.0, 835.5)	(88.0, 437.5)	(89.0, 256.5)	(90.0, 168.0)	(91.0, 115.5)	(92.0, 106.0)	(93.0, 107.0)	(94.0, 108.5)	(95.0, 129.5)	(96.0, 161.0)	(97.0, 242.5)	(98.0, 371.0)	(99.0, 791.0)	(100.0, 3750.0)
IDDLNTM15.B_R1	(0.0, 0.0)	(1.0, 0.0)	(2.0, 0.0)	(3.0, 0.0)	(4.0, 0.0)	(5.0, 0.0)	(6.0, 0.0)	(7.0, 0.0)	(8.0, 0.0)	(9.0, 0.0)	(10.0, 0.0)	(11.0, 0.0)	(12.0, 0.0)	(13.0, 0.0)	(14.0, 0.0)	(15.0, 0.0)	(16.0, 0.0)	(17.0, 0.0)	(18.0, 0.0)	(19.0, 0.0)	(20.0, 0.0)	(21.0, 0.0)	(22.0, 0.0)	(23.0, 0.0)	(24.0, 0.0)	(25.0, 0.0)	(26.0, 0.5)	(27.0, 0.5)	(28.0, 0.5)	(29.0, 0.5)	(30.0, 0.5)	(31.0, 1.0)	(32.0, 1.0)	(33.0, 0.5)	(34.0, 2.0)	(35.0, 3.5)	(36.0, 3.5)	(37.0, 7.5)	(38.0, 28.0)	(39.0, 51.5)	(40.0, 88.5)	(41.0, 137.0)	(42.0, 219.5)	(43.0, 371.0)	(44.0, 569.5)	(45.0, 832.0)	(46.0, 1260.5)	(47.0, 1900.0)	(48.0, 2783.0)	(49.0, 4003.0)	(50.0, 5851.5)	(51.0, 8634.5)	(52.0, 12689.5)	(53.0, 18188.5)	(54.0, 25805.0)	(55.0, 36516.5)	(56.0, 51012.0)	(57.0, 69977.0)	(58.0, 94396.0)	(59.0, 124527.5)	(60.0, 159517.0)	(61.0, 198415.0)	(62.0, 241297.0)	(63.0, 283697.0)	(64.0, 320813.5)	(65.0, 350073.0)	(66.0, 369365.0)	(67.0, 379954.0)	(68.0, 381196.5)	(69.0, 372386.0)	(70.0, 352622.5)	(71.0, 324858.5)	(72.0, 293559.5)	(73.0, 259407.5)	(74.0, 223913.0)	(75.0, 188445.5)	(76.0, 153891.0)	(77.0, 121192.0)	(78.0, 91452.0)	(79.0, 66226.5)	(80.0, 46115.5)	(81.0, 30839.5)	(82.0, 19395.0)	(83.0, 11319.5)	(84.0, 6527.5)	(85.0, 3592.5)	(86.0, 1822.5)	(87.0, 943.5)	(88.0, 439.5)	(89.0, 203.0)	(90.0, 89.5)	(91.0, 45.0)	(92.0, 43.0)	(93.0, 54.0)	(94.0, 96.0)	(95.0, 124.5)	(96.0, 106.5)	(97.0, 78.5)	(98.0, 96.0)	(99.0, 95.0)	(100.0, 41.5)
IDDLNTM15.B_R2	(0.0, 0.0)	(1.0, 0.5)	(2.0, 0.5)	(3.0, 0.0)	(4.0, 0.0)	(5.0, 0.5)	(6.0, 1.5)	(7.0, 1.0)	(8.0, 0.0)	(9.0, 0.0)	(10.0, 0.0)	(11.0, 0.0)	(12.0, 0.0)	(13.0, 0.0)	(14.0, 0.0)	(15.0, 0.0)	(16.0, 0.0)	(17.0, 0.0)	(18.0, 0.0)	(19.0, 0.0)	(20.0, 0.5)	(21.0, 0.5)	(22.0, 0.0)	(23.0, 0.0)	(24.0, 0.0)	(25.0, 0.5)	(26.0, 0.5)	(27.0, 0.0)	(28.0, 0.5)	(29.0, 1.5)	(30.0, 1.0)	(31.0, 1.5)	(32.0, 3.0)	(33.0, 5.5)	(34.0, 7.5)	(35.0, 8.5)	(36.0, 14.0)	(37.0, 29.0)	(38.0, 58.0)	(39.0, 95.5)	(40.0, 159.0)	(41.0, 250.0)	(42.0, 374.5)	(43.0, 595.5)	(44.0, 899.5)	(45.0, 1325.5)	(46.0, 1893.5)	(47.0, 2624.0)	(48.0, 3712.0)	(49.0, 5377.0)	(50.0, 7845.0)	(51.0, 11629.5)	(52.0, 17286.5)	(53.0, 25720.0)	(54.0, 37814.0)	(55.0, 55092.5)	(56.0, 78139.0)	(57.0, 105700.5)	(58.0, 137234.5)	(59.0, 171149.5)	(60.0, 204118.0)	(61.0, 233452.0)	(62.0, 260601.0)	(63.0, 283834.0)	(64.0, 300388.0)	(65.0, 313123.0)	(66.0, 322060.0)	(67.0, 329233.5)	(68.0, 334065.5)	(69.0, 332594.5)	(70.0, 322558.0)	(71.0, 304276.0)	(72.0, 281168.0)	(73.0, 252728.0)	(74.0, 220429.0)	(75.0, 186459.5)	(76.0, 153606.0)	(77.0, 121841.5)	(78.0, 91473.0)	(79.0, 66346.5)	(80.0, 46167.5)	(81.0, 30620.0)	(82.0, 19414.5)	(83.0, 11587.5)	(84.0, 6586.0)	(85.0, 3634.0)	(86.0, 1972.5)	(87.0, 1093.5)	(88.0, 577.0)	(89.0, 305.5)	(90.0, 200.0)	(91.0, 163.5)	(92.0, 149.0)	(93.0, 152.5)	(94.0, 156.5)	(95.0, 179.5)	(96.0, 216.0)	(97.0, 299.5)	(98.0, 505.5)	(99.0, 1119.0)	(100.0, 5255.0)
IDDLNTM152_R1	(0.0, 0.0)	(1.0, 0.0)	(2.0, 0.0)	(3.0, 0.0)	(4.0, 0.0)	(5.0, 0.0)	(6.0, 0.0)	(7.0, 0.0)	(8.0, 0.0)	(9.0, 0.0)	(10.0, 0.0)	(11.0, 0.0)	(12.0, 0.0)	(13.0, 0.0)	(14.0, 0.0)	(15.0, 0.0)	(16.0, 0.0)	(17.0, 0.0)	(18.0, 0.0)	(19.0, 0.0)	(20.0, 0.0)	(21.0, 0.0)	(22.0, 0.0)	(23.0, 0.0)	(24.0, 0.0)	(25.0, 0.0)	(26.0, 0.0)	(27.0, 0.0)	(28.0, 0.0)	(29.0, 0.0)	(30.0, 0.0)	(31.0, 0.0)	(32.0, 0.0)	(33.0, 0.0)	(34.0, 0.5)	(35.0, 2.0)	(36.0, 8.0)	(37.0, 15.0)	(38.0, 34.0)	(39.0, 75.0)	(40.0, 119.5)	(41.0, 169.5)	(42.0, 262.5)	(43.0, 440.5)	(44.0, 730.0)	(45.0, 1153.0)	(46.0, 1701.0)	(47.0, 2402.5)	(48.0, 3186.0)	(49.0, 4459.0)	(50.0, 6515.0)	(51.0, 9576.5)	(52.0, 13935.0)	(53.0, 19650.0)	(54.0, 27586.0)	(55.0, 38442.0)	(56.0, 52778.0)	(57.0, 70758.5)	(58.0, 91768.5)	(59.0, 115357.0)	(60.0, 140124.5)	(61.0, 164725.5)	(62.0, 188935.0)	(63.0, 209931.0)	(64.0, 225205.0)	(65.0, 236761.0)	(66.0, 243543.0)	(67.0, 243918.5)	(68.0, 237606.0)	(69.0, 226595.0)	(70.0, 211331.5)	(71.0, 190578.0)	(72.0, 165801.5)	(73.0, 140144.5)	(74.0, 114249.5)	(75.0, 89289.5)	(76.0, 67325.0)	(77.0, 47267.0)	(78.0, 31053.5)	(79.0, 19273.0)	(80.0, 10931.5)	(81.0, 5570.5)	(82.0, 2566.0)	(83.0, 1046.5)	(84.0, 415.0)	(85.0, 157.5)	(86.0, 66.0)	(87.0, 31.0)	(88.0, 25.5)	(89.0, 17.5)	(90.0, 12.0)	(91.0, 13.0)	(92.0, 14.0)	(93.0, 22.0)	(94.0, 33.0)	(95.0, 46.0)	(96.0, 47.5)	(97.0, 38.5)	(98.0, 49.5)	(99.0, 58.5)	(100.0, 30.5)
IDDLNTM152_R2	(0.0, 1.0)	(1.0, 0.5)	(2.0, 0.0)	(3.0, 0.0)	(4.0, 0.0)	(5.0, 0.0)	(6.0, 0.0)	(7.0, 0.0)	(8.0, 0.0)	(9.0, 0.0)	(10.0, 0.0)	(11.0, 0.0)	(12.0, 0.0)	(13.0, 0.0)	(14.0, 0.0)	(15.0, 0.0)	(16.0, 0.0)	(17.0, 0.0)	(18.0, 0.0)	(19.0, 0.0)	(20.0, 0.0)	(21.0, 0.0)	(22.0, 0.0)	(23.0, 0.0)	(24.0, 0.0)	(25.0, 0.0)	(26.0, 0.0)	(27.0, 0.5)	(28.0, 0.5)	(29.0, 0.0)	(30.0, 0.0)	(31.0, 1.5)	(32.0, 1.5)	(33.0, 3.0)	(34.0, 7.0)	(35.0, 10.5)	(36.0, 16.5)	(37.0, 28.5)	(38.0, 64.0)	(39.0, 103.0)	(40.0, 163.0)	(41.0, 243.0)	(42.0, 372.0)	(43.0, 574.5)	(44.0, 927.5)	(45.0, 1444.0)	(46.0, 2070.5)	(47.0, 2826.0)	(48.0, 3721.0)	(49.0, 5133.0)	(50.0, 7291.0)	(51.0, 10622.5)	(52.0, 15426.0)	(53.0, 21839.5)	(54.0, 31390.0)	(55.0, 44403.0)	(56.0, 60492.0)	(57.0, 80186.5)	(58.0, 102320.5)	(59.0, 124863.5)	(60.0, 147237.5)	(61.0, 167372.0)	(62.0, 185129.5)	(63.0, 200854.5)	(64.0, 213428.0)	(65.0, 224223.0)	(66.0, 231422.0)	(67.0, 234431.0)	(68.0, 231176.0)	(69.0, 222653.5)	(70.0, 209414.0)	(71.0, 189424.0)	(72.0, 165272.5)	(73.0, 140090.0)	(74.0, 114581.0)	(75.0, 89859.5)	(76.0, 67712.5)	(77.0, 47744.0)	(78.0, 31642.5)	(79.0, 19361.0)	(80.0, 10985.5)	(81.0, 5855.5)	(82.0, 2634.0)	(83.0, 1082.0)	(84.0, 461.5)	(85.0, 182.0)	(86.0, 89.5)	(87.0, 63.5)	(88.0, 50.0)	(89.0, 44.0)	(90.0, 45.5)	(91.0, 45.0)	(92.0, 38.0)	(93.0, 38.0)	(94.0, 43.0)	(95.0, 39.0)	(96.0, 46.0)	(97.0, 73.5)	(98.0, 122.5)	(99.0, 300.0)	(100.0, 2194.5)
IDDLNTM18.A_R1	(0.0, 0.0)	(1.0, 0.0)	(2.0, 0.0)	(3.0, 0.0)	(4.0, 0.0)	(5.0, 0.0)	(6.0, 0.0)	(7.0, 0.0)	(8.0, 0.0)	(9.0, 0.0)	(10.0, 0.0)	(11.0, 0.0)	(12.0, 0.0)	(13.0, 0.0)	(14.0, 0.0)	(15.0, 0.0)	(16.0, 0.0)	(17.0, 0.0)	(18.0, 0.0)	(19.0, 0.0)	(20.0, 0.0)	(21.0, 0.0)	(22.0, 0.0)	(23.0, 0.0)	(24.0, 0.0)	(25.0, 0.0)	(26.0, 0.0)	(27.0, 0.0)	(28.0, 0.0)	(29.0, 0.0)	(30.0, 0.0)	(31.0, 0.0)	(32.0, 0.0)	(33.0, 0.5)	(34.0, 6.0)	(35.0, 7.0)	(36.0, 5.0)	(37.0, 9.5)	(38.0, 22.0)	(39.0, 43.0)	(40.0, 76.0)	(41.0, 122.5)	(42.0, 194.5)	(43.0, 307.5)	(44.0, 474.0)	(45.0, 712.5)	(46.0, 1078.0)	(47.0, 1587.5)	(48.0, 2332.0)	(49.0, 3442.0)	(50.0, 5158.5)	(51.0, 7847.5)	(52.0, 11639.0)	(53.0, 16779.0)	(54.0, 24050.0)	(55.0, 34245.5)	(56.0, 47330.5)	(57.0, 63001.5)	(58.0, 81968.0)	(59.0, 103736.0)	(60.0, 127077.5)	(61.0, 150894.5)	(62.0, 174530.0)	(63.0, 195895.5)	(64.0, 212753.5)	(65.0, 225064.5)	(66.0, 232751.0)	(67.0, 236409.5)	(68.0, 236582.5)	(69.0, 232781.5)	(70.0, 222814.0)	(71.0, 206799.5)	(72.0, 187278.0)	(73.0, 163748.5)	(74.0, 137714.5)	(75.0, 111406.5)	(76.0, 85646.0)	(77.0, 61994.0)	(78.0, 41270.0)	(79.0, 24929.5)	(80.0, 13526.0)	(81.0, 6550.0)	(82.0, 2737.5)	(83.0, 955.0)	(84.0, 348.0)	(85.0, 125.5)	(86.0, 56.0)	(87.0, 36.5)	(88.0, 24.5)	(89.0, 23.5)	(90.0, 20.5)	(91.0, 12.5)	(92.0, 14.0)	(93.0, 19.0)	(94.0, 31.5)	(95.0, 36.5)	(96.0, 36.5)	(97.0, 46.5)	(98.0, 48.0)	(99.0, 43.0)	(100.0, 23.5)
IDDLNTM18.A_R2	(0.0, 0.0)	(1.0, 0.0)	(2.0, 0.0)	(3.0, 0.0)	(4.0, 0.0)	(5.0, 0.0)	(6.0, 0.5)	(7.0, 0.5)	(8.0, 0.0)	(9.0, 0.0)	(10.0, 0.0)	(11.0, 0.0)	(12.0, 0.0)	(13.0, 0.0)	(14.0, 0.0)	(15.0, 0.0)	(16.0, 0.0)	(17.0, 0.0)	(18.0, 0.0)	(19.0, 0.0)	(20.0, 0.0)	(21.0, 0.0)	(22.0, 0.0)	(23.0, 0.0)	(24.0, 0.0)	(25.0, 0.0)	(26.0, 0.0)	(27.0, 0.0)	(28.0, 0.0)	(29.0, 0.0)	(30.0, 1.0)	(31.0, 1.5)	(32.0, 2.0)	(33.0, 3.0)	(34.0, 5.0)	(35.0, 6.5)	(36.0, 9.0)	(37.0, 19.5)	(38.0, 40.5)	(39.0, 63.0)	(40.0, 109.0)	(41.0, 191.5)	(42.0, 291.0)	(43.0, 428.5)	(44.0, 604.0)	(45.0, 883.5)	(46.0, 1334.0)	(47.0, 1851.5)	(48.0, 2582.5)	(49.0, 3678.5)	(50.0, 5300.5)	(51.0, 7809.0)	(52.0, 11494.5)	(53.0, 16913.5)	(54.0, 24631.0)	(55.0, 35616.0)	(56.0, 50233.0)	(57.0, 68090.5)	(58.0, 89549.5)	(59.0, 112652.5)	(60.0, 134472.5)	(61.0, 155184.0)	(62.0, 174982.5)	(63.0, 192047.5)	(64.0, 205617.0)	(65.0, 216004.5)	(66.0, 223251.0)	(67.0, 228448.5)	(68.0, 231405.0)	(69.0, 229969.0)	(70.0, 221224.5)	(71.0, 205688.5)	(72.0, 186847.0)	(73.0, 163897.0)	(74.0, 138190.5)	(75.0, 112249.0)	(76.0, 86092.0)	(77.0, 62048.5)	(78.0, 41897.0)	(79.0, 25532.0)	(80.0, 13760.5)	(81.0, 6691.5)	(82.0, 2795.5)	(83.0, 1025.5)	(84.0, 386.0)	(85.0, 176.0)	(86.0, 102.0)	(87.0, 72.5)	(88.0, 66.0)	(89.0, 54.0)	(90.0, 43.0)	(91.0, 43.0)	(92.0, 41.5)	(93.0, 38.5)	(94.0, 38.0)	(95.0, 44.0)	(96.0, 50.5)	(97.0, 80.0)	(98.0, 135.0)	(99.0, 314.5)	(100.0, 2032.5)
IDDLNTM18.B_R1	(0.0, 0.0)	(1.0, 0.0)	(2.0, 0.0)	(3.0, 0.0)	(4.0, 0.0)	(5.0, 0.0)	(6.0, 0.0)	(7.0, 0.0)	(8.0, 0.0)	(9.0, 0.0)	(10.0, 0.0)	(11.0, 0.0)	(12.0, 0.0)	(13.0, 0.0)	(14.0, 0.0)	(15.0, 0.0)	(16.0, 0.0)	(17.0, 0.0)	(18.0, 0.0)	(19.0, 0.0)	(20.0, 0.0)	(21.0, 0.0)	(22.0, 0.0)	(23.0, 0.5)	(24.0, 0.5)	(25.0, 0.0)	(26.0, 0.0)	(27.0, 0.0)	(28.0, 0.0)	(29.0, 0.0)	(30.0, 0.5)	(31.0, 0.5)	(32.0, 0.5)	(33.0, 0.5)	(34.0, 3.0)	(35.0, 3.0)	(36.0, 5.5)	(37.0, 17.0)	(38.0, 35.0)	(39.0, 70.0)	(40.0, 109.5)	(41.0, 176.5)	(42.0, 282.0)	(43.0, 458.0)	(44.0, 693.5)	(45.0, 1011.5)	(46.0, 1495.5)	(47.0, 2144.5)	(48.0, 3141.5)	(49.0, 4553.5)	(50.0, 6701.0)	(51.0, 9793.0)	(52.0, 14164.5)	(53.0, 20293.5)	(54.0, 28829.0)	(55.0, 40655.0)	(56.0, 56708.5)	(57.0, 77446.5)	(58.0, 103700.0)	(59.0, 135867.0)	(60.0, 173443.0)	(61.0, 214748.0)	(62.0, 258967.5)	(63.0, 302624.0)	(64.0, 340580.0)	(65.0, 369851.5)	(66.0, 389387.5)	(67.0, 400660.5)	(68.0, 401291.0)	(69.0, 389810.0)	(70.0, 365563.0)	(71.0, 332335.0)	(72.0, 295436.5)	(73.0, 254298.0)	(74.0, 211522.5)	(75.0, 169380.0)	(76.0, 129114.5)	(77.0, 92788.5)	(78.0, 61646.5)	(79.0, 37893.5)	(80.0, 21470.0)	(81.0, 10904.5)	(82.0, 4694.0)	(83.0, 1630.0)	(84.0, 566.5)	(85.0, 196.5)	(86.0, 89.5)	(87.0, 52.0)	(88.0, 42.5)	(89.0, 43.0)	(90.0, 38.0)	(91.0, 32.0)	(92.0, 32.5)	(93.0, 45.0)	(94.0, 70.0)	(95.0, 83.0)	(96.0, 78.0)	(97.0, 78.0)	(98.0, 86.5)	(99.0, 86.5)	(100.0, 50.5)
IDDLNTM18.B_R2	(0.0, 0.0)	(1.0, 0.0)	(2.0, 0.0)	(3.0, 0.0)	(4.0, 0.0)	(5.0, 0.0)	(6.0, 0.0)	(7.0, 0.0)	(8.0, 0.0)	(9.0, 0.0)	(10.0, 0.0)	(11.0, 0.0)	(12.0, 0.0)	(13.0, 0.0)	(14.0, 0.0)	(15.0, 0.5)	(16.0, 0.5)	(17.0, 0.0)	(18.0, 0.0)	(19.0, 0.0)	(20.0, 0.0)	(21.0, 0.0)	(22.0, 0.0)	(23.0, 0.0)	(24.0, 0.0)	(25.0, 0.0)	(26.0, 0.0)	(27.0, 0.0)	(28.0, 0.5)	(29.0, 1.5)	(30.0, 2.0)	(31.0, 3.0)	(32.0, 2.5)	(33.0, 2.5)	(34.0, 4.0)	(35.0, 6.5)	(36.0, 19.0)	(37.0, 43.5)	(38.0, 85.5)	(39.0, 156.0)	(40.0, 246.0)	(41.0, 374.0)	(42.0, 554.0)	(43.0, 796.0)	(44.0, 1173.0)	(45.0, 1717.0)	(46.0, 2476.5)	(47.0, 3485.5)	(48.0, 5259.0)	(49.0, 8081.0)	(50.0, 12235.0)	(51.0, 18990.0)	(52.0, 29016.5)	(53.0, 42957.0)	(54.0, 61811.0)	(55.0, 84960.0)	(56.0, 110680.0)	(57.0, 138206.5)	(58.0, 165271.5)	(59.0, 189956.5)	(60.0, 212018.5)	(61.0, 232120.0)	(62.0, 253211.5)	(63.0, 274268.5)	(64.0, 293799.0)	(65.0, 311102.5)	(66.0, 325349.5)	(67.0, 338942.0)	(68.0, 347426.0)	(69.0, 346155.0)	(70.0, 334460.5)	(71.0, 312103.5)	(72.0, 283056.5)	(73.0, 248254.5)	(74.0, 209158.5)	(75.0, 168736.5)	(76.0, 129642.0)	(77.0, 93647.0)	(78.0, 62497.0)	(79.0, 38719.5)	(80.0, 21782.5)	(81.0, 10838.5)	(82.0, 4713.5)	(83.0, 1809.5)	(84.0, 663.0)	(85.0, 274.0)	(86.0, 155.5)	(87.0, 110.0)	(88.0, 86.5)	(89.0, 80.5)	(90.0, 92.0)	(91.0, 86.5)	(92.0, 72.5)	(93.0, 76.0)	(94.0, 77.5)	(95.0, 78.5)	(96.0, 83.5)	(97.0, 124.0)	(98.0, 201.0)	(99.0, 441.5)	(100.0, 2657.0)
IDDLNTM19.A_R1	(0.0, 1.0)	(1.0, 0.5)	(2.0, 0.0)	(3.0, 0.0)	(4.0, 0.0)	(5.0, 0.0)	(6.0, 0.0)	(7.0, 0.0)	(8.0, 0.0)	(9.0, 0.0)	(10.0, 0.0)	(11.0, 0.0)	(12.0, 0.0)	(13.0, 0.0)	(14.0, 0.0)	(15.0, 0.0)	(16.0, 0.0)	(17.0, 0.0)	(18.0, 0.0)	(19.0, 0.0)	(20.0, 0.0)	(21.0, 0.0)	(22.0, 0.0)	(23.0, 0.0)	(24.0, 0.0)	(25.0, 0.0)	(26.0, 0.0)	(27.0, 0.0)	(28.0, 0.0)	(29.0, 0.0)	(30.0, 0.5)	(31.0, 2.0)	(32.0, 6.5)	(33.0, 13.0)	(34.0, 10.5)	(35.0, 21.5)	(36.0, 37.5)	(37.0, 85.5)	(38.0, 152.5)	(39.0, 229.0)	(40.0, 362.5)	(41.0, 591.0)	(42.0, 987.5)	(43.0, 1585.5)	(44.0, 2364.0)	(45.0, 3317.0)	(46.0, 4833.5)	(47.0, 7095.5)	(48.0, 10250.5)	(49.0, 15126.5)	(50.0, 22397.5)	(51.0, 32645.0)	(52.0, 48177.5)	(53.0, 69912.5)	(54.0, 98975.5)	(55.0, 135912.5)	(56.0, 179485.0)	(57.0, 228293.5)	(58.0, 279691.5)	(59.0, 329774.0)	(60.0, 374158.0)	(61.0, 408620.0)	(62.0, 431616.0)	(63.0, 440476.5)	(64.0, 433326.0)	(65.0, 413363.0)	(66.0, 382690.0)	(67.0, 343814.5)	(68.0, 298987.0)	(69.0, 251285.0)	(70.0, 204658.5)	(71.0, 160592.5)	(72.0, 121423.5)	(73.0, 88235.5)	(74.0, 61198.5)	(75.0, 40640.0)	(76.0, 26239.5)	(77.0, 16725.0)	(78.0, 10114.0)	(79.0, 5948.0)	(80.0, 3486.5)	(81.0, 2053.5)	(82.0, 1196.5)	(83.0, 759.0)	(84.0, 425.5)	(85.0, 200.5)	(86.0, 95.5)	(87.0, 53.5)	(88.0, 33.5)	(89.0, 24.0)	(90.0, 21.0)	(91.0, 18.0)	(92.0, 26.0)	(93.0, 49.5)	(94.0, 85.0)	(95.0, 105.5)	(96.0, 97.5)	(97.0, 78.5)	(98.0, 79.0)	(99.0, 82.0)	(100.0, 43.0)
IDDLNTM19.A_R2	(0.0, 0.0)	(1.0, 0.0)	(2.0, 0.0)	(3.0, 0.0)	(4.0, 0.0)	(5.0, 0.0)	(6.0, 0.5)	(7.0, 0.5)	(8.0, 0.0)	(9.0, 0.0)	(10.0, 0.0)	(11.0, 0.0)	(12.0, 0.0)	(13.0, 0.0)	(14.0, 0.0)	(15.0, 0.0)	(16.0, 0.0)	(17.0, 0.0)	(18.0, 0.0)	(19.0, 0.0)	(20.0, 0.0)	(21.0, 0.0)	(22.0, 0.0)	(23.0, 0.0)	(24.0, 0.0)	(25.0, 0.0)	(26.0, 0.5)	(27.0, 0.5)	(28.0, 0.5)	(29.0, 2.5)	(30.0, 2.5)	(31.0, 5.0)	(32.0, 15.5)	(33.0, 23.0)	(34.0, 23.0)	(35.0, 37.5)	(36.0, 63.5)	(37.0, 134.5)	(38.0, 244.0)	(39.0, 365.5)	(40.0, 546.5)	(41.0, 835.0)	(42.0, 1330.5)	(43.0, 2033.0)	(44.0, 2892.5)	(45.0, 3991.0)	(46.0, 5560.5)	(47.0, 7675.0)	(48.0, 10561.5)	(49.0, 14971.0)	(50.0, 21607.5)	(51.0, 31671.5)	(52.0, 47512.5)	(53.0, 70543.5)	(54.0, 102537.0)	(55.0, 144540.0)	(56.0, 193292.5)	(57.0, 245701.5)	(58.0, 298074.5)	(59.0, 344805.5)	(60.0, 381348.5)	(61.0, 406061.5)	(62.0, 419335.0)	(63.0, 420817.0)	(64.0, 413018.0)	(65.0, 396125.0)	(66.0, 368896.5)	(67.0, 335079.0)	(68.0, 294292.0)	(69.0, 249616.0)	(70.0, 205092.0)	(71.0, 160924.0)	(72.0, 121301.5)	(73.0, 88537.0)	(74.0, 61605.0)	(75.0, 40792.5)	(76.0, 26563.5)	(77.0, 16696.5)	(78.0, 10094.0)	(79.0, 6095.0)	(80.0, 3661.0)	(81.0, 2207.0)	(82.0, 1308.5)	(83.0, 811.5)	(84.0, 493.5)	(85.0, 287.5)	(86.0, 184.0)	(87.0, 130.0)	(88.0, 110.5)	(89.0, 97.5)	(90.0, 94.5)	(91.0, 99.5)	(92.0, 101.5)	(93.0, 95.5)	(94.0, 91.5)	(95.0, 108.0)	(96.0, 135.0)	(97.0, 218.0)	(98.0, 360.0)	(99.0, 860.0)	(100.0, 5381.5)
IDDLNTM19.B_R1	(0.0, 0.0)	(1.0, 0.0)	(2.0, 0.0)	(3.0, 0.0)	(4.0, 0.5)	(5.0, 0.5)	(6.0, 0.0)	(7.0, 0.0)	(8.0, 0.0)	(9.0, 0.0)	(10.0, 0.0)	(11.0, 0.0)	(12.0, 0.0)	(13.0, 0.0)	(14.0, 0.0)	(15.0, 0.0)	(16.0, 0.0)	(17.0, 0.0)	(18.0, 0.0)	(19.0, 0.0)	(20.0, 0.0)	(21.0, 0.0)	(22.0, 0.0)	(23.0, 0.0)	(24.0, 0.0)	(25.0, 0.0)	(26.0, 0.5)	(27.0, 0.5)	(28.0, 0.0)	(29.0, 0.0)	(30.0, 0.0)	(31.0, 0.0)	(32.0, 0.5)	(33.0, 0.5)	(34.0, 3.0)	(35.0, 3.0)	(36.0, 1.5)	(37.0, 6.0)	(38.0, 33.5)	(39.0, 67.5)	(40.0, 95.0)	(41.0, 145.0)	(42.0, 248.5)	(43.0, 450.5)	(44.0, 658.5)	(45.0, 968.5)	(46.0, 1533.5)	(47.0, 2374.5)	(48.0, 3553.0)	(49.0, 5212.0)	(50.0, 7669.0)	(51.0, 11455.0)	(52.0, 17171.0)	(53.0, 25088.5)	(54.0, 36653.5)	(55.0, 52828.5)	(56.0, 73442.0)	(57.0, 100014.5)	(58.0, 131696.5)	(59.0, 168243.0)	(60.0, 209028.0)	(61.0, 251322.5)	(62.0, 292444.0)	(63.0, 327694.0)	(64.0, 354783.0)	(65.0, 371402.5)	(66.0, 379460.5)	(67.0, 382574.5)	(68.0, 378711.0)	(69.0, 367541.0)	(70.0, 348418.0)	(71.0, 324818.5)	(72.0, 299514.0)	(73.0, 267335.0)	(74.0, 230613.0)	(75.0, 194176.5)	(76.0, 158709.0)	(77.0, 124581.0)	(78.0, 93568.5)	(79.0, 67732.0)	(80.0, 46881.5)	(81.0, 30756.0)	(82.0, 19056.0)	(83.0, 11145.0)	(84.0, 6257.0)	(85.0, 3450.0)	(86.0, 1754.5)	(87.0, 837.0)	(88.0, 372.0)	(89.0, 168.5)	(90.0, 92.5)	(91.0, 44.0)	(92.0, 45.5)	(93.0, 58.0)	(94.0, 85.0)	(95.0, 121.5)	(96.0, 114.0)	(97.0, 101.5)	(98.0, 94.0)	(99.0, 84.5)	(100.0, 46.0)
IDDLNTM19.B_R2	(0.0, 0.0)	(1.0, 0.0)	(2.0, 0.0)	(3.0, 0.0)	(4.0, 0.0)	(5.0, 0.0)	(6.0, 0.0)	(7.0, 0.0)	(8.0, 0.0)	(9.0, 0.0)	(10.0, 0.0)	(11.0, 0.0)	(12.0, 0.0)	(13.0, 0.0)	(14.0, 0.0)	(15.0, 0.0)	(16.0, 0.0)	(17.0, 0.0)	(18.0, 0.0)	(19.0, 0.0)	(20.0, 0.0)	(21.0, 0.0)	(22.0, 0.0)	(23.0, 0.0)	(24.0, 0.0)	(25.0, 0.0)	(26.0, 0.0)	(27.0, 0.5)	(28.0, 0.5)	(29.0, 0.0)	(30.0, 0.0)	(31.0, 0.0)	(32.0, 1.0)	(33.0, 4.5)	(34.0, 5.0)	(35.0, 9.0)	(36.0, 22.5)	(37.0, 42.0)	(38.0, 79.5)	(39.0, 138.5)	(40.0, 217.0)	(41.0, 336.0)	(42.0, 547.5)	(43.0, 886.5)	(44.0, 1278.5)	(45.0, 1851.0)	(46.0, 2834.5)	(47.0, 4459.0)	(48.0, 6958.5)	(49.0, 10841.5)	(50.0, 17019.0)	(51.0, 26698.5)	(52.0, 40906.5)	(53.0, 59362.5)	(54.0, 82104.0)	(55.0, 108509.5)	(56.0, 135792.5)	(57.0, 160637.0)	(58.0, 181672.5)	(59.0, 200478.0)	(60.0, 217501.5)	(61.0, 233411.5)	(62.0, 252714.0)	(63.0, 272653.5)	(64.0, 290981.5)	(65.0, 309521.0)	(66.0, 325470.5)	(67.0, 338278.0)	(68.0, 347060.0)	(69.0, 346425.5)	(70.0, 334588.0)	(71.0, 317189.0)	(72.0, 294531.5)	(73.0, 263786.0)	(74.0, 228875.5)	(75.0, 193433.0)	(76.0, 158197.0)	(77.0, 124334.5)	(78.0, 93680.5)	(79.0, 67489.0)	(80.0, 46329.0)	(81.0, 30510.5)	(82.0, 19204.5)	(83.0, 11383.5)	(84.0, 6420.0)	(85.0, 3503.5)	(86.0, 1816.0)	(87.0, 964.0)	(88.0, 495.5)	(89.0, 263.0)	(90.0, 173.0)	(91.0, 158.0)	(92.0, 148.0)	(93.0, 129.5)	(94.0, 139.0)	(95.0, 156.5)	(96.0, 182.5)	(97.0, 261.0)	(98.0, 424.0)	(99.0, 937.0)	(100.0, 4436.5)
IDDLNTM19.C_R1	(0.0, 0.0)	(1.0, 0.0)	(2.0, 0.0)	(3.0, 0.0)	(4.0, 0.0)	(5.0, 0.0)	(6.0, 0.0)	(7.0, 0.0)	(8.0, 0.0)	(9.0, 0.0)	(10.0, 0.0)	(11.0, 0.0)	(12.0, 0.0)	(13.0, 0.0)	(14.0, 0.0)	(15.0, 0.0)	(16.0, 0.0)	(17.0, 0.0)	(18.0, 0.0)	(19.0, 0.0)	(20.0, 0.0)	(21.0, 0.0)	(22.0, 0.0)	(23.0, 0.0)	(24.0, 0.0)	(25.0, 0.0)	(26.0, 0.0)	(27.0, 0.0)	(28.0, 0.0)	(29.0, 0.0)	(30.0, 0.0)	(31.0, 0.5)	(32.0, 1.0)	(33.0, 0.5)	(34.0, 0.5)	(35.0, 2.5)	(36.0, 3.5)	(37.0, 6.0)	(38.0, 22.5)	(39.0, 53.0)	(40.0, 88.0)	(41.0, 135.0)	(42.0, 241.0)	(43.0, 424.5)	(44.0, 628.5)	(45.0, 938.0)	(46.0, 1487.0)	(47.0, 2329.5)	(48.0, 3576.5)	(49.0, 5285.0)	(50.0, 7913.0)	(51.0, 12041.5)	(52.0, 18314.0)	(53.0, 27228.5)	(54.0, 38854.0)	(55.0, 54196.0)	(56.0, 73577.5)	(57.0, 96442.5)	(58.0, 121497.0)	(59.0, 148237.5)	(60.0, 175569.5)	(61.0, 202171.5)	(62.0, 227127.0)	(63.0, 247326.0)	(64.0, 262296.5)	(65.0, 272472.0)	(66.0, 279322.0)	(67.0, 284625.5)	(68.0, 287051.5)	(69.0, 283389.0)	(70.0, 272081.0)	(71.0, 256480.0)	(72.0, 237386.0)	(73.0, 212682.5)	(74.0, 184189.5)	(75.0, 154836.5)	(76.0, 126428.0)	(77.0, 99436.5)	(78.0, 74560.5)	(79.0, 53484.0)	(80.0, 36831.0)	(81.0, 24375.0)	(82.0, 15274.5)	(83.0, 8819.5)	(84.0, 4875.5)	(85.0, 2696.5)	(86.0, 1370.5)	(87.0, 679.5)	(88.0, 322.5)	(89.0, 137.5)	(90.0, 71.0)	(91.0, 47.0)	(92.0, 38.0)	(93.0, 48.0)	(94.0, 60.0)	(95.0, 75.0)	(96.0, 75.0)	(97.0, 70.5)	(98.0, 75.5)	(99.0, 66.0)	(100.0, 33.0)
IDDLNTM19.C_R2	(0.0, 0.0)	(1.0, 0.0)	(2.0, 0.0)	(3.0, 0.0)	(4.0, 0.0)	(5.0, 0.0)	(6.0, 0.0)	(7.0, 0.0)	(8.0, 0.0)	(9.0, 0.0)	(10.0, 0.0)	(11.0, 0.0)	(12.0, 0.0)	(13.0, 0.0)	(14.0, 0.0)	(15.0, 0.0)	(16.0, 0.0)	(17.0, 0.0)	(18.0, 0.0)	(19.0, 0.0)	(20.0, 0.0)	(21.0, 0.0)	(22.0, 0.5)	(23.0, 0.5)	(24.0, 0.0)	(25.0, 0.0)	(26.0, 0.0)	(27.0, 0.0)	(28.0, 0.0)	(29.0, 0.5)	(30.0, 0.5)	(31.0, 1.5)	(32.0, 4.0)	(33.0, 3.5)	(34.0, 4.5)	(35.0, 8.0)	(36.0, 10.5)	(37.0, 23.0)	(38.0, 50.5)	(39.0, 97.5)	(40.0, 149.5)	(41.0, 234.5)	(42.0, 382.5)	(43.0, 604.5)	(44.0, 868.5)	(45.0, 1183.5)	(46.0, 1755.0)	(47.0, 2570.5)	(48.0, 3769.0)	(49.0, 5525.0)	(50.0, 8206.5)	(51.0, 12394.5)	(52.0, 18676.0)	(53.0, 28111.0)	(54.0, 41576.5)	(55.0, 59683.5)	(56.0, 81744.5)	(57.0, 106375.5)	(58.0, 131411.0)	(59.0, 156383.5)	(60.0, 180219.5)	(61.0, 200836.5)	(62.0, 220001.0)	(63.0, 236267.5)	(64.0, 249792.5)	(65.0, 261460.5)	(66.0, 271542.0)	(67.0, 280262.5)	(68.0, 283977.5)	(69.0, 280809.0)	(70.0, 270902.5)	(71.0, 255743.0)	(72.0, 236593.5)	(73.0, 212004.5)	(74.0, 183811.0)	(75.0, 154727.0)	(76.0, 126183.5)	(77.0, 99350.5)	(78.0, 74851.0)	(79.0, 53941.5)	(80.0, 37032.0)	(81.0, 24455.5)	(82.0, 15257.5)	(83.0, 8928.5)	(84.0, 5033.0)	(85.0, 2787.5)	(86.0, 1464.0)	(87.0, 759.5)	(88.0, 387.5)	(89.0, 211.5)	(90.0, 152.0)	(91.0, 113.5)	(92.0, 101.5)	(93.0, 97.5)	(94.0, 101.5)	(95.0, 125.5)	(96.0, 147.5)	(97.0, 212.0)	(98.0, 370.5)	(99.0, 801.5)	(100.0, 4711.5)
IDDLNTM1_R1	(0.0, 0.0)	(1.0, 0.0)	(2.0, 0.0)	(3.0, 0.0)	(4.0, 0.0)	(5.0, 0.0)	(6.0, 0.0)	(7.0, 0.0)	(8.0, 0.0)	(9.0, 0.0)	(10.0, 0.0)	(11.0, 0.0)	(12.0, 0.0)	(13.0, 0.0)	(14.0, 0.0)	(15.0, 0.0)	(16.0, 0.0)	(17.0, 0.0)	(18.0, 0.0)	(19.0, 0.0)	(20.0, 0.0)	(21.0, 0.0)	(22.0, 0.0)	(23.0, 0.0)	(24.0, 0.0)	(25.0, 0.0)	(26.0, 0.0)	(27.0, 0.0)	(28.0, 0.0)	(29.0, 0.0)	(30.0, 0.0)	(31.0, 0.0)	(32.0, 0.5)	(33.0, 0.5)	(34.0, 0.0)	(35.0, 0.5)	(36.0, 2.0)	(37.0, 11.0)	(38.0, 32.5)	(39.0, 56.5)	(40.0, 100.5)	(41.0, 162.5)	(42.0, 240.0)	(43.0, 390.5)	(44.0, 572.5)	(45.0, 776.5)	(46.0, 1218.5)	(47.0, 1973.0)	(48.0, 2948.5)	(49.0, 4221.5)	(50.0, 6280.5)	(51.0, 9357.5)	(52.0, 13907.5)	(53.0, 20327.0)	(54.0, 29089.0)	(55.0, 41019.0)	(56.0, 56451.0)	(57.0, 75769.0)	(58.0, 98737.5)	(59.0, 124188.5)	(60.0, 150625.0)	(61.0, 176905.0)	(62.0, 201682.0)	(63.0, 220474.5)	(64.0, 232015.0)	(65.0, 235062.5)	(66.0, 230434.5)	(67.0, 220091.0)	(68.0, 204379.0)	(69.0, 184873.0)	(70.0, 160362.5)	(71.0, 132661.5)	(72.0, 104686.5)	(73.0, 77549.5)	(74.0, 52772.5)	(75.0, 32450.5)	(76.0, 17434.0)	(77.0, 7807.5)	(78.0, 2956.0)	(79.0, 1168.0)	(80.0, 444.0)	(81.0, 104.5)	(82.0, 45.0)	(83.0, 27.0)	(84.0, 18.5)	(85.0, 12.5)	(86.0, 13.0)	(87.0, 11.5)	(88.0, 9.5)	(89.0, 10.5)	(90.0, 8.0)	(91.0, 5.5)	(92.0, 6.5)	(93.0, 10.5)	(94.0, 14.5)	(95.0, 17.0)	(96.0, 19.0)	(97.0, 20.0)	(98.0, 32.0)	(99.0, 44.5)	(100.0, 28.5)
IDDLNTM1_R2	(0.0, 0.0)	(1.0, 0.0)	(2.0, 0.0)	(3.0, 0.0)	(4.0, 0.5)	(5.0, 0.5)	(6.0, 0.0)	(7.0, 0.0)	(8.0, 0.0)	(9.0, 0.0)	(10.0, 0.0)	(11.0, 0.0)	(12.0, 0.0)	(13.0, 0.0)	(14.0, 0.0)	(15.0, 0.0)	(16.0, 0.0)	(17.0, 0.5)	(18.0, 0.5)	(19.0, 0.0)	(20.0, 0.0)	(21.0, 0.0)	(22.0, 0.0)	(23.0, 0.0)	(24.0, 0.0)	(25.0, 0.0)	(26.0, 0.0)	(27.0, 0.5)	(28.0, 1.0)	(29.0, 1.5)	(30.0, 2.0)	(31.0, 1.0)	(32.0, 1.5)	(33.0, 2.5)	(34.0, 5.0)	(35.0, 8.0)	(36.0, 12.0)	(37.0, 34.5)	(38.0, 62.0)	(39.0, 119.5)	(40.0, 215.5)	(41.0, 298.0)	(42.0, 431.5)	(43.0, 684.5)	(44.0, 1009.0)	(45.0, 1464.0)	(46.0, 2272.5)	(47.0, 3572.0)	(48.0, 5570.0)	(49.0, 8622.5)	(50.0, 13386.0)	(51.0, 20990.0)	(52.0, 31953.0)	(53.0, 45889.0)	(54.0, 62497.0)	(55.0, 81355.5)	(56.0, 100595.5)	(57.0, 117916.5)	(58.0, 131775.0)	(59.0, 142815.0)	(60.0, 152247.0)	(61.0, 161488.5)	(62.0, 171818.5)	(63.0, 180853.0)	(64.0, 187410.5)	(65.0, 191304.0)	(66.0, 192748.0)	(67.0, 190287.5)	(68.0, 182697.0)	(69.0, 170382.0)	(70.0, 152347.0)	(71.0, 129028.5)	(72.0, 102975.5)	(73.0, 77014.0)	(74.0, 53475.0)	(75.0, 33514.0)	(76.0, 17865.0)	(77.0, 7854.5)	(78.0, 2814.5)	(79.0, 893.0)	(80.0, 279.0)	(81.0, 96.5)	(82.0, 49.5)	(83.0, 40.5)	(84.0, 26.5)	(85.0, 22.5)	(86.0, 21.5)	(87.0, 15.5)	(88.0, 11.5)	(89.0, 13.5)	(90.0, 11.0)	(91.0, 13.5)	(92.0, 16.0)	(93.0, 13.0)	(94.0, 12.0)	(95.0, 8.0)	(96.0, 10.5)	(97.0, 17.5)	(98.0, 26.0)	(99.0, 85.0)	(100.0, 915.0)
IDDLNTM2.A_R1	(0.0, 0.0)	(1.0, 0.0)	(2.0, 0.0)	(3.0, 0.0)	(4.0, 0.0)	(5.0, 0.0)	(6.0, 0.0)	(7.0, 0.0)	(8.0, 0.0)	(9.0, 0.0)	(10.0, 0.0)	(11.0, 0.0)	(12.0, 0.0)	(13.0, 0.0)	(14.0, 0.5)	(15.0, 0.5)	(16.0, 0.0)	(17.0, 0.0)	(18.0, 0.0)	(19.0, 0.0)	(20.0, 0.0)	(21.0, 0.0)	(22.0, 0.0)	(23.0, 0.0)	(24.0, 0.0)	(25.0, 0.0)	(26.0, 0.0)	(27.0, 0.0)	(28.0, 0.0)	(29.0, 0.0)	(30.0, 0.0)	(31.0, 0.0)	(32.0, 0.0)	(33.0, 0.0)	(34.0, 4.5)	(35.0, 4.5)	(36.0, 2.0)	(37.0, 6.0)	(38.0, 15.0)	(39.0, 25.5)	(40.0, 49.0)	(41.0, 76.0)	(42.0, 119.5)	(43.0, 192.0)	(44.0, 251.5)	(45.0, 343.0)	(46.0, 564.5)	(47.0, 886.5)	(48.0, 1331.0)	(49.0, 1988.0)	(50.0, 3026.5)	(51.0, 4513.5)	(52.0, 6603.5)	(53.0, 9770.5)	(54.0, 14233.5)	(55.0, 20424.5)	(56.0, 29172.5)	(57.0, 40576.5)	(58.0, 54228.0)	(59.0, 70706.5)	(60.0, 89523.0)	(61.0, 109023.5)	(62.0, 128351.0)	(63.0, 145734.5)	(64.0, 159686.5)	(65.0, 168066.0)	(66.0, 169908.0)	(67.0, 165788.0)	(68.0, 156765.0)	(69.0, 143398.5)	(70.0, 125287.0)	(71.0, 104392.0)	(72.0, 83412.5)	(73.0, 63212.5)	(74.0, 44345.0)	(75.0, 27913.5)	(76.0, 15267.0)	(77.0, 7456.5)	(78.0, 3298.5)	(79.0, 1383.0)	(80.0, 783.5)	(81.0, 731.0)	(82.0, 429.0)	(83.0, 67.5)	(84.0, 30.5)	(85.0, 17.0)	(86.0, 13.0)	(87.0, 8.0)	(88.0, 8.0)	(89.0, 7.0)	(90.0, 5.5)	(91.0, 3.5)	(92.0, 4.0)	(93.0, 6.0)	(94.0, 8.5)	(95.0, 9.0)	(96.0, 10.5)	(97.0, 18.5)	(98.0, 29.0)	(99.0, 30.0)	(100.0, 16.0)
IDDLNTM2.A_R2	(0.0, 0.0)	(1.0, 0.0)	(2.0, 0.0)	(3.0, 0.0)	(4.0, 0.0)	(5.0, 0.0)	(6.0, 0.0)	(7.0, 0.0)	(8.0, 0.0)	(9.0, 0.5)	(10.0, 0.5)	(11.0, 0.0)	(12.0, 0.0)	(13.0, 0.0)	(14.0, 0.0)	(15.0, 0.0)	(16.0, 0.0)	(17.0, 0.0)	(18.0, 0.0)	(19.0, 0.0)	(20.0, 0.0)	(21.0, 0.0)	(22.0, 0.0)	(23.0, 0.0)	(24.0, 0.0)	(25.0, 0.0)	(26.0, 0.0)	(27.0, 0.0)	(28.0, 0.0)	(29.0, 0.5)	(30.0, 0.5)	(31.0, 1.0)	(32.0, 2.0)	(33.0, 2.0)	(34.0, 3.5)	(35.0, 7.0)	(36.0, 13.0)	(37.0, 24.5)	(38.0, 39.0)	(39.0, 55.5)	(40.0, 86.0)	(41.0, 151.5)	(42.0, 218.0)	(43.0, 322.0)	(44.0, 465.5)	(45.0, 616.5)	(46.0, 920.0)	(47.0, 1377.0)	(48.0, 1994.0)	(49.0, 2920.0)	(50.0, 4394.5)	(51.0, 6625.5)	(52.0, 10169.0)	(53.0, 15762.5)	(54.0, 23877.5)	(55.0, 35403.5)	(56.0, 50460.5)	(57.0, 68317.5)	(58.0, 86693.5)	(59.0, 104343.5)	(60.0, 119753.0)	(61.0, 130019.5)	(62.0, 136272.0)	(63.0, 139725.5)	(64.0, 140060.5)	(65.0, 137872.0)	(66.0, 134748.0)	(67.0, 131052.0)	(68.0, 125673.0)	(69.0, 118612.5)	(70.0, 108002.5)	(71.0, 93922.5)	(72.0, 78433.5)	(73.0, 61142.0)	(74.0, 43607.5)	(75.0, 27910.0)	(76.0, 15664.5)	(77.0, 7692.5)	(78.0, 3261.5)	(79.0, 1265.5)	(80.0, 450.5)	(81.0, 168.0)	(82.0, 78.5)	(83.0, 46.5)	(84.0, 31.0)	(85.0, 22.0)	(86.0, 19.5)	(87.0, 16.5)	(88.0, 13.5)	(89.0, 14.5)	(90.0, 12.0)	(91.0, 8.0)	(92.0, 7.0)	(93.0, 12.0)	(94.0, 13.0)	(95.0, 10.0)	(96.0, 11.5)	(97.0, 20.5)	(98.0, 34.5)	(99.0, 101.0)	(100.0, 1298.5)
IDDLNTM2.B_R1	(0.0, 0.0)	(1.0, 0.0)	(2.0, 0.0)	(3.0, 0.0)	(4.0, 0.0)	(5.0, 0.0)	(6.0, 0.0)	(7.0, 0.0)	(8.0, 0.0)	(9.0, 0.0)	(10.0, 0.0)	(11.0, 0.0)	(12.0, 0.0)	(13.0, 0.0)	(14.0, 0.0)	(15.0, 0.0)	(16.0, 0.0)	(17.0, 0.0)	(18.0, 0.0)	(19.0, 0.0)	(20.0, 0.0)	(21.0, 0.0)	(22.0, 0.0)	(23.0, 0.0)	(24.0, 0.0)	(25.0, 0.0)	(26.0, 0.0)	(27.0, 0.0)	(28.0, 0.0)	(29.0, 0.0)	(30.0, 0.0)	(31.0, 0.5)	(32.0, 0.5)	(33.0, 0.5)	(34.0, 2.0)	(35.0, 2.0)	(36.0, 1.5)	(37.0, 11.0)	(38.0, 25.0)	(39.0, 40.5)	(40.0, 51.0)	(41.0, 67.0)	(42.0, 130.5)	(43.0, 216.5)	(44.0, 317.5)	(45.0, 433.0)	(46.0, 655.5)	(47.0, 963.5)	(48.0, 1473.0)	(49.0, 2242.0)	(50.0, 3287.0)	(51.0, 4907.0)	(52.0, 7284.0)	(53.0, 10672.5)	(54.0, 15310.0)	(55.0, 22020.0)	(56.0, 31549.0)	(57.0, 43544.0)	(58.0, 58089.5)	(59.0, 75978.0)	(60.0, 96902.0)	(61.0, 118567.5)	(62.0, 140424.5)	(63.0, 160161.5)	(64.0, 174938.0)	(65.0, 183835.5)	(66.0, 186233.5)	(67.0, 181764.0)	(68.0, 171865.0)	(69.0, 159340.5)	(70.0, 143201.0)	(71.0, 124986.0)	(72.0, 107100.5)	(73.0, 89516.0)	(74.0, 72709.5)	(75.0, 56175.0)	(76.0, 40456.0)	(77.0, 26971.0)	(78.0, 16067.0)	(79.0, 8409.0)	(80.0, 3937.0)	(81.0, 1697.0)	(82.0, 641.0)	(83.0, 177.0)	(84.0, 66.5)	(85.0, 35.5)	(86.0, 23.5)	(87.0, 12.0)	(88.0, 10.0)	(89.0, 8.5)	(90.0, 5.0)	(91.0, 5.5)	(92.0, 8.0)	(93.0, 12.5)	(94.0, 13.0)	(95.0, 11.0)	(96.0, 12.5)	(97.0, 23.0)	(98.0, 37.0)	(99.0, 35.0)	(100.0, 17.5)
IDDLNTM2.B_R2	(0.0, 0.0)	(1.0, 0.0)	(2.0, 0.0)	(3.0, 0.0)	(4.0, 0.0)	(5.0, 0.0)	(6.0, 0.0)	(7.0, 0.0)	(8.0, 0.0)	(9.0, 0.0)	(10.0, 0.0)	(11.0, 0.0)	(12.0, 0.0)	(13.0, 0.0)	(14.0, 0.0)	(15.0, 0.0)	(16.0, 0.0)	(17.0, 0.0)	(18.0, 0.0)	(19.0, 0.0)	(20.0, 0.0)	(21.0, 0.0)	(22.0, 0.0)	(23.0, 0.0)	(24.0, 0.0)	(25.0, 0.0)	(26.0, 0.0)	(27.0, 0.0)	(28.0, 0.0)	(29.0, 0.0)	(30.0, 1.0)	(31.0, 1.5)	(32.0, 0.5)	(33.0, 1.0)	(34.0, 2.5)	(35.0, 5.0)	(36.0, 11.0)	(37.0, 22.0)	(38.0, 41.5)	(39.0, 80.0)	(40.0, 119.5)	(41.0, 167.0)	(42.0, 264.5)	(43.0, 426.5)	(44.0, 628.0)	(45.0, 870.5)	(46.0, 1315.5)	(47.0, 2019.0)	(48.0, 3040.5)	(49.0, 4677.5)	(50.0, 7556.0)	(51.0, 12164.0)	(52.0, 18813.0)	(53.0, 28317.0)	(54.0, 40903.0)	(55.0, 56416.5)	(56.0, 73893.0)	(57.0, 90209.0)	(58.0, 104091.0)	(59.0, 115250.5)	(60.0, 123418.5)	(61.0, 128303.5)	(62.0, 131426.5)	(63.0, 133784.5)	(64.0, 135590.0)	(65.0, 137021.0)	(66.0, 137555.0)	(67.0, 137131.5)	(68.0, 135103.5)	(69.0, 131553.5)	(70.0, 124485.0)	(71.0, 113642.0)	(72.0, 101111.5)	(73.0, 86736.5)	(74.0, 71208.5)	(75.0, 55363.0)	(76.0, 40282.0)	(77.0, 27239.5)	(78.0, 16320.5)	(79.0, 8531.0)	(80.0, 3861.0)	(81.0, 1538.0)	(82.0, 564.0)	(83.0, 184.0)	(84.0, 76.5)	(85.0, 43.5)	(86.0, 27.0)	(87.0, 20.5)	(88.0, 23.5)	(89.0, 21.5)	(90.0, 11.5)	(91.0, 11.0)	(92.0, 12.5)	(93.0, 12.5)	(94.0, 11.5)	(95.0, 9.0)	(96.0, 13.0)	(97.0, 24.5)	(98.0, 37.5)	(99.0, 108.5)	(100.0, 1024.5)
IDDLNTM2.C_R1	(0.0, 0.0)	(1.0, 0.0)	(2.0, 0.0)	(3.0, 0.0)	(4.0, 0.5)	(5.0, 0.5)	(6.0, 0.0)	(7.0, 0.0)	(8.0, 0.0)	(9.0, 0.0)	(10.0, 0.0)	(11.0, 0.0)	(12.0, 0.0)	(13.0, 0.0)	(14.0, 0.5)	(15.0, 0.5)	(16.0, 0.0)	(17.0, 0.0)	(18.0, 0.0)	(19.0, 0.0)	(20.0, 0.0)	(21.0, 0.0)	(22.0, 0.0)	(23.0, 0.0)	(24.0, 0.0)	(25.0, 0.0)	(26.0, 0.0)	(27.0, 0.0)	(28.0, 0.0)	(29.0, 0.0)	(30.0, 0.5)	(31.0, 3.0)	(32.0, 2.5)	(33.0, 0.0)	(34.0, 6.0)	(35.0, 10.5)	(36.0, 16.5)	(37.0, 21.0)	(38.0, 33.5)	(39.0, 71.0)	(40.0, 94.5)	(41.0, 146.0)	(42.0, 265.5)	(43.0, 393.0)	(44.0, 553.0)	(45.0, 762.5)	(46.0, 1088.5)	(47.0, 1651.0)	(48.0, 2422.0)	(49.0, 3624.5)	(50.0, 5494.5)	(51.0, 7947.0)	(52.0, 11656.0)	(53.0, 17006.5)	(54.0, 24953.0)	(55.0, 36588.0)	(56.0, 52222.0)	(57.0, 71859.0)	(58.0, 94733.0)	(59.0, 120033.0)	(60.0, 147654.5)	(61.0, 175567.5)	(62.0, 200153.5)	(63.0, 220135.5)	(64.0, 234711.5)	(65.0, 243405.5)	(66.0, 247804.0)	(67.0, 247486.0)	(68.0, 242062.0)	(69.0, 230424.5)	(70.0, 212094.5)	(71.0, 189737.0)	(72.0, 163921.5)	(73.0, 135766.0)	(74.0, 107304.5)	(75.0, 81275.5)	(76.0, 58236.5)	(77.0, 38974.5)	(78.0, 24701.5)	(79.0, 14416.0)	(80.0, 7657.5)	(81.0, 3758.5)	(82.0, 1738.0)	(83.0, 729.0)	(84.0, 296.5)	(85.0, 113.5)	(86.0, 45.0)	(87.0, 26.0)	(88.0, 18.0)	(89.0, 16.0)	(90.0, 12.5)	(91.0, 10.5)	(92.0, 14.0)	(93.0, 22.5)	(94.0, 34.0)	(95.0, 44.5)	(96.0, 44.0)	(97.0, 43.5)	(98.0, 47.0)	(99.0, 47.0)	(100.0, 27.5)
IDDLNTM2.C_R2	(0.0, 0.0)	(1.0, 0.0)	(2.0, 0.0)	(3.0, 0.0)	(4.0, 0.5)	(5.0, 0.5)	(6.0, 0.0)	(7.0, 0.0)	(8.0, 0.0)	(9.0, 0.0)	(10.0, 0.0)	(11.0, 0.0)	(12.0, 0.0)	(13.0, 0.0)	(14.0, 0.0)	(15.0, 0.0)	(16.0, 0.0)	(17.0, 0.0)	(18.0, 0.0)	(19.0, 0.0)	(20.0, 0.0)	(21.0, 0.0)	(22.0, 0.0)	(23.0, 0.0)	(24.0, 0.0)	(25.0, 0.0)	(26.0, 0.0)	(27.0, 0.0)	(28.0, 0.0)	(29.0, 1.5)	(30.0, 1.5)	(31.0, 1.0)	(32.0, 1.5)	(33.0, 1.0)	(34.0, 2.5)	(35.0, 12.5)	(36.0, 30.5)	(37.0, 36.0)	(38.0, 52.0)	(39.0, 127.0)	(40.0, 186.0)	(41.0, 251.0)	(42.0, 420.0)	(43.0, 639.0)	(44.0, 860.0)	(45.0, 1216.0)	(46.0, 1872.5)	(47.0, 2826.5)	(48.0, 4215.5)	(49.0, 6687.0)	(50.0, 10808.0)	(51.0, 17075.0)	(52.0, 26186.5)	(53.0, 38730.0)	(54.0, 54497.0)	(55.0, 72179.5)	(56.0, 89837.0)	(57.0, 105409.0)	(58.0, 117813.5)	(59.0, 127595.5)	(60.0, 138196.5)	(61.0, 150954.0)	(62.0, 165714.5)	(63.0, 182127.5)	(64.0, 198171.0)	(65.0, 212938.5)	(66.0, 225418.0)	(67.0, 231888.0)	(68.0, 231774.0)	(69.0, 224729.0)	(70.0, 208969.0)	(71.0, 187791.5)	(72.0, 163319.0)	(73.0, 135819.5)	(74.0, 107306.5)	(75.0, 81263.0)	(76.0, 58659.5)	(77.0, 39782.5)	(78.0, 25212.0)	(79.0, 14693.5)	(80.0, 7904.5)	(81.0, 3915.0)	(82.0, 1823.5)	(83.0, 810.5)	(84.0, 352.5)	(85.0, 151.5)	(86.0, 78.5)	(87.0, 63.0)	(88.0, 51.0)	(89.0, 45.5)	(90.0, 50.0)	(91.0, 46.5)	(92.0, 42.5)	(93.0, 40.5)	(94.0, 39.0)	(95.0, 46.5)	(96.0, 61.5)	(97.0, 97.5)	(98.0, 159.0)	(99.0, 334.5)	(100.0, 2033.5)
IDDLNTM20_R1	(0.0, 0.0)	(1.0, 0.0)	(2.0, 0.5)	(3.0, 0.5)	(4.0, 0.0)	(5.0, 0.0)	(6.0, 0.0)	(7.0, 0.0)	(8.0, 0.0)	(9.0, 0.0)	(10.0, 0.0)	(11.0, 0.0)	(12.0, 0.0)	(13.0, 0.0)	(14.0, 0.0)	(15.0, 0.0)	(16.0, 0.0)	(17.0, 0.0)	(18.0, 0.5)	(19.0, 0.5)	(20.0, 0.0)	(21.0, 0.0)	(22.0, 0.0)	(23.0, 0.0)	(24.0, 0.0)	(25.0, 0.5)	(26.0, 0.5)	(27.0, 0.0)	(28.0, 0.0)	(29.0, 0.0)	(30.0, 0.0)	(31.0, 0.0)	(32.0, 0.5)	(33.0, 0.5)	(34.0, 1.0)	(35.0, 1.5)	(36.0, 1.5)	(37.0, 5.0)	(38.0, 23.5)	(39.0, 52.0)	(40.0, 91.0)	(41.0, 138.0)	(42.0, 237.5)	(43.0, 442.0)	(44.0, 640.0)	(45.0, 902.5)	(46.0, 1399.5)	(47.0, 2193.5)	(48.0, 3278.5)	(49.0, 4770.5)	(50.0, 6830.0)	(51.0, 9929.5)	(52.0, 14793.0)	(53.0, 21527.5)	(54.0, 30950.5)	(55.0, 44115.0)	(56.0, 61205.0)	(57.0, 83203.5)	(58.0, 110802.0)	(59.0, 144831.5)	(60.0, 184182.5)	(61.0, 227736.5)	(62.0, 275338.0)	(63.0, 320654.0)	(64.0, 359354.5)	(65.0, 389311.5)	(66.0, 409277.5)	(67.0, 419016.0)	(68.0, 417641.5)	(69.0, 403721.0)	(70.0, 377963.5)	(71.0, 346729.0)	(72.0, 313723.5)	(73.0, 276403.5)	(74.0, 236729.0)	(75.0, 198476.0)	(76.0, 161750.5)	(77.0, 127418.5)	(78.0, 95952.0)	(79.0, 69286.0)	(80.0, 48146.0)	(81.0, 31964.5)	(82.0, 20015.5)	(83.0, 11682.0)	(84.0, 6491.0)	(85.0, 3518.0)	(86.0, 1843.5)	(87.0, 930.5)	(88.0, 423.5)	(89.0, 189.0)	(90.0, 96.5)	(91.0, 62.5)	(92.0, 62.0)	(93.0, 58.0)	(94.0, 79.5)	(95.0, 116.0)	(96.0, 123.0)	(97.0, 106.0)	(98.0, 86.0)	(99.0, 92.5)	(100.0, 62.5)
IDDLNTM20_R2	(0.0, 0.0)	(1.0, 0.0)	(2.0, 0.0)	(3.0, 0.0)	(4.0, 0.0)	(5.0, 0.0)	(6.0, 0.5)	(7.0, 0.5)	(8.0, 0.0)	(9.0, 0.0)	(10.0, 0.0)	(11.0, 0.0)	(12.0, 0.0)	(13.0, 0.0)	(14.0, 0.0)	(15.0, 0.0)	(16.0, 0.0)	(17.0, 0.0)	(18.0, 0.0)	(19.0, 0.0)	(20.0, 0.0)	(21.0, 0.0)	(22.0, 0.0)	(23.0, 0.5)	(24.0, 0.5)	(25.0, 0.5)	(26.0, 0.5)	(27.0, 0.0)	(28.0, 0.0)	(29.0, 0.5)	(30.0, 1.0)	(31.0, 1.0)	(32.0, 2.5)	(33.0, 5.0)	(34.0, 7.5)	(35.0, 8.5)	(36.0, 13.0)	(37.0, 33.5)	(38.0, 74.5)	(39.0, 119.5)	(40.0, 190.5)	(41.0, 297.5)	(42.0, 473.5)	(43.0, 769.0)	(44.0, 1126.5)	(45.0, 1610.5)	(46.0, 2419.5)	(47.0, 3603.5)	(48.0, 5514.0)	(49.0, 8483.0)	(50.0, 12777.0)	(51.0, 19678.0)	(52.0, 30870.0)	(53.0, 46621.0)	(54.0, 67183.5)	(55.0, 93486.0)	(56.0, 123283.0)	(57.0, 153251.5)	(58.0, 181495.5)	(59.0, 207890.5)	(60.0, 230736.5)	(61.0, 250264.5)	(62.0, 270916.5)	(63.0, 289823.0)	(64.0, 306875.0)	(65.0, 323649.0)	(66.0, 337387.0)	(67.0, 348031.5)	(68.0, 354740.5)	(69.0, 352680.5)	(70.0, 340221.0)	(71.0, 322317.0)	(72.0, 299191.5)	(73.0, 268564.5)	(74.0, 233408.5)	(75.0, 196865.0)	(76.0, 161355.5)	(77.0, 127311.0)	(78.0, 96109.5)	(79.0, 69580.0)	(80.0, 47815.0)	(81.0, 31625.0)	(82.0, 19995.5)	(83.0, 11851.0)	(84.0, 6672.5)	(85.0, 3714.0)	(86.0, 1936.5)	(87.0, 1013.5)	(88.0, 550.0)	(89.0, 310.0)	(90.0, 203.5)	(91.0, 175.5)	(92.0, 164.0)	(93.0, 150.5)	(94.0, 150.0)	(95.0, 162.5)	(96.0, 211.0)	(97.0, 309.0)	(98.0, 490.5)	(99.0, 1034.5)	(100.0, 5033.5)
IDDLNTM21.A_R1	(0.0, 0.0)	(1.0, 0.0)	(2.0, 0.0)	(3.0, 0.0)	(4.0, 0.0)	(5.0, 0.0)	(6.0, 0.0)	(7.0, 0.0)	(8.0, 0.0)	(9.0, 0.0)	(10.0, 0.0)	(11.0, 0.0)	(12.0, 0.0)	(13.0, 0.0)	(14.0, 0.0)	(15.0, 0.0)	(16.0, 0.0)	(17.0, 0.0)	(18.0, 0.0)	(19.0, 0.0)	(20.0, 0.0)	(21.0, 0.0)	(22.0, 0.0)	(23.0, 0.0)	(24.0, 0.0)	(25.0, 0.5)	(26.0, 0.5)	(27.0, 0.0)	(28.0, 0.0)	(29.0, 0.0)	(30.0, 0.5)	(31.0, 1.5)	(32.0, 7.0)	(33.0, 13.5)	(34.0, 16.0)	(35.0, 28.0)	(36.0, 42.5)	(37.0, 87.0)	(38.0, 142.0)	(39.0, 208.5)	(40.0, 344.0)	(41.0, 547.5)	(42.0, 920.0)	(43.0, 1544.0)	(44.0, 2262.0)	(45.0, 3170.5)	(46.0, 4562.5)	(47.0, 6729.5)	(48.0, 9841.5)	(49.0, 14412.5)	(50.0, 21028.0)	(51.0, 30987.5)	(52.0, 46024.0)	(53.0, 67035.5)	(54.0, 94429.0)	(55.0, 129784.0)	(56.0, 171884.5)	(57.0, 218358.5)	(58.0, 268457.5)	(59.0, 317186.5)	(60.0, 360382.0)	(61.0, 395056.0)	(62.0, 417319.0)	(63.0, 425318.5)	(64.0, 418760.5)	(65.0, 399484.0)	(66.0, 369246.0)	(67.0, 331649.0)	(68.0, 288569.0)	(69.0, 242368.5)	(70.0, 197476.0)	(71.0, 154597.5)	(72.0, 117028.5)	(73.0, 85378.0)	(74.0, 58890.5)	(75.0, 38833.5)	(76.0, 25158.0)	(77.0, 16087.5)	(78.0, 9784.0)	(79.0, 5807.5)	(80.0, 3352.5)	(81.0, 1961.5)	(82.0, 1150.0)	(83.0, 740.0)	(84.0, 438.0)	(85.0, 216.0)	(86.0, 123.0)	(87.0, 64.0)	(88.0, 30.0)	(89.0, 23.5)	(90.0, 22.5)	(91.0, 23.0)	(92.0, 29.0)	(93.0, 54.0)	(94.0, 93.5)	(95.0, 122.0)	(96.0, 111.5)	(97.0, 89.0)	(98.0, 89.0)	(99.0, 77.5)	(100.0, 43.5)
IDDLNTM21.A_R2	(0.0, 0.0)	(1.0, 0.0)	(2.0, 0.0)	(3.0, 0.5)	(4.0, 0.5)	(5.0, 0.0)	(6.0, 0.0)	(7.0, 0.0)	(8.0, 0.0)	(9.0, 0.0)	(10.0, 0.0)	(11.0, 0.0)	(12.0, 0.0)	(13.0, 0.0)	(14.0, 0.0)	(15.0, 0.0)	(16.0, 0.0)	(17.0, 0.0)	(18.0, 0.0)	(19.0, 0.0)	(20.0, 0.0)	(21.0, 0.5)	(22.0, 0.5)	(23.0, 0.0)	(24.0, 0.0)	(25.0, 0.5)	(26.0, 0.5)	(27.0, 0.5)	(28.0, 0.5)	(29.0, 1.0)	(30.0, 2.0)	(31.0, 4.0)	(32.0, 13.5)	(33.0, 22.0)	(34.0, 30.0)	(35.0, 44.0)	(36.0, 79.0)	(37.0, 145.0)	(38.0, 220.5)	(39.0, 366.0)	(40.0, 593.0)	(41.0, 911.0)	(42.0, 1445.0)	(43.0, 2257.5)	(44.0, 3313.0)	(45.0, 4799.5)	(46.0, 7013.0)	(47.0, 10389.5)	(48.0, 16088.0)	(49.0, 25060.5)	(50.0, 38353.0)	(51.0, 57943.0)	(52.0, 84569.5)	(53.0, 116563.0)	(54.0, 151652.5)	(55.0, 187673.5)	(56.0, 220946.5)	(57.0, 249708.5)	(58.0, 275190.5)	(59.0, 298684.0)	(60.0, 320697.0)	(61.0, 341169.5)	(62.0, 358933.5)	(63.0, 369570.0)	(64.0, 370337.5)	(65.0, 362679.5)	(66.0, 344477.5)	(67.0, 315311.5)	(68.0, 278182.0)	(69.0, 236840.0)	(70.0, 195182.0)	(71.0, 153656.5)	(72.0, 116447.5)	(73.0, 85060.5)	(74.0, 58845.5)	(75.0, 39000.0)	(76.0, 25346.5)	(77.0, 16249.5)	(78.0, 9851.5)	(79.0, 5860.0)	(80.0, 3453.0)	(81.0, 2067.5)	(82.0, 1289.5)	(83.0, 824.0)	(84.0, 500.5)	(85.0, 314.5)	(86.0, 203.0)	(87.0, 139.0)	(88.0, 105.0)	(89.0, 96.0)	(90.0, 94.5)	(91.0, 85.0)	(92.0, 80.5)	(93.0, 93.5)	(94.0, 115.0)	(95.0, 126.5)	(96.0, 146.0)	(97.0, 216.5)	(98.0, 342.0)	(99.0, 732.5)	(100.0, 3917.0)
IDDLNTM21.B_R1	(0.0, 0.0)	(1.0, 0.0)	(2.0, 0.0)	(3.0, 0.0)	(4.0, 0.0)	(5.0, 0.0)	(6.0, 0.0)	(7.0, 0.0)	(8.0, 0.0)	(9.0, 0.0)	(10.0, 0.0)	(11.0, 0.0)	(12.0, 0.0)	(13.0, 0.0)	(14.0, 0.0)	(15.0, 0.0)	(16.0, 0.0)	(17.0, 0.0)	(18.0, 0.0)	(19.0, 0.0)	(20.0, 0.0)	(21.0, 0.0)	(22.0, 0.0)	(23.0, 0.0)	(24.0, 0.0)	(25.0, 0.0)	(26.0, 0.0)	(27.0, 0.0)	(28.0, 0.0)	(29.0, 0.0)	(30.0, 0.0)	(31.0, 1.0)	(32.0, 1.0)	(33.0, 0.0)	(34.0, 0.5)	(35.0, 1.0)	(36.0, 1.0)	(37.0, 4.5)	(38.0, 19.5)	(39.0, 48.0)	(40.0, 75.0)	(41.0, 113.0)	(42.0, 193.0)	(43.0, 357.5)	(44.0, 509.0)	(45.0, 717.5)	(46.0, 1115.0)	(47.0, 1663.5)	(48.0, 2517.5)	(49.0, 3690.0)	(50.0, 5324.0)	(51.0, 7850.5)	(52.0, 11672.0)	(53.0, 17109.0)	(54.0, 25109.0)	(55.0, 36298.5)	(56.0, 50912.5)	(57.0, 69645.5)	(58.0, 92710.5)	(59.0, 120517.0)	(60.0, 152634.5)	(61.0, 186082.5)	(62.0, 219866.0)	(63.0, 249693.0)	(64.0, 271920.0)	(65.0, 286837.5)	(66.0, 294387.5)	(67.0, 295581.0)	(68.0, 291877.5)	(69.0, 281855.0)	(70.0, 264556.5)	(71.0, 245644.5)	(72.0, 225171.5)	(73.0, 200360.5)	(74.0, 172792.0)	(75.0, 144532.0)	(76.0, 117119.0)	(77.0, 91237.5)	(78.0, 68316.0)	(79.0, 48803.0)	(80.0, 33142.5)	(81.0, 21447.0)	(82.0, 12807.0)	(83.0, 7157.5)	(84.0, 3779.5)	(85.0, 1897.0)	(86.0, 881.5)	(87.0, 386.0)	(88.0, 177.0)	(89.0, 83.0)	(90.0, 39.5)	(91.0, 29.0)	(92.0, 32.0)	(93.0, 43.5)	(94.0, 62.5)	(95.0, 86.0)	(96.0, 93.5)	(97.0, 77.5)	(98.0, 73.5)	(99.0, 71.5)	(100.0, 37.0)
IDDLNTM21.B_R2	(0.0, 0.0)	(1.0, 0.0)	(2.0, 0.0)	(3.0, 0.5)	(4.0, 0.5)	(5.0, 0.0)	(6.0, 0.0)	(7.0, 0.0)	(8.0, 0.0)	(9.0, 0.0)	(10.0, 0.0)	(11.0, 0.0)	(12.0, 0.0)	(13.0, 0.0)	(14.0, 0.0)	(15.0, 0.0)	(16.0, 0.5)	(17.0, 0.5)	(18.0, 0.0)	(19.0, 0.0)	(20.0, 0.0)	(21.0, 0.0)	(22.0, 0.0)	(23.0, 0.0)	(24.0, 0.0)	(25.0, 0.0)	(26.0, 0.0)	(27.0, 0.0)	(28.0, 0.0)	(29.0, 0.0)	(30.0, 1.5)	(31.0, 1.5)	(32.0, 1.5)	(33.0, 2.5)	(34.0, 1.0)	(35.0, 8.0)	(36.0, 17.5)	(37.0, 25.0)	(38.0, 43.0)	(39.0, 74.5)	(40.0, 116.0)	(41.0, 222.0)	(42.0, 391.0)	(43.0, 562.5)	(44.0, 791.0)	(45.0, 1095.5)	(46.0, 1556.0)	(47.0, 2278.0)	(48.0, 3343.0)	(49.0, 4704.5)	(50.0, 6654.5)	(51.0, 9922.5)	(52.0, 14998.5)	(53.0, 22335.5)	(54.0, 33281.0)	(55.0, 48907.5)	(56.0, 68609.0)	(57.0, 92315.5)	(58.0, 119298.5)	(59.0, 147383.5)	(60.0, 174412.5)	(61.0, 198092.0)	(62.0, 219258.5)	(63.0, 235554.0)	(64.0, 247172.5)	(65.0, 256988.0)	(66.0, 264062.5)	(67.0, 269178.0)	(68.0, 271091.5)	(69.0, 266634.0)	(70.0, 255656.5)	(71.0, 241264.0)	(72.0, 222606.5)	(73.0, 198982.0)	(74.0, 172764.0)	(75.0, 145388.0)	(76.0, 118201.0)	(77.0, 92194.0)	(78.0, 68801.0)	(79.0, 49141.5)	(80.0, 33354.0)	(81.0, 21635.0)	(82.0, 13250.0)	(83.0, 7488.5)	(84.0, 4050.5)	(85.0, 2098.5)	(86.0, 1024.0)	(87.0, 499.0)	(88.0, 271.0)	(89.0, 189.5)	(90.0, 143.0)	(91.0, 118.5)	(92.0, 124.5)	(93.0, 132.0)	(94.0, 137.0)	(95.0, 145.0)	(96.0, 170.5)	(97.0, 252.0)	(98.0, 430.5)	(99.0, 869.5)	(100.0, 3840.0)
IDDLNTM22.A_R1	(0.0, 0.0)	(1.0, 0.0)	(2.0, 0.0)	(3.0, 0.0)	(4.0, 0.0)	(5.0, 0.0)	(6.0, 0.0)	(7.0, 0.0)	(8.0, 0.0)	(9.0, 0.0)	(10.0, 0.0)	(11.0, 0.0)	(12.0, 0.0)	(13.0, 0.0)	(14.0, 0.5)	(15.0, 0.5)	(16.0, 0.0)	(17.0, 0.0)	(18.0, 0.0)	(19.0, 0.0)	(20.0, 0.5)	(21.0, 0.5)	(22.0, 0.0)	(23.0, 0.0)	(24.0, 0.0)	(25.0, 0.0)	(26.0, 0.0)	(27.0, 0.0)	(28.0, 0.0)	(29.0, 0.5)	(30.0, 0.5)	(31.0, 0.0)	(32.0, 0.0)	(33.0, 0.5)	(34.0, 7.5)	(35.0, 8.5)	(36.0, 3.5)	(37.0, 12.5)	(38.0, 37.5)	(39.0, 76.0)	(40.0, 114.0)	(41.0, 156.0)	(42.0, 250.5)	(43.0, 427.5)	(44.0, 590.0)	(45.0, 839.0)	(46.0, 1300.5)	(47.0, 1982.5)	(48.0, 2890.0)	(49.0, 4033.0)	(50.0, 5855.0)	(51.0, 8691.0)	(52.0, 12892.0)	(53.0, 18632.5)	(54.0, 26173.5)	(55.0, 36937.0)	(56.0, 51635.0)	(57.0, 70446.5)	(58.0, 94255.5)	(59.0, 123504.5)	(60.0, 157086.0)	(61.0, 195097.5)	(62.0, 235374.0)	(63.0, 273752.0)	(64.0, 308254.5)	(65.0, 335170.5)	(66.0, 353386.0)	(67.0, 362789.5)	(68.0, 361844.5)	(69.0, 351032.0)	(70.0, 329275.0)	(71.0, 299271.5)	(72.0, 264372.0)	(73.0, 224979.0)	(74.0, 185637.0)	(75.0, 147957.0)	(76.0, 111645.5)	(77.0, 78875.5)	(78.0, 51106.5)	(79.0, 29939.5)	(80.0, 15985.5)	(81.0, 7667.0)	(82.0, 3065.0)	(83.0, 993.5)	(84.0, 322.5)	(85.0, 134.5)	(86.0, 72.0)	(87.0, 46.0)	(88.0, 40.5)	(89.0, 33.0)	(90.0, 21.5)	(91.0, 17.0)	(92.0, 22.0)	(93.0, 26.0)	(94.0, 29.5)	(95.0, 40.5)	(96.0, 42.0)	(97.0, 48.0)	(98.0, 65.0)	(99.0, 66.5)	(100.0, 41.5)
IDDLNTM22.A_R2	(0.0, 0.0)	(1.0, 0.0)	(2.0, 0.0)	(3.0, 0.0)	(4.0, 0.0)	(5.0, 0.0)	(6.0, 0.0)	(7.0, 0.0)	(8.0, 0.0)	(9.0, 0.0)	(10.0, 0.0)	(11.0, 0.0)	(12.0, 0.0)	(13.0, 0.0)	(14.0, 0.0)	(15.0, 0.0)	(16.0, 0.0)	(17.0, 0.0)	(18.0, 0.0)	(19.0, 0.0)	(20.0, 0.0)	(21.0, 0.0)	(22.0, 0.0)	(23.0, 0.0)	(24.0, 0.0)	(25.0, 0.0)	(26.0, 0.0)	(27.0, 0.0)	(28.0, 0.0)	(29.0, 0.5)	(30.0, 1.0)	(31.0, 2.0)	(32.0, 2.0)	(33.0, 3.0)	(34.0, 7.0)	(35.0, 9.5)	(36.0, 17.0)	(37.0, 34.5)	(38.0, 76.5)	(39.0, 145.0)	(40.0, 232.5)	(41.0, 343.5)	(42.0, 527.0)	(43.0, 790.0)	(44.0, 1128.0)	(45.0, 1646.0)	(46.0, 2507.5)	(47.0, 3913.5)	(48.0, 6162.0)	(49.0, 9403.0)	(50.0, 14557.5)	(51.0, 22887.0)	(52.0, 34705.0)	(53.0, 50063.5)	(54.0, 68822.5)	(55.0, 90531.0)	(56.0, 113769.0)	(57.0, 135664.5)	(58.0, 154678.5)	(59.0, 172197.0)	(60.0, 187666.5)	(61.0, 203209.0)	(62.0, 221457.5)	(63.0, 238346.5)	(64.0, 255373.0)	(65.0, 273124.5)	(66.0, 288532.0)	(67.0, 300106.5)	(68.0, 306466.5)	(69.0, 306361.5)	(70.0, 296170.0)	(71.0, 277316.0)	(72.0, 251596.0)	(73.0, 218673.0)	(74.0, 182788.5)	(75.0, 147135.0)	(76.0, 112009.5)	(77.0, 79134.5)	(78.0, 51658.5)	(79.0, 30765.0)	(80.0, 16168.5)	(81.0, 7552.5)	(82.0, 3028.5)	(83.0, 1005.5)	(84.0, 356.0)	(85.0, 163.5)	(86.0, 105.5)	(87.0, 73.0)	(88.0, 64.5)	(89.0, 68.0)	(90.0, 63.5)	(91.0, 55.5)	(92.0, 54.5)	(93.0, 57.5)	(94.0, 54.0)	(95.0, 54.0)	(96.0, 58.5)	(97.0, 83.5)	(98.0, 136.0)	(99.0, 348.5)	(100.0, 2693.5)
IDDLNTM22.B_R1	(0.0, 0.0)	(1.0, 0.0)	(2.0, 0.0)	(3.0, 0.0)	(4.0, 0.0)	(5.0, 0.0)	(6.0, 0.0)	(7.0, 0.0)	(8.0, 0.0)	(9.0, 0.0)	(10.0, 0.0)	(11.0, 0.0)	(12.0, 0.0)	(13.0, 0.0)	(14.0, 0.0)	(15.0, 0.5)	(16.0, 0.5)	(17.0, 0.0)	(18.0, 0.0)	(19.0, 0.0)	(20.0, 0.0)	(21.0, 0.0)	(22.0, 0.0)	(23.0, 0.0)	(24.0, 0.0)	(25.0, 0.0)	(26.0, 0.0)	(27.0, 1.0)	(28.0, 1.5)	(29.0, 0.5)	(30.0, 0.5)	(31.0, 1.0)	(32.0, 1.0)	(33.0, 0.5)	(34.0, 5.5)	(35.0, 5.5)	(36.0, 0.0)	(37.0, 9.5)	(38.0, 28.0)	(39.0, 61.0)	(40.0, 105.0)	(41.0, 142.0)	(42.0, 224.5)	(43.0, 381.5)	(44.0, 532.5)	(45.0, 712.5)	(46.0, 1112.0)	(47.0, 1724.0)	(48.0, 2546.5)	(49.0, 3640.5)	(50.0, 5330.0)	(51.0, 7954.5)	(52.0, 11834.0)	(53.0, 17080.0)	(54.0, 24157.5)	(55.0, 34659.5)	(56.0, 48750.5)	(57.0, 66729.0)	(58.0, 89669.5)	(59.0, 117512.0)	(60.0, 149116.5)	(61.0, 183135.0)	(62.0, 219071.5)	(63.0, 252267.5)	(64.0, 280436.0)	(65.0, 302142.0)	(66.0, 315571.0)	(67.0, 321471.0)	(68.0, 319541.0)	(69.0, 311500.5)	(70.0, 295432.0)	(71.0, 271666.0)	(72.0, 245266.0)	(73.0, 215815.0)	(74.0, 185215.5)	(75.0, 155249.5)	(76.0, 125049.5)	(77.0, 96534.5)	(78.0, 70819.0)	(79.0, 49622.0)	(80.0, 33066.0)	(81.0, 20487.5)	(82.0, 11620.5)	(83.0, 5963.0)	(84.0, 2840.0)	(85.0, 1226.0)	(86.0, 514.5)	(87.0, 220.5)	(88.0, 94.0)	(89.0, 64.5)	(90.0, 38.5)	(91.0, 28.0)	(92.0, 25.5)	(93.0, 34.0)	(94.0, 60.5)	(95.0, 79.0)	(96.0, 71.5)	(97.0, 66.0)	(98.0, 82.0)	(99.0, 72.5)	(100.0, 35.0)
IDDLNTM22.B_R2	(0.0, 0.0)	(1.0, 0.0)	(2.0, 0.0)	(3.0, 0.0)	(4.0, 0.0)	(5.0, 0.0)	(6.0, 0.0)	(7.0, 0.0)	(8.0, 0.0)	(9.0, 0.0)	(10.0, 0.0)	(11.0, 0.0)	(12.0, 0.0)	(13.0, 0.0)	(14.0, 0.0)	(15.0, 0.0)	(16.0, 0.0)	(17.0, 0.0)	(18.0, 0.0)	(19.0, 0.0)	(20.0, 0.0)	(21.0, 0.0)	(22.0, 0.0)	(23.0, 0.0)	(24.0, 0.0)	(25.0, 0.5)	(26.0, 1.0)	(27.0, 1.0)	(28.0, 0.5)	(29.0, 0.0)	(30.0, 0.0)	(31.0, 1.0)	(32.0, 1.0)	(33.0, 1.0)	(34.0, 3.5)	(35.0, 7.5)	(36.0, 14.5)	(37.0, 26.5)	(38.0, 52.5)	(39.0, 110.0)	(40.0, 203.0)	(41.0, 292.5)	(42.0, 422.0)	(43.0, 640.5)	(44.0, 939.5)	(45.0, 1386.0)	(46.0, 2146.5)	(47.0, 3365.0)	(48.0, 5281.0)	(49.0, 8107.5)	(50.0, 12737.0)	(51.0, 19953.0)	(52.0, 30165.5)	(53.0, 43527.5)	(54.0, 60204.0)	(55.0, 79926.5)	(56.0, 99999.0)	(57.0, 118911.5)	(58.0, 136478.5)	(59.0, 151948.5)	(60.0, 165996.5)	(61.0, 180984.0)	(62.0, 197688.5)	(63.0, 214814.5)	(64.0, 232213.5)	(65.0, 248615.5)	(66.0, 263608.0)	(67.0, 275228.0)	(68.0, 281456.5)	(69.0, 282798.0)	(70.0, 275599.0)	(71.0, 260130.5)	(72.0, 239399.0)	(73.0, 213003.0)	(74.0, 184090.0)	(75.0, 154282.5)	(76.0, 124932.5)	(77.0, 97026.5)	(78.0, 71271.0)	(79.0, 50087.5)	(80.0, 33189.5)	(81.0, 20677.0)	(82.0, 11786.0)	(83.0, 6106.5)	(84.0, 3008.0)	(85.0, 1352.0)	(86.0, 629.5)	(87.0, 313.5)	(88.0, 172.5)	(89.0, 123.5)	(90.0, 118.5)	(91.0, 102.0)	(92.0, 95.0)	(93.0, 102.0)	(94.0, 101.0)	(95.0, 103.0)	(96.0, 126.0)	(97.0, 212.0)	(98.0, 318.0)	(99.0, 673.0)	(100.0, 3817.5)
IDDLNTM32_R1	(0.0, 0.0)	(1.0, 0.0)	(2.0, 0.0)	(3.0, 0.0)	(4.0, 0.0)	(5.0, 0.0)	(6.0, 0.0)	(7.0, 0.0)	(8.0, 0.0)	(9.0, 0.0)	(10.0, 0.0)	(11.0, 0.0)	(12.0, 0.0)	(13.0, 0.0)	(14.0, 0.0)	(15.0, 0.0)	(16.0, 0.0)	(17.0, 0.0)	(18.0, 0.0)	(19.0, 0.0)	(20.0, 0.0)	(21.0, 0.0)	(22.0, 0.0)	(23.0, 0.0)	(24.0, 0.5)	(25.0, 0.5)	(26.0, 0.0)	(27.0, 0.0)	(28.0, 0.0)	(29.0, 0.5)	(30.0, 0.5)	(31.0, 5.5)	(32.0, 16.0)	(33.0, 25.0)	(34.0, 31.5)	(35.0, 41.0)	(36.0, 60.0)	(37.0, 109.5)	(38.0, 169.5)	(39.0, 255.5)	(40.0, 406.0)	(41.0, 697.0)	(42.0, 1109.5)	(43.0, 1577.5)	(44.0, 2438.5)	(45.0, 3623.5)	(46.0, 5155.5)	(47.0, 7333.5)	(48.0, 10542.5)	(49.0, 15457.5)	(50.0, 23050.0)	(51.0, 34191.5)	(52.0, 49959.5)	(53.0, 71174.0)	(54.0, 98479.5)	(55.0, 131610.5)	(56.0, 168522.5)	(57.0, 208247.5)	(58.0, 247818.0)	(59.0, 284186.5)	(60.0, 314904.5)	(61.0, 337787.5)	(62.0, 352964.5)	(63.0, 357514.5)	(64.0, 352464.5)	(65.0, 340935.0)	(66.0, 320216.5)	(67.0, 291195.5)	(68.0, 256708.5)	(69.0, 217759.5)	(70.0, 178382.5)	(71.0, 141445.0)	(72.0, 107579.0)	(73.0, 78482.5)	(74.0, 54554.0)	(75.0, 36479.5)	(76.0, 24034.0)	(77.0, 15365.0)	(78.0, 9507.5)	(79.0, 5645.0)	(80.0, 3278.5)	(81.0, 1889.0)	(82.0, 1085.5)	(83.0, 613.5)	(84.0, 333.0)	(85.0, 191.5)	(86.0, 99.0)	(87.0, 41.5)	(88.0, 17.5)	(89.0, 14.5)	(90.0, 17.0)	(91.0, 24.0)	(92.0, 35.5)	(93.0, 56.5)	(94.0, 90.0)	(95.0, 134.5)	(96.0, 139.0)	(97.0, 103.5)	(98.0, 90.5)	(99.0, 71.0)	(100.0, 29.5)
IDDLNTM32_R2	(0.0, 0.0)	(1.0, 0.0)	(2.0, 0.0)	(3.0, 0.0)	(4.0, 0.5)	(5.0, 0.5)	(6.0, 0.0)	(7.0, 0.0)	(8.0, 0.0)	(9.0, 0.0)	(10.0, 0.0)	(11.0, 0.0)	(12.0, 0.0)	(13.0, 0.0)	(14.0, 0.0)	(15.0, 0.0)	(16.0, 0.0)	(17.0, 0.0)	(18.0, 0.0)	(19.0, 0.0)	(20.0, 0.0)	(21.0, 0.0)	(22.0, 0.5)	(23.0, 0.5)	(24.0, 0.0)	(25.0, 0.0)	(26.0, 0.5)	(27.0, 1.0)	(28.0, 1.5)	(29.0, 1.0)	(30.0, 1.5)	(31.0, 7.5)	(32.0, 21.0)	(33.0, 34.5)	(34.0, 40.5)	(35.0, 54.0)	(36.0, 97.5)	(37.0, 183.5)	(38.0, 266.0)	(39.0, 385.5)	(40.0, 596.5)	(41.0, 963.5)	(42.0, 1513.0)	(43.0, 2156.0)	(44.0, 3177.0)	(45.0, 4608.5)	(46.0, 6529.0)	(47.0, 9467.5)	(48.0, 14203.0)	(49.0, 21401.0)	(50.0, 32558.5)	(51.0, 48967.0)	(52.0, 70841.0)	(53.0, 97729.5)	(54.0, 127568.5)	(55.0, 158484.0)	(56.0, 187932.5)	(57.0, 214414.5)	(58.0, 239101.5)	(59.0, 261782.5)	(60.0, 284659.0)	(61.0, 307172.5)	(62.0, 324381.0)	(63.0, 334505.0)	(64.0, 337158.5)	(65.0, 330220.0)	(66.0, 313261.0)	(67.0, 287274.0)	(68.0, 253929.0)	(69.0, 216636.5)	(70.0, 178017.0)	(71.0, 141259.0)	(72.0, 108174.5)	(73.0, 79169.5)	(74.0, 55057.5)	(75.0, 36769.5)	(76.0, 24019.5)	(77.0, 15512.5)	(78.0, 9642.0)	(79.0, 5717.5)	(80.0, 3394.5)	(81.0, 1964.0)	(82.0, 1181.5)	(83.0, 750.0)	(84.0, 451.0)	(85.0, 323.0)	(86.0, 212.5)	(87.0, 141.0)	(88.0, 126.5)	(89.0, 121.5)	(90.0, 126.0)	(91.0, 118.0)	(92.0, 118.0)	(93.0, 135.0)	(94.0, 145.0)	(95.0, 152.5)	(96.0, 194.5)	(97.0, 279.0)	(98.0, 465.0)	(99.0, 1000.5)	(100.0, 5126.5)
IDDLNTM33.A_R1	(0.0, 0.0)	(1.0, 0.0)	(2.0, 0.0)	(3.0, 0.0)	(4.0, 0.0)	(5.0, 0.0)	(6.0, 0.0)	(7.0, 0.0)	(8.0, 0.0)	(9.0, 0.0)	(10.0, 0.0)	(11.0, 0.0)	(12.0, 0.0)	(13.0, 0.0)	(14.0, 0.0)	(15.0, 0.0)	(16.0, 0.0)	(17.0, 0.0)	(18.0, 0.0)	(19.0, 0.0)	(20.0, 0.0)	(21.0, 0.0)	(22.0, 0.0)	(23.0, 0.0)	(24.0, 0.0)	(25.0, 0.0)	(26.0, 0.0)	(27.0, 0.0)	(28.0, 0.0)	(29.0, 0.5)	(30.0, 0.5)	(31.0, 3.0)	(32.0, 13.0)	(33.0, 16.0)	(34.0, 24.5)	(35.0, 38.5)	(36.0, 57.5)	(37.0, 97.5)	(38.0, 144.5)	(39.0, 227.0)	(40.0, 342.0)	(41.0, 588.5)	(42.0, 950.0)	(43.0, 1345.5)	(44.0, 2039.0)	(45.0, 3009.0)	(46.0, 4266.5)	(47.0, 5965.5)	(48.0, 8519.5)	(49.0, 12250.5)	(50.0, 17936.5)	(51.0, 26390.5)	(52.0, 38845.5)	(53.0, 56258.0)	(54.0, 78742.0)	(55.0, 106749.0)	(56.0, 140135.0)	(57.0, 177778.0)	(58.0, 216435.0)	(59.0, 253523.5)	(60.0, 285929.0)	(61.0, 310764.0)	(62.0, 328104.5)	(63.0, 333304.0)	(64.0, 326536.0)	(65.0, 311910.5)	(66.0, 289481.0)	(67.0, 259640.0)	(68.0, 224576.0)	(69.0, 188410.5)	(70.0, 153100.5)	(71.0, 120458.5)	(72.0, 91599.5)	(73.0, 66759.5)	(74.0, 46069.5)	(75.0, 30595.0)	(76.0, 20223.5)	(77.0, 13099.0)	(78.0, 8250.5)	(79.0, 4869.0)	(80.0, 2697.5)	(81.0, 1534.0)	(82.0, 878.0)	(83.0, 471.0)	(84.0, 262.0)	(85.0, 152.5)	(86.0, 71.5)	(87.0, 32.0)	(88.0, 16.5)	(89.0, 13.5)	(90.0, 12.5)	(91.0, 13.0)	(92.0, 21.0)	(93.0, 51.5)	(94.0, 83.5)	(95.0, 112.0)	(96.0, 110.0)	(97.0, 76.0)	(98.0, 73.5)	(99.0, 79.0)	(100.0, 48.0)
IDDLNTM33.A_R2	(0.0, 0.0)	(1.0, 0.0)	(2.0, 0.0)	(3.0, 0.0)	(4.0, 0.0)	(5.0, 0.0)	(6.0, 0.0)	(7.0, 0.0)	(8.0, 0.0)	(9.0, 0.0)	(10.0, 0.0)	(11.0, 0.0)	(12.0, 0.0)	(13.0, 0.0)	(14.0, 0.0)	(15.0, 0.0)	(16.0, 0.0)	(17.0, 0.0)	(18.0, 0.0)	(19.0, 0.0)	(20.0, 0.0)	(21.0, 0.0)	(22.0, 0.0)	(23.0, 0.0)	(24.0, 0.0)	(25.0, 0.0)	(26.0, 0.5)	(27.0, 1.5)	(28.0, 2.0)	(29.0, 1.0)	(30.0, 2.0)	(31.0, 8.5)	(32.0, 19.0)	(33.0, 27.0)	(34.0, 31.5)	(35.0, 47.5)	(36.0, 80.0)	(37.0, 146.5)	(38.0, 235.5)	(39.0, 325.0)	(40.0, 483.0)	(41.0, 792.0)	(42.0, 1158.5)	(43.0, 1596.0)	(44.0, 2425.5)	(45.0, 3443.0)	(46.0, 4667.5)	(47.0, 6257.5)	(48.0, 8493.0)	(49.0, 11897.5)	(50.0, 17039.0)	(51.0, 24954.5)	(52.0, 37078.0)	(53.0, 55122.5)	(54.0, 80204.0)	(55.0, 112562.0)	(56.0, 151019.0)	(57.0, 192134.5)	(58.0, 231866.5)	(59.0, 266315.0)	(60.0, 293031.5)	(61.0, 310440.0)	(62.0, 318836.0)	(63.0, 318174.5)	(64.0, 310309.5)	(65.0, 297388.5)	(66.0, 277846.5)	(67.0, 251958.0)	(68.0, 221015.0)	(69.0, 187355.0)	(70.0, 153468.5)	(71.0, 121569.5)	(72.0, 93115.0)	(73.0, 67971.5)	(74.0, 47101.5)	(75.0, 31545.5)	(76.0, 20555.5)	(77.0, 13239.0)	(78.0, 8241.5)	(79.0, 4862.0)	(80.0, 2870.0)	(81.0, 1665.5)	(82.0, 973.0)	(83.0, 597.0)	(84.0, 370.0)	(85.0, 234.5)	(86.0, 137.5)	(87.0, 87.0)	(88.0, 84.0)	(89.0, 83.0)	(90.0, 80.5)	(91.0, 71.0)	(92.0, 71.0)	(93.0, 79.5)	(94.0, 92.0)	(95.0, 107.0)	(96.0, 123.5)	(97.0, 179.5)	(98.0, 277.5)	(99.0, 588.5)	(100.0, 3191.0)
IDDLNTM33.B_R1	(0.0, 0.0)	(1.0, 0.0)	(2.0, 0.0)	(3.0, 0.0)	(4.0, 0.0)	(5.0, 0.0)	(6.0, 0.0)	(7.0, 0.0)	(8.0, 0.0)	(9.0, 0.0)	(10.0, 0.0)	(11.0, 0.0)	(12.0, 0.0)	(13.0, 0.0)	(14.0, 0.0)	(15.0, 0.0)	(16.0, 0.0)	(17.0, 0.0)	(18.0, 0.0)	(19.0, 0.0)	(20.0, 0.0)	(21.0, 0.0)	(22.0, 0.0)	(23.0, 0.0)	(24.0, 0.0)	(25.0, 0.0)	(26.0, 0.5)	(27.0, 1.0)	(28.0, 0.5)	(29.0, 0.0)	(30.0, 0.5)	(31.0, 2.0)	(32.0, 9.0)	(33.0, 14.5)	(34.0, 24.0)	(35.0, 40.0)	(36.0, 60.0)	(37.0, 97.5)	(38.0, 154.5)	(39.0, 228.0)	(40.0, 363.5)	(41.0, 606.0)	(42.0, 914.5)	(43.0, 1319.5)	(44.0, 2014.0)	(45.0, 2930.0)	(46.0, 4153.0)	(47.0, 5670.5)	(48.0, 7710.5)	(49.0, 10683.5)	(50.0, 15068.0)	(51.0, 21610.0)	(52.0, 31240.5)	(53.0, 45041.0)	(54.0, 63638.0)	(55.0, 88068.5)	(56.0, 119622.0)	(57.0, 157657.0)	(58.0, 200186.5)	(59.0, 245357.5)	(60.0, 290616.0)	(61.0, 329546.5)	(62.0, 358784.0)	(63.0, 374986.0)	(64.0, 376465.0)	(65.0, 365378.0)	(66.0, 341230.0)	(67.0, 305706.5)	(68.0, 263522.5)	(69.0, 219097.0)	(70.0, 175865.0)	(71.0, 137100.0)	(72.0, 103146.5)	(73.0, 73899.5)	(74.0, 50500.5)	(75.0, 33616.5)	(76.0, 21952.5)	(77.0, 13989.5)	(78.0, 8438.5)	(79.0, 4828.5)	(80.0, 2857.0)	(81.0, 1636.5)	(82.0, 841.0)	(83.0, 381.5)	(84.0, 162.0)	(85.0, 73.5)	(86.0, 38.5)	(87.0, 24.5)	(88.0, 21.0)	(89.0, 21.0)	(90.0, 20.0)	(91.0, 15.0)	(92.0, 24.0)	(93.0, 47.5)	(94.0, 73.0)	(95.0, 90.5)	(96.0, 86.0)	(97.0, 65.5)	(98.0, 67.5)	(99.0, 70.0)	(100.0, 39.5)
IDDLNTM33.B_R2	(0.0, 0.0)	(1.0, 0.0)	(2.0, 0.0)	(3.0, 0.0)	(4.0, 0.0)	(5.0, 0.0)	(6.0, 0.0)	(7.0, 0.0)	(8.0, 0.0)	(9.0, 0.0)	(10.0, 0.0)	(11.0, 0.0)	(12.0, 0.0)	(13.0, 0.0)	(14.0, 0.0)	(15.0, 0.0)	(16.0, 0.0)	(17.0, 0.0)	(18.0, 0.0)	(19.0, 0.5)	(20.0, 1.0)	(21.0, 0.5)	(22.0, 0.0)	(23.0, 0.5)	(24.0, 0.5)	(25.0, 0.5)	(26.0, 1.0)	(27.0, 0.5)	(28.0, 0.5)	(29.0, 0.5)	(30.0, 1.5)	(31.0, 5.5)	(32.0, 15.5)	(33.0, 26.0)	(34.0, 36.0)	(35.0, 52.0)	(36.0, 75.0)	(37.0, 134.5)	(38.0, 233.0)	(39.0, 339.5)	(40.0, 564.0)	(41.0, 944.5)	(42.0, 1396.5)	(43.0, 2013.5)	(44.0, 3032.0)	(45.0, 4485.5)	(46.0, 6394.0)	(47.0, 9187.5)	(48.0, 13597.0)	(49.0, 20539.5)	(50.0, 31362.0)	(51.0, 47174.5)	(52.0, 68437.5)	(53.0, 94656.0)	(54.0, 123849.0)	(55.0, 152829.0)	(56.0, 180381.0)	(57.0, 205939.0)	(58.0, 228566.0)	(59.0, 249803.0)	(60.0, 270860.5)	(61.0, 289139.0)	(62.0, 304386.0)	(63.0, 313956.5)	(64.0, 314482.5)	(65.0, 308996.0)	(66.0, 295283.0)	(67.0, 270493.5)	(68.0, 238677.0)	(69.0, 203930.5)	(70.0, 167900.5)	(71.0, 132835.0)	(72.0, 100975.5)	(73.0, 73526.0)	(74.0, 50917.5)	(75.0, 33820.5)	(76.0, 22087.5)	(77.0, 14045.0)	(78.0, 8562.5)	(79.0, 4969.0)	(80.0, 2748.0)	(81.0, 1462.0)	(82.0, 746.0)	(83.0, 411.5)	(84.0, 232.0)	(85.0, 131.5)	(86.0, 92.5)	(87.0, 85.5)	(88.0, 83.0)	(89.0, 79.5)	(90.0, 80.0)	(91.0, 79.5)	(92.0, 67.0)	(93.0, 64.5)	(94.0, 70.5)	(95.0, 77.0)	(96.0, 103.0)	(97.0, 158.0)	(98.0, 263.0)	(99.0, 610.0)	(100.0, 3349.0)
IDDLNTM33.C_R1	(0.0, 0.0)	(1.0, 0.0)	(2.0, 0.0)	(3.0, 0.0)	(4.0, 0.0)	(5.0, 0.0)	(6.0, 0.0)	(7.0, 0.0)	(8.0, 0.0)	(9.0, 0.0)	(10.0, 0.0)	(11.0, 0.0)	(12.0, 0.0)	(13.0, 0.0)	(14.0, 1.0)	(15.0, 1.0)	(16.0, 0.0)	(17.0, 0.0)	(18.0, 0.0)	(19.0, 0.0)	(20.0, 0.0)	(21.0, 0.0)	(22.0, 0.0)	(23.0, 0.0)	(24.0, 0.5)	(25.0, 0.5)	(26.0, 0.5)	(27.0, 0.5)	(28.0, 0.0)	(29.0, 1.0)	(30.0, 2.5)	(31.0, 7.0)	(32.0, 15.0)	(33.0, 19.5)	(34.0, 25.5)	(35.0, 29.0)	(36.0, 49.0)	(37.0, 89.0)	(38.0, 127.0)	(39.0, 220.5)	(40.0, 391.0)	(41.0, 690.0)	(42.0, 1044.0)	(43.0, 1522.0)	(44.0, 2402.0)	(45.0, 3422.0)	(46.0, 4714.0)	(47.0, 6529.0)	(48.0, 9044.0)	(49.0, 12680.5)	(50.0, 18241.5)	(51.0, 26064.0)	(52.0, 37880.5)	(53.0, 54876.0)	(54.0, 77714.0)	(55.0, 107795.5)	(56.0, 146081.5)	(57.0, 192241.0)	(58.0, 243528.0)	(59.0, 297323.5)	(60.0, 350524.5)	(61.0, 397754.0)	(62.0, 434235.5)	(63.0, 451920.0)	(64.0, 452795.5)	(65.0, 441441.5)	(66.0, 413275.5)	(67.0, 371183.5)	(68.0, 321307.0)	(69.0, 268940.5)	(70.0, 217154.0)	(71.0, 169416.0)	(72.0, 128275.5)	(73.0, 93396.5)	(74.0, 64587.0)	(75.0, 42619.5)	(76.0, 27511.0)	(77.0, 17539.5)	(78.0, 10870.5)	(79.0, 6567.0)	(80.0, 4111.5)	(81.0, 2314.5)	(82.0, 1108.0)	(83.0, 604.5)	(84.0, 307.5)	(85.0, 185.0)	(86.0, 91.5)	(87.0, 32.5)	(88.0, 19.5)	(89.0, 21.0)	(90.0, 20.0)	(91.0, 18.5)	(92.0, 27.5)	(93.0, 55.5)	(94.0, 108.5)	(95.0, 138.0)	(96.0, 108.0)	(97.0, 74.0)	(98.0, 77.5)	(99.0, 77.0)	(100.0, 41.5)
IDDLNTM33.C_R2	(0.0, 0.0)	(1.0, 0.0)	(2.0, 0.0)	(3.0, 0.0)	(4.0, 0.0)	(5.0, 0.0)	(6.0, 0.0)	(7.0, 0.0)	(8.0, 0.0)	(9.0, 0.0)	(10.0, 0.0)	(11.0, 0.0)	(12.0, 0.0)	(13.0, 0.0)	(14.0, 0.0)	(15.0, 0.0)	(16.0, 0.0)	(17.0, 0.0)	(18.0, 0.0)	(19.0, 0.0)	(20.0, 0.0)	(21.0, 0.0)	(22.0, 0.0)	(23.0, 0.0)	(24.0, 0.5)	(25.0, 0.5)	(26.0, 0.5)	(27.0, 1.0)	(28.0, 1.5)	(29.0, 2.5)	(30.0, 3.5)	(31.0, 6.0)	(32.0, 16.5)	(33.0, 27.0)	(34.0, 30.0)	(35.0, 38.0)	(36.0, 61.5)	(37.0, 130.0)	(38.0, 205.0)	(39.0, 324.0)	(40.0, 550.0)	(41.0, 926.5)	(42.0, 1500.5)	(43.0, 2192.0)	(44.0, 3265.0)	(45.0, 4649.5)	(46.0, 6382.0)	(47.0, 8838.5)	(48.0, 12649.0)	(49.0, 18531.5)	(50.0, 27641.5)	(51.0, 41806.5)	(52.0, 62221.5)	(53.0, 89466.5)	(54.0, 123071.5)	(55.0, 160968.5)	(56.0, 200441.0)	(57.0, 239642.5)	(58.0, 276360.5)	(59.0, 308602.5)	(60.0, 338151.5)	(61.0, 364884.5)	(62.0, 385953.0)	(63.0, 397353.5)	(64.0, 399429.0)	(65.0, 392971.0)	(66.0, 373527.0)	(67.0, 342045.5)	(68.0, 302118.0)	(69.0, 257831.0)	(70.0, 212147.0)	(71.0, 167712.5)	(72.0, 127853.5)	(73.0, 93169.5)	(74.0, 64473.0)	(75.0, 42809.0)	(76.0, 27754.5)	(77.0, 17907.5)	(78.0, 10912.5)	(79.0, 6127.0)	(80.0, 3536.0)	(81.0, 2035.0)	(82.0, 1158.5)	(83.0, 683.5)	(84.0, 422.0)	(85.0, 273.0)	(86.0, 185.0)	(87.0, 128.5)	(88.0, 113.5)	(89.0, 100.0)	(90.0, 94.5)	(91.0, 93.0)	(92.0, 100.5)	(93.0, 102.0)	(94.0, 96.0)	(95.0, 108.0)	(96.0, 146.5)	(97.0, 232.5)	(98.0, 387.5)	(99.0, 862.0)	(100.0, 4858.0)
IDDLNTM35_R1	(0.0, 0.0)	(1.0, 0.0)	(2.0, 0.0)	(3.0, 0.0)	(4.0, 0.0)	(5.0, 0.0)	(6.0, 0.0)	(7.0, 0.0)	(8.0, 0.0)	(9.0, 0.0)	(10.0, 0.0)	(11.0, 0.0)	(12.0, 0.0)	(13.0, 0.0)	(14.0, 0.5)	(15.0, 0.5)	(16.0, 0.0)	(17.0, 0.0)	(18.0, 0.0)	(19.0, 0.0)	(20.0, 0.0)	(21.0, 0.0)	(22.0, 0.5)	(23.0, 0.5)	(24.0, 0.0)	(25.0, 0.0)	(26.0, 0.5)	(27.0, 0.5)	(28.0, 0.0)	(29.0, 0.5)	(30.0, 1.5)	(31.0, 3.0)	(32.0, 5.5)	(33.0, 3.5)	(34.0, 4.5)	(35.0, 8.0)	(36.0, 10.5)	(37.0, 30.5)	(38.0, 44.5)	(39.0, 70.0)	(40.0, 122.5)	(41.0, 170.5)	(42.0, 285.0)	(43.0, 515.5)	(44.0, 833.0)	(45.0, 1283.5)	(46.0, 1936.0)	(47.0, 2829.5)	(48.0, 4194.0)	(49.0, 6208.0)	(50.0, 9367.0)	(51.0, 14353.0)	(52.0, 21239.5)	(53.0, 30469.0)	(54.0, 42758.0)	(55.0, 58122.5)	(56.0, 76871.5)	(57.0, 98918.0)	(58.0, 123144.5)	(59.0, 147885.0)	(60.0, 171899.0)	(61.0, 193673.5)	(62.0, 213084.0)	(63.0, 228686.0)	(64.0, 237381.0)	(65.0, 242241.5)	(66.0, 244490.0)	(67.0, 242150.0)	(68.0, 235590.0)	(69.0, 224808.5)	(70.0, 209324.5)	(71.0, 189237.0)	(72.0, 166192.5)	(73.0, 142253.5)	(74.0, 118628.5)	(75.0, 95858.5)	(76.0, 74533.0)	(77.0, 55257.0)	(78.0, 38947.5)	(79.0, 26387.5)	(80.0, 17350.5)	(81.0, 10935.5)	(82.0, 6573.0)	(83.0, 3895.0)	(84.0, 2214.5)	(85.0, 1134.5)	(86.0, 542.0)	(87.0, 264.0)	(88.0, 124.0)	(89.0, 59.0)	(90.0, 34.0)	(91.0, 29.0)	(92.0, 31.5)	(93.0, 41.5)	(94.0, 64.0)	(95.0, 91.5)	(96.0, 93.5)	(97.0, 72.0)	(98.0, 65.5)	(99.0, 57.0)	(100.0, 30.0)
IDDLNTM35_R2	(0.0, 0.0)	(1.0, 0.0)	(2.0, 0.0)	(3.0, 0.0)	(4.0, 0.0)	(5.0, 0.0)	(6.0, 0.0)	(7.0, 0.0)	(8.0, 0.0)	(9.0, 0.0)	(10.0, 0.0)	(11.0, 0.0)	(12.0, 0.0)	(13.0, 0.0)	(14.0, 0.0)	(15.0, 0.0)	(16.0, 0.0)	(17.0, 0.0)	(18.0, 0.0)	(19.0, 0.0)	(20.0, 0.5)	(21.0, 0.5)	(22.0, 0.0)	(23.0, 0.0)	(24.0, 0.0)	(25.0, 0.0)	(26.0, 0.0)	(27.0, 0.0)	(28.0, 0.5)	(29.0, 1.5)	(30.0, 2.0)	(31.0, 1.5)	(32.0, 5.0)	(33.0, 8.0)	(34.0, 8.0)	(35.0, 15.5)	(36.0, 24.0)	(37.0, 50.5)	(38.0, 88.5)	(39.0, 122.5)	(40.0, 186.5)	(41.0, 287.0)	(42.0, 456.0)	(43.0, 719.0)	(44.0, 1069.5)	(45.0, 1537.5)	(46.0, 2134.0)	(47.0, 3007.0)	(48.0, 4406.0)	(49.0, 6210.5)	(50.0, 8853.0)	(51.0, 13396.5)	(52.0, 20077.0)	(53.0, 29413.5)	(54.0, 42486.0)	(55.0, 59712.5)	(56.0, 80889.5)	(57.0, 105185.0)	(58.0, 130994.5)	(59.0, 156702.0)	(60.0, 180064.5)	(61.0, 198989.0)	(62.0, 213852.0)	(63.0, 223867.0)	(64.0, 229583.0)	(65.0, 234175.5)	(66.0, 236794.5)	(67.0, 235470.0)	(68.0, 230232.0)	(69.0, 221159.0)	(70.0, 206925.0)	(71.0, 187671.5)	(72.0, 165812.5)	(73.0, 142035.0)	(74.0, 118107.5)	(75.0, 95712.0)	(76.0, 74361.5)	(77.0, 54796.0)	(78.0, 38835.5)	(79.0, 26607.0)	(80.0, 17523.5)	(81.0, 11089.0)	(82.0, 6674.5)	(83.0, 3970.5)	(84.0, 2253.5)	(85.0, 1200.5)	(86.0, 620.0)	(87.0, 336.0)	(88.0, 203.5)	(89.0, 125.5)	(90.0, 107.0)	(91.0, 95.5)	(92.0, 89.5)	(93.0, 94.5)	(94.0, 92.5)	(95.0, 112.5)	(96.0, 147.5)	(97.0, 246.5)	(98.0, 394.5)	(99.0, 770.0)	(100.0, 3657.0)
IDDLNTM37_R1	(0.0, 0.0)	(1.0, 0.0)	(2.0, 0.0)	(3.0, 0.0)	(4.0, 0.0)	(5.0, 0.0)	(6.0, 0.0)	(7.0, 0.0)	(8.0, 0.0)	(9.0, 0.0)	(10.0, 0.0)	(11.0, 0.0)	(12.0, 0.0)	(13.0, 0.0)	(14.0, 0.0)	(15.0, 0.0)	(16.0, 0.0)	(17.0, 0.0)	(18.0, 0.0)	(19.0, 0.5)	(20.0, 0.5)	(21.0, 0.0)	(22.0, 0.0)	(23.0, 0.0)	(24.0, 0.0)	(25.0, 0.5)	(26.0, 1.5)	(27.0, 1.0)	(28.0, 0.0)	(29.0, 1.0)	(30.0, 2.5)	(31.0, 8.5)	(32.0, 13.5)	(33.0, 11.0)	(34.0, 11.0)	(35.0, 11.0)	(36.0, 7.0)	(37.0, 11.0)	(38.0, 36.5)	(39.0, 77.5)	(40.0, 130.5)	(41.0, 200.5)	(42.0, 295.5)	(43.0, 459.5)	(44.0, 700.0)	(45.0, 939.5)	(46.0, 1384.0)	(47.0, 2154.5)	(48.0, 3104.0)	(49.0, 4382.0)	(50.0, 6355.0)	(51.0, 9373.0)	(52.0, 13755.0)	(53.0, 19969.0)	(54.0, 28794.5)	(55.0, 40844.5)	(56.0, 56455.0)	(57.0, 76299.5)	(58.0, 100634.5)	(59.0, 129620.5)	(60.0, 161655.0)	(61.0, 194852.5)	(62.0, 228538.5)	(63.0, 258612.0)	(64.0, 282007.5)	(65.0, 297782.5)	(66.0, 305693.0)	(67.0, 306509.5)	(68.0, 301499.5)	(69.0, 291806.0)	(70.0, 275394.0)	(71.0, 253996.5)	(72.0, 229679.5)	(73.0, 201748.0)	(74.0, 173109.0)	(75.0, 145650.0)	(76.0, 118014.0)	(77.0, 92082.0)	(78.0, 69294.0)	(79.0, 49475.0)	(80.0, 34056.5)	(81.0, 22306.5)	(82.0, 13607.0)	(83.0, 7865.0)	(84.0, 4372.5)	(85.0, 2295.5)	(86.0, 1088.0)	(87.0, 510.5)	(88.0, 239.5)	(89.0, 110.0)	(90.0, 54.5)	(91.0, 31.0)	(92.0, 39.5)	(93.0, 51.5)	(94.0, 70.0)	(95.0, 100.5)	(96.0, 96.5)	(97.0, 76.0)	(98.0, 75.0)	(99.0, 64.0)	(100.0, 32.5)
IDDLNTM37_R2	(0.0, 0.0)	(1.0, 0.0)	(2.0, 0.0)	(3.0, 0.0)	(4.0, 0.5)	(5.0, 0.5)	(6.0, 0.0)	(7.0, 0.0)	(8.0, 0.0)	(9.0, 0.0)	(10.0, 0.0)	(11.0, 0.0)	(12.0, 0.0)	(13.0, 0.0)	(14.0, 0.0)	(15.0, 0.0)	(16.0, 0.0)	(17.0, 0.0)	(18.0, 0.0)	(19.0, 0.0)	(20.0, 0.0)	(21.0, 0.0)	(22.0, 0.0)	(23.0, 1.0)	(24.0, 1.0)	(25.0, 0.0)	(26.0, 0.0)	(27.0, 0.5)	(28.0, 0.5)	(29.0, 1.0)	(30.0, 5.5)	(31.0, 12.0)	(32.0, 15.5)	(33.0, 17.0)	(34.0, 18.0)	(35.0, 15.0)	(36.0, 12.0)	(37.0, 31.0)	(38.0, 66.5)	(39.0, 121.5)	(40.0, 198.5)	(41.0, 311.5)	(42.0, 469.5)	(43.0, 689.5)	(44.0, 987.0)	(45.0, 1382.5)	(46.0, 1938.5)	(47.0, 2811.5)	(48.0, 4066.5)	(49.0, 5566.5)	(50.0, 7934.5)	(51.0, 11687.0)	(52.0, 17338.5)	(53.0, 25587.5)	(54.0, 37677.5)	(55.0, 54303.0)	(56.0, 75192.5)	(57.0, 100073.0)	(58.0, 127827.5)	(59.0, 157178.0)	(60.0, 184992.0)	(61.0, 209321.5)	(62.0, 230812.0)	(63.0, 248119.0)	(64.0, 260770.0)	(65.0, 268853.0)	(66.0, 274546.0)	(67.0, 278042.5)	(68.0, 278595.5)	(69.0, 275219.5)	(70.0, 263920.0)	(71.0, 246645.0)	(72.0, 225234.5)	(73.0, 199208.0)	(74.0, 171806.5)	(75.0, 144798.0)	(76.0, 117411.0)	(77.0, 91747.0)	(78.0, 68853.5)	(79.0, 49341.5)	(80.0, 33965.5)	(81.0, 22154.5)	(82.0, 13604.5)	(83.0, 7913.5)	(84.0, 4468.5)	(85.0, 2397.0)	(86.0, 1241.0)	(87.0, 629.0)	(88.0, 335.5)	(89.0, 215.0)	(90.0, 155.5)	(91.0, 138.5)	(92.0, 131.5)	(93.0, 119.5)	(94.0, 144.0)	(95.0, 175.0)	(96.0, 194.5)	(97.0, 277.5)	(98.0, 452.0)	(99.0, 978.0)	(100.0, 4912.5)
IDDLNTM38_R1	(0.0, 0.0)	(1.0, 0.0)	(2.0, 0.0)	(3.0, 0.0)	(4.0, 0.0)	(5.0, 0.0)	(6.0, 0.0)	(7.0, 0.0)	(8.0, 0.0)	(9.0, 0.0)	(10.0, 0.0)	(11.0, 0.0)	(12.0, 0.0)	(13.0, 0.0)	(14.0, 0.0)	(15.0, 0.0)	(16.0, 0.0)	(17.0, 0.0)	(18.0, 0.0)	(19.0, 0.0)	(20.0, 0.0)	(21.0, 0.0)	(22.0, 0.0)	(23.0, 0.0)	(24.0, 0.0)	(25.0, 0.0)	(26.0, 0.0)	(27.0, 0.0)	(28.0, 0.0)	(29.0, 0.0)	(30.0, 0.0)	(31.0, 1.0)	(32.0, 7.5)	(33.0, 13.0)	(34.0, 13.5)	(35.0, 18.5)	(36.0, 26.5)	(37.0, 72.0)	(38.0, 120.5)	(39.0, 189.5)	(40.0, 306.0)	(41.0, 464.0)	(42.0, 800.5)	(43.0, 1309.0)	(44.0, 1894.0)	(45.0, 2633.5)	(46.0, 3754.5)	(47.0, 5416.5)	(48.0, 7694.0)	(49.0, 11164.5)	(50.0, 15998.0)	(51.0, 22873.5)	(52.0, 33531.0)	(53.0, 48761.0)	(54.0, 70034.5)	(55.0, 98373.0)	(56.0, 133660.5)	(57.0, 175263.5)	(58.0, 222760.0)	(59.0, 272207.0)	(60.0, 319748.5)	(61.0, 360755.0)	(62.0, 390124.0)	(63.0, 404815.0)	(64.0, 403429.0)	(65.0, 387632.5)	(66.0, 358348.0)	(67.0, 319854.0)	(68.0, 276028.0)	(69.0, 230386.0)	(70.0, 186188.5)	(71.0, 144193.5)	(72.0, 108345.0)	(73.0, 78978.5)	(74.0, 54357.5)	(75.0, 36046.5)	(76.0, 23426.5)	(77.0, 14701.0)	(78.0, 8910.0)	(79.0, 5392.0)	(80.0, 3211.0)	(81.0, 1854.5)	(82.0, 1081.5)	(83.0, 680.0)	(84.0, 383.0)	(85.0, 187.0)	(86.0, 98.5)	(87.0, 56.5)	(88.0, 27.5)	(89.0, 28.0)	(90.0, 22.5)	(91.0, 22.5)	(92.0, 40.0)	(93.0, 69.0)	(94.0, 115.5)	(95.0, 149.0)	(96.0, 137.0)	(97.0, 105.5)	(98.0, 85.0)	(99.0, 77.0)	(100.0, 43.0)
IDDLNTM38_R2	(0.0, 0.0)	(1.0, 0.0)	(2.0, 0.0)	(3.0, 0.0)	(4.0, 0.0)	(5.0, 0.0)	(6.0, 0.0)	(7.0, 0.0)	(8.0, 0.0)	(9.0, 0.0)	(10.0, 0.0)	(11.0, 0.0)	(12.0, 0.0)	(13.0, 0.0)	(14.0, 0.0)	(15.0, 0.0)	(16.0, 0.0)	(17.0, 0.0)	(18.0, 0.0)	(19.0, 0.0)	(20.0, 0.0)	(21.0, 0.0)	(22.0, 0.0)	(23.0, 0.0)	(24.0, 0.0)	(25.0, 0.0)	(26.0, 0.0)	(27.0, 0.0)	(28.0, 1.0)	(29.0, 1.0)	(30.0, 1.5)	(31.0, 3.0)	(32.0, 11.0)	(33.0, 17.5)	(34.0, 17.5)	(35.0, 32.0)	(36.0, 61.0)	(37.0, 114.5)	(38.0, 190.5)	(39.0, 298.0)	(40.0, 488.5)	(41.0, 785.0)	(42.0, 1237.0)	(43.0, 1938.5)	(44.0, 2798.5)	(45.0, 3874.5)	(46.0, 5463.0)	(47.0, 7935.0)	(48.0, 11736.5)	(49.0, 17852.0)	(50.0, 27134.5)	(51.0, 41153.5)	(52.0, 61934.0)	(53.0, 89507.5)	(54.0, 123120.0)	(55.0, 160506.5)	(56.0, 197731.5)	(57.0, 230871.0)	(58.0, 259253.5)	(59.0, 283316.5)	(60.0, 303104.0)	(61.0, 319094.0)	(62.0, 332162.0)	(63.0, 340298.0)	(64.0, 339943.5)	(65.0, 331726.5)	(66.0, 314745.5)	(67.0, 289267.0)	(68.0, 256466.0)	(69.0, 218605.5)	(70.0, 179988.5)	(71.0, 142039.5)	(72.0, 107851.5)	(73.0, 78870.0)	(74.0, 54707.5)	(75.0, 36458.5)	(76.0, 23642.5)	(77.0, 14904.0)	(78.0, 9036.0)	(79.0, 5453.0)	(80.0, 3314.0)	(81.0, 1978.5)	(82.0, 1245.0)	(83.0, 807.5)	(84.0, 503.0)	(85.0, 317.5)	(86.0, 228.0)	(87.0, 176.0)	(88.0, 160.0)	(89.0, 143.5)	(90.0, 147.5)	(91.0, 158.0)	(92.0, 162.5)	(93.0, 167.0)	(94.0, 173.5)	(95.0, 197.5)	(96.0, 243.5)	(97.0, 351.5)	(98.0, 585.0)	(99.0, 1220.0)	(100.0, 5162.0)
IDDLNTM39_R1	(0.0, 0.0)	(1.0, 0.0)	(2.0, 0.0)	(3.0, 0.0)	(4.0, 0.0)	(5.0, 0.0)	(6.0, 0.0)	(7.0, 0.0)	(8.0, 0.0)	(9.0, 0.0)	(10.0, 0.0)	(11.0, 0.0)	(12.0, 0.0)	(13.0, 0.0)	(14.0, 0.0)	(15.0, 0.0)	(16.0, 0.0)	(17.0, 0.0)	(18.0, 0.0)	(19.0, 0.0)	(20.0, 0.0)	(21.0, 0.0)	(22.0, 0.0)	(23.0, 0.0)	(24.0, 0.0)	(25.0, 0.0)	(26.0, 0.0)	(27.0, 0.0)	(28.0, 0.5)	(29.0, 1.0)	(30.0, 2.0)	(31.0, 2.0)	(32.0, 0.5)	(33.0, 0.5)	(34.0, 0.5)	(35.0, 0.5)	(36.0, 5.5)	(37.0, 26.0)	(38.0, 53.0)	(39.0, 67.5)	(40.0, 96.0)	(41.0, 143.5)	(42.0, 213.0)	(43.0, 351.5)	(44.0, 537.5)	(45.0, 766.0)	(46.0, 1037.0)	(47.0, 1447.0)	(48.0, 2121.0)	(49.0, 3009.5)	(50.0, 4298.0)	(51.0, 5996.0)	(52.0, 8379.5)	(53.0, 11900.0)	(54.0, 16783.0)	(55.0, 23570.5)	(56.0, 33454.0)	(57.0, 46678.0)	(58.0, 63087.5)	(59.0, 83241.0)	(60.0, 106075.0)	(61.0, 132232.5)	(62.0, 160097.5)	(63.0, 185701.5)	(64.0, 206908.5)	(65.0, 221457.0)	(66.0, 229859.0)	(67.0, 232141.0)	(68.0, 227434.5)	(69.0, 217382.5)	(70.0, 202024.5)	(71.0, 182383.0)	(72.0, 161927.0)	(73.0, 140919.5)	(74.0, 119395.5)	(75.0, 97650.0)	(76.0, 76586.0)	(77.0, 58003.0)	(78.0, 41660.5)	(79.0, 27944.5)	(80.0, 17342.0)	(81.0, 9805.5)	(82.0, 4948.0)	(83.0, 2139.0)	(84.0, 856.5)	(85.0, 311.0)	(86.0, 126.0)	(87.0, 53.5)	(88.0, 31.5)	(89.0, 28.0)	(90.0, 16.5)	(91.0, 11.0)	(92.0, 16.0)	(93.0, 19.0)	(94.0, 20.0)	(95.0, 29.0)	(96.0, 26.5)	(97.0, 29.0)	(98.0, 42.5)	(99.0, 46.0)	(100.0, 28.5)
IDDLNTM39_R2	(0.0, 0.0)	(1.0, 0.0)	(2.0, 0.0)	(3.0, 0.0)	(4.0, 0.0)	(5.0, 0.0)	(6.0, 0.5)	(7.0, 0.5)	(8.0, 0.0)	(9.0, 0.0)	(10.0, 0.0)	(11.0, 0.0)	(12.0, 0.0)	(13.0, 0.5)	(14.0, 0.5)	(15.0, 0.0)	(16.0, 0.0)	(17.0, 0.0)	(18.0, 0.0)	(19.0, 0.0)	(20.0, 0.5)	(21.0, 0.5)	(22.0, 0.0)	(23.0, 0.0)	(24.0, 0.0)	(25.0, 0.5)	(26.0, 0.5)	(27.0, 0.0)	(28.0, 0.0)	(29.0, 1.0)	(30.0, 3.0)	(31.0, 2.5)	(32.0, 2.5)	(33.0, 3.0)	(34.0, 4.0)	(35.0, 8.0)	(36.0, 13.5)	(37.0, 28.5)	(38.0, 68.5)	(39.0, 108.0)	(40.0, 160.0)	(41.0, 216.5)	(42.0, 303.5)	(43.0, 488.5)	(44.0, 750.0)	(45.0, 1045.5)	(46.0, 1370.5)	(47.0, 1878.5)	(48.0, 2683.0)	(49.0, 3696.0)	(50.0, 5125.5)	(51.0, 7125.5)	(52.0, 9985.0)	(53.0, 14174.0)	(54.0, 20445.5)	(55.0, 29702.0)	(56.0, 42885.5)	(57.0, 60300.0)	(58.0, 81128.5)	(59.0, 104401.5)	(60.0, 128226.5)	(61.0, 151023.0)	(62.0, 171407.5)	(63.0, 187953.0)	(64.0, 199112.5)	(65.0, 204744.5)	(66.0, 207339.0)	(67.0, 207928.5)	(68.0, 206018.5)	(69.0, 200269.5)	(70.0, 189189.0)	(71.0, 174045.0)	(72.0, 157216.5)	(73.0, 138573.5)	(74.0, 117960.0)	(75.0, 97081.0)	(76.0, 76942.0)	(77.0, 58071.0)	(78.0, 41657.5)	(79.0, 28017.5)	(80.0, 17388.0)	(81.0, 10062.0)	(82.0, 5138.5)	(83.0, 2240.5)	(84.0, 908.5)	(85.0, 345.0)	(86.0, 149.5)	(87.0, 84.5)	(88.0, 65.0)	(89.0, 50.5)	(90.0, 39.5)	(91.0, 32.0)	(92.0, 32.5)	(93.0, 32.5)	(94.0, 37.0)	(95.0, 48.0)	(96.0, 46.5)	(97.0, 63.5)	(98.0, 94.0)	(99.0, 207.5)	(100.0, 1592.0)
IDDLNTM4.A_R1	(0.0, 0.0)	(1.0, 0.0)	(2.0, 0.0)	(3.0, 0.0)	(4.0, 0.0)	(5.0, 0.0)	(6.0, 0.0)	(7.0, 0.0)	(8.0, 0.0)	(9.0, 0.0)	(10.0, 0.0)	(11.0, 0.0)	(12.0, 0.0)	(13.0, 0.0)	(14.0, 1.0)	(15.0, 1.0)	(16.0, 0.0)	(17.0, 0.0)	(18.0, 0.0)	(19.0, 0.0)	(20.0, 0.0)	(21.0, 0.0)	(22.0, 0.0)	(23.0, 0.0)	(24.0, 0.0)	(25.0, 0.0)	(26.0, 0.5)	(27.0, 0.5)	(28.0, 0.0)	(29.0, 1.0)	(30.0, 1.0)	(31.0, 0.0)	(32.0, 0.0)	(33.0, 0.0)	(34.0, 5.5)	(35.0, 7.5)	(36.0, 5.0)	(37.0, 11.0)	(38.0, 20.5)	(39.0, 38.0)	(40.0, 75.0)	(41.0, 133.0)	(42.0, 212.0)	(43.0, 345.0)	(44.0, 503.5)	(45.0, 785.5)	(46.0, 1256.0)	(47.0, 1765.5)	(48.0, 2558.0)	(49.0, 3823.5)	(50.0, 5727.5)	(51.0, 8573.5)	(52.0, 12828.0)	(53.0, 18870.0)	(54.0, 27192.5)	(55.0, 38514.0)	(56.0, 53067.5)	(57.0, 71219.0)	(58.0, 94001.0)	(59.0, 119897.5)	(60.0, 147427.0)	(61.0, 176112.0)	(62.0, 205283.5)	(63.0, 231386.5)	(64.0, 251699.5)	(65.0, 265597.0)	(66.0, 273373.0)	(67.0, 277486.5)	(68.0, 277070.5)	(69.0, 272197.5)	(70.0, 260138.5)	(71.0, 240491.0)	(72.0, 217571.5)	(73.0, 190140.5)	(74.0, 159544.0)	(75.0, 128945.5)	(76.0, 98904.5)	(77.0, 71520.0)	(78.0, 47774.5)	(79.0, 28690.0)	(80.0, 15549.0)	(81.0, 7564.5)	(82.0, 3164.0)	(83.0, 1132.5)	(84.0, 399.5)	(85.0, 149.0)	(86.0, 68.0)	(87.0, 36.0)	(88.0, 21.5)	(89.0, 17.5)	(90.0, 18.5)	(91.0, 21.0)	(92.0, 20.5)	(93.0, 18.0)	(94.0, 19.5)	(95.0, 33.0)	(96.0, 42.5)	(97.0, 39.0)	(98.0, 47.5)	(99.0, 55.5)	(100.0, 30.5)
IDDLNTM4.A_R2	(0.0, 0.0)	(1.0, 0.0)	(2.0, 0.0)	(3.0, 0.0)	(4.0, 0.0)	(5.0, 0.0)	(6.0, 0.0)	(7.0, 0.5)	(8.0, 0.5)	(9.0, 0.0)	(10.0, 0.0)	(11.0, 0.0)	(12.0, 0.0)	(13.0, 0.0)	(14.0, 0.0)	(15.0, 0.0)	(16.0, 0.0)	(17.0, 0.0)	(18.0, 0.0)	(19.0, 0.0)	(20.0, 0.0)	(21.0, 0.0)	(22.0, 0.0)	(23.0, 0.0)	(24.0, 0.0)	(25.0, 0.0)	(26.0, 0.0)	(27.0, 0.0)	(28.0, 0.0)	(29.0, 0.5)	(30.0, 0.5)	(31.0, 0.5)	(32.0, 3.0)	(33.0, 4.5)	(34.0, 6.0)	(35.0, 9.0)	(36.0, 18.0)	(37.0, 30.5)	(38.0, 64.5)	(39.0, 107.0)	(40.0, 148.5)	(41.0, 227.0)	(42.0, 347.0)	(43.0, 530.0)	(44.0, 810.5)	(45.0, 1202.5)	(46.0, 1713.0)	(47.0, 2498.5)	(48.0, 3738.5)	(49.0, 5595.0)	(50.0, 8535.5)	(51.0, 13233.0)	(52.0, 20274.0)	(53.0, 30286.5)	(54.0, 43707.0)	(55.0, 60522.5)	(56.0, 79815.5)	(57.0, 100607.5)	(58.0, 121182.0)	(59.0, 140224.0)	(60.0, 157605.0)	(61.0, 173255.0)	(62.0, 189799.0)	(63.0, 206953.5)	(64.0, 221938.5)	(65.0, 235663.0)	(66.0, 247200.5)	(67.0, 256448.5)	(68.0, 262305.5)	(69.0, 261773.5)	(70.0, 253030.5)	(71.0, 236429.5)	(72.0, 215193.5)	(73.0, 188932.5)	(74.0, 159703.0)	(75.0, 129014.0)	(76.0, 98904.5)	(77.0, 71813.0)	(78.0, 47643.5)	(79.0, 28850.0)	(80.0, 15863.0)	(81.0, 7712.0)	(82.0, 3292.0)	(83.0, 1225.0)	(84.0, 432.0)	(85.0, 197.5)	(86.0, 113.5)	(87.0, 76.0)	(88.0, 62.5)	(89.0, 53.5)	(90.0, 49.5)	(91.0, 46.5)	(92.0, 45.5)	(93.0, 43.5)	(94.0, 40.0)	(95.0, 37.0)	(96.0, 40.5)	(97.0, 61.0)	(98.0, 113.0)	(99.0, 283.5)	(100.0, 1883.0)
IDDLNTM4.B_R1	(0.0, 0.0)	(1.0, 0.0)	(2.0, 0.0)	(3.0, 0.0)	(4.0, 0.0)	(5.0, 0.0)	(6.0, 0.0)	(7.0, 0.0)	(8.0, 0.0)	(9.0, 0.0)	(10.0, 0.0)	(11.0, 0.0)	(12.0, 0.0)	(13.0, 0.0)	(14.0, 0.0)	(15.0, 0.0)	(16.0, 0.0)	(17.0, 0.0)	(18.0, 0.0)	(19.0, 0.0)	(20.0, 0.0)	(21.0, 0.0)	(22.0, 0.0)	(23.0, 0.0)	(24.0, 0.5)	(25.0, 0.5)	(26.0, 0.0)	(27.0, 0.5)	(28.0, 0.5)	(29.0, 0.5)	(30.0, 0.5)	(31.0, 0.0)	(32.0, 2.5)	(33.0, 3.5)	(34.0, 2.5)	(35.0, 2.0)	(36.0, 4.0)	(37.0, 14.0)	(38.0, 18.5)	(39.0, 29.0)	(40.0, 52.5)	(41.0, 86.5)	(42.0, 127.0)	(43.0, 188.5)	(44.0, 300.5)	(45.0, 476.0)	(46.0, 738.0)	(47.0, 1093.5)	(48.0, 1759.5)	(49.0, 2838.0)	(50.0, 4384.5)	(51.0, 6744.0)	(52.0, 10280.5)	(53.0, 15349.0)	(54.0, 22164.5)	(55.0, 31026.5)	(56.0, 42442.0)	(57.0, 55298.5)	(58.0, 69131.0)	(59.0, 84178.5)	(60.0, 98109.0)	(61.0, 109944.0)	(62.0, 119087.5)	(63.0, 124883.5)	(64.0, 127210.0)	(65.0, 126211.5)	(66.0, 124010.0)	(67.0, 121120.5)	(68.0, 117422.5)	(69.0, 112965.5)	(70.0, 105733.0)	(71.0, 95027.5)	(72.0, 82432.5)	(73.0, 68504.0)	(74.0, 53554.5)	(75.0, 38249.5)	(76.0, 24471.5)	(77.0, 14018.5)	(78.0, 6954.5)	(79.0, 2988.0)	(80.0, 1172.0)	(81.0, 432.0)	(82.0, 151.5)	(83.0, 58.5)	(84.0, 22.0)	(85.0, 11.0)	(86.0, 5.5)	(87.0, 7.5)	(88.0, 7.0)	(89.0, 2.5)	(90.0, 3.0)	(91.0, 5.0)	(92.0, 5.0)	(93.0, 4.5)	(94.0, 6.5)	(95.0, 8.0)	(96.0, 7.5)	(97.0, 15.5)	(98.0, 24.5)	(99.0, 21.0)	(100.0, 11.0)
IDDLNTM4.B_R2	(0.0, 0.0)	(1.0, 0.0)	(2.0, 0.0)	(3.0, 0.0)	(4.0, 0.0)	(5.0, 0.0)	(6.0, 0.0)	(7.0, 0.0)	(8.0, 0.0)	(9.0, 0.0)	(10.0, 0.0)	(11.0, 0.0)	(12.0, 0.0)	(13.0, 0.0)	(14.0, 0.0)	(15.0, 0.0)	(16.0, 0.0)	(17.0, 0.0)	(18.0, 0.0)	(19.0, 0.0)	(20.0, 0.5)	(21.0, 0.5)	(22.0, 0.0)	(23.0, 0.0)	(24.0, 0.5)	(25.0, 1.5)	(26.0, 1.0)	(27.0, 0.0)	(28.0, 0.0)	(29.0, 0.5)	(30.0, 0.5)	(31.0, 1.0)	(32.0, 3.5)	(33.0, 4.5)	(34.0, 6.0)	(35.0, 8.0)	(36.0, 9.0)	(37.0, 24.0)	(38.0, 39.5)	(39.0, 47.0)	(40.0, 73.0)	(41.0, 114.5)	(42.0, 176.5)	(43.0, 257.5)	(44.0, 368.0)	(45.0, 535.5)	(46.0, 772.0)	(47.0, 1090.0)	(48.0, 1564.5)	(49.0, 2237.0)	(50.0, 3213.0)	(51.0, 4763.0)	(52.0, 7066.5)	(53.0, 10542.0)	(54.0, 15827.0)	(55.0, 23498.0)	(56.0, 34323.5)	(57.0, 48213.5)	(58.0, 64976.5)	(59.0, 82925.0)	(60.0, 99698.5)	(61.0, 114075.0)	(62.0, 125102.0)	(63.0, 131952.0)	(64.0, 134027.5)	(65.0, 132415.5)	(66.0, 128614.0)	(67.0, 124199.5)	(68.0, 119726.5)	(69.0, 113984.0)	(70.0, 105711.5)	(71.0, 95392.0)	(72.0, 83021.5)	(73.0, 68457.0)	(74.0, 53470.0)	(75.0, 38458.5)	(76.0, 24707.5)	(77.0, 14138.5)	(78.0, 7055.0)	(79.0, 3062.0)	(80.0, 1166.5)	(81.0, 443.0)	(82.0, 174.5)	(83.0, 78.5)	(84.0, 35.5)	(85.0, 23.5)	(86.0, 18.0)	(87.0, 11.5)	(88.0, 9.0)	(89.0, 8.5)	(90.0, 9.0)	(91.0, 8.5)	(92.0, 5.0)	(93.0, 4.5)	(94.0, 5.0)	(95.0, 9.0)	(96.0, 12.5)	(97.0, 16.5)	(98.0, 21.0)	(99.0, 65.0)	(100.0, 798.5)
IDDLNTM4.C_R1	(0.0, 0.0)	(1.0, 0.0)	(2.0, 0.0)	(3.0, 0.0)	(4.0, 0.0)	(5.0, 0.0)	(6.0, 0.0)	(7.0, 0.0)	(8.0, 0.0)	(9.0, 0.0)	(10.0, 0.0)	(11.0, 0.0)	(12.0, 0.0)	(13.0, 0.0)	(14.0, 0.5)	(15.0, 0.5)	(16.0, 0.0)	(17.0, 0.0)	(18.0, 0.0)	(19.0, 0.0)	(20.0, 0.0)	(21.0, 0.0)	(22.0, 0.0)	(23.0, 0.0)	(24.0, 0.0)	(25.0, 0.0)	(26.0, 0.5)	(27.0, 1.0)	(28.0, 0.5)	(29.0, 0.5)	(30.0, 2.0)	(31.0, 2.5)	(32.0, 1.5)	(33.0, 1.0)	(34.0, 2.5)	(35.0, 2.5)	(36.0, 6.0)	(37.0, 15.0)	(38.0, 27.5)	(39.0, 45.0)	(40.0, 66.0)	(41.0, 121.5)	(42.0, 199.5)	(43.0, 301.0)	(44.0, 444.0)	(45.0, 669.0)	(46.0, 1082.0)	(47.0, 1550.0)	(48.0, 2268.5)	(49.0, 3286.0)	(50.0, 4824.5)	(51.0, 7198.5)	(52.0, 10496.5)	(53.0, 15321.5)	(54.0, 21912.5)	(55.0, 30801.5)	(56.0, 42904.0)	(57.0, 58529.0)	(58.0, 77775.5)	(59.0, 100745.5)	(60.0, 126590.5)	(61.0, 153126.5)	(62.0, 181109.0)	(63.0, 207611.5)	(64.0, 229033.0)	(65.0, 244356.0)	(66.0, 253300.5)	(67.0, 259987.0)	(68.0, 262607.5)	(69.0, 259782.0)	(70.0, 250098.5)	(71.0, 233522.0)	(72.0, 213846.5)	(73.0, 190191.5)	(74.0, 163836.0)	(75.0, 136835.0)	(76.0, 110031.0)	(77.0, 84273.0)	(78.0, 61007.0)	(79.0, 42051.5)	(80.0, 27291.0)	(81.0, 16302.5)	(82.0, 8765.5)	(83.0, 4275.0)	(84.0, 1919.0)	(85.0, 737.5)	(86.0, 289.5)	(87.0, 137.0)	(88.0, 64.5)	(89.0, 38.0)	(90.0, 25.0)	(91.0, 18.0)	(92.0, 27.0)	(93.0, 44.5)	(94.0, 59.0)	(95.0, 74.5)	(96.0, 79.5)	(97.0, 65.0)	(98.0, 51.0)	(99.0, 53.5)	(100.0, 32.0)
IDDLNTM4.C_R2	(0.0, 0.0)	(1.0, 0.0)	(2.0, 0.0)	(3.0, 0.0)	(4.0, 0.5)	(5.0, 0.5)	(6.0, 0.0)	(7.0, 0.0)	(8.0, 0.0)	(9.0, 0.0)	(10.0, 0.0)	(11.0, 0.0)	(12.0, 0.0)	(13.0, 0.0)	(14.0, 0.0)	(15.0, 0.0)	(16.0, 0.0)	(17.0, 0.0)	(18.0, 0.0)	(19.0, 0.0)	(20.0, 0.0)	(21.0, 0.0)	(22.0, 0.0)	(23.0, 0.0)	(24.0, 0.5)	(25.0, 1.0)	(26.0, 1.5)	(27.0, 1.5)	(28.0, 0.5)	(29.0, 0.0)	(30.0, 0.0)	(31.0, 2.0)	(32.0, 6.0)	(33.0, 6.0)	(34.0, 3.0)	(35.0, 6.5)	(36.0, 15.5)	(37.0, 29.0)	(38.0, 53.5)	(39.0, 92.5)	(40.0, 156.5)	(41.0, 231.5)	(42.0, 347.5)	(43.0, 541.0)	(44.0, 803.0)	(45.0, 1209.5)	(46.0, 1806.5)	(47.0, 2670.0)	(48.0, 4200.0)	(49.0, 6511.5)	(50.0, 10097.5)	(51.0, 15574.0)	(52.0, 23478.5)	(53.0, 33909.0)	(54.0, 46933.0)	(55.0, 61739.0)	(56.0, 77022.5)	(57.0, 92161.5)	(58.0, 105992.5)	(59.0, 119078.5)	(60.0, 131460.0)	(61.0, 143842.5)	(62.0, 159419.0)	(63.0, 176295.5)	(64.0, 192652.5)	(65.0, 208286.5)	(66.0, 221655.5)	(67.0, 233342.0)	(68.0, 242431.5)	(69.0, 246062.0)	(70.0, 241108.5)	(71.0, 228567.0)	(72.0, 211394.5)	(73.0, 189831.0)	(74.0, 164467.0)	(75.0, 137434.0)	(76.0, 111051.5)	(77.0, 85731.0)	(78.0, 62248.5)	(79.0, 42697.0)	(80.0, 27622.0)	(81.0, 16624.0)	(82.0, 9209.0)	(83.0, 4612.5)	(84.0, 2095.5)	(85.0, 910.0)	(86.0, 373.0)	(87.0, 178.0)	(88.0, 120.0)	(89.0, 98.5)	(90.0, 95.0)	(91.0, 89.0)	(92.0, 86.0)	(93.0, 76.5)	(94.0, 76.0)	(95.0, 92.0)	(96.0, 101.5)	(97.0, 150.5)	(98.0, 270.0)	(99.0, 585.5)	(100.0, 3221.5)
IDDLNTM40_R1	(0.0, 0.0)	(1.0, 0.0)	(2.0, 0.0)	(3.0, 0.0)	(4.0, 0.0)	(5.0, 0.0)	(6.0, 0.0)	(7.0, 0.0)	(8.0, 0.0)	(9.0, 0.0)	(10.0, 0.0)	(11.0, 0.0)	(12.0, 0.0)	(13.0, 0.0)	(14.0, 0.5)	(15.0, 0.5)	(16.0, 0.0)	(17.0, 0.0)	(18.0, 0.0)	(19.0, 0.0)	(20.0, 0.0)	(21.0, 0.0)	(22.0, 0.0)	(23.0, 0.0)	(24.0, 0.0)	(25.0, 0.5)	(26.0, 1.0)	(27.0, 0.5)	(28.0, 0.5)	(29.0, 0.5)	(30.0, 0.0)	(31.0, 1.0)	(32.0, 2.0)	(33.0, 2.5)	(34.0, 11.0)	(35.0, 23.5)	(36.0, 35.5)	(37.0, 58.0)	(38.0, 86.5)	(39.0, 148.0)	(40.0, 260.5)	(41.0, 414.0)	(42.0, 533.5)	(43.0, 708.5)	(44.0, 1020.0)	(45.0, 1452.0)	(46.0, 2017.0)	(47.0, 2927.5)	(48.0, 4440.0)	(49.0, 6678.5)	(50.0, 10034.5)	(51.0, 15175.0)	(52.0, 22593.5)	(53.0, 33050.0)	(54.0, 46660.0)	(55.0, 64001.5)	(56.0, 85269.5)	(57.0, 109599.0)	(58.0, 135649.0)	(59.0, 162069.5)	(60.0, 187842.5)	(61.0, 211350.5)	(62.0, 231066.5)	(63.0, 247485.5)	(64.0, 259848.5)	(65.0, 266619.0)	(66.0, 267237.0)	(67.0, 262699.0)	(68.0, 250894.0)	(69.0, 231217.0)	(70.0, 207874.0)	(71.0, 180439.0)	(72.0, 151189.5)	(73.0, 123247.0)	(74.0, 96858.0)	(75.0, 72828.5)	(76.0, 52963.0)	(77.0, 37826.0)	(78.0, 26398.5)	(79.0, 18016.0)	(80.0, 12020.5)	(81.0, 7561.0)	(82.0, 4300.5)	(83.0, 2209.5)	(84.0, 993.5)	(85.0, 394.5)	(86.0, 139.5)	(87.0, 56.5)	(88.0, 32.0)	(89.0, 22.0)	(90.0, 17.5)	(91.0, 15.5)	(92.0, 18.0)	(93.0, 27.0)	(94.0, 42.0)	(95.0, 54.5)	(96.0, 59.0)	(97.0, 57.5)	(98.0, 54.5)	(99.0, 52.5)	(100.0, 32.0)
IDDLNTM40_R2	(0.0, 0.0)	(1.0, 0.0)	(2.0, 0.0)	(3.0, 0.0)	(4.0, 0.0)	(5.0, 0.0)	(6.0, 0.0)	(7.0, 0.0)	(8.0, 0.0)	(9.0, 0.0)	(10.0, 0.0)	(11.0, 0.0)	(12.0, 0.0)	(13.0, 0.0)	(14.0, 0.0)	(15.0, 0.0)	(16.0, 0.0)	(17.0, 0.0)	(18.0, 0.5)	(19.0, 0.5)	(20.0, 0.0)	(21.0, 0.0)	(22.0, 0.0)	(23.0, 0.0)	(24.0, 0.0)	(25.0, 1.5)	(26.0, 1.5)	(27.0, 1.0)	(28.0, 1.5)	(29.0, 2.0)	(30.0, 2.5)	(31.0, 3.0)	(32.0, 7.5)	(33.0, 7.5)	(34.0, 9.5)	(35.0, 24.0)	(36.0, 44.0)	(37.0, 81.5)	(38.0, 123.5)	(39.0, 201.0)	(40.0, 319.0)	(41.0, 495.0)	(42.0, 689.0)	(43.0, 923.0)	(44.0, 1329.5)	(45.0, 1866.5)	(46.0, 2573.5)	(47.0, 3655.0)	(48.0, 5265.5)	(49.0, 7751.0)	(50.0, 11802.5)	(51.0, 17992.5)	(52.0, 27098.5)	(53.0, 40057.0)	(54.0, 56734.0)	(55.0, 76362.5)	(56.0, 98096.0)	(57.0, 120341.0)	(58.0, 142048.5)	(59.0, 162613.5)	(60.0, 181744.5)	(61.0, 200390.0)	(62.0, 217967.0)	(63.0, 234336.0)	(64.0, 248398.5)	(65.0, 257945.5)	(66.0, 261051.5)	(67.0, 257918.0)	(68.0, 247998.5)	(69.0, 230007.5)	(70.0, 206859.5)	(71.0, 179796.0)	(72.0, 151128.0)	(73.0, 123337.5)	(74.0, 96745.5)	(75.0, 72791.0)	(76.0, 53166.5)	(77.0, 37898.0)	(78.0, 26458.5)	(79.0, 18115.5)	(80.0, 12037.5)	(81.0, 7630.0)	(82.0, 4427.5)	(83.0, 2349.0)	(84.0, 1067.0)	(85.0, 424.0)	(86.0, 182.5)	(87.0, 113.0)	(88.0, 86.5)	(89.0, 70.5)	(90.0, 69.5)	(91.0, 60.5)	(92.0, 59.0)	(93.0, 70.5)	(94.0, 60.0)	(95.0, 60.5)	(96.0, 81.0)	(97.0, 120.5)	(98.0, 186.5)	(99.0, 401.5)	(100.0, 2573.5)
IDDLNTM41.A_R1	(0.0, 0.0)	(1.0, 0.0)	(2.0, 0.0)	(3.0, 0.0)	(4.0, 0.0)	(5.0, 0.0)	(6.0, 0.0)	(7.0, 0.0)	(8.0, 0.0)	(9.0, 0.0)	(10.0, 0.0)	(11.0, 0.0)	(12.0, 0.0)	(13.0, 0.0)	(14.0, 0.0)	(15.0, 0.0)	(16.0, 0.0)	(17.0, 0.0)	(18.0, 0.0)	(19.0, 0.0)	(20.0, 0.0)	(21.0, 0.5)	(22.0, 0.5)	(23.0, 0.0)	(24.0, 0.0)	(25.0, 0.0)	(26.0, 0.0)	(27.0, 0.0)	(28.0, 1.0)	(29.0, 1.0)	(30.0, 0.5)	(31.0, 1.0)	(32.0, 0.5)	(33.0, 0.0)	(34.0, 3.5)	(35.0, 4.5)	(36.0, 9.5)	(37.0, 28.0)	(38.0, 52.5)	(39.0, 76.0)	(40.0, 129.0)	(41.0, 213.5)	(42.0, 321.0)	(43.0, 489.5)	(44.0, 782.0)	(45.0, 1156.0)	(46.0, 1570.5)	(47.0, 2259.5)	(48.0, 3401.5)	(49.0, 4998.0)	(50.0, 7482.0)	(51.0, 10954.0)	(52.0, 15950.5)	(53.0, 23172.5)	(54.0, 33511.0)	(55.0, 47332.5)	(56.0, 65557.5)	(57.0, 88869.0)	(58.0, 114639.5)	(59.0, 142110.5)	(60.0, 170159.5)	(61.0, 197229.5)	(62.0, 222467.5)	(63.0, 243997.5)	(64.0, 259628.0)	(65.0, 269338.5)	(66.0, 277536.5)	(67.0, 283255.0)	(68.0, 285275.5)	(69.0, 282281.5)	(70.0, 270950.5)	(71.0, 253284.0)	(72.0, 232176.5)	(73.0, 208007.5)	(74.0, 180562.5)	(75.0, 151567.0)	(76.0, 122684.5)	(77.0, 95462.0)	(78.0, 71584.0)	(79.0, 51377.0)	(80.0, 34757.5)	(81.0, 22215.5)	(82.0, 13247.0)	(83.0, 7412.5)	(84.0, 4025.5)	(85.0, 1991.5)	(86.0, 864.0)	(87.0, 367.5)	(88.0, 188.5)	(89.0, 102.0)	(90.0, 50.5)	(91.0, 29.0)	(92.0, 24.5)	(93.0, 37.0)	(94.0, 59.0)	(95.0, 82.0)	(96.0, 82.0)	(97.0, 68.5)	(98.0, 74.0)	(99.0, 67.5)	(100.0, 34.0)
IDDLNTM41.A_R2	(0.0, 0.0)	(1.0, 0.0)	(2.0, 0.0)	(3.0, 0.0)	(4.0, 0.0)	(5.0, 0.0)	(6.0, 0.0)	(7.0, 0.0)	(8.0, 0.0)	(9.0, 0.0)	(10.0, 0.0)	(11.0, 0.0)	(12.0, 0.0)	(13.0, 0.0)	(14.0, 0.0)	(15.0, 0.0)	(16.0, 0.0)	(17.0, 0.0)	(18.0, 0.0)	(19.0, 0.0)	(20.0, 0.0)	(21.0, 0.0)	(22.0, 1.0)	(23.0, 1.0)	(24.0, 0.0)	(25.0, 0.0)	(26.0, 0.0)	(27.0, 0.0)	(28.0, 0.5)	(29.0, 1.0)	(30.0, 1.0)	(31.0, 1.5)	(32.0, 1.5)	(33.0, 3.0)	(34.0, 5.5)	(35.0, 10.0)	(36.0, 24.0)	(37.0, 50.0)	(38.0, 90.5)	(39.0, 124.5)	(40.0, 176.5)	(41.0, 280.5)	(42.0, 434.5)	(43.0, 667.5)	(44.0, 980.5)	(45.0, 1383.0)	(46.0, 1851.0)	(47.0, 2576.5)	(48.0, 3623.0)	(49.0, 5034.5)	(50.0, 7256.5)	(51.0, 10400.0)	(52.0, 14851.0)	(53.0, 21404.0)	(54.0, 31425.0)	(55.0, 45551.0)	(56.0, 64940.0)	(57.0, 89188.0)	(58.0, 116225.0)	(59.0, 144856.5)	(60.0, 172374.0)	(61.0, 198041.0)	(62.0, 221713.0)	(63.0, 240877.5)	(64.0, 255214.5)	(65.0, 266776.0)	(66.0, 276336.0)	(67.0, 283211.5)	(68.0, 285783.0)	(69.0, 282530.0)	(70.0, 271252.5)	(71.0, 253468.0)	(72.0, 231746.0)	(73.0, 207059.5)	(74.0, 180217.0)	(75.0, 151435.0)	(76.0, 122548.0)	(77.0, 95677.0)	(78.0, 71921.0)	(79.0, 51576.0)	(80.0, 35030.5)	(81.0, 22448.5)	(82.0, 13552.5)	(83.0, 7705.5)	(84.0, 4218.5)	(85.0, 2137.0)	(86.0, 1007.0)	(87.0, 500.5)	(88.0, 284.0)	(89.0, 182.5)	(90.0, 132.0)	(91.0, 117.5)	(92.0, 111.5)	(93.0, 102.0)	(94.0, 100.5)	(95.0, 109.0)	(96.0, 139.0)	(97.0, 204.0)	(98.0, 342.5)	(99.0, 762.5)	(100.0, 3934.0)
IDDLNTM41.B_R1	(0.0, 0.0)	(1.0, 0.0)	(2.0, 0.0)	(3.0, 0.0)	(4.0, 0.0)	(5.0, 0.0)	(6.0, 0.0)	(7.0, 0.0)	(8.0, 0.0)	(9.0, 0.0)	(10.0, 0.0)	(11.0, 0.0)	(12.0, 0.0)	(13.0, 0.0)	(14.0, 0.0)	(15.0, 0.0)	(16.0, 0.0)	(17.0, 0.0)	(18.0, 0.5)	(19.0, 0.5)	(20.0, 0.0)	(21.0, 0.0)	(22.0, 0.0)	(23.0, 0.5)	(24.0, 0.5)	(25.0, 0.0)	(26.0, 0.0)	(27.0, 0.5)	(28.0, 1.0)	(29.0, 1.0)	(30.0, 0.5)	(31.0, 0.5)	(32.0, 0.5)	(33.0, 0.5)	(34.0, 2.0)	(35.0, 3.5)	(36.0, 10.0)	(37.0, 30.0)	(38.0, 65.0)	(39.0, 89.5)	(40.0, 138.5)	(41.0, 222.5)	(42.0, 339.5)	(43.0, 543.0)	(44.0, 813.0)	(45.0, 1200.5)	(46.0, 1645.5)	(47.0, 2293.0)	(48.0, 3275.5)	(49.0, 4589.5)	(50.0, 6756.5)	(51.0, 9718.5)	(52.0, 13681.0)	(53.0, 19310.0)	(54.0, 27528.5)	(55.0, 39202.0)	(56.0, 55617.5)	(57.0, 77909.5)	(58.0, 104843.5)	(59.0, 137189.5)	(60.0, 173639.5)	(61.0, 213776.0)	(62.0, 255396.5)	(63.0, 293879.0)	(64.0, 325641.5)	(65.0, 346880.0)	(66.0, 359910.0)	(67.0, 365754.5)	(68.0, 361353.0)	(69.0, 348513.5)	(70.0, 329072.5)	(71.0, 303073.5)	(72.0, 274159.0)	(73.0, 243021.0)	(74.0, 210237.5)	(75.0, 176544.0)	(76.0, 143313.5)	(77.0, 112714.0)	(78.0, 85623.5)	(79.0, 62032.5)	(80.0, 42673.5)	(81.0, 28067.0)	(82.0, 17306.5)	(83.0, 10295.5)	(84.0, 5933.0)	(85.0, 3169.0)	(86.0, 1550.0)	(87.0, 755.5)	(88.0, 372.5)	(89.0, 178.5)	(90.0, 89.0)	(91.0, 55.0)	(92.0, 50.0)	(93.0, 63.5)	(94.0, 90.0)	(95.0, 110.5)	(96.0, 106.5)	(97.0, 92.0)	(98.0, 92.0)	(99.0, 89.5)	(100.0, 48.5)
IDDLNTM41.B_R2	(0.0, 0.0)	(1.0, 0.0)	(2.0, 0.0)	(3.0, 0.0)	(4.0, 0.0)	(5.0, 0.0)	(6.0, 0.0)	(7.0, 0.0)	(8.0, 0.0)	(9.0, 0.0)	(10.0, 0.0)	(11.0, 0.0)	(12.0, 0.0)	(13.0, 0.0)	(14.0, 0.0)	(15.0, 0.0)	(16.0, 0.0)	(17.0, 0.0)	(18.0, 0.0)	(19.0, 0.0)	(20.0, 0.0)	(21.0, 0.0)	(22.0, 0.0)	(23.0, 0.0)	(24.0, 0.0)	(25.0, 0.5)	(26.0, 0.5)	(27.0, 2.0)	(28.0, 2.0)	(29.0, 0.0)	(30.0, 0.5)	(31.0, 1.0)	(32.0, 3.0)	(33.0, 4.5)	(34.0, 5.5)	(35.0, 13.0)	(36.0, 31.0)	(37.0, 62.0)	(38.0, 110.5)	(39.0, 160.5)	(40.0, 259.5)	(41.0, 376.5)	(42.0, 600.0)	(43.0, 942.5)	(44.0, 1382.0)	(45.0, 1984.0)	(46.0, 2810.0)	(47.0, 4203.0)	(48.0, 6489.0)	(49.0, 9986.0)	(50.0, 15339.5)	(51.0, 23620.0)	(52.0, 35779.0)	(53.0, 51974.5)	(54.0, 71457.5)	(55.0, 94298.0)	(56.0, 118941.0)	(57.0, 142216.5)	(58.0, 162193.0)	(59.0, 179031.5)	(60.0, 193855.0)	(61.0, 209156.5)	(62.0, 226381.5)	(63.0, 245465.5)	(64.0, 264744.0)	(65.0, 281701.0)	(66.0, 297418.5)	(67.0, 310200.5)	(68.0, 317252.0)	(69.0, 317006.5)	(70.0, 307106.5)	(71.0, 289680.0)	(72.0, 266768.5)	(73.0, 238956.5)	(74.0, 208115.0)	(75.0, 175808.5)	(76.0, 143425.0)	(77.0, 112724.0)	(78.0, 85824.5)	(79.0, 62386.0)	(80.0, 42843.0)	(81.0, 28147.0)	(82.0, 17598.0)	(83.0, 10452.0)	(84.0, 5987.0)	(85.0, 3340.0)	(86.0, 1766.0)	(87.0, 906.5)	(88.0, 502.0)	(89.0, 311.5)	(90.0, 210.0)	(91.0, 162.0)	(92.0, 152.0)	(93.0, 151.5)	(94.0, 157.0)	(95.0, 166.5)	(96.0, 209.5)	(97.0, 333.5)	(98.0, 532.5)	(99.0, 1054.5)	(100.0, 5126.0)
IDDLNTM41.C_R1	(0.0, 0.0)	(1.0, 0.0)	(2.0, 0.0)	(3.0, 0.0)	(4.0, 0.0)	(5.0, 0.0)	(6.0, 0.0)	(7.0, 0.0)	(8.0, 0.0)	(9.0, 0.0)	(10.0, 0.0)	(11.0, 0.0)	(12.0, 0.0)	(13.0, 0.0)	(14.0, 0.0)	(15.0, 0.0)	(16.0, 0.0)	(17.0, 0.0)	(18.0, 0.0)	(19.0, 0.0)	(20.0, 0.0)	(21.0, 0.0)	(22.0, 0.0)	(23.0, 0.0)	(24.0, 0.0)	(25.0, 0.0)	(26.0, 0.0)	(27.0, 1.0)	(28.0, 1.5)	(29.0, 0.5)	(30.0, 0.0)	(31.0, 0.5)	(32.0, 1.0)	(33.0, 1.0)	(34.0, 4.5)	(35.0, 5.5)	(36.0, 14.5)	(37.0, 35.5)	(38.0, 60.0)	(39.0, 89.0)	(40.0, 136.5)	(41.0, 202.5)	(42.0, 300.0)	(43.0, 518.5)	(44.0, 837.0)	(45.0, 1212.5)	(46.0, 1643.5)	(47.0, 2306.5)	(48.0, 3411.5)	(49.0, 4964.0)	(50.0, 7400.0)	(51.0, 10616.0)	(52.0, 15223.5)	(53.0, 22238.0)	(54.0, 31786.0)	(55.0, 44684.0)	(56.0, 62480.0)	(57.0, 85496.5)	(58.0, 111653.0)	(59.0, 140107.5)	(60.0, 170568.0)	(61.0, 202472.5)	(62.0, 232992.0)	(63.0, 259403.5)	(64.0, 279812.0)	(65.0, 292973.5)	(66.0, 302402.0)	(67.0, 308195.0)	(68.0, 308531.5)	(69.0, 303666.5)	(70.0, 291481.0)	(71.0, 273241.0)	(72.0, 251781.5)	(73.0, 225779.5)	(74.0, 195949.0)	(75.0, 165210.5)	(76.0, 135018.0)	(77.0, 106638.0)	(78.0, 80914.5)	(79.0, 58458.0)	(80.0, 40035.0)	(81.0, 26230.5)	(82.0, 16513.0)	(83.0, 9719.5)	(84.0, 5437.5)	(85.0, 2944.0)	(86.0, 1532.5)	(87.0, 749.5)	(88.0, 366.5)	(89.0, 167.0)	(90.0, 63.5)	(91.0, 35.5)	(92.0, 33.5)	(93.0, 51.0)	(94.0, 62.5)	(95.0, 68.0)	(96.0, 81.0)	(97.0, 86.0)	(98.0, 80.5)	(99.0, 78.5)	(100.0, 49.0)
IDDLNTM41.C_R2	(0.0, 0.0)	(1.0, 0.0)	(2.0, 0.0)	(3.0, 0.0)	(4.0, 0.0)	(5.0, 0.0)	(6.0, 0.0)	(7.0, 0.0)	(8.0, 0.0)	(9.0, 0.0)	(10.0, 0.0)	(11.0, 0.0)	(12.0, 0.0)	(13.0, 0.0)	(14.0, 0.0)	(15.0, 0.0)	(16.0, 0.0)	(17.0, 0.0)	(18.0, 0.0)	(19.0, 0.0)	(20.0, 0.0)	(21.0, 0.0)	(22.0, 0.0)	(23.0, 0.5)	(24.0, 0.5)	(25.0, 0.0)	(26.0, 0.0)	(27.0, 0.5)	(28.0, 1.0)	(29.0, 0.5)	(30.0, 1.5)	(31.0, 2.0)	(32.0, 1.5)	(33.0, 4.0)	(34.0, 6.0)	(35.0, 7.0)	(36.0, 21.5)	(37.0, 49.0)	(38.0, 83.5)	(39.0, 126.5)	(40.0, 203.5)	(41.0, 314.0)	(42.0, 455.5)	(43.0, 695.0)	(44.0, 1028.5)	(45.0, 1459.0)	(46.0, 1996.0)	(47.0, 2677.5)	(48.0, 3767.5)	(49.0, 5306.0)	(50.0, 7610.5)	(51.0, 10888.0)	(52.0, 15444.0)	(53.0, 22493.0)	(54.0, 32927.5)	(55.0, 47536.0)	(56.0, 67997.5)	(57.0, 93794.0)	(58.0, 122372.5)	(59.0, 152834.5)	(60.0, 181743.0)	(61.0, 208130.5)	(62.0, 232488.0)	(63.0, 252703.5)	(64.0, 268584.5)	(65.0, 279994.5)	(66.0, 289909.5)	(67.0, 297870.0)	(68.0, 301274.5)	(69.0, 299629.0)	(70.0, 289267.0)	(71.0, 271875.5)	(72.0, 250355.0)	(73.0, 224794.5)	(74.0, 196110.0)	(75.0, 165666.5)	(76.0, 134849.5)	(77.0, 105759.0)	(78.0, 80574.0)	(79.0, 58448.5)	(80.0, 39981.0)	(81.0, 26453.5)	(82.0, 16664.5)	(83.0, 9837.5)	(84.0, 5701.5)	(85.0, 3122.5)	(86.0, 1621.5)	(87.0, 884.5)	(88.0, 478.0)	(89.0, 265.5)	(90.0, 167.5)	(91.0, 124.5)	(92.0, 126.5)	(93.0, 120.0)	(94.0, 120.0)	(95.0, 135.0)	(96.0, 154.0)	(97.0, 228.5)	(98.0, 405.5)	(99.0, 874.5)	(100.0, 4163.0)
IDDLNTM42_R1	(0.0, 0.0)	(1.0, 0.0)	(2.0, 0.0)	(3.0, 0.0)	(4.0, 0.0)	(5.0, 0.0)	(6.0, 0.0)	(7.0, 0.0)	(8.0, 0.0)	(9.0, 0.0)	(10.0, 0.0)	(11.0, 0.0)	(12.0, 0.0)	(13.0, 0.0)	(14.0, 0.0)	(15.0, 0.0)	(16.0, 0.0)	(17.0, 0.0)	(18.0, 0.0)	(19.0, 0.0)	(20.0, 0.5)	(21.0, 0.5)	(22.0, 0.0)	(23.0, 0.5)	(24.0, 0.5)	(25.0, 0.0)	(26.0, 0.0)	(27.0, 0.0)	(28.0, 0.0)	(29.0, 0.0)	(30.0, 0.5)	(31.0, 6.5)	(32.0, 23.5)	(33.0, 36.0)	(34.0, 40.5)	(35.0, 60.5)	(36.0, 94.0)	(37.0, 141.0)	(38.0, 204.0)	(39.0, 307.0)	(40.0, 501.5)	(41.0, 807.0)	(42.0, 1196.5)	(43.0, 1716.0)	(44.0, 2632.0)	(45.0, 3865.5)	(46.0, 5517.5)	(47.0, 7719.0)	(48.0, 10893.5)	(49.0, 15667.0)	(50.0, 22881.0)	(51.0, 33975.5)	(52.0, 50003.5)	(53.0, 72426.0)	(54.0, 102008.0)	(55.0, 139502.5)	(56.0, 183477.5)	(57.0, 231414.5)	(58.0, 280204.5)	(59.0, 325619.0)	(60.0, 365528.0)	(61.0, 395206.5)	(62.0, 413492.0)	(63.0, 417761.5)	(64.0, 408420.5)	(65.0, 391580.5)	(66.0, 365905.0)	(67.0, 330928.0)	(68.0, 289415.5)	(69.0, 245176.5)	(70.0, 201053.0)	(71.0, 159183.5)	(72.0, 121528.5)	(73.0, 88466.0)	(74.0, 61263.5)	(75.0, 40915.0)	(76.0, 26984.0)	(77.0, 17638.5)	(78.0, 10877.5)	(79.0, 6345.0)	(80.0, 3639.5)	(81.0, 2099.0)	(82.0, 1264.0)	(83.0, 744.0)	(84.0, 413.5)	(85.0, 243.0)	(86.0, 119.5)	(87.0, 43.5)	(88.0, 20.5)	(89.0, 20.0)	(90.0, 22.5)	(91.0, 21.0)	(92.0, 33.5)	(93.0, 60.5)	(94.0, 104.0)	(95.0, 125.0)	(96.0, 114.5)	(97.0, 101.5)	(98.0, 85.0)	(99.0, 67.0)	(100.0, 33.5)
IDDLNTM42_R2	(0.0, 0.0)	(1.0, 0.0)	(2.0, 0.0)	(3.0, 0.0)	(4.0, 0.0)	(5.0, 0.5)	(6.0, 0.5)	(7.0, 0.0)	(8.0, 0.0)	(9.0, 0.0)	(10.0, 0.0)	(11.0, 0.0)	(12.0, 0.0)	(13.0, 0.0)	(14.0, 0.0)	(15.0, 0.0)	(16.0, 0.0)	(17.0, 0.0)	(18.0, 0.0)	(19.0, 0.0)	(20.0, 0.0)	(21.0, 0.0)	(22.0, 0.0)	(23.0, 0.0)	(24.0, 0.0)	(25.0, 0.0)	(26.0, 0.0)	(27.0, 0.5)	(28.0, 2.5)	(29.0, 2.5)	(30.0, 1.0)	(31.0, 6.5)	(32.0, 23.0)	(33.0, 36.0)	(34.0, 43.5)	(35.0, 71.0)	(36.0, 116.0)	(37.0, 169.5)	(38.0, 269.0)	(39.0, 414.0)	(40.0, 660.5)	(41.0, 1061.0)	(42.0, 1546.0)	(43.0, 2189.0)	(44.0, 3180.0)	(45.0, 4490.5)	(46.0, 6205.5)	(47.0, 8257.0)	(48.0, 11164.0)	(49.0, 15550.0)	(50.0, 22109.0)	(51.0, 32309.5)	(52.0, 48141.5)	(53.0, 71028.0)	(54.0, 102492.0)	(55.0, 143206.5)	(56.0, 190899.0)	(57.0, 242473.5)	(58.0, 292716.5)	(59.0, 336371.0)	(60.0, 370695.0)	(61.0, 393700.0)	(62.0, 406273.0)	(63.0, 407196.5)	(64.0, 398013.5)	(65.0, 382187.0)	(66.0, 357971.0)	(67.0, 325286.0)	(68.0, 286073.5)	(69.0, 243101.0)	(70.0, 199019.0)	(71.0, 157939.0)	(72.0, 121236.5)	(73.0, 88411.0)	(74.0, 61419.5)	(75.0, 41027.0)	(76.0, 26790.0)	(77.0, 17331.5)	(78.0, 10826.5)	(79.0, 6493.5)	(80.0, 3820.5)	(81.0, 2260.0)	(82.0, 1362.5)	(83.0, 818.0)	(84.0, 524.5)	(85.0, 335.0)	(86.0, 215.0)	(87.0, 156.5)	(88.0, 123.5)	(89.0, 114.5)	(90.0, 117.5)	(91.0, 118.0)	(92.0, 114.5)	(93.0, 116.0)	(94.0, 126.5)	(95.0, 139.0)	(96.0, 188.5)	(97.0, 303.0)	(98.0, 462.0)	(99.0, 952.0)	(100.0, 5054.5)
IDDLNTM43_R1	(0.0, 0.0)	(1.0, 0.0)	(2.0, 0.0)	(3.0, 0.0)	(4.0, 0.0)	(5.0, 0.0)	(6.0, 0.0)	(7.0, 0.0)	(8.0, 0.0)	(9.0, 0.0)	(10.0, 0.0)	(11.0, 0.0)	(12.0, 0.0)	(13.0, 0.0)	(14.0, 0.5)	(15.0, 0.5)	(16.0, 0.5)	(17.0, 0.5)	(18.0, 1.0)	(19.0, 1.0)	(20.0, 0.0)	(21.0, 0.0)	(22.0, 0.0)	(23.0, 0.0)	(24.0, 0.0)	(25.0, 0.0)	(26.0, 0.5)	(27.0, 1.0)	(28.0, 0.5)	(29.0, 0.5)	(30.0, 0.5)	(31.0, 0.0)	(32.0, 0.0)	(33.0, 1.0)	(34.0, 4.0)	(35.0, 13.5)	(36.0, 20.5)	(37.0, 42.0)	(38.0, 82.5)	(39.0, 131.5)	(40.0, 222.0)	(41.0, 315.5)	(42.0, 459.5)	(43.0, 670.0)	(44.0, 997.5)	(45.0, 1540.5)	(46.0, 2310.5)	(47.0, 3429.0)	(48.0, 5186.0)	(49.0, 7824.0)	(50.0, 11724.0)	(51.0, 17599.0)	(52.0, 26236.0)	(53.0, 37531.5)	(54.0, 52217.5)	(55.0, 70914.5)	(56.0, 94013.5)	(57.0, 121186.0)	(58.0, 151703.5)	(59.0, 182340.5)	(60.0, 211663.5)	(61.0, 240327.5)	(62.0, 264771.0)	(63.0, 281470.5)	(64.0, 292798.0)	(65.0, 302158.5)	(66.0, 307966.5)	(67.0, 308446.0)	(68.0, 302637.0)	(69.0, 290025.0)	(70.0, 268627.0)	(71.0, 241453.5)	(72.0, 210150.5)	(73.0, 177844.5)	(74.0, 146377.0)	(75.0, 114726.5)	(76.0, 85614.0)	(77.0, 60701.0)	(78.0, 40430.0)	(79.0, 24715.0)	(80.0, 14231.0)	(81.0, 7450.0)	(82.0, 3597.0)	(83.0, 1638.5)	(84.0, 623.0)	(85.0, 239.0)	(86.0, 100.0)	(87.0, 53.0)	(88.0, 39.0)	(89.0, 29.5)	(90.0, 26.0)	(91.0, 24.0)	(92.0, 26.0)	(93.0, 33.5)	(94.0, 49.5)	(95.0, 59.5)	(96.0, 67.0)	(97.0, 64.0)	(98.0, 65.5)	(99.0, 71.0)	(100.0, 39.5)
IDDLNTM43_R2	(0.0, 0.0)	(1.0, 0.0)	(2.0, 0.0)	(3.0, 0.0)	(4.0, 0.0)	(5.0, 0.0)	(6.0, 0.0)	(7.0, 0.0)	(8.0, 0.0)	(9.0, 0.0)	(10.0, 0.0)	(11.0, 0.0)	(12.0, 0.0)	(13.0, 0.0)	(14.0, 0.0)	(15.0, 0.0)	(16.0, 0.0)	(17.0, 0.0)	(18.0, 1.0)	(19.0, 1.0)	(20.0, 0.0)	(21.0, 0.0)	(22.0, 0.5)	(23.0, 0.5)	(24.0, 0.5)	(25.0, 1.0)	(26.0, 1.0)	(27.0, 0.5)	(28.0, 0.0)	(29.0, 0.0)	(30.0, 0.5)	(31.0, 0.5)	(32.0, 0.0)	(33.0, 5.0)	(34.0, 9.5)	(35.0, 22.0)	(36.0, 37.0)	(37.0, 71.0)	(38.0, 119.5)	(39.0, 203.5)	(40.0, 344.5)	(41.0, 476.0)	(42.0, 693.0)	(43.0, 1032.5)	(44.0, 1498.0)	(45.0, 2188.5)	(46.0, 3241.5)	(47.0, 4927.0)	(48.0, 7574.0)	(49.0, 11735.5)	(50.0, 17971.0)	(51.0, 27285.5)	(52.0, 40470.0)	(53.0, 56937.0)	(54.0, 76286.5)	(55.0, 97555.5)	(56.0, 119636.0)	(57.0, 141376.5)	(58.0, 162917.5)	(59.0, 182209.5)	(60.0, 200028.0)	(61.0, 219347.5)	(62.0, 238528.5)	(63.0, 254500.0)	(64.0, 268527.0)	(65.0, 282101.5)	(66.0, 292519.5)	(67.0, 297736.5)	(68.0, 295815.5)	(69.0, 285209.5)	(70.0, 265657.5)	(71.0, 239390.0)	(72.0, 208737.0)	(73.0, 177106.0)	(74.0, 145309.0)	(75.0, 114566.5)	(76.0, 85872.5)	(77.0, 60559.5)	(78.0, 40300.0)	(79.0, 24779.0)	(80.0, 14355.0)	(81.0, 7586.5)	(82.0, 3680.5)	(83.0, 1733.5)	(84.0, 721.0)	(85.0, 311.0)	(86.0, 166.0)	(87.0, 122.5)	(88.0, 107.5)	(89.0, 84.5)	(90.0, 79.5)	(91.0, 71.5)	(92.0, 68.5)	(93.0, 72.5)	(94.0, 69.5)	(95.0, 83.5)	(96.0, 101.0)	(97.0, 145.5)	(98.0, 228.0)	(99.0, 548.5)	(100.0, 3406.0)
IDDLNTM44_R1	(0.0, 0.0)	(1.0, 0.0)	(2.0, 0.0)	(3.0, 0.0)	(4.0, 0.0)	(5.0, 0.0)	(6.0, 0.0)	(7.0, 0.0)	(8.0, 0.0)	(9.0, 0.0)	(10.0, 0.0)	(11.0, 0.0)	(12.0, 0.0)	(13.0, 0.0)	(14.0, 0.0)	(15.0, 0.0)	(16.0, 0.0)	(17.0, 0.0)	(18.0, 0.0)	(19.0, 0.0)	(20.0, 0.0)	(21.0, 0.0)	(22.0, 0.0)	(23.0, 0.0)	(24.0, 0.0)	(25.0, 0.0)	(26.0, 1.0)	(27.0, 1.0)	(28.0, 0.5)	(29.0, 0.5)	(30.0, 2.5)	(31.0, 7.0)	(32.0, 12.5)	(33.0, 17.5)	(34.0, 15.5)	(35.0, 10.5)	(36.0, 12.0)	(37.0, 18.0)	(38.0, 49.5)	(39.0, 90.0)	(40.0, 139.5)	(41.0, 227.0)	(42.0, 316.0)	(43.0, 489.5)	(44.0, 737.0)	(45.0, 1028.0)	(46.0, 1514.5)	(47.0, 2347.0)	(48.0, 3566.0)	(49.0, 5096.0)	(50.0, 7448.0)	(51.0, 11226.5)	(52.0, 16786.5)	(53.0, 24413.5)	(54.0, 34468.0)	(55.0, 48038.5)	(56.0, 65458.0)	(57.0, 87080.5)	(58.0, 111691.5)	(59.0, 138913.0)	(60.0, 167654.0)	(61.0, 195422.5)	(62.0, 222173.0)	(63.0, 245929.0)	(64.0, 264314.0)	(65.0, 275503.0)	(66.0, 282668.5)	(67.0, 287071.0)	(68.0, 286650.0)	(69.0, 282115.5)	(70.0, 268825.5)	(71.0, 248780.0)	(72.0, 223776.5)	(73.0, 193431.5)	(74.0, 162415.5)	(75.0, 131014.5)	(76.0, 100388.0)	(77.0, 72644.5)	(78.0, 48946.5)	(79.0, 30188.5)	(80.0, 16747.0)	(81.0, 8201.0)	(82.0, 3461.5)	(83.0, 1225.0)	(84.0, 388.0)	(85.0, 136.5)	(86.0, 63.0)	(87.0, 36.5)	(88.0, 26.0)	(89.0, 23.0)	(90.0, 19.0)	(91.0, 17.5)	(92.0, 21.0)	(93.0, 29.0)	(94.0, 36.5)	(95.0, 46.0)	(96.0, 58.0)	(97.0, 57.5)	(98.0, 56.0)	(99.0, 55.5)	(100.0, 35.5)
IDDLNTM44_R2	(0.0, 0.0)	(1.0, 0.0)	(2.0, 0.5)	(3.0, 0.5)	(4.0, 0.0)	(5.0, 0.0)	(6.0, 0.0)	(7.0, 0.0)	(8.0, 0.0)	(9.0, 0.0)	(10.0, 0.0)	(11.0, 0.5)	(12.0, 0.5)	(13.0, 0.0)	(14.0, 0.0)	(15.0, 0.0)	(16.0, 0.0)	(17.0, 0.0)	(18.0, 0.0)	(19.0, 0.0)	(20.0, 0.0)	(21.0, 0.0)	(22.0, 0.0)	(23.0, 0.5)	(24.0, 0.5)	(25.0, 0.0)	(26.0, 0.0)	(27.0, 1.0)	(28.0, 1.5)	(29.0, 0.5)	(30.0, 3.0)	(31.0, 11.0)	(32.0, 19.5)	(33.0, 19.0)	(34.0, 16.5)	(35.0, 17.5)	(36.0, 17.0)	(37.0, 39.5)	(38.0, 83.5)	(39.0, 135.5)	(40.0, 215.5)	(41.0, 323.0)	(42.0, 502.5)	(43.0, 784.0)	(44.0, 1128.5)	(45.0, 1603.0)	(46.0, 2366.0)	(47.0, 3623.5)	(48.0, 5619.0)	(49.0, 8439.5)	(50.0, 12808.5)	(51.0, 19563.0)	(52.0, 29350.5)	(53.0, 42105.5)	(54.0, 57468.0)	(55.0, 75115.5)	(56.0, 93908.0)	(57.0, 112324.5)	(58.0, 129545.0)	(59.0, 146316.0)	(60.0, 162639.0)	(61.0, 179462.5)	(62.0, 198394.5)	(63.0, 216938.5)	(64.0, 234823.0)	(65.0, 250241.0)	(66.0, 262171.5)	(67.0, 271618.5)	(68.0, 276657.0)	(69.0, 275468.0)	(70.0, 264697.5)	(71.0, 246110.5)	(72.0, 221725.5)	(73.0, 192582.0)	(74.0, 162268.5)	(75.0, 131483.5)	(76.0, 100649.5)	(77.0, 72441.5)	(78.0, 48735.0)	(79.0, 30337.0)	(80.0, 17106.0)	(81.0, 8436.5)	(82.0, 3609.0)	(83.0, 1312.5)	(84.0, 453.0)	(85.0, 199.0)	(86.0, 115.0)	(87.0, 83.5)	(88.0, 64.5)	(89.0, 53.5)	(90.0, 54.0)	(91.0, 46.5)	(92.0, 44.0)	(93.0, 45.5)	(94.0, 45.0)	(95.0, 50.5)	(96.0, 60.0)	(97.0, 98.0)	(98.0, 156.0)	(99.0, 411.5)	(100.0, 3420.0)
IDDLNTM45_R1	(0.0, 0.0)	(1.0, 0.0)	(2.0, 0.0)	(3.0, 0.0)	(4.0, 0.0)	(5.0, 0.0)	(6.0, 0.0)	(7.0, 0.0)	(8.0, 0.0)	(9.0, 0.0)	(10.0, 0.0)	(11.0, 0.0)	(12.0, 0.0)	(13.0, 0.0)	(14.0, 1.5)	(15.0, 1.5)	(16.0, 0.0)	(17.0, 0.0)	(18.0, 0.0)	(19.0, 0.0)	(20.0, 0.0)	(21.0, 0.0)	(22.0, 0.0)	(23.0, 0.5)	(24.0, 0.5)	(25.0, 0.0)	(26.0, 0.0)	(27.0, 0.5)	(28.0, 0.5)	(29.0, 3.0)	(30.0, 10.5)	(31.0, 8.5)	(32.0, 6.5)	(33.0, 16.0)	(34.0, 18.5)	(35.0, 28.5)	(36.0, 34.5)	(37.0, 47.0)	(38.0, 99.0)	(39.0, 185.5)	(40.0, 279.5)	(41.0, 418.0)	(42.0, 663.0)	(43.0, 1024.5)	(44.0, 1582.5)	(45.0, 2443.5)	(46.0, 3592.5)	(47.0, 4879.0)	(48.0, 6843.5)	(49.0, 9750.5)	(50.0, 13970.0)	(51.0, 20558.5)	(52.0, 30214.0)	(53.0, 43842.5)	(54.0, 62675.5)	(55.0, 88249.5)	(56.0, 119971.5)	(57.0, 157274.0)	(58.0, 199653.0)	(59.0, 244828.0)	(60.0, 288643.0)	(61.0, 325505.5)	(62.0, 351980.5)	(63.0, 367397.5)	(64.0, 368385.0)	(65.0, 354846.0)	(66.0, 330568.0)	(67.0, 296711.0)	(68.0, 255244.5)	(69.0, 212036.5)	(70.0, 170470.5)	(71.0, 131132.5)	(72.0, 98109.0)	(73.0, 71022.5)	(74.0, 48517.5)	(75.0, 31909.0)	(76.0, 20564.5)	(77.0, 12944.0)	(78.0, 8019.5)	(79.0, 5021.5)	(80.0, 3339.0)	(81.0, 1994.5)	(82.0, 964.0)	(83.0, 553.0)	(84.0, 293.0)	(85.0, 121.0)	(86.0, 64.5)	(87.0, 36.5)	(88.0, 18.0)	(89.0, 20.5)	(90.0, 21.5)	(91.0, 21.0)	(92.0, 32.5)	(93.0, 49.0)	(94.0, 75.0)	(95.0, 103.5)	(96.0, 101.5)	(97.0, 80.0)	(98.0, 71.0)	(99.0, 70.0)	(100.0, 39.0)
IDDLNTM45_R2	(0.0, 0.0)	(1.0, 0.0)	(2.0, 0.0)	(3.0, 0.5)	(4.0, 0.5)	(5.0, 0.0)	(6.0, 0.0)	(7.0, 0.0)	(8.0, 0.0)	(9.0, 0.0)	(10.0, 0.0)	(11.0, 0.5)	(12.0, 0.5)	(13.0, 0.0)	(14.0, 0.0)	(15.0, 0.0)	(16.0, 0.0)	(17.0, 0.0)	(18.0, 0.0)	(19.0, 0.0)	(20.0, 0.0)	(21.0, 0.0)	(22.0, 0.5)	(23.0, 0.5)	(24.0, 0.0)	(25.0, 0.0)	(26.0, 0.0)	(27.0, 0.0)	(28.0, 0.5)	(29.0, 1.5)	(30.0, 10.0)	(31.0, 11.0)	(32.0, 11.0)	(33.0, 19.0)	(34.0, 27.0)	(35.0, 49.0)	(36.0, 71.5)	(37.0, 103.5)	(38.0, 191.5)	(39.0, 320.0)	(40.0, 460.0)	(41.0, 690.0)	(42.0, 1006.5)	(43.0, 1546.0)	(44.0, 2410.5)	(45.0, 3586.0)	(46.0, 5146.0)	(47.0, 7183.5)	(48.0, 10317.0)	(49.0, 15514.0)	(50.0, 23861.5)	(51.0, 36953.5)	(52.0, 55458.0)	(53.0, 79945.0)	(54.0, 109683.0)	(55.0, 143113.5)	(56.0, 176953.0)	(57.0, 207678.0)	(58.0, 235327.5)	(59.0, 258621.5)	(60.0, 277693.0)	(61.0, 293358.0)	(62.0, 304982.5)	(63.0, 312454.5)	(64.0, 311867.5)	(65.0, 303496.0)	(66.0, 287989.5)	(67.0, 263425.5)	(68.0, 232799.0)	(69.0, 199123.5)	(70.0, 163250.0)	(71.0, 128102.0)	(72.0, 97531.5)	(73.0, 71044.5)	(74.0, 48863.0)	(75.0, 32569.5)	(76.0, 21194.5)	(77.0, 13300.5)	(78.0, 8158.5)	(79.0, 4887.0)	(80.0, 2880.0)	(81.0, 1715.0)	(82.0, 1069.0)	(83.0, 649.5)	(84.0, 392.0)	(85.0, 245.0)	(86.0, 176.5)	(87.0, 146.5)	(88.0, 123.5)	(89.0, 108.5)	(90.0, 110.5)	(91.0, 108.5)	(92.0, 103.5)	(93.0, 114.0)	(94.0, 131.5)	(95.0, 140.0)	(96.0, 171.5)	(97.0, 236.0)	(98.0, 392.5)	(99.0, 854.0)	(100.0, 4322.0)
IDDLNTM46.A_R1	(0.0, 0.0)	(1.0, 0.0)	(2.0, 0.0)	(3.0, 0.0)	(4.0, 0.0)	(5.0, 0.0)	(6.0, 0.0)	(7.0, 0.0)	(8.0, 0.0)	(9.0, 0.0)	(10.0, 0.0)	(11.0, 0.0)	(12.0, 0.0)	(13.0, 0.0)	(14.0, 0.0)	(15.0, 0.0)	(16.0, 0.0)	(17.0, 0.0)	(18.0, 0.0)	(19.0, 0.0)	(20.0, 0.0)	(21.0, 0.0)	(22.0, 0.5)	(23.0, 0.5)	(24.0, 0.0)	(25.0, 0.0)	(26.0, 0.5)	(27.0, 1.5)	(28.0, 1.0)	(29.0, 0.0)	(30.0, 0.0)	(31.0, 0.0)	(32.0, 0.5)	(33.0, 1.0)	(34.0, 0.5)	(35.0, 2.0)	(36.0, 5.5)	(37.0, 12.5)	(38.0, 28.5)	(39.0, 57.0)	(40.0, 82.5)	(41.0, 117.0)	(42.0, 219.5)	(43.0, 356.0)	(44.0, 523.0)	(45.0, 722.5)	(46.0, 1002.5)	(47.0, 1517.5)	(48.0, 2235.5)	(49.0, 3127.5)	(50.0, 4442.0)	(51.0, 6397.0)	(52.0, 9272.0)	(53.0, 13607.5)	(54.0, 19680.5)	(55.0, 28240.5)	(56.0, 40162.0)	(57.0, 56545.0)	(58.0, 77444.0)	(59.0, 102941.5)	(60.0, 133567.5)	(61.0, 167825.5)	(62.0, 204267.0)	(63.0, 239769.0)	(64.0, 270799.5)	(65.0, 293954.5)	(66.0, 309309.0)	(67.0, 316568.5)	(68.0, 314099.0)	(69.0, 303583.0)	(70.0, 285339.0)	(71.0, 261813.5)	(72.0, 235379.5)	(73.0, 206776.0)	(74.0, 177901.5)	(75.0, 149930.0)	(76.0, 122304.5)	(77.0, 95746.5)	(78.0, 72104.0)	(79.0, 52096.5)	(80.0, 35842.5)	(81.0, 23440.0)	(82.0, 14435.5)	(83.0, 8375.0)	(84.0, 4682.5)	(85.0, 2391.0)	(86.0, 1136.0)	(87.0, 522.0)	(88.0, 242.5)	(89.0, 114.0)	(90.0, 61.5)	(91.0, 31.5)	(92.0, 30.0)	(93.0, 42.5)	(94.0, 52.0)	(95.0, 66.5)	(96.0, 77.5)	(97.0, 77.5)	(98.0, 78.0)	(99.0, 60.5)	(100.0, 25.5)
IDDLNTM46.A_R2	(0.0, 0.0)	(1.0, 0.0)	(2.0, 0.0)	(3.0, 0.0)	(4.0, 0.0)	(5.0, 0.0)	(6.0, 0.0)	(7.0, 0.0)	(8.0, 0.0)	(9.0, 0.0)	(10.0, 0.0)	(11.0, 0.0)	(12.0, 0.0)	(13.0, 0.0)	(14.0, 0.0)	(15.0, 0.0)	(16.0, 0.0)	(17.0, 0.0)	(18.0, 0.0)	(19.0, 0.0)	(20.0, 0.0)	(21.0, 0.0)	(22.0, 0.5)	(23.0, 0.5)	(24.0, 0.0)	(25.0, 0.5)	(26.0, 0.5)	(27.0, 0.5)	(28.0, 0.5)	(29.0, 0.0)	(30.0, 0.5)	(31.0, 1.5)	(32.0, 2.5)	(33.0, 5.0)	(34.0, 5.5)	(35.0, 10.0)	(36.0, 18.0)	(37.0, 30.5)	(38.0, 50.5)	(39.0, 90.0)	(40.0, 152.5)	(41.0, 232.5)	(42.0, 390.5)	(43.0, 594.0)	(44.0, 849.5)	(45.0, 1217.0)	(46.0, 1757.0)	(47.0, 2582.0)	(48.0, 3780.5)	(49.0, 5652.5)	(50.0, 8537.5)	(51.0, 13074.0)	(52.0, 20438.0)	(53.0, 31298.0)	(54.0, 45861.5)	(55.0, 63838.0)	(56.0, 84889.0)	(57.0, 108104.0)	(58.0, 129892.5)	(59.0, 148799.0)	(60.0, 166549.0)	(61.0, 183690.5)	(62.0, 200125.0)	(63.0, 215892.0)	(64.0, 230155.0)	(65.0, 243470.0)	(66.0, 256153.0)	(67.0, 265894.0)	(68.0, 270246.5)	(69.0, 268777.5)	(70.0, 260816.5)	(71.0, 245497.5)	(72.0, 225647.5)	(73.0, 202368.5)	(74.0, 176071.5)	(75.0, 148764.0)	(76.0, 121224.5)	(77.0, 95127.0)	(78.0, 72026.5)	(79.0, 52103.5)	(80.0, 35855.0)	(81.0, 23260.5)	(82.0, 14151.0)	(83.0, 8343.0)	(84.0, 4722.0)	(85.0, 2540.0)	(86.0, 1315.0)	(87.0, 656.0)	(88.0, 328.0)	(89.0, 180.5)	(90.0, 137.5)	(91.0, 106.0)	(92.0, 98.0)	(93.0, 98.0)	(94.0, 99.0)	(95.0, 113.5)	(96.0, 145.0)	(97.0, 210.0)	(98.0, 345.0)	(99.0, 720.0)	(100.0, 3997.0)
IDDLNTM46.B_R1	(0.0, 0.0)	(1.0, 0.0)	(2.0, 0.0)	(3.0, 0.0)	(4.0, 0.0)	(5.0, 0.0)	(6.0, 0.0)	(7.0, 0.0)	(8.0, 0.0)	(9.0, 0.0)	(10.0, 0.0)	(11.0, 0.0)	(12.0, 0.0)	(13.0, 0.0)	(14.0, 0.0)	(15.0, 0.0)	(16.0, 0.0)	(17.0, 0.0)	(18.0, 0.0)	(19.0, 0.0)	(20.0, 0.0)	(21.0, 0.0)	(22.0, 0.0)	(23.0, 0.0)	(24.0, 0.0)	(25.0, 1.0)	(26.0, 1.5)	(27.0, 0.5)	(28.0, 0.0)	(29.0, 1.0)	(30.0, 2.5)	(31.0, 6.5)	(32.0, 14.0)	(33.0, 20.0)	(34.0, 29.0)	(35.0, 42.5)	(36.0, 69.5)	(37.0, 113.5)	(38.0, 145.5)	(39.0, 203.5)	(40.0, 329.0)	(41.0, 564.5)	(42.0, 919.5)	(43.0, 1291.5)	(44.0, 1894.5)	(45.0, 2706.5)	(46.0, 3766.0)	(47.0, 5209.5)	(48.0, 7133.5)	(49.0, 9803.0)	(50.0, 13881.0)	(51.0, 19992.0)	(52.0, 29146.0)	(53.0, 42311.5)	(54.0, 60138.0)	(55.0, 83884.0)	(56.0, 114640.0)	(57.0, 151832.5)	(58.0, 193810.0)	(59.0, 238355.0)	(60.0, 281775.0)	(61.0, 320127.0)	(62.0, 349282.5)	(63.0, 364382.0)	(64.0, 364346.5)	(65.0, 351234.5)	(66.0, 325071.0)	(67.0, 289380.0)	(68.0, 248321.5)	(69.0, 205476.0)	(70.0, 164995.0)	(71.0, 128658.5)	(72.0, 97405.0)	(73.0, 70606.0)	(74.0, 48603.5)	(75.0, 32415.5)	(76.0, 21231.0)	(77.0, 13746.5)	(78.0, 8604.5)	(79.0, 5117.0)	(80.0, 3164.5)	(81.0, 1982.5)	(82.0, 1144.5)	(83.0, 613.5)	(84.0, 346.5)	(85.0, 193.5)	(86.0, 81.0)	(87.0, 31.5)	(88.0, 18.5)	(89.0, 17.0)	(90.0, 17.5)	(91.0, 16.0)	(92.0, 21.0)	(93.0, 50.0)	(94.0, 93.5)	(95.0, 108.0)	(96.0, 102.0)	(97.0, 84.0)	(98.0, 78.0)	(99.0, 76.5)	(100.0, 37.5)
IDDLNTM46.B_R2	(0.0, 0.0)	(1.0, 0.0)	(2.0, 0.5)	(3.0, 0.5)	(4.0, 0.0)	(5.0, 0.0)	(6.0, 0.0)	(7.0, 0.0)	(8.0, 0.0)	(9.0, 0.0)	(10.0, 0.0)	(11.0, 0.0)	(12.0, 0.0)	(13.0, 0.0)	(14.0, 0.0)	(15.0, 0.0)	(16.0, 0.0)	(17.0, 0.0)	(18.0, 0.0)	(19.0, 0.0)	(20.0, 0.0)	(21.0, 0.0)	(22.0, 0.0)	(23.0, 0.0)	(24.0, 0.5)	(25.0, 0.5)	(26.0, 0.0)	(27.0, 0.5)	(28.0, 0.5)	(29.0, 1.5)	(30.0, 3.0)	(31.0, 13.5)	(32.0, 28.0)	(33.0, 27.5)	(34.0, 29.0)	(35.0, 50.0)	(36.0, 90.5)	(37.0, 144.5)	(38.0, 212.5)	(39.0, 336.5)	(40.0, 527.0)	(41.0, 861.5)	(42.0, 1306.5)	(43.0, 1777.0)	(44.0, 2631.5)	(45.0, 3843.5)	(46.0, 5447.0)	(47.0, 7597.0)	(48.0, 10883.5)	(49.0, 16315.5)	(50.0, 24711.5)	(51.0, 37448.5)	(52.0, 56085.5)	(53.0, 81073.0)	(54.0, 111031.5)	(55.0, 143705.5)	(56.0, 177409.5)	(57.0, 208531.5)	(58.0, 234331.5)	(59.0, 255206.0)	(60.0, 272570.0)	(61.0, 286687.5)	(62.0, 298079.5)	(63.0, 303566.0)	(64.0, 301537.5)	(65.0, 293953.0)	(66.0, 278124.5)	(67.0, 254224.0)	(68.0, 224543.5)	(69.0, 191164.5)	(70.0, 157082.0)	(71.0, 125099.5)	(72.0, 95800.5)	(73.0, 69870.0)	(74.0, 48647.0)	(75.0, 32562.0)	(76.0, 21436.5)	(77.0, 13911.0)	(78.0, 8669.0)	(79.0, 5140.0)	(80.0, 3064.5)	(81.0, 1872.0)	(82.0, 1133.5)	(83.0, 687.5)	(84.0, 420.5)	(85.0, 275.0)	(86.0, 184.0)	(87.0, 129.5)	(88.0, 97.0)	(89.0, 95.5)	(90.0, 98.0)	(91.0, 92.0)	(92.0, 84.0)	(93.0, 90.5)	(94.0, 107.5)	(95.0, 103.0)	(96.0, 125.0)	(97.0, 210.5)	(98.0, 339.5)	(99.0, 682.0)	(100.0, 3786.5)
IDDLNTM48_R1	(0.0, 0.0)	(1.0, 0.0)	(2.0, 0.0)	(3.0, 0.0)	(4.0, 0.0)	(5.0, 0.0)	(6.0, 0.0)	(7.0, 0.0)	(8.0, 0.0)	(9.0, 0.0)	(10.0, 0.0)	(11.0, 0.0)	(12.0, 0.0)	(13.0, 0.0)	(14.0, 0.0)	(15.0, 0.0)	(16.0, 0.0)	(17.0, 0.0)	(18.0, 0.0)	(19.0, 0.0)	(20.0, 0.0)	(21.0, 0.0)	(22.0, 0.0)	(23.0, 0.0)	(24.0, 0.0)	(25.0, 0.0)	(26.0, 0.0)	(27.0, 0.0)	(28.0, 0.0)	(29.0, 0.0)	(30.0, 0.0)	(31.0, 0.0)	(32.0, 0.5)	(33.0, 0.5)	(34.0, 1.0)	(35.0, 2.0)	(36.0, 7.5)	(37.0, 17.0)	(38.0, 34.0)	(39.0, 60.0)	(40.0, 89.5)	(41.0, 145.5)	(42.0, 241.5)	(43.0, 350.0)	(44.0, 488.0)	(45.0, 735.0)	(46.0, 1063.5)	(47.0, 1502.5)	(48.0, 2220.5)	(49.0, 3119.5)	(50.0, 4403.5)	(51.0, 6362.5)	(52.0, 9371.0)	(53.0, 13669.5)	(54.0, 19585.0)	(55.0, 28201.0)	(56.0, 40318.0)	(57.0, 56925.0)	(58.0, 77856.5)	(59.0, 103027.5)	(60.0, 133775.5)	(61.0, 169415.0)	(62.0, 206582.0)	(63.0, 243074.5)	(64.0, 276200.5)	(65.0, 301404.0)	(66.0, 318278.0)	(67.0, 326731.0)	(68.0, 325881.5)	(69.0, 316161.5)	(70.0, 297131.0)	(71.0, 271586.0)	(72.0, 244210.0)	(73.0, 215771.5)	(74.0, 185540.0)	(75.0, 155285.0)	(76.0, 125795.0)	(77.0, 98280.0)	(78.0, 74095.0)	(79.0, 53405.5)	(80.0, 36380.0)	(81.0, 23427.5)	(82.0, 14256.5)	(83.0, 8115.0)	(84.0, 4595.0)	(85.0, 2397.0)	(86.0, 1133.0)	(87.0, 526.0)	(88.0, 223.0)	(89.0, 106.0)	(90.0, 65.0)	(91.0, 32.0)	(92.0, 30.5)	(93.0, 52.5)	(94.0, 89.0)	(95.0, 109.5)	(96.0, 104.5)	(97.0, 88.0)	(98.0, 79.5)	(99.0, 62.5)	(100.0, 29.0)
IDDLNTM48_R2	(0.0, 0.0)	(1.0, 0.0)	(2.0, 0.0)	(3.0, 0.0)	(4.0, 0.0)	(5.0, 0.0)	(6.0, 0.0)	(7.0, 0.0)	(8.0, 0.0)	(9.0, 0.0)	(10.0, 0.0)	(11.0, 0.0)	(12.0, 0.0)	(13.0, 0.0)	(14.0, 0.0)	(15.0, 0.0)	(16.0, 0.0)	(17.0, 0.0)	(18.0, 0.0)	(19.0, 0.0)	(20.0, 0.0)	(21.0, 0.0)	(22.0, 0.0)	(23.0, 0.0)	(24.0, 0.0)	(25.0, 0.0)	(26.0, 0.0)	(27.0, 0.5)	(28.0, 0.5)	(29.0, 0.0)	(30.0, 0.5)	(31.0, 1.0)	(32.0, 1.0)	(33.0, 2.5)	(34.0, 7.5)	(35.0, 8.5)	(36.0, 14.0)	(37.0, 34.0)	(38.0, 62.5)	(39.0, 95.0)	(40.0, 141.0)	(41.0, 235.5)	(42.0, 368.0)	(43.0, 541.0)	(44.0, 774.5)	(45.0, 1101.0)	(46.0, 1536.0)	(47.0, 2097.5)	(48.0, 2958.5)	(49.0, 4063.0)	(50.0, 5667.5)	(51.0, 8144.5)	(52.0, 11815.0)	(53.0, 17373.0)	(54.0, 25634.0)	(55.0, 37972.5)	(56.0, 55213.5)	(57.0, 78393.5)	(58.0, 106747.0)	(59.0, 137861.5)	(60.0, 169499.0)	(61.0, 200493.5)	(62.0, 228746.0)	(63.0, 250613.5)	(64.0, 266036.0)	(65.0, 276166.5)	(66.0, 283151.0)	(67.0, 287529.5)	(68.0, 287853.5)	(69.0, 283483.0)	(70.0, 272730.5)	(71.0, 255507.0)	(72.0, 234528.5)	(73.0, 209997.5)	(74.0, 182728.0)	(75.0, 154743.0)	(76.0, 126179.0)	(77.0, 98656.5)	(78.0, 74011.0)	(79.0, 53277.0)	(80.0, 36347.5)	(81.0, 23525.0)	(82.0, 14548.5)	(83.0, 8367.5)	(84.0, 4646.5)	(85.0, 2558.0)	(86.0, 1324.5)	(87.0, 667.5)	(88.0, 378.5)	(89.0, 239.5)	(90.0, 192.0)	(91.0, 173.5)	(92.0, 170.5)	(93.0, 160.5)	(94.0, 168.5)	(95.0, 184.0)	(96.0, 221.0)	(97.0, 373.5)	(98.0, 608.5)	(99.0, 1226.5)	(100.0, 5144.0)
IDDLNTM49_R1	(0.0, 0.0)	(1.0, 0.0)	(2.0, 0.0)	(3.0, 0.0)	(4.0, 0.0)	(5.0, 0.0)	(6.0, 0.0)	(7.0, 0.5)	(8.0, 0.5)	(9.0, 0.0)	(10.0, 0.0)	(11.0, 0.0)	(12.0, 0.0)	(13.0, 0.0)	(14.0, 0.0)	(15.0, 0.0)	(16.0, 0.0)	(17.0, 0.0)	(18.0, 0.0)	(19.0, 0.0)	(20.0, 0.0)	(21.0, 0.0)	(22.0, 0.0)	(23.0, 0.0)	(24.0, 0.0)	(25.0, 0.0)	(26.0, 0.0)	(27.0, 0.0)	(28.0, 0.0)	(29.0, 0.0)	(30.0, 0.0)	(31.0, 1.0)	(32.0, 3.0)	(33.0, 9.5)	(34.0, 17.5)	(35.0, 23.0)	(36.0, 33.5)	(37.0, 60.5)	(38.0, 98.0)	(39.0, 166.5)	(40.0, 265.0)	(41.0, 433.5)	(42.0, 657.5)	(43.0, 917.0)	(44.0, 1429.5)	(45.0, 2113.0)	(46.0, 2954.5)	(47.0, 4137.5)	(48.0, 5759.0)	(49.0, 8250.0)	(50.0, 11951.0)	(51.0, 17557.0)	(52.0, 25914.5)	(53.0, 37594.0)	(54.0, 52783.5)	(55.0, 72240.5)	(56.0, 96683.0)	(57.0, 123260.0)	(58.0, 150311.5)	(59.0, 177531.5)	(60.0, 202501.5)	(61.0, 222415.0)	(62.0, 235747.5)	(63.0, 240037.5)	(64.0, 235948.0)	(65.0, 226006.5)	(66.0, 209799.0)	(67.0, 188427.5)	(68.0, 163372.5)	(69.0, 137009.5)	(70.0, 111670.5)	(71.0, 88242.5)	(72.0, 66811.0)	(73.0, 48437.5)	(74.0, 33769.0)	(75.0, 22430.5)	(76.0, 14473.0)	(77.0, 9294.0)	(78.0, 5775.5)	(79.0, 3325.0)	(80.0, 1850.5)	(81.0, 988.0)	(82.0, 509.5)	(83.0, 272.0)	(84.0, 132.0)	(85.0, 56.5)	(86.0, 26.0)	(87.0, 14.5)	(88.0, 10.5)	(89.0, 10.5)	(90.0, 8.0)	(91.0, 9.0)	(92.0, 17.5)	(93.0, 31.5)	(94.0, 48.0)	(95.0, 63.0)	(96.0, 61.5)	(97.0, 48.0)	(98.0, 40.5)	(99.0, 41.5)	(100.0, 27.0)
IDDLNTM49_R2	(0.0, 0.0)	(1.0, 0.0)	(2.0, 0.0)	(3.0, 0.0)	(4.0, 0.0)	(5.0, 0.0)	(6.0, 0.0)	(7.0, 0.0)	(8.0, 0.0)	(9.0, 0.5)	(10.0, 0.5)	(11.0, 0.0)	(12.0, 0.0)	(13.0, 0.0)	(14.0, 0.0)	(15.0, 0.0)	(16.0, 0.0)	(17.0, 0.0)	(18.0, 0.0)	(19.0, 0.0)	(20.0, 0.0)	(21.0, 0.0)	(22.0, 0.0)	(23.0, 0.0)	(24.0, 0.0)	(25.0, 0.5)	(26.0, 0.5)	(27.0, 0.0)	(28.0, 0.5)	(29.0, 0.5)	(30.0, 1.5)	(31.0, 5.5)	(32.0, 11.5)	(33.0, 16.5)	(34.0, 19.5)	(35.0, 28.5)	(36.0, 49.0)	(37.0, 99.0)	(38.0, 155.0)	(39.0, 228.0)	(40.0, 363.0)	(41.0, 621.5)	(42.0, 936.5)	(43.0, 1263.5)	(44.0, 1885.5)	(45.0, 2745.5)	(46.0, 3887.5)	(47.0, 5419.5)	(48.0, 7597.0)	(49.0, 11075.0)	(50.0, 16802.5)	(51.0, 25529.0)	(52.0, 38182.5)	(53.0, 55615.5)	(54.0, 76398.0)	(55.0, 98755.0)	(56.0, 121993.0)	(57.0, 143380.0)	(58.0, 161068.0)	(59.0, 176619.5)	(60.0, 189858.0)	(61.0, 200292.5)	(62.0, 208588.5)	(63.0, 212554.0)	(64.0, 212247.0)	(65.0, 207535.0)	(66.0, 196221.0)	(67.0, 179008.5)	(68.0, 157898.0)	(69.0, 134736.5)	(70.0, 110438.5)	(71.0, 87605.5)	(72.0, 67124.0)	(73.0, 48608.5)	(74.0, 33655.0)	(75.0, 22636.5)	(76.0, 14757.5)	(77.0, 9382.0)	(78.0, 5723.0)	(79.0, 3312.5)	(80.0, 1904.0)	(81.0, 1063.5)	(82.0, 575.5)	(83.0, 325.5)	(84.0, 182.0)	(85.0, 113.5)	(86.0, 89.0)	(87.0, 63.0)	(88.0, 65.5)	(89.0, 69.5)	(90.0, 59.5)	(91.0, 57.0)	(92.0, 62.0)	(93.0, 70.5)	(94.0, 73.0)	(95.0, 71.5)	(96.0, 89.0)	(97.0, 137.0)	(98.0, 240.5)	(99.0, 473.5)	(100.0, 2258.0)
IDDLNTM50_R1	(0.0, 0.0)	(1.0, 0.0)	(2.0, 0.0)	(3.0, 0.0)	(4.0, 0.5)	(5.0, 0.5)	(6.0, 0.0)	(7.0, 0.0)	(8.0, 0.0)	(9.0, 0.0)	(10.0, 0.0)	(11.0, 0.0)	(12.0, 0.0)	(13.0, 0.0)	(14.0, 0.5)	(15.0, 1.0)	(16.0, 0.5)	(17.0, 0.0)	(18.0, 0.0)	(19.0, 0.0)	(20.0, 0.0)	(21.0, 0.0)	(22.0, 0.0)	(23.0, 0.0)	(24.0, 0.0)	(25.0, 0.0)	(26.0, 0.0)	(27.0, 0.0)	(28.0, 0.0)	(29.0, 0.0)	(30.0, 0.0)	(31.0, 2.0)	(32.0, 9.5)	(33.0, 18.0)	(34.0, 24.5)	(35.0, 30.0)	(36.0, 45.0)	(37.0, 67.5)	(38.0, 93.0)	(39.0, 143.5)	(40.0, 234.5)	(41.0, 417.5)	(42.0, 636.0)	(43.0, 876.0)	(44.0, 1300.5)	(45.0, 1928.5)	(46.0, 2748.5)	(47.0, 3810.5)	(48.0, 5444.0)	(49.0, 7926.5)	(50.0, 11641.0)	(51.0, 16958.5)	(52.0, 24642.5)	(53.0, 35436.5)	(54.0, 49112.0)	(55.0, 66170.5)	(56.0, 86490.5)	(57.0, 108385.0)	(58.0, 130575.5)	(59.0, 151888.5)	(60.0, 171003.0)	(61.0, 185414.0)	(62.0, 194908.0)	(63.0, 198406.5)	(64.0, 195113.5)	(65.0, 187380.5)	(66.0, 175286.0)	(67.0, 158795.5)	(68.0, 138489.0)	(69.0, 117164.5)	(70.0, 95882.5)	(71.0, 75248.5)	(72.0, 57208.0)	(73.0, 41698.5)	(74.0, 28967.0)	(75.0, 19207.0)	(76.0, 12394.5)	(77.0, 7952.5)	(78.0, 4735.0)	(79.0, 2608.5)	(80.0, 1377.5)	(81.0, 640.5)	(82.0, 313.0)	(83.0, 137.0)	(84.0, 47.5)	(85.0, 14.0)	(86.0, 9.0)	(87.0, 10.0)	(88.0, 8.0)	(89.0, 6.5)	(90.0, 9.0)	(91.0, 8.5)	(92.0, 13.0)	(93.0, 20.0)	(94.0, 37.0)	(95.0, 56.0)	(96.0, 47.5)	(97.0, 31.0)	(98.0, 35.0)	(99.0, 40.0)	(100.0, 23.0)
IDDLNTM50_R2	(0.0, 0.0)	(1.0, 0.0)	(2.0, 0.0)	(3.0, 0.0)	(4.0, 0.0)	(5.0, 0.0)	(6.0, 0.0)	(7.0, 0.0)	(8.0, 0.0)	(9.0, 0.0)	(10.0, 0.0)	(11.0, 0.0)	(12.0, 0.0)	(13.0, 0.0)	(14.0, 0.0)	(15.0, 0.0)	(16.0, 0.0)	(17.0, 0.0)	(18.0, 0.0)	(19.0, 0.0)	(20.0, 0.0)	(21.0, 0.0)	(22.0, 0.0)	(23.0, 0.0)	(24.0, 0.0)	(25.0, 0.0)	(26.0, 0.0)	(27.0, 0.0)	(28.0, 0.0)	(29.0, 1.5)	(30.0, 3.5)	(31.0, 5.5)	(32.0, 13.0)	(33.0, 19.5)	(34.0, 26.5)	(35.0, 40.5)	(36.0, 62.5)	(37.0, 95.5)	(38.0, 129.5)	(39.0, 202.5)	(40.0, 322.0)	(41.0, 511.5)	(42.0, 782.5)	(43.0, 1079.5)	(44.0, 1568.0)	(45.0, 2223.5)	(46.0, 3071.5)	(47.0, 4144.5)	(48.0, 5799.5)	(49.0, 8334.5)	(50.0, 11971.0)	(51.0, 17886.0)	(52.0, 27037.5)	(53.0, 39533.0)	(54.0, 55894.0)	(55.0, 75649.0)	(56.0, 97161.5)	(57.0, 118303.0)	(58.0, 137791.5)	(59.0, 154237.5)	(60.0, 167117.0)	(61.0, 176865.5)	(62.0, 183165.0)	(63.0, 185817.0)	(64.0, 184021.5)	(65.0, 178816.5)	(66.0, 169725.5)	(67.0, 155690.5)	(68.0, 137497.5)	(69.0, 116974.5)	(70.0, 96333.0)	(71.0, 76632.0)	(72.0, 58445.5)	(73.0, 42421.0)	(74.0, 29375.5)	(75.0, 19491.5)	(76.0, 12491.5)	(77.0, 7854.0)	(78.0, 4752.5)	(79.0, 2642.0)	(80.0, 1414.0)	(81.0, 754.0)	(82.0, 365.0)	(83.0, 174.0)	(84.0, 95.5)	(85.0, 59.5)	(86.0, 50.0)	(87.0, 42.0)	(88.0, 38.5)	(89.0, 45.0)	(90.0, 45.0)	(91.0, 39.5)	(92.0, 38.0)	(93.0, 36.0)	(94.0, 36.0)	(95.0, 47.0)	(96.0, 64.5)	(97.0, 104.0)	(98.0, 165.0)	(99.0, 363.0)	(100.0, 2034.5)
IDDLNTM52_R1	(0.0, 0.0)	(1.0, 0.0)	(2.0, 0.0)	(3.0, 0.0)	(4.0, 0.5)	(5.0, 0.5)	(6.0, 0.0)	(7.0, 0.0)	(8.0, 0.0)	(9.0, 0.0)	(10.0, 0.0)	(11.0, 0.0)	(12.0, 0.0)	(13.0, 0.0)	(14.0, 0.5)	(15.0, 0.5)	(16.0, 0.0)	(17.0, 0.0)	(18.0, 0.0)	(19.0, 0.5)	(20.0, 0.5)	(21.0, 0.0)	(22.0, 0.0)	(23.0, 0.0)	(24.0, 0.0)	(25.0, 0.0)	(26.0, 0.0)	(27.0, 0.0)	(28.0, 0.0)	(29.0, 0.0)	(30.0, 0.0)	(31.0, 0.0)	(32.0, 1.0)	(33.0, 4.0)	(34.0, 7.5)	(35.0, 18.5)	(36.0, 37.5)	(37.0, 57.5)	(38.0, 91.0)	(39.0, 130.5)	(40.0, 189.5)	(41.0, 310.0)	(42.0, 468.5)	(43.0, 697.5)	(44.0, 1150.5)	(45.0, 1763.0)	(46.0, 2611.5)	(47.0, 3818.5)	(48.0, 5433.5)	(49.0, 7664.5)	(50.0, 10621.5)	(51.0, 14881.5)	(52.0, 21316.0)	(53.0, 30302.5)	(54.0, 42697.5)	(55.0, 59287.0)	(56.0, 80875.0)	(57.0, 108664.5)	(58.0, 142818.0)	(59.0, 181798.5)	(60.0, 223383.5)	(61.0, 266607.5)	(62.0, 307425.5)	(63.0, 343096.5)	(64.0, 370597.0)	(65.0, 385911.0)	(66.0, 389757.5)	(67.0, 383528.0)	(68.0, 365515.5)	(69.0, 337461.0)	(70.0, 303941.5)	(71.0, 266084.0)	(72.0, 227151.5)	(73.0, 188108.0)	(74.0, 150204.5)	(75.0, 116452.5)	(76.0, 87235.0)	(77.0, 62536.0)	(78.0, 43145.0)	(79.0, 28823.5)	(80.0, 18388.0)	(81.0, 11237.5)	(82.0, 6304.5)	(83.0, 3239.5)	(84.0, 1656.5)	(85.0, 768.5)	(86.0, 345.0)	(87.0, 177.5)	(88.0, 93.0)	(89.0, 55.0)	(90.0, 40.5)	(91.0, 33.5)	(92.0, 33.5)	(93.0, 65.0)	(94.0, 116.0)	(95.0, 142.0)	(96.0, 139.0)	(97.0, 110.5)	(98.0, 79.5)	(99.0, 74.5)	(100.0, 45.5)
IDDLNTM52_R2	(0.0, 0.0)	(1.0, 0.0)	(2.0, 0.5)	(3.0, 0.5)	(4.0, 0.0)	(5.0, 0.0)	(6.0, 0.0)	(7.0, 0.0)	(8.0, 0.0)	(9.0, 0.0)	(10.0, 0.0)	(11.0, 0.0)	(12.0, 0.0)	(13.0, 0.0)	(14.0, 0.0)	(15.0, 0.0)	(16.0, 0.0)	(17.0, 0.0)	(18.0, 0.0)	(19.0, 0.0)	(20.0, 0.5)	(21.0, 1.0)	(22.0, 0.5)	(23.0, 0.0)	(24.0, 0.0)	(25.0, 0.0)	(26.0, 0.0)	(27.0, 0.5)	(28.0, 1.5)	(29.0, 2.0)	(30.0, 1.5)	(31.0, 1.0)	(32.0, 5.5)	(33.0, 10.0)	(34.0, 12.0)	(35.0, 31.5)	(36.0, 65.5)	(37.0, 103.0)	(38.0, 139.0)	(39.0, 214.0)	(40.0, 346.5)	(41.0, 519.5)	(42.0, 768.5)	(43.0, 1138.5)	(44.0, 1787.0)	(45.0, 2747.0)	(46.0, 4147.0)	(47.0, 6018.0)	(48.0, 8629.0)	(49.0, 12672.5)	(50.0, 18949.5)	(51.0, 28538.0)	(52.0, 43065.5)	(53.0, 63177.5)	(54.0, 88264.5)	(55.0, 116986.5)	(56.0, 148265.5)	(57.0, 179178.0)	(58.0, 206749.0)	(59.0, 230194.5)	(60.0, 249157.5)	(61.0, 265531.0)	(62.0, 281233.0)	(63.0, 295457.0)	(64.0, 306818.5)	(65.0, 316361.5)	(66.0, 321483.0)	(67.0, 320736.0)	(68.0, 313454.0)	(69.0, 298752.0)	(70.0, 277845.0)	(71.0, 250111.5)	(72.0, 218072.5)	(73.0, 184167.0)	(74.0, 149358.5)	(75.0, 116193.0)	(76.0, 86980.0)	(77.0, 62633.0)	(78.0, 43399.0)	(79.0, 28949.5)	(80.0, 18570.0)	(81.0, 11164.5)	(82.0, 6240.0)	(83.0, 3423.5)	(84.0, 1832.5)	(85.0, 976.5)	(86.0, 545.5)	(87.0, 327.0)	(88.0, 250.0)	(89.0, 209.5)	(90.0, 175.5)	(91.0, 187.0)	(92.0, 191.0)	(93.0, 192.0)	(94.0, 211.5)	(95.0, 234.5)	(96.0, 298.5)	(97.0, 446.0)	(98.0, 721.0)	(99.0, 1418.5)	(100.0, 5882.5)
IDDLNTM55.A_R1	(0.0, 0.0)	(1.0, 0.0)	(2.0, 0.0)	(3.0, 0.0)	(4.0, 0.0)	(5.0, 0.0)	(6.0, 0.0)	(7.0, 0.0)	(8.0, 0.0)	(9.0, 0.0)	(10.0, 0.0)	(11.0, 0.0)	(12.0, 0.0)	(13.0, 0.0)	(14.0, 0.0)	(15.0, 0.0)	(16.0, 0.0)	(17.0, 0.0)	(18.0, 0.0)	(19.0, 0.0)	(20.0, 0.0)	(21.0, 0.0)	(22.0, 0.0)	(23.0, 0.0)	(24.0, 0.0)	(25.0, 0.0)	(26.0, 0.0)	(27.0, 0.0)	(28.0, 0.0)	(29.0, 1.0)	(30.0, 2.0)	(31.0, 4.0)	(32.0, 3.5)	(33.0, 3.5)	(34.0, 15.5)	(35.0, 30.5)	(36.0, 44.5)	(37.0, 72.5)	(38.0, 131.0)	(39.0, 203.0)	(40.0, 290.0)	(41.0, 410.0)	(42.0, 576.5)	(43.0, 781.5)	(44.0, 1071.5)	(45.0, 1575.0)	(46.0, 2362.0)	(47.0, 3462.5)	(48.0, 4950.0)	(49.0, 7167.0)	(50.0, 10498.5)	(51.0, 15416.5)	(52.0, 22561.0)	(53.0, 32870.0)	(54.0, 47269.5)	(55.0, 67150.0)	(56.0, 93529.0)	(57.0, 124801.0)	(58.0, 160141.5)	(59.0, 199899.5)	(60.0, 239762.5)	(61.0, 278359.0)	(62.0, 310535.0)	(63.0, 333460.5)	(64.0, 349019.0)	(65.0, 357971.0)	(66.0, 362362.5)	(67.0, 356172.0)	(68.0, 341438.5)	(69.0, 320740.0)	(70.0, 291436.0)	(71.0, 256451.5)	(72.0, 218069.0)	(73.0, 178106.0)	(74.0, 138968.5)	(75.0, 103345.5)	(76.0, 74127.5)	(77.0, 51380.5)	(78.0, 34008.5)	(79.0, 21315.0)	(80.0, 12592.5)	(81.0, 7113.0)	(82.0, 4000.5)	(83.0, 2343.0)	(84.0, 1287.5)	(85.0, 665.5)	(86.0, 325.5)	(87.0, 155.0)	(88.0, 70.5)	(89.0, 38.5)	(90.0, 25.0)	(91.0, 22.0)	(92.0, 24.5)	(93.0, 41.0)	(94.0, 62.5)	(95.0, 78.0)	(96.0, 86.0)	(97.0, 78.0)	(98.0, 71.0)	(99.0, 63.5)	(100.0, 33.0)
IDDLNTM55.A_R2	(0.0, 0.0)	(1.0, 0.5)	(2.0, 0.5)	(3.0, 0.0)	(4.0, 0.0)	(5.0, 0.0)	(6.0, 0.0)	(7.0, 0.0)	(8.0, 0.0)	(9.0, 0.0)	(10.0, 0.0)	(11.0, 0.0)	(12.0, 0.0)	(13.0, 0.0)	(14.0, 0.0)	(15.0, 0.5)	(16.0, 0.5)	(17.0, 0.5)	(18.0, 0.5)	(19.0, 0.0)	(20.0, 0.0)	(21.0, 0.0)	(22.0, 0.0)	(23.0, 0.0)	(24.0, 0.0)	(25.0, 0.5)	(26.0, 1.0)	(27.0, 1.0)	(28.0, 0.5)	(29.0, 1.0)	(30.0, 1.5)	(31.0, 3.0)	(32.0, 7.0)	(33.0, 10.0)	(34.0, 14.0)	(35.0, 30.0)	(36.0, 58.5)	(37.0, 92.5)	(38.0, 157.0)	(39.0, 244.0)	(40.0, 363.0)	(41.0, 561.5)	(42.0, 800.5)	(43.0, 1075.5)	(44.0, 1443.5)	(45.0, 2024.0)	(46.0, 2966.5)	(47.0, 4231.5)	(48.0, 5869.0)	(49.0, 8285.5)	(50.0, 12038.0)	(51.0, 17792.0)	(52.0, 26659.0)	(53.0, 40306.5)	(54.0, 59096.5)	(55.0, 83859.0)	(56.0, 114312.0)	(57.0, 148105.0)	(58.0, 182441.0)	(59.0, 215232.5)	(60.0, 243876.0)	(61.0, 269655.5)	(62.0, 290753.5)	(63.0, 307369.0)	(64.0, 322042.5)	(65.0, 334229.5)	(66.0, 343923.0)	(67.0, 344069.0)	(68.0, 334073.0)	(69.0, 316903.5)	(70.0, 290172.5)	(71.0, 256276.0)	(72.0, 219013.0)	(73.0, 178952.0)	(74.0, 139575.5)	(75.0, 104020.0)	(76.0, 74475.0)	(77.0, 51462.0)	(78.0, 34110.5)	(79.0, 21418.0)	(80.0, 12620.0)	(81.0, 7236.0)	(82.0, 4141.5)	(83.0, 2475.5)	(84.0, 1407.0)	(85.0, 754.0)	(86.0, 395.0)	(87.0, 223.5)	(88.0, 143.0)	(89.0, 99.0)	(90.0, 91.5)	(91.0, 92.0)	(92.0, 94.0)	(93.0, 89.0)	(94.0, 102.5)	(95.0, 118.5)	(96.0, 128.0)	(97.0, 198.0)	(98.0, 337.5)	(99.0, 732.0)	(100.0, 4047.0)
IDDLNTM55.B_R1	(0.0, 0.0)	(1.0, 0.0)	(2.0, 0.0)	(3.0, 0.5)	(4.0, 0.5)	(5.0, 0.0)	(6.0, 0.0)	(7.0, 0.0)	(8.0, 0.0)	(9.0, 0.0)	(10.0, 0.0)	(11.0, 0.0)	(12.0, 0.0)	(13.0, 0.0)	(14.0, 0.0)	(15.0, 0.0)	(16.0, 0.0)	(17.0, 0.0)	(18.0, 0.0)	(19.0, 0.0)	(20.0, 0.0)	(21.0, 0.0)	(22.0, 0.0)	(23.0, 0.0)	(24.0, 0.0)	(25.0, 0.0)	(26.0, 0.0)	(27.0, 1.0)	(28.0, 1.0)	(29.0, 0.0)	(30.0, 0.0)	(31.0, 0.0)	(32.0, 0.0)	(33.0, 2.0)	(34.0, 4.5)	(35.0, 22.5)	(36.0, 49.0)	(37.0, 63.5)	(38.0, 95.0)	(39.0, 167.0)	(40.0, 284.5)	(41.0, 446.0)	(42.0, 628.0)	(43.0, 807.0)	(44.0, 1123.0)	(45.0, 1626.0)	(46.0, 2425.0)	(47.0, 3696.0)	(48.0, 5415.5)	(49.0, 7944.5)	(50.0, 12001.5)	(51.0, 18066.5)	(52.0, 26856.0)	(53.0, 38747.0)	(54.0, 54805.5)	(55.0, 76317.0)	(56.0, 102713.0)	(57.0, 133492.5)	(58.0, 167896.0)	(59.0, 202815.0)	(60.0, 234755.5)	(61.0, 264487.0)	(62.0, 289689.5)	(63.0, 308092.5)	(64.0, 320835.5)	(65.0, 329640.0)	(66.0, 333839.5)	(67.0, 331346.0)	(68.0, 322767.0)	(69.0, 305530.5)	(70.0, 280531.0)	(71.0, 250022.0)	(72.0, 213646.0)	(73.0, 174736.0)	(74.0, 138014.0)	(75.0, 104242.0)	(76.0, 74677.0)	(77.0, 51512.0)	(78.0, 33968.0)	(79.0, 21009.0)	(80.0, 12374.0)	(81.0, 7042.5)	(82.0, 3840.0)	(83.0, 2036.5)	(84.0, 1005.5)	(85.0, 513.0)	(86.0, 268.5)	(87.0, 118.5)	(88.0, 55.5)	(89.0, 37.0)	(90.0, 22.5)	(91.0, 18.0)	(92.0, 22.5)	(93.0, 36.5)	(94.0, 64.0)	(95.0, 93.0)	(96.0, 102.5)	(97.0, 79.5)	(98.0, 65.5)	(99.0, 66.5)	(100.0, 37.5)
IDDLNTM55.B_R2	(0.0, 0.0)	(1.0, 0.0)	(2.0, 0.0)	(3.0, 0.0)	(4.0, 0.0)	(5.0, 0.0)	(6.0, 0.0)	(7.0, 0.0)	(8.0, 0.0)	(9.0, 0.0)	(10.0, 0.0)	(11.0, 0.0)	(12.0, 0.0)	(13.0, 0.0)	(14.0, 0.0)	(15.0, 0.0)	(16.0, 0.0)	(17.0, 0.0)	(18.0, 0.0)	(19.0, 0.0)	(20.0, 0.0)	(21.0, 0.0)	(22.0, 0.0)	(23.0, 0.0)	(24.0, 0.0)	(25.0, 0.0)	(26.0, 0.5)	(27.0, 1.5)	(28.0, 1.0)	(29.0, 0.0)	(30.0, 0.5)	(31.0, 2.5)	(32.0, 4.5)	(33.0, 6.5)	(34.0, 12.0)	(35.0, 29.0)	(36.0, 52.5)	(37.0, 77.5)	(38.0, 129.0)	(39.0, 221.5)	(40.0, 355.0)	(41.0, 593.5)	(42.0, 891.0)	(43.0, 1170.5)	(44.0, 1643.5)	(45.0, 2423.0)	(46.0, 3533.5)	(47.0, 5323.5)	(48.0, 8065.5)	(49.0, 12405.5)	(50.0, 19311.5)	(51.0, 29849.5)	(52.0, 44893.0)	(53.0, 64687.5)	(54.0, 88879.5)	(55.0, 115408.0)	(56.0, 141153.5)	(57.0, 164439.0)	(58.0, 184806.5)	(59.0, 201972.0)	(60.0, 216905.0)	(61.0, 233221.5)	(62.0, 250839.0)	(63.0, 267911.5)	(64.0, 285262.5)	(65.0, 302404.5)	(66.0, 314237.5)	(67.0, 317853.0)	(68.0, 314442.0)	(69.0, 301055.5)	(70.0, 277595.0)	(71.0, 247982.5)	(72.0, 212923.5)	(73.0, 174331.5)	(74.0, 137750.0)	(75.0, 104356.0)	(76.0, 74580.0)	(77.0, 51328.5)	(78.0, 34132.0)	(79.0, 21227.0)	(80.0, 12532.0)	(81.0, 7201.5)	(82.0, 3932.0)	(83.0, 2104.0)	(84.0, 1100.5)	(85.0, 581.5)	(86.0, 311.5)	(87.0, 170.0)	(88.0, 118.5)	(89.0, 104.0)	(90.0, 93.5)	(91.0, 85.0)	(92.0, 72.0)	(93.0, 75.5)	(94.0, 94.5)	(95.0, 102.5)	(96.0, 131.0)	(97.0, 198.5)	(98.0, 305.5)	(99.0, 658.5)	(100.0, 3789.0)
IDDLNTM56_R1	(0.0, 0.0)	(1.0, 0.0)	(2.0, 0.0)	(3.0, 0.5)	(4.0, 0.5)	(5.0, 0.0)	(6.0, 0.0)	(7.0, 0.0)	(8.0, 0.0)	(9.0, 0.0)	(10.0, 0.0)	(11.0, 0.0)	(12.0, 0.0)	(13.0, 0.0)	(14.0, 1.0)	(15.0, 1.0)	(16.0, 0.0)	(17.0, 0.0)	(18.0, 0.0)	(19.0, 0.0)	(20.0, 0.0)	(21.0, 0.0)	(22.0, 0.0)	(23.0, 0.0)	(24.0, 0.0)	(25.0, 0.0)	(26.0, 0.0)	(27.0, 0.5)	(28.0, 0.5)	(29.0, 0.0)	(30.0, 0.0)	(31.0, 0.5)	(32.0, 0.5)	(33.0, 0.0)	(34.0, 5.0)	(35.0, 6.0)	(36.0, 3.5)	(37.0, 11.0)	(38.0, 28.5)	(39.0, 59.0)	(40.0, 99.0)	(41.0, 151.0)	(42.0, 235.5)	(43.0, 377.5)	(44.0, 549.0)	(45.0, 776.5)	(46.0, 1135.0)	(47.0, 1768.0)	(48.0, 2662.5)	(49.0, 3925.5)	(50.0, 5926.0)	(51.0, 9051.5)	(52.0, 13663.0)	(53.0, 20287.0)	(54.0, 29510.0)	(55.0, 42134.5)	(56.0, 58534.5)	(57.0, 78871.0)	(58.0, 103254.0)	(59.0, 130423.0)	(60.0, 159608.5)	(61.0, 189479.5)	(62.0, 218706.0)	(63.0, 243840.0)	(64.0, 262738.0)	(65.0, 275764.0)	(66.0, 281441.0)	(67.0, 281033.0)	(68.0, 276124.0)	(69.0, 267284.5)	(70.0, 252338.5)	(71.0, 232154.0)	(72.0, 210207.0)	(73.0, 184930.0)	(74.0, 158481.0)	(75.0, 133053.5)	(76.0, 107818.0)	(77.0, 83599.5)	(78.0, 62180.5)	(79.0, 44696.5)	(80.0, 30426.0)	(81.0, 19480.5)	(82.0, 11831.5)	(83.0, 6643.5)	(84.0, 3530.0)	(85.0, 1802.0)	(86.0, 816.5)	(87.0, 370.0)	(88.0, 176.5)	(89.0, 79.5)	(90.0, 36.5)	(91.0, 25.5)	(92.0, 28.0)	(93.0, 37.5)	(94.0, 58.5)	(95.0, 75.5)	(96.0, 79.5)	(97.0, 72.0)	(98.0, 70.0)	(99.0, 73.5)	(100.0, 38.0)
IDDLNTM56_R2	(0.0, 0.0)	(1.0, 0.0)	(2.0, 0.5)	(3.0, 0.5)	(4.0, 0.0)	(5.0, 0.0)	(6.0, 0.0)	(7.0, 0.0)	(8.0, 0.0)	(9.0, 0.0)	(10.0, 0.0)	(11.0, 0.0)	(12.0, 0.0)	(13.0, 0.0)	(14.0, 0.0)	(15.0, 0.0)	(16.0, 0.0)	(17.0, 0.0)	(18.0, 0.0)	(19.0, 0.0)	(20.0, 0.0)	(21.0, 0.0)	(22.0, 0.0)	(23.0, 0.0)	(24.0, 0.0)	(25.0, 0.0)	(26.0, 0.0)	(27.0, 0.5)	(28.0, 0.5)	(29.0, 0.0)	(30.0, 0.5)	(31.0, 1.0)	(32.0, 2.5)	(33.0, 3.0)	(34.0, 3.0)	(35.0, 6.5)	(36.0, 13.0)	(37.0, 27.0)	(38.0, 62.5)	(39.0, 120.0)	(40.0, 182.5)	(41.0, 274.0)	(42.0, 418.5)	(43.0, 622.5)	(44.0, 873.0)	(45.0, 1195.0)	(46.0, 1721.5)	(47.0, 2522.0)	(48.0, 3616.5)	(49.0, 5414.5)	(50.0, 8252.0)	(51.0, 12720.5)	(52.0, 19767.5)	(53.0, 29727.5)	(54.0, 43576.0)	(55.0, 61805.0)	(56.0, 83703.0)	(57.0, 107861.0)	(58.0, 132500.0)	(59.0, 156300.0)	(60.0, 176955.5)	(61.0, 194203.5)	(62.0, 209693.0)	(63.0, 222359.0)	(64.0, 233745.0)	(65.0, 243209.5)	(66.0, 249299.5)	(67.0, 254145.5)	(68.0, 256269.5)	(69.0, 253110.0)	(70.0, 242783.0)	(71.0, 227268.0)	(72.0, 208074.5)	(73.0, 184252.0)	(74.0, 158676.0)	(75.0, 133240.0)	(76.0, 108220.5)	(77.0, 84160.0)	(78.0, 62427.5)	(79.0, 44529.5)	(80.0, 30290.0)	(81.0, 19606.0)	(82.0, 11996.0)	(83.0, 6855.5)	(84.0, 3674.5)	(85.0, 1862.5)	(86.0, 908.0)	(87.0, 454.0)	(88.0, 235.0)	(89.0, 148.0)	(90.0, 114.5)	(91.0, 102.5)	(92.0, 93.5)	(93.0, 90.0)	(94.0, 97.0)	(95.0, 101.5)	(96.0, 126.5)	(97.0, 179.5)	(98.0, 295.5)	(99.0, 689.0)	(100.0, 3674.0)
IDDLNTM58_R1	(0.0, 0.0)	(1.0, 0.0)	(2.0, 0.0)	(3.0, 0.0)	(4.0, 0.0)	(5.0, 0.0)	(6.0, 0.0)	(7.0, 0.0)	(8.0, 0.0)	(9.0, 0.0)	(10.0, 0.0)	(11.0, 0.0)	(12.0, 0.0)	(13.0, 0.0)	(14.0, 0.0)	(15.0, 0.5)	(16.0, 0.5)	(17.0, 0.0)	(18.0, 0.0)	(19.0, 0.0)	(20.0, 0.0)	(21.0, 0.0)	(22.0, 0.0)	(23.0, 0.0)	(24.0, 0.0)	(25.0, 0.0)	(26.0, 0.0)	(27.0, 0.0)	(28.0, 0.0)	(29.0, 0.0)	(30.0, 0.0)	(31.0, 0.0)	(32.0, 0.5)	(33.0, 2.0)	(34.0, 8.0)	(35.0, 18.0)	(36.0, 27.5)	(37.0, 43.5)	(38.0, 67.0)	(39.0, 119.5)	(40.0, 197.5)	(41.0, 280.0)	(42.0, 416.0)	(43.0, 624.0)	(44.0, 829.5)	(45.0, 1126.0)	(46.0, 1650.0)	(47.0, 2331.0)	(48.0, 3262.5)	(49.0, 4758.0)	(50.0, 6790.5)	(51.0, 9685.0)	(52.0, 14234.0)	(53.0, 20526.5)	(54.0, 28765.0)	(55.0, 40363.5)	(56.0, 56037.0)	(57.0, 76181.5)	(58.0, 100384.0)	(59.0, 128020.0)	(60.0, 157765.0)	(61.0, 188084.0)	(62.0, 215123.0)	(63.0, 236197.0)	(64.0, 251296.0)	(65.0, 258929.5)	(66.0, 257986.0)	(67.0, 248562.0)	(68.0, 234145.0)	(69.0, 214866.0)	(70.0, 190397.5)	(71.0, 163000.5)	(72.0, 134609.0)	(73.0, 107148.0)	(74.0, 80940.5)	(75.0, 57617.5)	(76.0, 39054.5)	(77.0, 24862.0)	(78.0, 14499.0)	(79.0, 7763.0)	(80.0, 3813.5)	(81.0, 1597.5)	(82.0, 555.5)	(83.0, 199.0)	(84.0, 68.0)	(85.0, 35.5)	(86.0, 25.0)	(87.0, 15.5)	(88.0, 16.5)	(89.0, 12.0)	(90.0, 12.5)	(91.0, 14.0)	(92.0, 14.0)	(93.0, 28.5)	(94.0, 47.5)	(95.0, 55.5)	(96.0, 55.5)	(97.0, 51.5)	(98.0, 52.0)	(99.0, 47.0)	(100.0, 23.0)
IDDLNTM58_R2	(0.0, 0.0)	(1.0, 0.0)	(2.0, 0.0)	(3.0, 0.0)	(4.0, 0.0)	(5.0, 0.0)	(6.0, 0.0)	(7.0, 0.0)	(8.0, 0.0)	(9.0, 0.0)	(10.0, 0.0)	(11.0, 0.0)	(12.0, 0.0)	(13.0, 0.0)	(14.0, 0.0)	(15.0, 0.0)	(16.0, 0.0)	(17.0, 0.0)	(18.0, 0.0)	(19.0, 0.0)	(20.0, 0.0)	(21.0, 0.0)	(22.0, 0.0)	(23.0, 0.0)	(24.0, 0.0)	(25.0, 0.0)	(26.0, 0.0)	(27.0, 0.0)	(28.0, 0.0)	(29.0, 1.0)	(30.0, 1.5)	(31.0, 1.0)	(32.0, 1.0)	(33.0, 3.5)	(34.0, 10.0)	(35.0, 19.5)	(36.0, 39.0)	(37.0, 69.0)	(38.0, 103.0)	(39.0, 160.0)	(40.0, 265.0)	(41.0, 431.0)	(42.0, 649.5)	(43.0, 985.0)	(44.0, 1353.5)	(45.0, 1836.5)	(46.0, 2707.0)	(47.0, 4075.0)	(48.0, 6315.0)	(49.0, 9609.0)	(50.0, 14697.0)	(51.0, 22591.0)	(52.0, 33872.5)	(53.0, 48608.5)	(54.0, 65646.0)	(55.0, 83599.0)	(56.0, 101768.0)	(57.0, 118464.0)	(58.0, 131902.0)	(59.0, 143814.0)	(60.0, 155366.5)	(61.0, 168083.0)	(62.0, 181120.0)	(63.0, 193357.5)	(64.0, 205239.0)	(65.0, 214647.5)	(66.0, 220118.0)	(67.0, 219466.5)	(68.0, 213375.0)	(69.0, 201460.5)	(70.0, 182768.5)	(71.0, 159235.5)	(72.0, 133537.0)	(73.0, 107156.5)	(74.0, 81371.0)	(75.0, 58336.5)	(76.0, 39383.5)	(77.0, 25030.5)	(78.0, 14653.0)	(79.0, 7786.5)	(80.0, 3740.5)	(81.0, 1647.0)	(82.0, 637.0)	(83.0, 241.5)	(84.0, 120.0)	(85.0, 83.5)	(86.0, 67.5)	(87.0, 60.5)	(88.0, 57.5)	(89.0, 45.0)	(90.0, 42.0)	(91.0, 45.5)	(92.0, 50.5)	(93.0, 55.0)	(94.0, 58.0)	(95.0, 57.5)	(96.0, 68.5)	(97.0, 102.5)	(98.0, 154.5)	(99.0, 341.5)	(100.0, 1910.5)
IDDLNTM59_R1	(0.0, 0.0)	(1.0, 0.0)	(2.0, 0.0)	(3.0, 0.0)	(4.0, 0.0)	(5.0, 0.0)	(6.0, 0.0)	(7.0, 0.0)	(8.0, 0.0)	(9.0, 0.0)	(10.0, 0.0)	(11.0, 0.0)	(12.0, 0.0)	(13.0, 0.0)	(14.0, 0.0)	(15.0, 0.0)	(16.0, 0.0)	(17.0, 0.0)	(18.0, 0.0)	(19.0, 0.0)	(20.0, 0.0)	(21.0, 0.0)	(22.0, 0.0)	(23.0, 0.0)	(24.0, 0.0)	(25.0, 0.0)	(26.0, 0.0)	(27.0, 0.0)	(28.0, 0.0)	(29.0, 0.0)	(30.0, 1.0)	(31.0, 6.5)	(32.0, 12.0)	(33.0, 12.0)	(34.0, 11.0)	(35.0, 7.0)	(36.0, 4.5)	(37.0, 11.0)	(38.0, 28.5)	(39.0, 60.5)	(40.0, 108.0)	(41.0, 178.5)	(42.0, 281.0)	(43.0, 415.0)	(44.0, 616.0)	(45.0, 911.5)	(46.0, 1369.0)	(47.0, 2034.5)	(48.0, 3092.5)	(49.0, 4473.5)	(50.0, 6574.0)	(51.0, 10064.0)	(52.0, 15308.5)	(53.0, 22242.0)	(54.0, 32079.5)	(55.0, 45396.0)	(56.0, 61671.0)	(57.0, 81753.5)	(58.0, 104607.5)	(59.0, 128910.0)	(60.0, 153650.0)	(61.0, 177326.0)	(62.0, 198127.0)	(63.0, 213733.0)	(64.0, 224269.0)	(65.0, 229940.5)	(66.0, 231435.5)	(67.0, 228756.5)	(68.0, 223868.5)	(69.0, 217130.0)	(70.0, 204224.5)	(71.0, 186526.0)	(72.0, 166050.0)	(73.0, 141860.5)	(74.0, 116784.5)	(75.0, 92829.5)	(76.0, 69467.0)	(77.0, 48342.5)	(78.0, 31019.5)	(79.0, 18015.5)	(80.0, 9136.5)	(81.0, 3943.0)	(82.0, 1449.0)	(83.0, 487.5)	(84.0, 165.0)	(85.0, 69.0)	(86.0, 36.0)	(87.0, 22.5)	(88.0, 20.5)	(89.0, 15.5)	(90.0, 11.0)	(91.0, 9.5)	(92.0, 14.0)	(93.0, 20.0)	(94.0, 25.0)	(95.0, 28.5)	(96.0, 37.0)	(97.0, 35.0)	(98.0, 43.0)	(99.0, 48.5)	(100.0, 21.5)
IDDLNTM59_R2	(0.0, 0.0)	(1.0, 0.0)	(2.0, 0.5)	(3.0, 0.5)	(4.0, 0.0)	(5.0, 0.0)	(6.0, 0.0)	(7.0, 0.0)	(8.0, 0.0)	(9.0, 0.0)	(10.0, 0.0)	(11.0, 0.0)	(12.0, 0.0)	(13.0, 0.0)	(14.0, 0.0)	(15.0, 0.0)	(16.0, 0.0)	(17.0, 0.0)	(18.0, 0.0)	(19.0, 0.0)	(20.0, 0.0)	(21.0, 0.0)	(22.0, 0.0)	(23.0, 0.0)	(24.0, 0.0)	(25.0, 0.0)	(26.0, 0.0)	(27.0, 0.5)	(28.0, 1.0)	(29.0, 0.5)	(30.0, 2.5)	(31.0, 10.0)	(32.0, 15.0)	(33.0, 13.5)	(34.0, 15.0)	(35.0, 13.5)	(36.0, 14.0)	(37.0, 28.0)	(38.0, 61.5)	(39.0, 108.5)	(40.0, 187.0)	(41.0, 287.0)	(42.0, 405.0)	(43.0, 584.5)	(44.0, 870.5)	(45.0, 1195.0)	(46.0, 1696.0)	(47.0, 2424.0)	(48.0, 3418.0)	(49.0, 4805.5)	(50.0, 6878.5)	(51.0, 10283.5)	(52.0, 15410.5)	(53.0, 22983.5)	(54.0, 33802.0)	(55.0, 48235.0)	(56.0, 66828.0)	(57.0, 89185.0)	(58.0, 113361.5)	(59.0, 138225.5)	(60.0, 161096.5)	(61.0, 180625.5)	(62.0, 197124.5)	(63.0, 208548.0)	(64.0, 216619.0)	(65.0, 220513.0)	(66.0, 221401.0)	(67.0, 221856.0)	(68.0, 219658.0)	(69.0, 213558.5)	(70.0, 201756.0)	(71.0, 185141.0)	(72.0, 164627.5)	(73.0, 141102.0)	(74.0, 116454.5)	(75.0, 92489.0)	(76.0, 69465.5)	(77.0, 48348.5)	(78.0, 31375.0)	(79.0, 18519.5)	(80.0, 9409.0)	(81.0, 4000.0)	(82.0, 1562.0)	(83.0, 582.0)	(84.0, 208.0)	(85.0, 97.0)	(86.0, 69.5)	(87.0, 50.5)	(88.0, 40.0)	(89.0, 36.0)	(90.0, 33.0)	(91.0, 34.0)	(92.0, 33.0)	(93.0, 33.0)	(94.0, 39.5)	(95.0, 38.5)	(96.0, 44.5)	(97.0, 63.0)	(98.0, 108.0)	(99.0, 240.5)	(100.0, 1527.5)
IDDLNTM5_R1	(0.0, 0.0)	(1.0, 0.0)	(2.0, 0.0)	(3.0, 0.0)	(4.0, 0.0)	(5.0, 0.0)	(6.0, 0.0)	(7.0, 0.0)	(8.0, 0.0)	(9.0, 0.0)	(10.0, 0.0)	(11.0, 0.0)	(12.0, 0.0)	(13.0, 0.0)	(14.0, 0.0)	(15.0, 0.0)	(16.0, 0.0)	(17.0, 0.0)	(18.0, 0.0)	(19.0, 0.0)	(20.0, 0.0)	(21.0, 0.0)	(22.0, 0.5)	(23.0, 0.5)	(24.0, 0.0)	(25.0, 0.0)	(26.0, 0.0)	(27.0, 0.0)	(28.0, 1.0)	(29.0, 3.0)	(30.0, 9.5)	(31.0, 10.0)	(32.0, 10.5)	(33.0, 23.0)	(34.0, 23.0)	(35.0, 22.0)	(36.0, 32.0)	(37.0, 61.5)	(38.0, 122.5)	(39.0, 197.5)	(40.0, 309.0)	(41.0, 490.5)	(42.0, 822.0)	(43.0, 1381.0)	(44.0, 2146.0)	(45.0, 3298.0)	(46.0, 4967.0)	(47.0, 7239.0)	(48.0, 10684.0)	(49.0, 15995.0)	(50.0, 24403.0)	(51.0, 36935.0)	(52.0, 54190.0)	(53.0, 77691.0)	(54.0, 107768.0)	(55.0, 144247.0)	(56.0, 185244.0)	(57.0, 229271.0)	(58.0, 273237.0)	(59.0, 312439.5)	(60.0, 345537.0)	(61.0, 369206.0)	(62.0, 381561.0)	(63.0, 384464.5)	(64.0, 376067.0)	(65.0, 357556.0)	(66.0, 332448.0)	(67.0, 300439.0)	(68.0, 261664.0)	(69.0, 220602.0)	(70.0, 180318.0)	(71.0, 141314.5)	(72.0, 106895.5)	(73.0, 77489.5)	(74.0, 53204.0)	(75.0, 35395.0)	(76.0, 23234.5)	(77.0, 14756.5)	(78.0, 8936.0)	(79.0, 5229.0)	(80.0, 3059.0)	(81.0, 1768.0)	(82.0, 1022.5)	(83.0, 640.5)	(84.0, 376.5)	(85.0, 186.0)	(86.0, 93.5)	(87.0, 57.5)	(88.0, 39.0)	(89.0, 30.5)	(90.0, 22.5)	(91.0, 22.5)	(92.0, 38.0)	(93.0, 70.5)	(94.0, 111.0)	(95.0, 127.5)	(96.0, 120.0)	(97.0, 97.5)	(98.0, 83.5)	(99.0, 79.5)	(100.0, 46.0)
IDDLNTM5_R2	(0.0, 0.0)	(1.0, 0.5)	(2.0, 0.5)	(3.0, 0.0)	(4.0, 0.0)	(5.0, 0.0)	(6.0, 0.0)	(7.0, 0.0)	(8.0, 0.0)	(9.0, 0.0)	(10.0, 0.0)	(11.0, 0.0)	(12.0, 0.0)	(13.0, 0.0)	(14.0, 0.0)	(15.0, 0.0)	(16.0, 0.0)	(17.0, 0.0)	(18.0, 0.0)	(19.0, 0.0)	(20.0, 0.0)	(21.0, 0.0)	(22.0, 0.5)	(23.0, 0.5)	(24.0, 0.0)	(25.0, 0.0)	(26.0, 0.0)	(27.0, 0.5)	(28.0, 0.5)	(29.0, 3.0)	(30.0, 10.5)	(31.0, 12.5)	(32.0, 18.0)	(33.0, 28.0)	(34.0, 33.5)	(35.0, 42.0)	(36.0, 61.0)	(37.0, 109.0)	(38.0, 190.0)	(39.0, 306.0)	(40.0, 493.0)	(41.0, 744.5)	(42.0, 1137.0)	(43.0, 1784.0)	(44.0, 2619.5)	(45.0, 3844.0)	(46.0, 5474.0)	(47.0, 7538.5)	(48.0, 10694.0)	(49.0, 15886.5)	(50.0, 23872.0)	(51.0, 36257.5)	(52.0, 55151.5)	(53.0, 81713.0)	(54.0, 116233.0)	(55.0, 158004.5)	(56.0, 203557.5)	(57.0, 248249.5)	(58.0, 287693.0)	(59.0, 318218.5)	(60.0, 341141.5)	(61.0, 356226.0)	(62.0, 363832.0)	(63.0, 366386.5)	(64.0, 360290.5)	(65.0, 345263.5)	(66.0, 324001.5)	(67.0, 295690.0)	(68.0, 259688.5)	(69.0, 219284.5)	(70.0, 179232.5)	(71.0, 141199.5)	(72.0, 107117.0)	(73.0, 77675.5)	(74.0, 53231.5)	(75.0, 35493.5)	(76.0, 23220.0)	(77.0, 14801.0)	(78.0, 9181.0)	(79.0, 5451.0)	(80.0, 3216.0)	(81.0, 1900.5)	(82.0, 1184.5)	(83.0, 772.0)	(84.0, 495.0)	(85.0, 314.0)	(86.0, 230.0)	(87.0, 173.5)	(88.0, 146.5)	(89.0, 139.0)	(90.0, 135.0)	(91.0, 134.0)	(92.0, 128.5)	(93.0, 129.5)	(94.0, 136.0)	(95.0, 143.5)	(96.0, 186.0)	(97.0, 320.0)	(98.0, 519.0)	(99.0, 993.5)	(100.0, 4294.0)
IDDLNTM6.A_R1	(0.0, 0.0)	(1.0, 0.0)	(2.0, 0.0)	(3.0, 0.0)	(4.0, 0.0)	(5.0, 0.0)	(6.0, 0.0)	(7.0, 0.0)	(8.0, 0.0)	(9.0, 0.0)	(10.0, 0.0)	(11.0, 0.0)	(12.0, 0.0)	(13.0, 0.0)	(14.0, 0.0)	(15.0, 0.0)	(16.0, 0.0)	(17.0, 0.0)	(18.0, 0.0)	(19.0, 0.0)	(20.0, 0.0)	(21.0, 0.0)	(22.0, 0.0)	(23.0, 0.0)	(24.0, 0.0)	(25.0, 0.0)	(26.0, 0.0)	(27.0, 0.0)	(28.0, 0.0)	(29.0, 0.0)	(30.0, 0.0)	(31.0, 0.0)	(32.0, 0.0)	(33.0, 0.0)	(34.0, 1.0)	(35.0, 2.5)	(36.0, 5.5)	(37.0, 12.5)	(38.0, 26.5)	(39.0, 51.5)	(40.0, 80.0)	(41.0, 141.5)	(42.0, 234.5)	(43.0, 352.0)	(44.0, 503.0)	(45.0, 778.0)	(46.0, 1227.0)	(47.0, 1763.0)	(48.0, 2709.0)	(49.0, 4084.5)	(50.0, 6052.0)	(51.0, 9110.0)	(52.0, 13759.5)	(53.0, 20370.0)	(54.0, 29598.5)	(55.0, 42200.0)	(56.0, 58763.0)	(57.0, 79362.0)	(58.0, 104151.5)	(59.0, 132419.0)	(60.0, 162364.5)	(61.0, 191999.5)	(62.0, 220417.5)	(63.0, 245846.5)	(64.0, 264531.5)	(65.0, 275602.5)	(66.0, 280724.0)	(67.0, 283659.0)	(68.0, 284062.5)	(69.0, 279413.0)	(70.0, 269010.5)	(71.0, 252276.5)	(72.0, 231288.0)	(73.0, 206817.0)	(74.0, 179630.0)	(75.0, 151254.0)	(76.0, 123803.5)	(77.0, 97630.5)	(78.0, 73091.0)	(79.0, 52349.0)	(80.0, 36051.5)	(81.0, 23719.0)	(82.0, 14601.5)	(83.0, 8507.5)	(84.0, 4701.5)	(85.0, 2465.0)	(86.0, 1217.5)	(87.0, 613.0)	(88.0, 263.0)	(89.0, 105.5)	(90.0, 56.0)	(91.0, 32.0)	(92.0, 24.5)	(93.0, 36.0)	(94.0, 49.5)	(95.0, 68.5)	(96.0, 80.0)	(97.0, 64.5)	(98.0, 60.5)	(99.0, 61.0)	(100.0, 30.0)
IDDLNTM6.A_R2	(0.0, 0.0)	(1.0, 0.0)	(2.0, 0.0)	(3.0, 0.0)	(4.0, 0.0)	(5.0, 0.0)	(6.0, 0.0)	(7.0, 0.0)	(8.0, 0.0)	(9.0, 0.0)	(10.0, 0.0)	(11.0, 0.0)	(12.0, 0.0)	(13.0, 0.0)	(14.0, 0.0)	(15.0, 0.0)	(16.0, 0.0)	(17.0, 0.0)	(18.0, 0.0)	(19.0, 0.0)	(20.0, 0.0)	(21.0, 0.0)	(22.0, 0.0)	(23.0, 0.0)	(24.0, 0.0)	(25.0, 0.0)	(26.0, 0.5)	(27.0, 0.5)	(28.0, 0.0)	(29.0, 0.0)	(30.0, 0.0)	(31.0, 1.0)	(32.0, 1.5)	(33.0, 2.0)	(34.0, 4.0)	(35.0, 7.0)	(36.0, 15.5)	(37.0, 34.0)	(38.0, 66.0)	(39.0, 102.5)	(40.0, 162.0)	(41.0, 267.5)	(42.0, 433.0)	(43.0, 621.0)	(44.0, 888.0)	(45.0, 1394.5)	(46.0, 2136.5)	(47.0, 3143.5)	(48.0, 4842.0)	(49.0, 7672.5)	(50.0, 12174.5)	(51.0, 19105.0)	(52.0, 29137.5)	(53.0, 42647.5)	(54.0, 59285.0)	(55.0, 78807.0)	(56.0, 98987.5)	(57.0, 117785.0)	(58.0, 135034.5)	(59.0, 149614.0)	(60.0, 162551.0)	(61.0, 175958.0)	(62.0, 191082.0)	(63.0, 207116.5)	(64.0, 222808.0)	(65.0, 237775.0)	(66.0, 250012.5)	(67.0, 259899.5)	(68.0, 266698.0)	(69.0, 267787.5)	(70.0, 261521.5)	(71.0, 247210.5)	(72.0, 227927.5)	(73.0, 204910.5)	(74.0, 178872.5)	(75.0, 150824.0)	(76.0, 123599.5)	(77.0, 97835.5)	(78.0, 73156.5)	(79.0, 52581.0)	(80.0, 36165.5)	(81.0, 23618.5)	(82.0, 14740.5)	(83.0, 8715.5)	(84.0, 4883.5)	(85.0, 2623.0)	(86.0, 1283.5)	(87.0, 624.0)	(88.0, 331.0)	(89.0, 190.5)	(90.0, 121.0)	(91.0, 104.5)	(92.0, 111.0)	(93.0, 108.5)	(94.0, 112.5)	(95.0, 121.0)	(96.0, 137.5)	(97.0, 204.5)	(98.0, 322.5)	(99.0, 717.5)	(100.0, 3564.0)
IDDLNTM6.B_R1	(0.0, 0.0)	(1.0, 0.0)	(2.0, 0.0)	(3.0, 0.0)	(4.0, 0.0)	(5.0, 0.0)	(6.0, 0.0)	(7.0, 0.0)	(8.0, 0.0)	(9.0, 0.0)	(10.0, 0.0)	(11.0, 0.0)	(12.0, 0.0)	(13.0, 0.0)	(14.0, 0.0)	(15.0, 0.0)	(16.0, 0.0)	(17.0, 0.0)	(18.0, 0.0)	(19.0, 0.0)	(20.0, 0.0)	(21.0, 0.0)	(22.0, 0.0)	(23.0, 0.0)	(24.0, 0.0)	(25.0, 0.0)	(26.0, 0.0)	(27.0, 0.0)	(28.0, 0.0)	(29.0, 0.0)	(30.0, 0.0)	(31.0, 1.0)	(32.0, 1.5)	(33.0, 0.5)	(34.0, 1.0)	(35.0, 1.0)	(36.0, 6.0)	(37.0, 17.5)	(38.0, 30.0)	(39.0, 50.0)	(40.0, 70.5)	(41.0, 115.5)	(42.0, 199.5)	(43.0, 344.5)	(44.0, 521.0)	(45.0, 817.5)	(46.0, 1266.5)	(47.0, 1831.5)	(48.0, 2733.0)	(49.0, 4151.5)	(50.0, 6363.5)	(51.0, 9633.0)	(52.0, 14360.0)	(53.0, 21336.0)	(54.0, 30876.5)	(55.0, 43592.5)	(56.0, 60460.5)	(57.0, 81224.0)	(58.0, 105978.0)	(59.0, 134746.0)	(60.0, 165063.5)	(61.0, 194923.0)	(62.0, 223465.5)	(63.0, 248718.5)	(64.0, 267486.0)	(65.0, 279023.0)	(66.0, 284376.0)	(67.0, 286493.0)	(68.0, 286695.0)	(69.0, 282166.0)	(70.0, 270592.0)	(71.0, 252834.5)	(72.0, 231414.0)	(73.0, 207225.0)	(74.0, 180718.0)	(75.0, 152332.5)	(76.0, 124351.5)	(77.0, 97720.5)	(78.0, 73210.0)	(79.0, 52840.5)	(80.0, 36459.5)	(81.0, 23809.0)	(82.0, 14761.5)	(83.0, 8621.5)	(84.0, 4847.5)	(85.0, 2551.5)	(86.0, 1237.0)	(87.0, 610.0)	(88.0, 274.0)	(89.0, 126.5)	(90.0, 57.0)	(91.0, 32.5)	(92.0, 29.0)	(93.0, 42.0)	(94.0, 62.5)	(95.0, 83.0)	(96.0, 86.5)	(97.0, 80.5)	(98.0, 74.5)	(99.0, 58.0)	(100.0, 31.5)
IDDLNTM6.B_R2	(0.0, 0.0)	(1.0, 0.0)	(2.0, 0.0)	(3.0, 0.0)	(4.0, 0.0)	(5.0, 0.0)	(6.0, 0.5)	(7.0, 0.5)	(8.0, 0.0)	(9.0, 0.0)	(10.0, 0.0)	(11.0, 0.0)	(12.0, 0.0)	(13.0, 0.0)	(14.0, 0.0)	(15.0, 0.0)	(16.0, 0.0)	(17.0, 0.0)	(18.0, 0.0)	(19.0, 0.0)	(20.0, 0.0)	(21.0, 0.0)	(22.0, 0.0)	(23.0, 0.0)	(24.0, 0.0)	(25.0, 0.0)	(26.0, 0.0)	(27.0, 0.0)	(28.0, 0.0)	(29.0, 0.0)	(30.0, 0.0)	(31.0, 0.5)	(32.0, 1.0)	(33.0, 1.0)	(34.0, 4.0)	(35.0, 7.5)	(36.0, 13.0)	(37.0, 29.0)	(38.0, 53.0)	(39.0, 86.5)	(40.0, 131.0)	(41.0, 214.5)	(42.0, 339.5)	(43.0, 504.5)	(44.0, 773.0)	(45.0, 1139.5)	(46.0, 1658.5)	(47.0, 2359.5)	(48.0, 3412.5)	(49.0, 4988.0)	(50.0, 7468.5)	(51.0, 11492.5)	(52.0, 17713.5)	(53.0, 26754.5)	(54.0, 39428.0)	(55.0, 56551.5)	(56.0, 78113.0)	(57.0, 102746.5)	(58.0, 128177.5)	(59.0, 153644.5)	(60.0, 177042.5)	(61.0, 196008.5)	(62.0, 213568.5)	(63.0, 229831.0)	(64.0, 243294.0)	(65.0, 253942.0)	(66.0, 262348.0)	(67.0, 270383.5)	(68.0, 275103.5)	(69.0, 273908.0)	(70.0, 265638.5)	(71.0, 250835.0)	(72.0, 231394.5)	(73.0, 207168.0)	(74.0, 180355.5)	(75.0, 152455.5)	(76.0, 124903.5)	(77.0, 98549.0)	(78.0, 73895.0)	(79.0, 53073.5)	(80.0, 36567.0)	(81.0, 24237.5)	(82.0, 15204.5)	(83.0, 8972.0)	(84.0, 5148.5)	(85.0, 2764.5)	(86.0, 1387.0)	(87.0, 745.5)	(88.0, 392.5)	(89.0, 216.5)	(90.0, 147.0)	(91.0, 128.5)	(92.0, 121.0)	(93.0, 120.0)	(94.0, 126.5)	(95.0, 142.0)	(96.0, 169.5)	(97.0, 224.5)	(98.0, 365.5)	(99.0, 814.5)	(100.0, 3700.5)
IDDLNTM60_R1	(0.0, 0.0)	(1.0, 0.0)	(2.0, 0.0)	(3.0, 0.0)	(4.0, 0.0)	(5.0, 0.0)	(6.0, 0.0)	(7.0, 0.0)	(8.0, 0.0)	(9.0, 0.0)	(10.0, 0.0)	(11.0, 0.0)	(12.0, 0.0)	(13.0, 0.0)	(14.0, 0.0)	(15.0, 0.0)	(16.0, 0.0)	(17.0, 0.0)	(18.0, 0.0)	(19.0, 0.0)	(20.0, 0.0)	(21.0, 0.0)	(22.0, 0.0)	(23.0, 0.0)	(24.0, 1.0)	(25.0, 1.0)	(26.0, 0.0)	(27.0, 0.0)	(28.0, 0.0)	(29.0, 0.0)	(30.0, 0.0)	(31.0, 3.5)	(32.0, 7.5)	(33.0, 10.0)	(34.0, 12.5)	(35.0, 10.0)	(36.0, 6.0)	(37.0, 12.0)	(38.0, 31.0)	(39.0, 57.0)	(40.0, 98.5)	(41.0, 166.5)	(42.0, 246.0)	(43.0, 346.5)	(44.0, 528.0)	(45.0, 743.0)	(46.0, 1067.5)	(47.0, 1572.0)	(48.0, 2348.5)	(49.0, 3360.0)	(50.0, 4772.5)	(51.0, 6954.5)	(52.0, 10197.5)	(53.0, 14778.5)	(54.0, 20935.0)	(55.0, 29405.0)	(56.0, 40794.0)	(57.0, 55385.5)	(58.0, 73334.5)	(59.0, 94797.0)	(60.0, 118867.5)	(61.0, 145204.5)	(62.0, 172587.0)	(63.0, 196994.0)	(64.0, 217306.5)	(65.0, 231301.5)	(66.0, 238925.0)	(67.0, 240595.0)	(68.0, 235889.5)	(69.0, 226357.0)	(70.0, 210573.0)	(71.0, 190661.0)	(72.0, 169098.5)	(73.0, 145557.5)	(74.0, 122405.5)	(75.0, 100158.5)	(76.0, 77724.5)	(77.0, 57389.0)	(78.0, 40224.5)	(79.0, 26030.0)	(80.0, 15507.5)	(81.0, 8324.5)	(82.0, 3755.5)	(83.0, 1460.5)	(84.0, 518.0)	(85.0, 184.5)	(86.0, 84.5)	(87.0, 46.5)	(88.0, 31.0)	(89.0, 20.5)	(90.0, 16.0)	(91.0, 13.5)	(92.0, 12.5)	(93.0, 20.5)	(94.0, 31.0)	(95.0, 32.5)	(96.0, 35.5)	(97.0, 36.0)	(98.0, 47.0)	(99.0, 59.5)	(100.0, 33.0)
IDDLNTM60_R2	(0.0, 0.0)	(1.0, 0.0)	(2.0, 0.0)	(3.0, 0.0)	(4.0, 0.0)	(5.0, 0.0)	(6.0, 0.0)	(7.0, 0.0)	(8.0, 0.0)	(9.0, 0.0)	(10.0, 0.0)	(11.0, 0.0)	(12.0, 0.0)	(13.0, 0.0)	(14.0, 0.0)	(15.0, 0.0)	(16.0, 0.0)	(17.0, 0.0)	(18.0, 0.0)	(19.0, 0.0)	(20.0, 0.0)	(21.0, 0.0)	(22.0, 0.0)	(23.0, 0.0)	(24.0, 0.5)	(25.0, 0.5)	(26.0, 0.5)	(27.0, 0.5)	(28.0, 0.0)	(29.0, 0.0)	(30.0, 2.5)	(31.0, 6.0)	(32.0, 9.0)	(33.0, 13.5)	(34.0, 14.5)	(35.0, 14.5)	(36.0, 22.0)	(37.0, 40.0)	(38.0, 69.0)	(39.0, 115.0)	(40.0, 181.0)	(41.0, 295.5)	(42.0, 439.5)	(43.0, 632.0)	(44.0, 905.0)	(45.0, 1264.0)	(46.0, 1961.0)	(47.0, 3136.0)	(48.0, 4839.0)	(49.0, 7407.5)	(50.0, 11478.5)	(51.0, 17768.0)	(52.0, 26517.0)	(53.0, 38080.0)	(54.0, 52326.0)	(55.0, 68358.0)	(56.0, 84351.5)	(57.0, 99332.0)	(58.0, 112720.5)	(59.0, 124223.0)	(60.0, 134392.0)	(61.0, 144975.5)	(62.0, 156374.0)	(63.0, 167303.5)	(64.0, 178220.0)	(65.0, 186813.5)	(66.0, 193885.0)	(67.0, 199627.5)	(68.0, 202174.5)	(69.0, 201065.0)	(70.0, 193384.5)	(71.0, 179535.0)	(72.0, 162330.5)	(73.0, 142462.5)	(74.0, 121145.0)	(75.0, 99716.0)	(76.0, 77704.5)	(77.0, 57394.0)	(78.0, 40323.0)	(79.0, 26137.5)	(80.0, 15426.5)	(81.0, 8252.0)	(82.0, 3904.0)	(83.0, 1543.0)	(84.0, 571.5)	(85.0, 235.0)	(86.0, 107.0)	(87.0, 66.0)	(88.0, 50.5)	(89.0, 41.0)	(90.0, 46.0)	(91.0, 37.5)	(92.0, 35.5)	(93.0, 40.5)	(94.0, 45.0)	(95.0, 48.0)	(96.0, 47.0)	(97.0, 59.0)	(98.0, 90.5)	(99.0, 256.0)	(100.0, 1959.5)
IDDLNTM61_R1	(0.0, 0.0)	(1.0, 0.0)	(2.0, 0.0)	(3.0, 0.0)	(4.0, 0.0)	(5.0, 0.0)	(6.0, 0.0)	(7.0, 0.0)	(8.0, 0.0)	(9.0, 0.0)	(10.0, 0.0)	(11.0, 0.0)	(12.0, 0.0)	(13.0, 0.0)	(14.0, 0.0)	(15.0, 0.0)	(16.0, 0.0)	(17.0, 0.0)	(18.0, 0.0)	(19.0, 0.0)	(20.0, 0.0)	(21.0, 0.0)	(22.0, 0.0)	(23.0, 0.0)	(24.0, 0.0)	(25.0, 0.0)	(26.0, 0.0)	(27.0, 0.0)	(28.0, 0.0)	(29.0, 0.5)	(30.0, 2.5)	(31.0, 7.5)	(32.0, 10.5)	(33.0, 10.5)	(34.0, 9.5)	(35.0, 8.0)	(36.0, 6.5)	(37.0, 11.5)	(38.0, 29.0)	(39.0, 65.0)	(40.0, 105.5)	(41.0, 161.5)	(42.0, 251.5)	(43.0, 387.5)	(44.0, 583.0)	(45.0, 818.5)	(46.0, 1210.0)	(47.0, 1817.0)	(48.0, 2667.5)	(49.0, 3790.5)	(50.0, 5551.0)	(51.0, 8201.0)	(52.0, 12108.0)	(53.0, 17625.5)	(54.0, 25273.0)	(55.0, 35791.5)	(56.0, 49654.0)	(57.0, 67129.5)	(58.0, 87913.5)	(59.0, 112552.5)	(60.0, 139805.0)	(61.0, 168609.0)	(62.0, 198036.0)	(63.0, 223622.5)	(64.0, 243706.0)	(65.0, 256755.0)	(66.0, 263141.0)	(67.0, 263452.5)	(68.0, 257725.5)	(69.0, 246936.5)	(70.0, 229783.0)	(71.0, 208980.0)	(72.0, 186277.5)	(73.0, 161640.5)	(74.0, 137209.0)	(75.0, 113228.0)	(76.0, 89778.0)	(77.0, 68014.0)	(78.0, 48681.0)	(79.0, 32947.5)	(80.0, 21041.5)	(81.0, 12162.5)	(82.0, 5986.5)	(83.0, 2590.5)	(84.0, 1050.0)	(85.0, 370.5)	(86.0, 138.0)	(87.0, 71.5)	(88.0, 42.0)	(89.0, 25.0)	(90.0, 16.0)	(91.0, 13.5)	(92.0, 17.5)	(93.0, 26.5)	(94.0, 43.0)	(95.0, 62.0)	(96.0, 68.0)	(97.0, 60.5)	(98.0, 53.5)	(99.0, 59.5)	(100.0, 37.5)
IDDLNTM61_R2	(0.0, 0.0)	(1.0, 0.0)	(2.0, 0.0)	(3.0, 0.0)	(4.0, 0.0)	(5.0, 0.0)	(6.0, 0.0)	(7.0, 0.5)	(8.0, 0.5)	(9.0, 0.0)	(10.0, 0.0)	(11.0, 0.0)	(12.0, 0.0)	(13.0, 0.5)	(14.0, 0.5)	(15.0, 0.0)	(16.0, 0.0)	(17.0, 0.0)	(18.0, 0.0)	(19.0, 0.0)	(20.0, 0.0)	(21.0, 0.0)	(22.0, 0.0)	(23.0, 0.5)	(24.0, 1.0)	(25.0, 0.5)	(26.0, 0.0)	(27.0, 0.5)	(28.0, 0.5)	(29.0, 0.0)	(30.0, 2.5)	(31.0, 8.5)	(32.0, 12.0)	(33.0, 11.5)	(34.0, 13.0)	(35.0, 11.5)	(36.0, 12.5)	(37.0, 23.5)	(38.0, 54.0)	(39.0, 112.0)	(40.0, 176.5)	(41.0, 240.0)	(42.0, 359.5)	(43.0, 564.0)	(44.0, 836.5)	(45.0, 1129.0)	(46.0, 1520.5)	(47.0, 2196.5)	(48.0, 3138.5)	(49.0, 4282.5)	(50.0, 6040.0)	(51.0, 8729.5)	(52.0, 13020.0)	(53.0, 19323.0)	(54.0, 28252.5)	(55.0, 40648.5)	(56.0, 56638.0)	(57.0, 77978.5)	(58.0, 103990.0)	(59.0, 131533.0)	(60.0, 158746.0)	(61.0, 184370.0)	(62.0, 206946.0)	(63.0, 223506.5)	(64.0, 234404.0)	(65.0, 240041.0)	(66.0, 241698.0)	(67.0, 241168.5)	(68.0, 238008.0)	(69.0, 231962.5)	(70.0, 220331.0)	(71.0, 203979.5)	(72.0, 184271.5)	(73.0, 161362.5)	(74.0, 137607.5)	(75.0, 114079.0)	(76.0, 90413.5)	(77.0, 68493.5)	(78.0, 49546.0)	(79.0, 33265.5)	(80.0, 20824.5)	(81.0, 12157.5)	(82.0, 6265.5)	(83.0, 2733.5)	(84.0, 1137.5)	(85.0, 493.5)	(86.0, 217.5)	(87.0, 135.5)	(88.0, 102.5)	(89.0, 83.0)	(90.0, 76.5)	(91.0, 76.0)	(92.0, 70.0)	(93.0, 71.5)	(94.0, 76.0)	(95.0, 77.0)	(96.0, 91.0)	(97.0, 138.5)	(98.0, 223.5)	(99.0, 481.5)	(100.0, 2886.0)
IDDLNTM63_R1	(0.0, 0.0)	(1.0, 0.0)	(2.0, 0.0)	(3.0, 0.0)	(4.0, 0.0)	(5.0, 0.0)	(6.0, 0.0)	(7.0, 0.0)	(8.0, 0.0)	(9.0, 0.0)	(10.0, 0.0)	(11.0, 0.0)	(12.0, 0.0)	(13.0, 0.0)	(14.0, 0.0)	(15.0, 0.0)	(16.0, 0.0)	(17.0, 0.0)	(18.0, 0.0)	(19.0, 0.0)	(20.0, 0.0)	(21.0, 0.0)	(22.0, 0.0)	(23.0, 0.0)	(24.0, 0.0)	(25.0, 0.5)	(26.0, 0.5)	(27.0, 0.0)	(28.0, 0.0)	(29.0, 0.0)	(30.0, 0.0)	(31.0, 0.0)	(32.0, 0.5)	(33.0, 1.5)	(34.0, 7.0)	(35.0, 11.0)	(36.0, 10.5)	(37.0, 21.0)	(38.0, 42.0)	(39.0, 76.0)	(40.0, 129.0)	(41.0, 188.0)	(42.0, 287.0)	(43.0, 454.5)	(44.0, 765.5)	(45.0, 1231.5)	(46.0, 1806.0)	(47.0, 2587.0)	(48.0, 3684.5)	(49.0, 5382.5)	(50.0, 7992.5)	(51.0, 11980.0)	(52.0, 17860.5)	(53.0, 25549.0)	(54.0, 35750.0)	(55.0, 49144.5)	(56.0, 66766.5)	(57.0, 88310.0)	(58.0, 111770.0)	(59.0, 136806.5)	(60.0, 162861.5)	(61.0, 187237.0)	(62.0, 208760.5)	(63.0, 226566.0)	(64.0, 238453.5)	(65.0, 246115.0)	(66.0, 249733.0)	(67.0, 247673.0)	(68.0, 240660.0)	(69.0, 229753.5)	(70.0, 214144.5)	(71.0, 193710.0)	(72.0, 169388.0)	(73.0, 143338.5)	(74.0, 118042.5)	(75.0, 94127.5)	(76.0, 72172.0)	(77.0, 52154.0)	(78.0, 35538.5)	(79.0, 22745.5)	(80.0, 13569.0)	(81.0, 7739.5)	(82.0, 3963.5)	(83.0, 1797.0)	(84.0, 748.5)	(85.0, 284.0)	(86.0, 111.5)	(87.0, 61.0)	(88.0, 38.5)	(89.0, 25.5)	(90.0, 21.0)	(91.0, 17.0)	(92.0, 17.5)	(93.0, 21.5)	(94.0, 36.0)	(95.0, 42.5)	(96.0, 38.5)	(97.0, 39.0)	(98.0, 43.0)	(99.0, 48.0)	(100.0, 27.5)
IDDLNTM63_R2	(0.0, 0.0)	(1.0, 0.0)	(2.0, 0.0)	(3.0, 0.0)	(4.0, 0.0)	(5.0, 0.0)	(6.0, 0.0)	(7.0, 0.0)	(8.0, 0.0)	(9.0, 0.0)	(10.0, 0.0)	(11.0, 0.0)	(12.0, 0.0)	(13.0, 0.0)	(14.0, 0.0)	(15.0, 0.0)	(16.0, 0.0)	(17.0, 0.0)	(18.0, 0.0)	(19.0, 0.0)	(20.0, 0.0)	(21.0, 0.0)	(22.0, 0.0)	(23.0, 0.0)	(24.0, 0.0)	(25.0, 0.5)	(26.0, 0.5)	(27.0, 0.0)	(28.0, 0.0)	(29.0, 0.5)	(30.0, 0.5)	(31.0, 0.5)	(32.0, 2.5)	(33.0, 4.5)	(34.0, 6.5)	(35.0, 10.0)	(36.0, 16.0)	(37.0, 40.5)	(38.0, 73.0)	(39.0, 136.5)	(40.0, 227.5)	(41.0, 318.5)	(42.0, 493.0)	(43.0, 731.5)	(44.0, 1152.0)	(45.0, 1834.0)	(46.0, 2775.5)	(47.0, 4069.5)	(48.0, 6067.0)	(49.0, 9381.5)	(50.0, 14465.0)	(51.0, 22005.5)	(52.0, 32410.5)	(53.0, 45386.0)	(54.0, 61060.0)	(55.0, 78512.0)	(56.0, 96528.0)	(57.0, 113567.5)	(58.0, 128792.0)	(59.0, 142454.5)	(60.0, 156113.0)	(61.0, 169246.5)	(62.0, 181912.0)	(63.0, 195487.5)	(64.0, 208250.0)	(65.0, 219703.0)	(66.0, 227918.0)	(67.0, 231781.5)	(68.0, 230236.0)	(69.0, 223419.5)	(70.0, 210606.5)	(71.0, 191721.5)	(72.0, 168146.0)	(73.0, 142795.5)	(74.0, 118285.0)	(75.0, 94370.5)	(76.0, 72116.0)	(77.0, 51825.0)	(78.0, 35431.5)	(79.0, 22974.5)	(80.0, 13762.5)	(81.0, 7841.0)	(82.0, 4063.5)	(83.0, 1884.5)	(84.0, 842.5)	(85.0, 345.5)	(86.0, 158.0)	(87.0, 98.5)	(88.0, 84.0)	(89.0, 73.0)	(90.0, 55.5)	(91.0, 61.5)	(92.0, 59.0)	(93.0, 52.5)	(94.0, 60.5)	(95.0, 68.0)	(96.0, 74.0)	(97.0, 113.0)	(98.0, 185.5)	(99.0, 430.5)	(100.0, 2812.0)
IDDLNTM64_R1	(0.0, 0.0)	(1.0, 0.0)	(2.0, 0.0)	(3.0, 0.0)	(4.0, 0.0)	(5.0, 0.0)	(6.0, 0.0)	(7.0, 0.0)	(8.0, 0.0)	(9.0, 0.0)	(10.0, 0.0)	(11.0, 0.0)	(12.0, 0.0)	(13.0, 0.0)	(14.0, 0.0)	(15.0, 0.0)	(16.0, 0.0)	(17.0, 0.0)	(18.0, 0.0)	(19.0, 0.0)	(20.0, 0.0)	(21.0, 0.0)	(22.0, 0.0)	(23.0, 0.0)	(24.0, 0.0)	(25.0, 0.0)	(26.0, 0.0)	(27.0, 0.0)	(28.0, 0.0)	(29.0, 0.5)	(30.0, 1.5)	(31.0, 2.5)	(32.0, 7.5)	(33.0, 14.5)	(34.0, 15.0)	(35.0, 28.5)	(36.0, 50.5)	(37.0, 84.0)	(38.0, 112.5)	(39.0, 161.5)	(40.0, 289.5)	(41.0, 514.0)	(42.0, 852.5)	(43.0, 1280.5)	(44.0, 1887.0)	(45.0, 2846.5)	(46.0, 4122.5)	(47.0, 5833.0)	(48.0, 8214.5)	(49.0, 11554.0)	(50.0, 16675.5)	(51.0, 24248.0)	(52.0, 34707.0)	(53.0, 48703.5)	(54.0, 67305.5)	(55.0, 90405.5)	(56.0, 116677.0)	(57.0, 144699.5)	(58.0, 174225.5)	(59.0, 203219.0)	(60.0, 228325.5)	(61.0, 249366.0)	(62.0, 263757.0)	(63.0, 270069.0)	(64.0, 269400.5)	(65.0, 261441.0)	(66.0, 245634.0)	(67.0, 222819.5)	(68.0, 195041.0)	(69.0, 165318.5)	(70.0, 135894.5)	(71.0, 106451.5)	(72.0, 80059.0)	(73.0, 57806.0)	(74.0, 39549.5)	(75.0, 26134.0)	(76.0, 16599.0)	(77.0, 10369.0)	(78.0, 5987.5)	(79.0, 3093.0)	(80.0, 1610.0)	(81.0, 783.5)	(82.0, 353.0)	(83.0, 145.5)	(84.0, 51.0)	(85.0, 20.5)	(86.0, 8.5)	(87.0, 10.0)	(88.0, 13.5)	(89.0, 11.0)	(90.0, 12.0)	(91.0, 13.5)	(92.0, 20.0)	(93.0, 31.0)	(94.0, 44.5)	(95.0, 55.5)	(96.0, 57.5)	(97.0, 57.5)	(98.0, 61.0)	(99.0, 53.0)	(100.0, 27.0)
IDDLNTM64_R2	(0.0, 0.0)	(1.0, 0.0)	(2.0, 0.0)	(3.0, 0.0)	(4.0, 0.0)	(5.0, 0.0)	(6.0, 0.0)	(7.0, 0.0)	(8.0, 0.0)	(9.0, 0.0)	(10.0, 0.0)	(11.0, 0.0)	(12.0, 0.0)	(13.0, 0.0)	(14.0, 0.0)	(15.0, 0.0)	(16.0, 0.0)	(17.0, 0.0)	(18.0, 0.0)	(19.0, 0.0)	(20.0, 0.0)	(21.0, 0.0)	(22.0, 0.0)	(23.0, 0.5)	(24.0, 0.5)	(25.0, 0.0)	(26.0, 0.0)	(27.0, 0.0)	(28.0, 0.5)	(29.0, 0.5)	(30.0, 1.0)	(31.0, 4.0)	(32.0, 9.5)	(33.0, 16.5)	(34.0, 27.5)	(35.0, 41.0)	(36.0, 54.0)	(37.0, 103.0)	(38.0, 156.5)	(39.0, 225.0)	(40.0, 366.5)	(41.0, 624.5)	(42.0, 1073.0)	(43.0, 1611.5)	(44.0, 2245.5)	(45.0, 3225.5)	(46.0, 4503.0)	(47.0, 6089.0)	(48.0, 8356.5)	(49.0, 11560.0)	(50.0, 16540.0)	(51.0, 24319.5)	(52.0, 35669.5)	(53.0, 51216.5)	(54.0, 72010.0)	(55.0, 97904.5)	(56.0, 126410.0)	(57.0, 155008.5)	(58.0, 182690.0)	(59.0, 206809.0)	(60.0, 226299.0)	(61.0, 242154.5)	(62.0, 253175.5)	(63.0, 259691.0)	(64.0, 260237.5)	(65.0, 253458.0)	(66.0, 239977.5)	(67.0, 219881.0)	(68.0, 193900.5)	(69.0, 164916.5)	(70.0, 135666.5)	(71.0, 106834.5)	(72.0, 80651.0)	(73.0, 58207.5)	(74.0, 39869.5)	(75.0, 26327.0)	(76.0, 16666.0)	(77.0, 10338.0)	(78.0, 6093.0)	(79.0, 3190.0)	(80.0, 1693.5)	(81.0, 875.0)	(82.0, 412.0)	(83.0, 183.0)	(84.0, 92.0)	(85.0, 59.0)	(86.0, 47.0)	(87.0, 43.0)	(88.0, 42.0)	(89.0, 40.5)	(90.0, 43.0)	(91.0, 42.0)	(92.0, 49.0)	(93.0, 51.0)	(94.0, 45.5)	(95.0, 47.5)	(96.0, 63.5)	(97.0, 104.0)	(98.0, 147.0)	(99.0, 353.0)	(100.0, 2365.0)
IDDLNTM67_R1	(0.0, 0.0)	(1.0, 0.0)	(2.0, 0.0)	(3.0, 0.0)	(4.0, 0.0)	(5.0, 0.0)	(6.0, 0.0)	(7.0, 0.0)	(8.0, 0.0)	(9.0, 0.0)	(10.0, 0.0)	(11.0, 0.0)	(12.0, 0.0)	(13.0, 0.5)	(14.0, 1.0)	(15.0, 1.0)	(16.0, 0.5)	(17.0, 0.0)	(18.0, 0.0)	(19.0, 0.0)	(20.0, 0.0)	(21.0, 0.0)	(22.0, 0.0)	(23.0, 0.0)	(24.0, 0.0)	(25.0, 0.0)	(26.0, 0.0)	(27.0, 0.0)	(28.0, 0.0)	(29.0, 0.0)	(30.0, 0.5)	(31.0, 2.0)	(32.0, 6.5)	(33.0, 7.5)	(34.0, 17.5)	(35.0, 37.0)	(36.0, 43.5)	(37.0, 47.5)	(38.0, 80.0)	(39.0, 149.0)	(40.0, 261.5)	(41.0, 411.0)	(42.0, 642.5)	(43.0, 1007.5)	(44.0, 1434.0)	(45.0, 2139.5)	(46.0, 3191.0)	(47.0, 4459.5)	(48.0, 6147.0)	(49.0, 8663.5)	(50.0, 12380.5)	(51.0, 18151.0)	(52.0, 26730.5)	(53.0, 38490.5)	(54.0, 54613.0)	(55.0, 75925.5)	(56.0, 102410.0)	(57.0, 133851.0)	(58.0, 169408.5)	(59.0, 206255.0)	(60.0, 241477.5)	(61.0, 271841.5)	(62.0, 294906.0)	(63.0, 307789.0)	(64.0, 308889.0)	(65.0, 300226.0)	(66.0, 282162.5)	(67.0, 255388.0)	(68.0, 222422.0)	(69.0, 187604.5)	(70.0, 153270.0)	(71.0, 120084.5)	(72.0, 90422.0)	(73.0, 65749.0)	(74.0, 45700.5)	(75.0, 30176.0)	(76.0, 19272.0)	(77.0, 12053.5)	(78.0, 7333.5)	(79.0, 4256.5)	(80.0, 2312.0)	(81.0, 1212.5)	(82.0, 632.0)	(83.0, 279.0)	(84.0, 132.5)	(85.0, 57.0)	(86.0, 27.5)	(87.0, 17.5)	(88.0, 10.0)	(89.0, 11.5)	(90.0, 11.0)	(91.0, 12.5)	(92.0, 23.5)	(93.0, 37.0)	(94.0, 64.0)	(95.0, 97.0)	(96.0, 85.0)	(97.0, 58.0)	(98.0, 50.5)	(99.0, 46.5)	(100.0, 29.5)
IDDLNTM67_R2	(0.0, 0.0)	(1.0, 0.0)	(2.0, 0.0)	(3.0, 0.0)	(4.0, 0.0)	(5.0, 0.0)	(6.0, 0.0)	(7.0, 0.0)	(8.0, 0.0)	(9.0, 0.0)	(10.0, 0.0)	(11.0, 0.0)	(12.0, 0.0)	(13.0, 0.0)	(14.0, 0.0)	(15.0, 0.0)	(16.0, 0.0)	(17.0, 0.0)	(18.0, 0.0)	(19.0, 0.0)	(20.0, 0.0)	(21.0, 0.0)	(22.0, 0.0)	(23.0, 0.0)	(24.0, 0.5)	(25.0, 0.5)	(26.0, 0.0)	(27.0, 0.0)	(28.0, 0.5)	(29.0, 0.5)	(30.0, 0.0)	(31.0, 1.5)	(32.0, 8.0)	(33.0, 13.5)	(34.0, 24.0)	(35.0, 52.0)	(36.0, 76.0)	(37.0, 96.5)	(38.0, 144.0)	(39.0, 238.5)	(40.0, 393.0)	(41.0, 601.5)	(42.0, 954.5)	(43.0, 1488.5)	(44.0, 2066.5)	(45.0, 3051.0)	(46.0, 4593.5)	(47.0, 6487.5)	(48.0, 9284.0)	(49.0, 14099.0)	(50.0, 21673.5)	(51.0, 32546.0)	(52.0, 47502.5)	(53.0, 65888.5)	(54.0, 87122.0)	(55.0, 110180.0)	(56.0, 133288.5)	(57.0, 155961.0)	(58.0, 177947.5)	(59.0, 199659.5)	(60.0, 221562.5)	(61.0, 242772.5)	(62.0, 260594.0)	(63.0, 273159.0)	(64.0, 278015.0)	(65.0, 274660.5)	(66.0, 263616.0)	(67.0, 243058.5)	(68.0, 215232.0)	(69.0, 184246.0)	(70.0, 151948.0)	(71.0, 120225.5)	(72.0, 91294.5)	(73.0, 66289.0)	(74.0, 45869.5)	(75.0, 30489.0)	(76.0, 19619.5)	(77.0, 12135.0)	(78.0, 7324.5)	(79.0, 4210.0)	(80.0, 2258.5)	(81.0, 1248.0)	(82.0, 673.5)	(83.0, 350.5)	(84.0, 184.5)	(85.0, 100.0)	(86.0, 80.0)	(87.0, 76.0)	(88.0, 61.0)	(89.0, 56.0)	(90.0, 63.0)	(91.0, 64.0)	(92.0, 57.5)	(93.0, 63.0)	(94.0, 76.5)	(95.0, 92.5)	(96.0, 99.5)	(97.0, 139.0)	(98.0, 256.5)	(99.0, 516.5)	(100.0, 2636.0)
IDDLNTM68_R1	(0.0, 0.0)	(1.0, 0.0)	(2.0, 0.0)	(3.0, 0.0)	(4.0, 0.0)	(5.0, 0.0)	(6.0, 0.0)	(7.0, 0.0)	(8.0, 0.0)	(9.0, 0.0)	(10.0, 0.0)	(11.0, 0.0)	(12.0, 0.0)	(13.0, 0.0)	(14.0, 0.0)	(15.0, 0.0)	(16.0, 0.0)	(17.0, 0.0)	(18.0, 0.0)	(19.0, 0.0)	(20.0, 0.0)	(21.0, 0.0)	(22.0, 0.0)	(23.0, 0.0)	(24.0, 0.0)	(25.0, 0.0)	(26.0, 0.0)	(27.0, 0.0)	(28.0, 0.0)	(29.0, 0.0)	(30.0, 0.0)	(31.0, 3.0)	(32.0, 8.0)	(33.0, 13.0)	(34.0, 16.5)	(35.0, 35.0)	(36.0, 53.0)	(37.0, 69.5)	(38.0, 122.5)	(39.0, 199.0)	(40.0, 298.5)	(41.0, 468.5)	(42.0, 759.0)	(43.0, 1168.5)	(44.0, 1667.0)	(45.0, 2491.0)	(46.0, 3766.5)	(47.0, 5326.5)	(48.0, 7256.0)	(49.0, 10559.0)	(50.0, 15640.5)	(51.0, 23045.0)	(52.0, 33711.0)	(53.0, 48513.0)	(54.0, 68506.0)	(55.0, 93598.0)	(56.0, 123842.5)	(57.0, 158840.5)	(58.0, 196404.0)	(59.0, 233357.5)	(60.0, 268472.0)	(61.0, 298577.0)	(62.0, 319325.5)	(63.0, 330402.0)	(64.0, 330768.0)	(65.0, 320994.0)	(66.0, 302893.0)	(67.0, 275732.0)	(68.0, 241296.5)	(69.0, 204431.5)	(70.0, 168144.5)	(71.0, 132991.0)	(72.0, 100980.5)	(73.0, 73423.0)	(74.0, 50783.5)	(75.0, 33995.5)	(76.0, 22273.0)	(77.0, 14161.5)	(78.0, 8658.5)	(79.0, 5057.0)	(80.0, 2847.5)	(81.0, 1638.5)	(82.0, 935.0)	(83.0, 544.0)	(84.0, 311.5)	(85.0, 143.5)	(86.0, 62.5)	(87.0, 41.0)	(88.0, 25.0)	(89.0, 16.0)	(90.0, 14.0)	(91.0, 13.5)	(92.0, 24.5)	(93.0, 48.5)	(94.0, 81.5)	(95.0, 112.5)	(96.0, 98.5)	(97.0, 70.0)	(98.0, 64.5)	(99.0, 59.5)	(100.0, 34.0)
IDDLNTM68_R2	(0.0, 0.0)	(1.0, 0.0)	(2.0, 0.0)	(3.0, 0.0)	(4.0, 0.0)	(5.0, 0.0)	(6.0, 0.0)	(7.0, 0.0)	(8.0, 0.0)	(9.0, 0.0)	(10.0, 0.0)	(11.0, 0.0)	(12.0, 0.0)	(13.0, 0.0)	(14.0, 0.0)	(15.0, 0.0)	(16.0, 0.0)	(17.0, 0.0)	(18.0, 0.0)	(19.0, 0.0)	(20.0, 0.5)	(21.0, 0.5)	(22.0, 0.0)	(23.0, 0.0)	(24.0, 0.0)	(25.0, 0.0)	(26.0, 0.0)	(27.0, 0.0)	(28.0, 1.0)	(29.0, 2.0)	(30.0, 1.5)	(31.0, 1.0)	(32.0, 7.0)	(33.0, 15.0)	(34.0, 28.0)	(35.0, 49.5)	(36.0, 68.0)	(37.0, 89.5)	(38.0, 151.0)	(39.0, 255.0)	(40.0, 402.5)	(41.0, 654.5)	(42.0, 1061.5)	(43.0, 1547.5)	(44.0, 2161.5)	(45.0, 3203.5)	(46.0, 4637.0)	(47.0, 6409.5)	(48.0, 8854.5)	(49.0, 12997.0)	(50.0, 19718.0)	(51.0, 29691.5)	(52.0, 44174.0)	(53.0, 63741.0)	(54.0, 88278.5)	(55.0, 116378.0)	(56.0, 145974.0)	(57.0, 175527.0)	(58.0, 204330.5)	(59.0, 230928.0)	(60.0, 255377.0)	(61.0, 276798.0)	(62.0, 294007.0)	(63.0, 306105.0)	(64.0, 309906.5)	(65.0, 305467.0)	(66.0, 292166.5)	(67.0, 268864.5)	(68.0, 238009.0)	(69.0, 203514.0)	(70.0, 168069.0)	(71.0, 133547.0)	(72.0, 101514.5)	(73.0, 73800.5)	(74.0, 51635.0)	(75.0, 34531.0)	(76.0, 22392.0)	(77.0, 14211.0)	(78.0, 8648.0)	(79.0, 5090.5)	(80.0, 2938.0)	(81.0, 1784.5)	(82.0, 1071.5)	(83.0, 595.0)	(84.0, 339.5)	(85.0, 186.5)	(86.0, 115.5)	(87.0, 101.0)	(88.0, 89.0)	(89.0, 79.5)	(90.0, 66.0)	(91.0, 72.0)	(92.0, 85.0)	(93.0, 77.0)	(94.0, 73.5)	(95.0, 85.5)	(96.0, 119.5)	(97.0, 181.5)	(98.0, 284.5)	(99.0, 601.5)	(100.0, 3389.0)
IDDLNTM7.A_R1	(0.0, 0.0)	(1.0, 0.0)	(2.0, 0.5)	(3.0, 0.5)	(4.0, 0.0)	(5.0, 0.0)	(6.0, 0.0)	(7.0, 0.0)	(8.0, 0.0)	(9.0, 0.0)	(10.0, 0.0)	(11.0, 0.0)	(12.0, 0.0)	(13.0, 0.0)	(14.0, 0.0)	(15.0, 0.0)	(16.0, 0.0)	(17.0, 0.0)	(18.0, 0.0)	(19.0, 0.0)	(20.0, 0.0)	(21.0, 0.0)	(22.0, 0.0)	(23.0, 0.0)	(24.0, 0.0)	(25.0, 0.5)	(26.0, 0.5)	(27.0, 0.0)	(28.0, 0.0)	(29.0, 0.0)	(30.0, 0.0)	(31.0, 0.0)	(32.0, 0.0)	(33.0, 0.5)	(34.0, 0.5)	(35.0, 2.0)	(36.0, 11.5)	(37.0, 23.0)	(38.0, 37.5)	(39.0, 64.5)	(40.0, 102.0)	(41.0, 172.0)	(42.0, 274.5)	(43.0, 414.5)	(44.0, 618.0)	(45.0, 880.0)	(46.0, 1403.0)	(47.0, 2235.5)	(48.0, 3348.5)	(49.0, 5187.5)	(50.0, 7986.5)	(51.0, 11979.5)	(52.0, 18019.0)	(53.0, 26640.0)	(54.0, 37955.5)	(55.0, 53067.0)	(56.0, 72567.5)	(57.0, 95574.5)	(58.0, 120939.0)	(59.0, 148091.5)	(60.0, 176078.0)	(61.0, 202649.0)	(62.0, 228014.0)	(63.0, 249669.0)	(64.0, 265989.0)	(65.0, 278634.5)	(66.0, 286477.5)	(67.0, 292198.5)	(68.0, 295854.0)	(69.0, 293852.0)	(70.0, 284507.0)	(71.0, 267580.0)	(72.0, 244992.0)	(73.0, 218954.0)	(74.0, 190409.5)	(75.0, 160276.5)	(76.0, 130673.5)	(77.0, 102661.0)	(78.0, 76860.5)	(79.0, 54864.0)	(80.0, 37549.5)	(81.0, 24470.0)	(82.0, 15220.0)	(83.0, 8852.5)	(84.0, 4789.5)	(85.0, 2483.0)	(86.0, 1209.5)	(87.0, 571.5)	(88.0, 252.0)	(89.0, 117.5)	(90.0, 50.0)	(91.0, 32.5)	(92.0, 24.0)	(93.0, 45.0)	(94.0, 65.5)	(95.0, 88.0)	(96.0, 97.0)	(97.0, 80.0)	(98.0, 68.5)	(99.0, 69.0)	(100.0, 42.5)
IDDLNTM7.A_R2	(0.0, 1.0)	(1.0, 0.5)	(2.0, 0.0)	(3.0, 0.0)	(4.0, 0.0)	(5.0, 0.0)	(6.0, 0.0)	(7.0, 0.5)	(8.0, 0.5)	(9.0, 0.0)	(10.0, 0.0)	(11.0, 0.0)	(12.0, 0.0)	(13.0, 0.0)	(14.0, 0.0)	(15.0, 0.0)	(16.0, 0.0)	(17.0, 0.0)	(18.0, 0.0)	(19.0, 0.0)	(20.0, 0.0)	(21.0, 0.0)	(22.0, 0.0)	(23.0, 0.0)	(24.0, 0.0)	(25.0, 0.0)	(26.0, 0.0)	(27.0, 0.0)	(28.0, 0.0)	(29.0, 0.5)	(30.0, 1.0)	(31.0, 1.5)	(32.0, 2.5)	(33.0, 3.5)	(34.0, 3.5)	(35.0, 10.0)	(36.0, 18.5)	(37.0, 33.0)	(38.0, 66.0)	(39.0, 105.5)	(40.0, 179.0)	(41.0, 278.5)	(42.0, 412.5)	(43.0, 612.5)	(44.0, 878.5)	(45.0, 1225.5)	(46.0, 1770.5)	(47.0, 2629.5)	(48.0, 3826.0)	(49.0, 5599.0)	(50.0, 8464.5)	(51.0, 12715.0)	(52.0, 19201.5)	(53.0, 28803.0)	(54.0, 42010.0)	(55.0, 59964.0)	(56.0, 82524.0)	(57.0, 107817.0)	(58.0, 133809.5)	(59.0, 159280.0)	(60.0, 183119.5)	(61.0, 203590.0)	(62.0, 222603.5)	(63.0, 239611.5)	(64.0, 253763.0)	(65.0, 266438.0)	(66.0, 276596.5)	(67.0, 284226.0)	(68.0, 288518.5)	(69.0, 287827.5)	(70.0, 279592.0)	(71.0, 263955.0)	(72.0, 243124.0)	(73.0, 217555.0)	(74.0, 189359.0)	(75.0, 159875.0)	(76.0, 130487.5)	(77.0, 102844.5)	(78.0, 77368.5)	(79.0, 55237.5)	(80.0, 37615.0)	(81.0, 24562.0)	(82.0, 15235.0)	(83.0, 8953.5)	(84.0, 5001.5)	(85.0, 2667.0)	(86.0, 1316.0)	(87.0, 684.5)	(88.0, 366.0)	(89.0, 213.0)	(90.0, 158.5)	(91.0, 142.5)	(92.0, 131.0)	(93.0, 116.5)	(94.0, 123.0)	(95.0, 136.5)	(96.0, 160.0)	(97.0, 257.5)	(98.0, 441.5)	(99.0, 883.0)	(100.0, 4239.0)
IDDLNTM7.B_R1	(0.0, 0.0)	(1.0, 0.0)	(2.0, 0.0)	(3.0, 0.0)	(4.0, 0.0)	(5.0, 0.0)	(6.0, 0.0)	(7.0, 0.0)	(8.0, 0.0)	(9.0, 0.0)	(10.0, 0.0)	(11.0, 0.0)	(12.0, 0.0)	(13.0, 0.0)	(14.0, 0.0)	(15.0, 0.0)	(16.0, 0.0)	(17.0, 0.0)	(18.0, 0.0)	(19.0, 0.0)	(20.0, 0.0)	(21.0, 0.0)	(22.0, 0.0)	(23.0, 0.0)	(24.0, 0.0)	(25.0, 0.0)	(26.0, 0.0)	(27.0, 0.0)	(28.0, 0.0)	(29.0, 0.0)	(30.0, 0.0)	(31.0, 0.0)	(32.0, 0.5)	(33.0, 0.5)	(34.0, 3.0)	(35.0, 3.5)	(36.0, 5.0)	(37.0, 19.0)	(38.0, 39.5)	(39.0, 70.0)	(40.0, 110.5)	(41.0, 159.5)	(42.0, 260.0)	(43.0, 413.5)	(44.0, 631.5)	(45.0, 907.5)	(46.0, 1425.5)	(47.0, 2251.5)	(48.0, 3486.0)	(49.0, 5398.5)	(50.0, 8384.0)	(51.0, 12849.5)	(52.0, 19015.0)	(53.0, 27935.0)	(54.0, 39953.5)	(55.0, 55910.0)	(56.0, 76353.0)	(57.0, 99560.5)	(58.0, 123681.5)	(59.0, 149422.0)	(60.0, 176117.5)	(61.0, 200080.0)	(62.0, 221142.0)	(63.0, 238416.5)	(64.0, 251962.5)	(65.0, 261586.5)	(66.0, 267841.0)	(67.0, 273087.5)	(68.0, 275383.5)	(69.0, 273786.5)	(70.0, 264753.0)	(71.0, 248100.0)	(72.0, 227917.0)	(73.0, 204073.5)	(74.0, 177037.5)	(75.0, 147884.5)	(76.0, 119619.0)	(77.0, 93163.5)	(78.0, 69133.5)	(79.0, 48933.0)	(80.0, 32803.0)	(81.0, 20924.0)	(82.0, 12463.0)	(83.0, 7018.0)	(84.0, 3693.5)	(85.0, 1824.0)	(86.0, 835.5)	(87.0, 393.5)	(88.0, 174.0)	(89.0, 80.5)	(90.0, 45.0)	(91.0, 33.5)	(92.0, 34.0)	(93.0, 43.5)	(94.0, 72.0)	(95.0, 105.5)	(96.0, 112.5)	(97.0, 87.5)	(98.0, 75.0)	(99.0, 70.5)	(100.0, 35.5)
IDDLNTM7.B_R2	(0.0, 0.0)	(1.0, 0.0)	(2.0, 0.0)	(3.0, 0.0)	(4.0, 0.0)	(5.0, 0.0)	(6.0, 0.0)	(7.0, 0.0)	(8.0, 0.0)	(9.0, 0.0)	(10.0, 0.0)	(11.0, 0.0)	(12.0, 0.0)	(13.0, 0.0)	(14.0, 0.0)	(15.0, 0.0)	(16.0, 0.0)	(17.0, 0.0)	(18.0, 0.0)	(19.0, 0.0)	(20.0, 0.0)	(21.0, 0.0)	(22.0, 0.0)	(23.0, 0.0)	(24.0, 0.0)	(25.0, 0.0)	(26.0, 0.0)	(27.0, 0.0)	(28.0, 0.0)	(29.0, 0.0)	(30.0, 1.0)	(31.0, 1.5)	(32.0, 2.0)	(33.0, 2.5)	(34.0, 2.5)	(35.0, 5.0)	(36.0, 16.5)	(37.0, 41.0)	(38.0, 77.0)	(39.0, 130.5)	(40.0, 194.5)	(41.0, 285.0)	(42.0, 446.0)	(43.0, 679.0)	(44.0, 989.0)	(45.0, 1433.5)	(46.0, 2211.5)	(47.0, 3395.5)	(48.0, 5296.0)	(49.0, 8376.5)	(50.0, 13232.0)	(51.0, 20627.0)	(52.0, 31270.5)	(53.0, 45903.0)	(54.0, 63512.5)	(55.0, 82848.5)	(56.0, 103615.5)	(57.0, 123377.0)	(58.0, 139772.0)	(59.0, 154042.0)	(60.0, 167416.5)	(61.0, 179608.0)	(62.0, 193574.0)	(63.0, 209256.0)	(64.0, 225067.0)	(65.0, 240340.5)	(66.0, 252488.5)	(67.0, 261940.0)	(68.0, 268000.0)	(69.0, 268584.5)	(70.0, 261046.0)	(71.0, 245981.0)	(72.0, 226508.0)	(73.0, 202240.0)	(74.0, 175124.5)	(75.0, 147058.0)	(76.0, 119404.0)	(77.0, 93623.5)	(78.0, 69621.0)	(79.0, 48922.0)	(80.0, 32904.0)	(81.0, 21094.0)	(82.0, 12628.5)	(83.0, 7116.0)	(84.0, 3749.0)	(85.0, 1912.0)	(86.0, 973.0)	(87.0, 474.0)	(88.0, 264.0)	(89.0, 174.0)	(90.0, 127.5)	(91.0, 119.5)	(92.0, 120.5)	(93.0, 122.5)	(94.0, 121.0)	(95.0, 146.5)	(96.0, 204.0)	(97.0, 314.5)	(98.0, 501.0)	(99.0, 1016.5)	(100.0, 4117.5)
IDDLNTM7.C_R1	(0.0, 0.0)	(1.0, 0.0)	(2.0, 0.0)	(3.0, 0.0)	(4.0, 0.0)	(5.0, 0.0)	(6.0, 0.0)	(7.0, 0.0)	(8.0, 0.0)	(9.0, 0.0)	(10.0, 0.0)	(11.0, 0.0)	(12.0, 0.0)	(13.0, 0.0)	(14.0, 0.0)	(15.0, 0.0)	(16.0, 0.0)	(17.0, 0.0)	(18.0, 0.0)	(19.0, 0.0)	(20.0, 0.0)	(21.0, 0.0)	(22.0, 0.0)	(23.0, 0.0)	(24.0, 0.0)	(25.0, 0.0)	(26.0, 0.5)	(27.0, 0.5)	(28.0, 0.5)	(29.0, 0.5)	(30.0, 0.0)	(31.0, 0.5)	(32.0, 2.0)	(33.0, 2.5)	(34.0, 5.0)	(35.0, 6.5)	(36.0, 10.0)	(37.0, 21.0)	(38.0, 37.0)	(39.0, 68.0)	(40.0, 112.5)	(41.0, 166.0)	(42.0, 286.0)	(43.0, 456.5)	(44.0, 701.0)	(45.0, 1029.5)	(46.0, 1585.0)	(47.0, 2516.5)	(48.0, 3824.5)	(49.0, 5884.0)	(50.0, 9109.0)	(51.0, 13605.5)	(52.0, 20205.5)	(53.0, 29694.5)	(54.0, 41997.0)	(55.0, 58053.0)	(56.0, 79098.5)	(57.0, 104011.0)	(58.0, 131346.5)	(59.0, 161089.0)	(60.0, 191776.5)	(61.0, 220982.0)	(62.0, 248632.0)	(63.0, 272246.5)	(64.0, 291481.5)	(65.0, 306597.0)	(66.0, 315843.0)	(67.0, 321587.0)	(68.0, 324366.5)	(69.0, 322052.0)	(70.0, 311617.0)	(71.0, 293475.0)	(72.0, 270357.0)	(73.0, 241891.0)	(74.0, 210097.5)	(75.0, 176082.5)	(76.0, 142191.0)	(77.0, 111350.0)	(78.0, 82530.0)	(79.0, 57644.5)	(80.0, 38179.5)	(81.0, 23835.0)	(82.0, 13918.5)	(83.0, 7475.5)	(84.0, 3681.5)	(85.0, 1603.0)	(86.0, 618.0)	(87.0, 269.0)	(88.0, 137.0)	(89.0, 71.0)	(90.0, 31.0)	(91.0, 25.0)	(92.0, 36.5)	(93.0, 51.5)	(94.0, 68.5)	(95.0, 95.0)	(96.0, 97.5)	(97.0, 83.5)	(98.0, 78.5)	(99.0, 80.0)	(100.0, 55.0)
IDDLNTM7.C_R2	(0.0, 0.0)	(1.0, 0.0)	(2.0, 0.0)	(3.0, 0.0)	(4.0, 0.5)	(5.0, 0.5)	(6.0, 0.0)	(7.0, 0.0)	(8.0, 0.0)	(9.0, 0.0)	(10.0, 0.0)	(11.0, 0.0)	(12.0, 0.0)	(13.0, 0.0)	(14.0, 0.5)	(15.0, 0.5)	(16.0, 0.0)	(17.0, 0.0)	(18.0, 0.0)	(19.0, 0.0)	(20.0, 0.5)	(21.0, 0.5)	(22.0, 0.0)	(23.0, 0.0)	(24.0, 0.0)	(25.0, 0.0)	(26.0, 0.5)	(27.0, 0.5)	(28.0, 0.5)	(29.0, 1.0)	(30.0, 1.0)	(31.0, 0.5)	(32.0, 3.5)	(33.0, 4.5)	(34.0, 4.5)	(35.0, 10.5)	(36.0, 20.0)	(37.0, 38.5)	(38.0, 78.0)	(39.0, 119.0)	(40.0, 183.5)	(41.0, 282.0)	(42.0, 431.5)	(43.0, 648.5)	(44.0, 951.0)	(45.0, 1399.0)	(46.0, 2128.0)	(47.0, 3135.0)	(48.0, 4625.0)	(49.0, 7163.5)	(50.0, 11076.0)	(51.0, 16802.5)	(52.0, 25518.0)	(53.0, 37889.5)	(54.0, 54267.0)	(55.0, 75205.5)	(56.0, 99504.0)	(57.0, 124822.5)	(58.0, 149006.5)	(59.0, 171620.0)	(60.0, 193028.0)	(61.0, 212844.0)	(62.0, 232557.0)	(63.0, 251456.0)	(64.0, 269263.5)	(65.0, 286691.0)	(66.0, 301223.0)	(67.0, 311018.5)	(68.0, 317081.5)	(69.0, 318063.0)	(70.0, 309239.5)	(71.0, 291755.0)	(72.0, 268707.5)	(73.0, 240377.5)	(74.0, 208794.0)	(75.0, 175010.5)	(76.0, 141492.0)	(77.0, 110199.0)	(78.0, 81723.0)	(79.0, 57706.0)	(80.0, 38410.0)	(81.0, 24146.5)	(82.0, 13982.5)	(83.0, 7473.5)	(84.0, 3812.5)	(85.0, 1715.0)	(86.0, 719.5)	(87.0, 355.0)	(88.0, 199.5)	(89.0, 143.0)	(90.0, 112.5)	(91.0, 92.0)	(92.0, 95.0)	(93.0, 102.5)	(94.0, 120.0)	(95.0, 134.5)	(96.0, 155.0)	(97.0, 238.5)	(98.0, 384.0)	(99.0, 877.5)	(100.0, 5214.5)
IDDLNTM70_R1	(0.0, 0.0)	(1.0, 0.0)	(2.0, 0.0)	(3.0, 0.0)	(4.0, 0.0)	(5.0, 0.0)	(6.0, 0.0)	(7.0, 0.0)	(8.0, 0.0)	(9.0, 0.0)	(10.0, 0.0)	(11.0, 0.0)	(12.0, 0.0)	(13.0, 0.0)	(14.0, 0.5)	(15.0, 0.5)	(16.0, 0.0)	(17.0, 0.0)	(18.0, 0.0)	(19.0, 0.0)	(20.0, 0.0)	(21.0, 0.0)	(22.0, 0.0)	(23.0, 0.0)	(24.0, 0.0)	(25.0, 0.0)	(26.0, 0.0)	(27.0, 0.0)	(28.0, 0.0)	(29.0, 0.0)	(30.0, 0.0)	(31.0, 1.0)	(32.0, 7.0)	(33.0, 16.0)	(34.0, 22.5)	(35.0, 36.0)	(36.0, 45.0)	(37.0, 50.5)	(38.0, 92.0)	(39.0, 169.5)	(40.0, 270.0)	(41.0, 402.0)	(42.0, 633.0)	(43.0, 969.0)	(44.0, 1408.0)	(45.0, 2086.0)	(46.0, 3069.5)	(47.0, 4265.5)	(48.0, 5715.5)	(49.0, 8107.5)	(50.0, 11813.5)	(51.0, 17248.5)	(52.0, 25337.5)	(53.0, 36366.0)	(54.0, 51323.0)	(55.0, 70925.5)	(56.0, 95274.0)	(57.0, 124153.0)	(58.0, 155721.0)	(59.0, 187829.0)	(60.0, 218777.5)	(61.0, 244807.0)	(62.0, 263022.0)	(63.0, 273942.0)	(64.0, 274902.0)	(65.0, 267226.5)	(66.0, 252434.0)	(67.0, 229605.5)	(68.0, 201374.0)	(69.0, 170731.0)	(70.0, 139893.0)	(71.0, 110150.5)	(72.0, 82699.5)	(73.0, 59372.0)	(74.0, 41165.0)	(75.0, 26950.5)	(76.0, 17021.5)	(77.0, 10612.5)	(78.0, 6212.0)	(79.0, 3408.5)	(80.0, 1727.0)	(81.0, 801.5)	(82.0, 388.0)	(83.0, 159.0)	(84.0, 62.0)	(85.0, 24.0)	(86.0, 12.5)	(87.0, 12.0)	(88.0, 10.0)	(89.0, 6.5)	(90.0, 8.5)	(91.0, 12.0)	(92.0, 21.5)	(93.0, 38.5)	(94.0, 46.0)	(95.0, 65.5)	(96.0, 66.5)	(97.0, 42.5)	(98.0, 50.0)	(99.0, 58.5)	(100.0, 33.0)
IDDLNTM70_R2	(0.0, 0.0)	(1.0, 0.0)	(2.0, 0.0)	(3.0, 0.0)	(4.0, 0.0)	(5.0, 0.0)	(6.0, 0.0)	(7.0, 0.0)	(8.0, 0.0)	(9.0, 0.0)	(10.0, 0.0)	(11.0, 0.0)	(12.0, 0.0)	(13.0, 0.0)	(14.0, 0.0)	(15.0, 0.0)	(16.0, 0.0)	(17.0, 0.0)	(18.0, 0.0)	(19.0, 0.0)	(20.0, 0.0)	(21.0, 0.0)	(22.0, 0.0)	(23.0, 0.0)	(24.0, 0.0)	(25.0, 0.0)	(26.0, 0.0)	(27.0, 0.0)	(28.0, 0.0)	(29.0, 0.0)	(30.0, 0.5)	(31.0, 2.0)	(32.0, 5.5)	(33.0, 12.0)	(34.0, 19.0)	(35.0, 41.0)	(36.0, 63.0)	(37.0, 86.0)	(38.0, 145.5)	(39.0, 236.0)	(40.0, 368.5)	(41.0, 534.0)	(42.0, 807.5)	(43.0, 1191.5)	(44.0, 1727.5)	(45.0, 2522.0)	(46.0, 3554.5)	(47.0, 4690.5)	(48.0, 6118.5)	(49.0, 8475.0)	(50.0, 11867.5)	(51.0, 16531.0)	(52.0, 23656.5)	(53.0, 34294.5)	(54.0, 48937.5)	(55.0, 68713.5)	(56.0, 94281.0)	(57.0, 124476.5)	(58.0, 157358.5)	(59.0, 189499.5)	(60.0, 220216.0)	(61.0, 245160.5)	(62.0, 261514.5)	(63.0, 270884.5)	(64.0, 271602.0)	(65.0, 264774.0)	(66.0, 250511.0)	(67.0, 229425.5)	(68.0, 202033.5)	(69.0, 171437.5)	(70.0, 141502.0)	(71.0, 111881.0)	(72.0, 83924.5)	(73.0, 60383.0)	(74.0, 41965.0)	(75.0, 27510.5)	(76.0, 17394.0)	(77.0, 10918.0)	(78.0, 6434.5)	(79.0, 3500.0)	(80.0, 1771.5)	(81.0, 921.5)	(82.0, 450.5)	(83.0, 212.5)	(84.0, 119.0)	(85.0, 61.5)	(86.0, 43.0)	(87.0, 36.0)	(88.0, 36.5)	(89.0, 37.5)	(90.0, 45.0)	(91.0, 43.0)	(92.0, 34.5)	(93.0, 34.0)	(94.0, 41.5)	(95.0, 48.5)	(96.0, 61.0)	(97.0, 90.5)	(98.0, 135.5)	(99.0, 317.5)	(100.0, 1911.5)
IDDLNTM71_R1	(0.0, 0.0)	(1.0, 0.0)	(2.0, 0.0)	(3.0, 0.0)	(4.0, 0.0)	(5.0, 0.0)	(6.0, 0.0)	(7.0, 0.0)	(8.0, 0.0)	(9.0, 0.0)	(10.0, 0.0)	(11.0, 0.0)	(12.0, 0.0)	(13.0, 0.0)	(14.0, 0.0)	(15.0, 0.0)	(16.0, 0.0)	(17.0, 0.0)	(18.0, 0.0)	(19.0, 0.0)	(20.0, 0.0)	(21.0, 0.0)	(22.0, 0.0)	(23.0, 0.0)	(24.0, 0.0)	(25.0, 0.0)	(26.0, 0.0)	(27.0, 0.0)	(28.0, 0.0)	(29.0, 0.0)	(30.0, 0.0)	(31.0, 0.0)	(32.0, 7.5)	(33.0, 13.0)	(34.0, 15.5)	(35.0, 25.0)	(36.0, 33.5)	(37.0, 46.5)	(38.0, 75.0)	(39.0, 141.0)	(40.0, 254.5)	(41.0, 409.0)	(42.0, 617.5)	(43.0, 943.5)	(44.0, 1371.0)	(45.0, 2069.0)	(46.0, 3088.0)	(47.0, 4391.0)	(48.0, 6205.5)	(49.0, 9143.0)	(50.0, 13474.5)	(51.0, 19877.0)	(52.0, 29144.0)	(53.0, 41355.0)	(54.0, 57644.5)	(55.0, 77756.0)	(56.0, 101049.5)	(57.0, 126834.0)	(58.0, 153962.0)	(59.0, 180511.5)	(60.0, 205305.5)	(61.0, 225547.5)	(62.0, 239262.5)	(63.0, 247886.0)	(64.0, 248969.5)	(65.0, 241944.5)	(66.0, 228738.0)	(67.0, 208791.0)	(68.0, 183315.0)	(69.0, 156089.0)	(70.0, 128404.5)	(71.0, 101103.0)	(72.0, 76205.0)	(73.0, 54877.5)	(74.0, 37876.0)	(75.0, 25280.5)	(76.0, 16421.0)	(77.0, 10359.0)	(78.0, 6121.5)	(79.0, 3313.5)	(80.0, 1733.5)	(81.0, 892.0)	(82.0, 429.0)	(83.0, 190.5)	(84.0, 91.5)	(85.0, 38.5)	(86.0, 20.5)	(87.0, 13.5)	(88.0, 11.5)	(89.0, 12.0)	(90.0, 9.5)	(91.0, 11.5)	(92.0, 14.5)	(93.0, 23.0)	(94.0, 47.5)	(95.0, 60.0)	(96.0, 55.5)	(97.0, 46.5)	(98.0, 41.5)	(99.0, 41.0)	(100.0, 23.5)
IDDLNTM71_R2	(0.0, 0.0)	(1.0, 0.0)	(2.0, 0.0)	(3.0, 0.0)	(4.0, 0.0)	(5.0, 0.0)	(6.0, 0.0)	(7.0, 0.0)	(8.0, 0.0)	(9.0, 0.0)	(10.0, 0.0)	(11.0, 0.0)	(12.0, 0.0)	(13.0, 0.0)	(14.0, 0.0)	(15.0, 0.0)	(16.0, 0.0)	(17.0, 0.0)	(18.0, 0.0)	(19.0, 0.0)	(20.0, 0.0)	(21.0, 0.0)	(22.0, 0.0)	(23.0, 0.0)	(24.0, 0.0)	(25.0, 0.0)	(26.0, 0.5)	(27.0, 0.5)	(28.0, 0.0)	(29.0, 0.5)	(30.0, 1.0)	(31.0, 1.0)	(32.0, 5.5)	(33.0, 14.0)	(34.0, 19.5)	(35.0, 42.0)	(36.0, 65.0)	(37.0, 83.5)	(38.0, 118.5)	(39.0, 197.5)	(40.0, 360.0)	(41.0, 544.5)	(42.0, 837.5)	(43.0, 1281.0)	(44.0, 1849.5)	(45.0, 2760.5)	(46.0, 4032.5)	(47.0, 5794.0)	(48.0, 8326.0)	(49.0, 12460.0)	(50.0, 18811.5)	(51.0, 28394.5)	(52.0, 41694.5)	(53.0, 57345.0)	(54.0, 75416.5)	(55.0, 95289.0)	(56.0, 114856.5)	(57.0, 133953.5)	(58.0, 152827.5)	(59.0, 170672.0)	(60.0, 189448.5)	(61.0, 207233.0)	(62.0, 221083.0)	(63.0, 231266.5)	(64.0, 235271.5)	(65.0, 232333.5)	(66.0, 222349.5)	(67.0, 205095.5)	(68.0, 181900.5)	(69.0, 155427.0)	(70.0, 128367.5)	(71.0, 101601.5)	(72.0, 76648.0)	(73.0, 55471.5)	(74.0, 38447.5)	(75.0, 25430.5)	(76.0, 16275.0)	(77.0, 10115.5)	(78.0, 5929.0)	(79.0, 3341.5)	(80.0, 1831.5)	(81.0, 954.5)	(82.0, 485.5)	(83.0, 241.5)	(84.0, 132.0)	(85.0, 68.5)	(86.0, 42.5)	(87.0, 47.0)	(88.0, 47.5)	(89.0, 38.0)	(90.0, 42.5)	(91.0, 44.0)	(92.0, 44.5)	(93.0, 46.0)	(94.0, 44.5)	(95.0, 50.0)	(96.0, 54.5)	(97.0, 97.0)	(98.0, 164.0)	(99.0, 342.0)	(100.0, 2208.0)
IDDLNTM72_R1	(0.0, 0.0)	(1.0, 0.0)	(2.0, 0.0)	(3.0, 0.0)	(4.0, 0.0)	(5.0, 0.0)	(6.0, 0.0)	(7.0, 0.0)	(8.0, 0.0)	(9.0, 0.0)	(10.0, 0.0)	(11.0, 0.0)	(12.0, 0.0)	(13.0, 0.0)	(14.0, 0.0)	(15.0, 0.0)	(16.0, 0.0)	(17.0, 0.0)	(18.0, 0.0)	(19.0, 0.0)	(20.0, 0.0)	(21.0, 0.0)	(22.0, 0.0)	(23.0, 0.0)	(24.0, 0.0)	(25.0, 0.0)	(26.0, 0.0)	(27.0, 0.0)	(28.0, 0.0)	(29.0, 0.0)	(30.0, 0.0)	(31.0, 0.0)	(32.0, 1.5)	(33.0, 4.5)	(34.0, 6.0)	(35.0, 11.5)	(36.0, 30.5)	(37.0, 50.5)	(38.0, 59.0)	(39.0, 77.0)	(40.0, 131.5)	(41.0, 249.5)	(42.0, 412.5)	(43.0, 644.0)	(44.0, 958.0)	(45.0, 1487.5)	(46.0, 2224.5)	(47.0, 3108.0)	(48.0, 4380.5)	(49.0, 6239.0)	(50.0, 8951.0)	(51.0, 13052.5)	(52.0, 19464.0)	(53.0, 28337.0)	(54.0, 40325.5)	(55.0, 55991.5)	(56.0, 74934.0)	(57.0, 96067.0)	(58.0, 117243.5)	(59.0, 136817.5)	(60.0, 152509.5)	(61.0, 161648.0)	(62.0, 163335.0)	(63.0, 158010.0)	(64.0, 147269.5)	(65.0, 133096.0)	(66.0, 117125.5)	(67.0, 100845.5)	(68.0, 84556.5)	(69.0, 69215.5)	(70.0, 55573.0)	(71.0, 43196.5)	(72.0, 32365.0)	(73.0, 23126.5)	(74.0, 15567.0)	(75.0, 9869.5)	(76.0, 5784.5)	(77.0, 3175.5)	(78.0, 1613.0)	(79.0, 717.5)	(80.0, 288.5)	(81.0, 97.5)	(82.0, 37.5)	(83.0, 17.5)	(84.0, 10.5)	(85.0, 6.5)	(86.0, 3.0)	(87.0, 3.0)	(88.0, 4.0)	(89.0, 4.0)	(90.0, 3.5)	(91.0, 2.0)	(92.0, 5.0)	(93.0, 6.5)	(94.0, 5.0)	(95.0, 4.5)	(96.0, 7.5)	(97.0, 18.0)	(98.0, 25.0)	(99.0, 27.5)	(100.0, 18.0)
IDDLNTM72_R2	(0.0, 0.0)	(1.0, 0.0)	(2.0, 0.0)	(3.0, 0.0)	(4.0, 0.0)	(5.0, 0.0)	(6.0, 0.0)	(7.0, 0.0)	(8.0, 0.0)	(9.0, 0.0)	(10.0, 0.0)	(11.0, 0.0)	(12.0, 0.0)	(13.0, 0.0)	(14.0, 0.0)	(15.0, 0.0)	(16.0, 0.0)	(17.0, 0.0)	(18.0, 0.0)	(19.0, 0.0)	(20.0, 0.0)	(21.0, 0.0)	(22.0, 0.0)	(23.0, 1.0)	(24.0, 1.0)	(25.0, 0.0)	(26.0, 0.0)	(27.0, 0.0)	(28.0, 0.0)	(29.0, 1.0)	(30.0, 1.5)	(31.0, 1.5)	(32.0, 3.5)	(33.0, 9.0)	(34.0, 19.5)	(35.0, 30.5)	(36.0, 35.5)	(37.0, 61.5)	(38.0, 102.5)	(39.0, 153.5)	(40.0, 241.5)	(41.0, 412.0)	(42.0, 697.0)	(43.0, 1072.0)	(44.0, 1589.0)	(45.0, 2410.0)	(46.0, 3706.0)	(47.0, 5626.0)	(48.0, 8701.5)	(49.0, 14030.5)	(50.0, 22007.5)	(51.0, 32980.0)	(52.0, 47372.5)	(53.0, 63783.0)	(54.0, 80241.5)	(55.0, 95572.0)	(56.0, 107299.5)	(57.0, 114181.5)	(58.0, 118531.5)	(59.0, 121205.0)	(60.0, 122326.0)	(61.0, 123079.0)	(62.0, 123286.5)	(63.0, 121462.5)	(64.0, 117315.0)	(65.0, 110941.0)	(66.0, 102250.5)	(67.0, 91384.5)	(68.0, 79081.0)	(69.0, 66560.0)	(70.0, 54252.5)	(71.0, 42542.0)	(72.0, 32015.0)	(73.0, 22899.0)	(74.0, 15357.5)	(75.0, 9567.5)	(76.0, 5553.5)	(77.0, 3011.0)	(78.0, 1372.5)	(79.0, 534.5)	(80.0, 204.0)	(81.0, 80.5)	(82.0, 35.5)	(83.0, 18.5)	(84.0, 17.0)	(85.0, 10.5)	(86.0, 6.5)	(87.0, 9.0)	(88.0, 9.0)	(89.0, 6.0)	(90.0, 5.0)	(91.0, 5.5)	(92.0, 6.5)	(93.0, 7.5)	(94.0, 7.0)	(95.0, 6.0)	(96.0, 7.5)	(97.0, 18.0)	(98.0, 28.0)	(99.0, 103.5)	(100.0, 1541.0)
IDDLNTM73_R1	(0.0, 0.0)	(1.0, 0.0)	(2.0, 0.0)	(3.0, 0.0)	(4.0, 0.0)	(5.0, 0.0)	(6.0, 0.0)	(7.0, 0.0)	(8.0, 0.0)	(9.0, 0.0)	(10.0, 0.0)	(11.0, 0.0)	(12.0, 0.0)	(13.0, 0.0)	(14.0, 0.0)	(15.0, 0.0)	(16.0, 0.0)	(17.0, 0.0)	(18.0, 0.0)	(19.0, 0.0)	(20.0, 0.0)	(21.0, 0.0)	(22.0, 0.0)	(23.0, 0.0)	(24.0, 0.0)	(25.0, 0.0)	(26.0, 0.0)	(27.0, 0.0)	(28.0, 0.0)	(29.0, 0.0)	(30.0, 0.0)	(31.0, 0.5)	(32.0, 7.5)	(33.0, 17.5)	(34.0, 19.5)	(35.0, 38.0)	(36.0, 77.5)	(37.0, 110.0)	(38.0, 139.0)	(39.0, 214.0)	(40.0, 377.5)	(41.0, 699.5)	(42.0, 1184.5)	(43.0, 1749.0)	(44.0, 2509.0)	(45.0, 3740.5)	(46.0, 5472.0)	(47.0, 7441.5)	(48.0, 10062.0)	(49.0, 13635.0)	(50.0, 18932.5)	(51.0, 26975.5)	(52.0, 38150.0)	(53.0, 53671.0)	(54.0, 75578.5)	(55.0, 104220.0)	(56.0, 139187.0)	(57.0, 179033.5)	(58.0, 223471.0)	(59.0, 269938.5)	(60.0, 312252.0)	(61.0, 347868.0)	(62.0, 373978.5)	(63.0, 385611.5)	(64.0, 385007.0)	(65.0, 373662.5)	(66.0, 348912.5)	(67.0, 314628.0)	(68.0, 273853.5)	(69.0, 230650.0)	(70.0, 188274.5)	(71.0, 147050.0)	(72.0, 111053.5)	(73.0, 80829.5)	(74.0, 55512.5)	(75.0, 36654.0)	(76.0, 23567.0)	(77.0, 15067.0)	(78.0, 9432.0)	(79.0, 5573.0)	(80.0, 3189.5)	(81.0, 1721.0)	(82.0, 903.5)	(83.0, 485.5)	(84.0, 264.0)	(85.0, 119.5)	(86.0, 51.0)	(87.0, 34.0)	(88.0, 26.5)	(89.0, 19.5)	(90.0, 22.5)	(91.0, 18.5)	(92.0, 27.0)	(93.0, 48.0)	(94.0, 66.0)	(95.0, 74.5)	(96.0, 71.0)	(97.0, 66.0)	(98.0, 66.0)	(99.0, 64.0)	(100.0, 40.5)
IDDLNTM73_R2	(0.0, 0.0)	(1.0, 0.0)	(2.0, 0.5)	(3.0, 0.5)	(4.0, 0.0)	(5.0, 0.0)	(6.0, 0.0)	(7.0, 0.0)	(8.0, 0.0)	(9.0, 0.0)	(10.0, 0.0)	(11.0, 0.0)	(12.0, 0.0)	(13.0, 0.0)	(14.0, 0.0)	(15.0, 0.0)	(16.0, 0.0)	(17.0, 0.0)	(18.0, 0.0)	(19.0, 0.5)	(20.0, 0.5)	(21.0, 0.0)	(22.0, 0.0)	(23.0, 0.0)	(24.0, 0.0)	(25.0, 0.0)	(26.0, 0.0)	(27.0, 0.0)	(28.0, 1.0)	(29.0, 2.0)	(30.0, 2.0)	(31.0, 6.0)	(32.0, 14.5)	(33.0, 27.0)	(34.0, 36.5)	(35.0, 58.5)	(36.0, 85.0)	(37.0, 155.0)	(38.0, 228.0)	(39.0, 305.5)	(40.0, 515.0)	(41.0, 904.5)	(42.0, 1546.5)	(43.0, 2231.0)	(44.0, 3076.5)	(45.0, 4465.5)	(46.0, 6327.5)	(47.0, 8590.5)	(48.0, 11639.0)	(49.0, 15854.5)	(50.0, 22393.5)	(51.0, 32870.0)	(52.0, 47775.5)	(53.0, 68014.5)	(54.0, 95650.0)	(55.0, 129527.5)	(56.0, 167282.5)	(57.0, 205646.0)	(58.0, 242574.5)	(59.0, 276377.5)	(60.0, 304602.0)	(61.0, 328147.0)	(62.0, 345543.0)	(63.0, 355217.0)	(64.0, 356115.5)	(65.0, 348702.5)	(66.0, 331229.5)	(67.0, 303572.0)	(68.0, 267601.5)	(69.0, 227309.0)	(70.0, 187490.5)	(71.0, 147575.0)	(72.0, 111186.0)	(73.0, 80797.5)	(74.0, 56192.0)	(75.0, 37441.0)	(76.0, 23895.0)	(77.0, 15164.5)	(78.0, 9354.0)	(79.0, 5357.5)	(80.0, 3105.5)	(81.0, 1778.5)	(82.0, 1017.0)	(83.0, 595.5)	(84.0, 329.0)	(85.0, 192.5)	(86.0, 131.0)	(87.0, 99.0)	(88.0, 86.5)	(89.0, 81.5)	(90.0, 79.0)	(91.0, 81.5)	(92.0, 76.5)	(93.0, 81.0)	(94.0, 83.0)	(95.0, 81.0)	(96.0, 110.5)	(97.0, 169.0)	(98.0, 265.5)	(99.0, 643.0)	(100.0, 4097.0)
IDDLNTM74_R1	(0.0, 0.0)	(1.0, 0.0)	(2.0, 0.0)	(3.0, 0.0)	(4.0, 0.0)	(5.0, 0.0)	(6.0, 0.0)	(7.0, 0.0)	(8.0, 0.0)	(9.0, 0.0)	(10.0, 0.0)	(11.0, 0.0)	(12.0, 0.0)	(13.0, 0.0)	(14.0, 0.0)	(15.0, 0.0)	(16.0, 0.0)	(17.0, 0.0)	(18.0, 0.0)	(19.0, 0.0)	(20.0, 0.0)	(21.0, 0.0)	(22.0, 0.5)	(23.0, 0.5)	(24.0, 0.0)	(25.0, 0.0)	(26.0, 0.0)	(27.0, 0.5)	(28.0, 0.5)	(29.0, 0.0)	(30.0, 0.5)	(31.0, 1.5)	(32.0, 9.0)	(33.0, 17.0)	(34.0, 21.5)	(35.0, 47.5)	(36.0, 82.5)	(37.0, 140.5)	(38.0, 189.0)	(39.0, 228.0)	(40.0, 376.5)	(41.0, 687.5)	(42.0, 1172.0)	(43.0, 1788.5)	(44.0, 2586.5)	(45.0, 3790.5)	(46.0, 5552.5)	(47.0, 7623.0)	(48.0, 10603.0)	(49.0, 14943.5)	(50.0, 20859.0)	(51.0, 29497.0)	(52.0, 41762.0)	(53.0, 58076.0)	(54.0, 79722.5)	(55.0, 106774.5)	(56.0, 138050.5)	(57.0, 171491.0)	(58.0, 205321.5)	(59.0, 238047.0)	(60.0, 265955.0)	(61.0, 288345.0)	(62.0, 303939.0)	(63.0, 310420.0)	(64.0, 307721.0)	(65.0, 296674.0)	(66.0, 278306.5)	(67.0, 253239.0)	(68.0, 220985.0)	(69.0, 185698.5)	(70.0, 152369.0)	(71.0, 119963.5)	(72.0, 90058.5)	(73.0, 65254.0)	(74.0, 45300.0)	(75.0, 30016.0)	(76.0, 19323.0)	(77.0, 12354.5)	(78.0, 7507.0)	(79.0, 4232.0)	(80.0, 2449.5)	(81.0, 1349.5)	(82.0, 756.5)	(83.0, 433.5)	(84.0, 234.0)	(85.0, 114.5)	(86.0, 47.5)	(87.0, 22.5)	(88.0, 21.5)	(89.0, 21.5)	(90.0, 16.0)	(91.0, 16.0)	(92.0, 23.5)	(93.0, 35.0)	(94.0, 47.0)	(95.0, 59.0)	(96.0, 56.0)	(97.0, 47.5)	(98.0, 60.5)	(99.0, 58.5)	(100.0, 26.0)
IDDLNTM74_R2	(0.0, 0.0)	(1.0, 0.0)	(2.0, 0.0)	(3.0, 0.0)	(4.0, 0.0)	(5.0, 0.0)	(6.0, 0.0)	(7.0, 0.0)	(8.0, 0.0)	(9.0, 0.0)	(10.0, 0.0)	(11.0, 0.0)	(12.0, 0.0)	(13.0, 0.0)	(14.0, 0.0)	(15.0, 0.0)	(16.0, 0.0)	(17.0, 0.0)	(18.0, 0.0)	(19.0, 0.0)	(20.0, 0.0)	(21.0, 0.0)	(22.0, 0.0)	(23.0, 0.5)	(24.0, 0.5)	(25.0, 0.0)	(26.0, 0.5)	(27.0, 0.5)	(28.0, 0.0)	(29.0, 0.5)	(30.0, 0.5)	(31.0, 2.0)	(32.0, 10.5)	(33.0, 23.5)	(34.0, 29.5)	(35.0, 56.5)	(36.0, 94.5)	(37.0, 145.5)	(38.0, 223.5)	(39.0, 316.5)	(40.0, 495.5)	(41.0, 834.0)	(42.0, 1386.0)	(43.0, 2054.0)	(44.0, 2905.0)	(45.0, 4080.5)	(46.0, 5579.0)	(47.0, 7454.0)	(48.0, 9939.0)	(49.0, 13216.5)	(50.0, 17767.5)	(51.0, 24545.0)	(52.0, 34189.0)	(53.0, 47907.0)	(54.0, 68140.0)	(55.0, 95005.5)	(56.0, 127902.0)	(57.0, 165410.5)	(58.0, 205280.0)	(59.0, 243765.5)	(60.0, 275702.0)	(61.0, 299171.0)	(62.0, 313348.0)	(63.0, 317350.5)	(64.0, 311887.0)	(65.0, 299461.0)	(66.0, 280169.0)	(67.0, 253842.0)	(68.0, 221826.0)	(69.0, 187515.0)	(70.0, 153845.5)	(71.0, 120962.0)	(72.0, 91057.0)	(73.0, 66110.0)	(74.0, 45938.5)	(75.0, 30386.5)	(76.0, 19482.0)	(77.0, 12461.0)	(78.0, 7653.5)	(79.0, 4305.0)	(80.0, 2458.5)	(81.0, 1469.0)	(82.0, 869.0)	(83.0, 497.5)	(84.0, 271.5)	(85.0, 145.5)	(86.0, 73.0)	(87.0, 53.0)	(88.0, 44.0)	(89.0, 40.0)	(90.0, 32.5)	(91.0, 32.5)	(92.0, 35.5)	(93.0, 31.5)	(94.0, 38.5)	(95.0, 42.0)	(96.0, 40.0)	(97.0, 71.5)	(98.0, 120.0)	(99.0, 327.0)	(100.0, 2678.0)
IDDLNTM75_R1	(0.0, 0.0)	(1.0, 0.0)	(2.0, 0.0)	(3.0, 0.0)	(4.0, 0.0)	(5.0, 0.0)	(6.0, 0.0)	(7.0, 0.0)	(8.0, 0.0)	(9.0, 0.0)	(10.0, 0.0)	(11.0, 0.0)	(12.0, 0.0)	(13.0, 0.0)	(14.0, 0.0)	(15.0, 0.5)	(16.0, 0.5)	(17.0, 0.0)	(18.0, 0.0)	(19.0, 0.0)	(20.0, 0.0)	(21.0, 0.0)	(22.0, 0.0)	(23.0, 0.0)	(24.0, 0.0)	(25.0, 0.0)	(26.0, 0.0)	(27.0, 0.0)	(28.0, 0.0)	(29.0, 0.0)	(30.0, 0.0)	(31.0, 1.0)	(32.0, 4.5)	(33.0, 14.0)	(34.0, 17.5)	(35.0, 32.0)	(36.0, 56.0)	(37.0, 85.5)	(38.0, 115.5)	(39.0, 161.5)	(40.0, 290.5)	(41.0, 563.5)	(42.0, 957.5)	(43.0, 1399.0)	(44.0, 1980.0)	(45.0, 2930.0)	(46.0, 4267.0)	(47.0, 5926.5)	(48.0, 8240.0)	(49.0, 11576.5)	(50.0, 16635.5)	(51.0, 23988.5)	(52.0, 34612.5)	(53.0, 49177.0)	(54.0, 68896.5)	(55.0, 94783.0)	(56.0, 124824.5)	(57.0, 158186.0)	(58.0, 192738.0)	(59.0, 226426.0)	(60.0, 257049.5)	(61.0, 280099.5)	(62.0, 296547.5)	(63.0, 304133.5)	(64.0, 300962.0)	(65.0, 290918.5)	(66.0, 272867.0)	(67.0, 247813.5)	(68.0, 216997.5)	(69.0, 183282.0)	(70.0, 150701.0)	(71.0, 118721.0)	(72.0, 90025.5)	(73.0, 65576.5)	(74.0, 45379.0)	(75.0, 30313.5)	(76.0, 19521.0)	(77.0, 12429.0)	(78.0, 7675.5)	(79.0, 4446.0)	(80.0, 2541.0)	(81.0, 1427.0)	(82.0, 814.5)	(83.0, 459.5)	(84.0, 248.5)	(85.0, 129.0)	(86.0, 57.0)	(87.0, 38.5)	(88.0, 21.5)	(89.0, 13.5)	(90.0, 15.0)	(91.0, 16.5)	(92.0, 25.0)	(93.0, 43.0)	(94.0, 72.5)	(95.0, 90.5)	(96.0, 78.5)	(97.0, 64.5)	(98.0, 70.0)	(99.0, 67.0)	(100.0, 34.0)
IDDLNTM75_R2	(0.0, 0.0)	(1.0, 0.0)	(2.0, 0.0)	(3.0, 0.0)	(4.0, 0.0)	(5.0, 0.0)	(6.0, 0.0)	(7.0, 0.0)	(8.0, 0.0)	(9.0, 0.0)	(10.0, 0.0)	(11.0, 0.0)	(12.0, 0.0)	(13.0, 0.0)	(14.0, 0.0)	(15.0, 0.0)	(16.0, 0.0)	(17.0, 0.5)	(18.0, 0.5)	(19.0, 0.0)	(20.0, 0.0)	(21.0, 0.0)	(22.0, 0.0)	(23.0, 0.5)	(24.0, 0.5)	(25.0, 0.0)	(26.0, 0.5)	(27.0, 1.0)	(28.0, 0.5)	(29.0, 1.0)	(30.0, 1.0)	(31.0, 3.0)	(32.0, 10.5)	(33.0, 20.5)	(34.0, 26.0)	(35.0, 47.0)	(36.0, 72.5)	(37.0, 111.5)	(38.0, 163.5)	(39.0, 233.5)	(40.0, 430.5)	(41.0, 758.5)	(42.0, 1220.5)	(43.0, 1869.0)	(44.0, 2684.0)	(45.0, 3928.0)	(46.0, 5742.5)	(47.0, 8240.0)	(48.0, 12061.0)	(49.0, 18070.5)	(50.0, 27177.5)	(51.0, 40185.0)	(52.0, 57307.0)	(53.0, 77992.0)	(54.0, 101651.5)	(55.0, 125933.5)	(56.0, 148548.5)	(57.0, 168999.5)	(58.0, 188430.0)	(59.0, 208243.5)	(60.0, 227791.5)	(61.0, 247091.0)	(62.0, 264134.0)	(63.0, 275007.0)	(64.0, 279384.0)	(65.0, 276023.5)	(66.0, 262973.5)	(67.0, 241778.5)	(68.0, 213934.0)	(69.0, 182790.5)	(70.0, 150933.0)	(71.0, 118748.0)	(72.0, 90033.0)	(73.0, 66039.0)	(74.0, 45761.0)	(75.0, 30264.5)	(76.0, 19488.5)	(77.0, 12438.0)	(78.0, 7722.5)	(79.0, 4499.0)	(80.0, 2593.0)	(81.0, 1506.5)	(82.0, 876.5)	(83.0, 540.0)	(84.0, 344.5)	(85.0, 217.5)	(86.0, 140.0)	(87.0, 97.0)	(88.0, 85.5)	(89.0, 77.5)	(90.0, 60.5)	(91.0, 59.0)	(92.0, 63.5)	(93.0, 61.0)	(94.0, 62.0)	(95.0, 73.5)	(96.0, 93.5)	(97.0, 151.0)	(98.0, 252.0)	(99.0, 532.0)	(100.0, 3084.5)
IDDLNTM76_R1	(0.0, 0.0)	(1.0, 0.0)	(2.0, 0.0)	(3.0, 0.0)	(4.0, 0.0)	(5.0, 0.0)	(6.0, 0.0)	(7.0, 0.0)	(8.0, 0.0)	(9.0, 0.0)	(10.0, 0.0)	(11.0, 0.0)	(12.0, 0.0)	(13.0, 0.0)	(14.0, 0.0)	(15.0, 0.0)	(16.0, 0.0)	(17.0, 0.0)	(18.0, 0.0)	(19.0, 0.0)	(20.0, 0.5)	(21.0, 0.5)	(22.0, 0.0)	(23.0, 0.0)	(24.0, 0.0)	(25.0, 0.5)	(26.0, 0.5)	(27.0, 0.0)	(28.0, 0.0)	(29.0, 0.5)	(30.0, 0.5)	(31.0, 0.5)	(32.0, 8.5)	(33.0, 16.0)	(34.0, 18.5)	(35.0, 38.5)	(36.0, 64.5)	(37.0, 113.5)	(38.0, 146.0)	(39.0, 195.5)	(40.0, 351.5)	(41.0, 669.5)	(42.0, 1104.5)	(43.0, 1648.0)	(44.0, 2345.0)	(45.0, 3395.5)	(46.0, 4998.0)	(47.0, 6950.5)	(48.0, 9637.5)	(49.0, 13244.5)	(50.0, 18472.0)	(51.0, 26684.0)	(52.0, 38239.0)	(53.0, 53867.5)	(54.0, 75929.0)	(55.0, 104192.5)	(56.0, 137231.5)	(57.0, 173419.0)	(58.0, 211955.0)	(59.0, 251005.0)	(60.0, 284913.0)	(61.0, 312133.0)	(62.0, 331453.0)	(63.0, 339724.5)	(64.0, 337715.5)	(65.0, 326792.0)	(66.0, 306365.5)	(67.0, 277749.5)	(68.0, 243349.5)	(69.0, 205722.5)	(70.0, 168178.5)	(71.0, 132568.5)	(72.0, 100625.5)	(73.0, 73378.5)	(74.0, 51005.5)	(75.0, 34092.0)	(76.0, 22006.5)	(77.0, 14054.0)	(78.0, 8762.0)	(79.0, 4993.5)	(80.0, 2852.0)	(81.0, 1665.0)	(82.0, 914.5)	(83.0, 504.0)	(84.0, 285.5)	(85.0, 154.0)	(86.0, 69.0)	(87.0, 40.5)	(88.0, 27.5)	(89.0, 19.5)	(90.0, 14.5)	(91.0, 19.0)	(92.0, 22.5)	(93.0, 33.0)	(94.0, 48.0)	(95.0, 58.0)	(96.0, 64.5)	(97.0, 52.5)	(98.0, 51.5)	(99.0, 59.0)	(100.0, 38.5)
IDDLNTM76_R2	(0.0, 0.0)	(1.0, 0.0)	(2.0, 0.0)	(3.0, 0.0)	(4.0, 0.0)	(5.0, 0.0)	(6.0, 0.0)	(7.0, 0.0)	(8.0, 0.0)	(9.0, 0.0)	(10.0, 0.0)	(11.0, 0.0)	(12.0, 0.0)	(13.0, 0.0)	(14.0, 0.0)	(15.0, 0.0)	(16.0, 0.0)	(17.0, 0.0)	(18.0, 0.0)	(19.0, 0.0)	(20.0, 0.0)	(21.0, 0.5)	(22.0, 0.5)	(23.0, 0.0)	(24.0, 0.0)	(25.0, 0.0)	(26.0, 1.0)	(27.0, 1.0)	(28.0, 0.5)	(29.0, 1.5)	(30.0, 2.0)	(31.0, 4.5)	(32.0, 14.5)	(33.0, 28.5)	(34.0, 28.5)	(35.0, 46.0)	(36.0, 84.0)	(37.0, 153.5)	(38.0, 211.5)	(39.0, 290.5)	(40.0, 471.5)	(41.0, 824.0)	(42.0, 1334.5)	(43.0, 1982.5)	(44.0, 2733.5)	(45.0, 3841.5)	(46.0, 5392.5)	(47.0, 7190.5)	(48.0, 9526.5)	(49.0, 12565.0)	(50.0, 17104.5)	(51.0, 23933.0)	(52.0, 33884.0)	(53.0, 48206.0)	(54.0, 68993.0)	(55.0, 97221.5)	(56.0, 131686.0)	(57.0, 171483.0)	(58.0, 214058.0)	(59.0, 255634.5)	(60.0, 290743.5)	(61.0, 317420.0)	(62.0, 334581.0)	(63.0, 340834.0)	(64.0, 337437.0)	(65.0, 325562.5)	(66.0, 305546.0)	(67.0, 277609.5)	(68.0, 243137.0)	(69.0, 206222.5)	(70.0, 170143.5)	(71.0, 134382.0)	(72.0, 101659.0)	(73.0, 74027.0)	(74.0, 51457.5)	(75.0, 34294.0)	(76.0, 22217.5)	(77.0, 14369.0)	(78.0, 8888.5)	(79.0, 5045.5)	(80.0, 2910.5)	(81.0, 1673.0)	(82.0, 948.0)	(83.0, 558.5)	(84.0, 329.5)	(85.0, 188.0)	(86.0, 124.5)	(87.0, 94.5)	(88.0, 68.0)	(89.0, 56.0)	(90.0, 48.5)	(91.0, 45.0)	(92.0, 45.5)	(93.0, 47.0)	(94.0, 48.5)	(95.0, 55.5)	(96.0, 63.5)	(97.0, 93.5)	(98.0, 159.5)	(99.0, 406.5)	(100.0, 3181.5)
IDDLNTM77_R1	(0.0, 0.0)	(1.0, 0.0)	(2.0, 0.0)	(3.0, 0.0)	(4.0, 0.0)	(5.0, 0.0)	(6.0, 0.0)	(7.0, 0.0)	(8.0, 0.0)	(9.0, 0.0)	(10.0, 0.0)	(11.0, 0.0)	(12.0, 0.0)	(13.0, 0.0)	(14.0, 1.0)	(15.0, 1.0)	(16.0, 0.0)	(17.0, 0.0)	(18.0, 0.0)	(19.0, 0.0)	(20.0, 0.0)	(21.0, 0.0)	(22.0, 0.0)	(23.0, 0.0)	(24.0, 0.0)	(25.0, 0.0)	(26.0, 0.0)	(27.0, 0.0)	(28.0, 0.0)	(29.0, 0.0)	(30.0, 0.0)	(31.0, 2.0)	(32.0, 6.0)	(33.0, 9.5)	(34.0, 10.0)	(35.0, 17.5)	(36.0, 36.5)	(37.0, 64.0)	(38.0, 75.5)	(39.0, 105.5)	(40.0, 175.5)	(41.0, 307.5)	(42.0, 566.5)	(43.0, 870.0)	(44.0, 1229.0)	(45.0, 1828.0)	(46.0, 2687.5)	(47.0, 3802.5)	(48.0, 5321.0)	(49.0, 7414.0)	(50.0, 10558.0)	(51.0, 15373.5)	(52.0, 22627.0)	(53.0, 32970.5)	(54.0, 47515.0)	(55.0, 66724.5)	(56.0, 91080.0)	(57.0, 119873.0)	(58.0, 151034.5)	(59.0, 181765.5)	(60.0, 207803.0)	(61.0, 227889.0)	(62.0, 238592.0)	(63.0, 237139.0)	(64.0, 226401.0)	(65.0, 208623.5)	(66.0, 185152.5)	(67.0, 158900.0)	(68.0, 132084.5)	(69.0, 106433.5)	(70.0, 83719.5)	(71.0, 63867.5)	(72.0, 47154.0)	(73.0, 33228.5)	(74.0, 22326.0)	(75.0, 14558.5)	(76.0, 9206.0)	(77.0, 5807.0)	(78.0, 3493.5)	(79.0, 2113.0)	(80.0, 1291.5)	(81.0, 683.5)	(82.0, 352.0)	(83.0, 194.0)	(84.0, 111.0)	(85.0, 64.0)	(86.0, 29.0)	(87.0, 12.5)	(88.0, 5.5)	(89.0, 6.0)	(90.0, 6.0)	(91.0, 3.0)	(92.0, 4.0)	(93.0, 5.5)	(94.0, 6.5)	(95.0, 9.5)	(96.0, 14.5)	(97.0, 23.5)	(98.0, 40.0)	(99.0, 42.5)	(100.0, 20.0)
IDDLNTM77_R2	(0.0, 0.0)	(1.0, 0.0)	(2.0, 0.0)	(3.0, 0.0)	(4.0, 0.0)	(5.0, 0.0)	(6.0, 0.0)	(7.0, 0.0)	(8.0, 0.0)	(9.0, 0.0)	(10.0, 0.0)	(11.0, 0.0)	(12.0, 0.0)	(13.0, 0.0)	(14.0, 0.0)	(15.0, 0.0)	(16.0, 0.0)	(17.0, 0.0)	(18.0, 0.0)	(19.0, 0.0)	(20.0, 0.0)	(21.0, 0.0)	(22.0, 0.0)	(23.0, 0.0)	(24.0, 0.0)	(25.0, 0.0)	(26.0, 0.0)	(27.0, 0.0)	(28.0, 0.5)	(29.0, 1.5)	(30.0, 1.0)	(31.0, 3.5)	(32.0, 10.5)	(33.0, 14.0)	(34.0, 16.5)	(35.0, 35.5)	(36.0, 60.5)	(37.0, 81.5)	(38.0, 110.5)	(39.0, 178.0)	(40.0, 290.0)	(41.0, 485.5)	(42.0, 773.5)	(43.0, 1148.5)	(44.0, 1635.0)	(45.0, 2310.0)	(46.0, 3286.5)	(47.0, 4552.0)	(48.0, 6225.0)	(49.0, 8644.5)	(50.0, 12429.0)	(51.0, 18736.0)	(52.0, 28556.5)	(53.0, 43029.5)	(54.0, 63442.5)	(55.0, 89549.0)	(56.0, 119476.5)	(57.0, 149952.0)	(58.0, 178302.5)	(59.0, 200660.5)	(60.0, 212801.5)	(61.0, 216434.5)	(62.0, 214046.0)	(63.0, 206263.5)	(64.0, 194206.0)	(65.0, 179963.5)	(66.0, 163777.0)	(67.0, 144547.5)	(68.0, 123037.5)	(69.0, 101952.5)	(70.0, 82191.5)	(71.0, 63306.5)	(72.0, 47085.5)	(73.0, 33448.5)	(74.0, 22544.0)	(75.0, 14721.5)	(76.0, 9248.0)	(77.0, 5716.0)	(78.0, 3363.5)	(79.0, 1904.0)	(80.0, 1127.0)	(81.0, 637.5)	(82.0, 361.5)	(83.0, 201.5)	(84.0, 109.0)	(85.0, 59.0)	(86.0, 38.0)	(87.0, 22.0)	(88.0, 16.5)	(89.0, 15.5)	(90.0, 11.5)	(91.0, 13.0)	(92.0, 14.5)	(93.0, 10.0)	(94.0, 8.0)	(95.0, 12.0)	(96.0, 15.5)	(97.0, 24.0)	(98.0, 40.5)	(99.0, 173.5)	(100.0, 2076.0)
IDDLNTM78_R1	(0.0, 0.0)	(1.0, 0.0)	(2.0, 0.5)	(3.0, 0.5)	(4.0, 0.0)	(5.0, 0.0)	(6.0, 0.0)	(7.0, 0.0)	(8.0, 0.0)	(9.0, 0.0)	(10.0, 0.0)	(11.0, 0.0)	(12.0, 0.0)	(13.0, 0.0)	(14.0, 0.0)	(15.0, 0.0)	(16.0, 0.0)	(17.0, 0.0)	(18.0, 0.0)	(19.0, 0.0)	(20.0, 0.0)	(21.0, 0.0)	(22.0, 0.0)	(23.0, 0.0)	(24.0, 0.0)	(25.0, 0.0)	(26.0, 0.0)	(27.0, 0.0)	(28.0, 0.0)	(29.0, 0.0)	(30.0, 0.0)	(31.0, 1.0)	(32.0, 9.5)	(33.0, 15.5)	(34.0, 15.5)	(35.0, 34.0)	(36.0, 67.5)	(37.0, 110.0)	(38.0, 144.0)	(39.0, 221.5)	(40.0, 384.0)	(41.0, 674.0)	(42.0, 1129.0)	(43.0, 1701.0)	(44.0, 2452.5)	(45.0, 3514.5)	(46.0, 5059.5)	(47.0, 6996.5)	(48.0, 9455.0)	(49.0, 12874.5)	(50.0, 17789.5)	(51.0, 25151.0)	(52.0, 35527.5)	(53.0, 49860.5)	(54.0, 70120.5)	(55.0, 96700.0)	(56.0, 128718.5)	(57.0, 165077.0)	(58.0, 205037.0)	(59.0, 245911.0)	(60.0, 282556.0)	(61.0, 312439.5)	(62.0, 332685.5)	(63.0, 340326.5)	(64.0, 336645.5)	(65.0, 323309.0)	(66.0, 300120.5)	(67.0, 269465.5)	(68.0, 233705.0)	(69.0, 196478.0)	(70.0, 160524.0)	(71.0, 125674.5)	(72.0, 94771.5)	(73.0, 68740.0)	(74.0, 47428.0)	(75.0, 31671.5)	(76.0, 20429.5)	(77.0, 12968.5)	(78.0, 8176.5)	(79.0, 4793.5)	(80.0, 2687.5)	(81.0, 1449.5)	(82.0, 815.5)	(83.0, 447.0)	(84.0, 238.5)	(85.0, 131.5)	(86.0, 65.5)	(87.0, 35.5)	(88.0, 24.5)	(89.0, 21.0)	(90.0, 18.0)	(91.0, 18.5)	(92.0, 35.5)	(93.0, 59.5)	(94.0, 92.5)	(95.0, 117.5)	(96.0, 107.0)	(97.0, 70.5)	(98.0, 60.0)	(99.0, 60.5)	(100.0, 28.5)
IDDLNTM78_R2	(0.0, 0.0)	(1.0, 0.0)	(2.0, 0.0)	(3.0, 0.0)	(4.0, 0.0)	(5.0, 0.0)	(6.0, 0.0)	(7.0, 0.0)	(8.0, 0.0)	(9.0, 0.0)	(10.0, 0.0)	(11.0, 0.0)	(12.0, 0.0)	(13.0, 0.0)	(14.0, 0.0)	(15.0, 0.0)	(16.0, 0.0)	(17.0, 0.0)	(18.0, 0.0)	(19.0, 0.0)	(20.0, 0.0)	(21.0, 0.0)	(22.0, 0.0)	(23.0, 0.0)	(24.0, 0.5)	(25.0, 0.5)	(26.0, 0.0)	(27.0, 0.0)	(28.0, 0.5)	(29.0, 1.5)	(30.0, 2.0)	(31.0, 4.0)	(32.0, 15.0)	(33.0, 31.5)	(34.0, 34.5)	(35.0, 61.0)	(36.0, 121.0)	(37.0, 170.0)	(38.0, 223.5)	(39.0, 332.5)	(40.0, 547.0)	(41.0, 939.0)	(42.0, 1545.0)	(43.0, 2303.5)	(44.0, 3339.5)	(45.0, 4906.0)	(46.0, 7209.0)	(47.0, 10340.5)	(48.0, 14899.0)	(49.0, 21995.5)	(50.0, 32667.0)	(51.0, 47888.5)	(52.0, 67724.5)	(53.0, 91039.5)	(54.0, 117311.0)	(55.0, 144088.0)	(56.0, 168645.5)	(57.0, 190092.5)	(58.0, 210154.5)	(59.0, 230176.5)	(60.0, 249293.0)	(61.0, 267266.5)	(62.0, 282892.0)	(63.0, 293687.5)	(64.0, 297672.5)	(65.0, 293102.5)	(66.0, 279093.0)	(67.0, 256610.0)	(68.0, 226084.5)	(69.0, 192444.0)	(70.0, 158510.0)	(71.0, 125062.5)	(72.0, 95142.0)	(73.0, 69188.5)	(74.0, 47828.0)	(75.0, 31586.0)	(76.0, 20264.5)	(77.0, 12985.5)	(78.0, 7938.5)	(79.0, 4546.0)	(80.0, 2721.0)	(81.0, 1569.0)	(82.0, 885.0)	(83.0, 541.0)	(84.0, 312.5)	(85.0, 182.5)	(86.0, 108.5)	(87.0, 76.0)	(88.0, 67.5)	(89.0, 60.0)	(90.0, 57.0)	(91.0, 53.5)	(92.0, 48.5)	(93.0, 54.5)	(94.0, 58.0)	(95.0, 59.0)	(96.0, 75.5)	(97.0, 130.5)	(98.0, 212.5)	(99.0, 491.5)	(100.0, 3422.0)
IDDLNTM79_R1	(0.0, 0.0)	(1.0, 0.0)	(2.0, 0.0)	(3.0, 0.0)	(4.0, 0.0)	(5.0, 0.0)	(6.0, 0.0)	(7.0, 0.0)	(8.0, 0.0)	(9.0, 0.0)	(10.0, 0.0)	(11.0, 0.0)	(12.0, 0.0)	(13.0, 0.0)	(14.0, 0.0)	(15.0, 0.0)	(16.0, 0.0)	(17.0, 0.0)	(18.0, 0.0)	(19.0, 0.0)	(20.0, 0.0)	(21.0, 0.0)	(22.0, 0.0)	(23.0, 0.0)	(24.0, 0.0)	(25.0, 0.0)	(26.0, 0.0)	(27.0, 0.0)	(28.0, 0.0)	(29.0, 0.0)	(30.0, 0.0)	(31.0, 0.0)	(32.0, 10.5)	(33.0, 17.5)	(34.0, 14.5)	(35.0, 28.5)	(36.0, 65.5)	(37.0, 125.5)	(38.0, 156.5)	(39.0, 201.0)	(40.0, 360.5)	(41.0, 705.0)	(42.0, 1203.5)	(43.0, 1727.5)	(44.0, 2394.0)	(45.0, 3605.5)	(46.0, 5249.0)	(47.0, 7147.5)	(48.0, 9712.0)	(49.0, 13244.0)	(50.0, 18549.0)	(51.0, 26419.0)	(52.0, 37498.0)	(53.0, 52731.0)	(54.0, 74237.5)	(55.0, 102194.0)	(56.0, 135377.0)	(57.0, 173157.5)	(58.0, 215266.5)	(59.0, 258894.5)	(60.0, 298789.5)	(61.0, 333386.5)	(62.0, 359362.0)	(63.0, 372581.0)	(64.0, 373355.5)	(65.0, 362150.5)	(66.0, 338447.0)	(67.0, 305715.0)	(68.0, 265671.0)	(69.0, 222173.5)	(70.0, 180520.0)	(71.0, 140865.5)	(72.0, 106179.0)	(73.0, 76926.5)	(74.0, 53059.5)	(75.0, 35257.5)	(76.0, 22489.5)	(77.0, 14435.5)	(78.0, 9185.0)	(79.0, 5642.0)	(80.0, 3271.0)	(81.0, 1695.0)	(82.0, 918.5)	(83.0, 480.0)	(84.0, 254.5)	(85.0, 124.5)	(86.0, 55.5)	(87.0, 30.0)	(88.0, 19.5)	(89.0, 19.0)	(90.0, 16.5)	(91.0, 20.5)	(92.0, 31.0)	(93.0, 55.0)	(94.0, 84.0)	(95.0, 105.5)	(96.0, 106.5)	(97.0, 77.0)	(98.0, 68.0)	(99.0, 63.5)	(100.0, 35.0)
IDDLNTM79_R2	(0.0, 0.0)	(1.0, 0.0)	(2.0, 0.0)	(3.0, 0.0)	(4.0, 0.0)	(5.0, 0.0)	(6.0, 0.0)	(7.0, 0.0)	(8.0, 0.0)	(9.0, 0.0)	(10.0, 0.0)	(11.0, 0.0)	(12.0, 0.0)	(13.0, 0.0)	(14.0, 0.0)	(15.0, 0.0)	(16.0, 0.0)	(17.0, 0.0)	(18.0, 0.0)	(19.0, 0.0)	(20.0, 0.5)	(21.0, 0.5)	(22.0, 0.0)	(23.0, 0.0)	(24.0, 0.0)	(25.0, 0.0)	(26.0, 0.0)	(27.0, 0.0)	(28.0, 0.0)	(29.0, 1.0)	(30.0, 2.0)	(31.0, 4.5)	(32.0, 15.5)	(33.0, 26.0)	(34.0, 34.0)	(35.0, 55.5)	(36.0, 97.5)	(37.0, 160.0)	(38.0, 213.5)	(39.0, 313.5)	(40.0, 510.0)	(41.0, 893.5)	(42.0, 1492.5)	(43.0, 2178.5)	(44.0, 2983.5)	(45.0, 4211.5)	(46.0, 6085.0)	(47.0, 8452.5)	(48.0, 11376.5)	(49.0, 15583.5)	(50.0, 22286.0)	(51.0, 32579.5)	(52.0, 47514.0)	(53.0, 68520.0)	(54.0, 96678.5)	(55.0, 130533.0)	(56.0, 167933.0)	(57.0, 205723.0)	(58.0, 241230.0)	(59.0, 272836.0)	(60.0, 298788.5)	(61.0, 318137.0)	(62.0, 331909.0)	(63.0, 339137.5)	(64.0, 338317.5)	(65.0, 330343.0)	(66.0, 313136.5)	(67.0, 287293.0)	(68.0, 253790.0)	(69.0, 215761.5)	(70.0, 177489.5)	(71.0, 139748.5)	(72.0, 105935.5)	(73.0, 77287.0)	(74.0, 53691.0)	(75.0, 35743.0)	(76.0, 22997.0)	(77.0, 14738.5)	(78.0, 8982.0)	(79.0, 5145.5)	(80.0, 3052.0)	(81.0, 1751.5)	(82.0, 959.5)	(83.0, 533.5)	(84.0, 305.5)	(85.0, 166.5)	(86.0, 92.5)	(87.0, 66.5)	(88.0, 57.0)	(89.0, 54.0)	(90.0, 49.5)	(91.0, 57.5)	(92.0, 69.0)	(93.0, 70.5)	(94.0, 74.0)	(95.0, 77.0)	(96.0, 97.5)	(97.0, 152.0)	(98.0, 240.0)	(99.0, 557.5)	(100.0, 3527.0)
IDDLNTM81_R1	(0.0, 0.0)	(1.0, 0.0)	(2.0, 0.0)	(3.0, 0.0)	(4.0, 0.0)	(5.0, 0.0)	(6.0, 0.0)	(7.0, 0.0)	(8.0, 0.0)	(9.0, 0.0)	(10.0, 0.0)	(11.0, 0.0)	(12.0, 0.0)	(13.0, 0.0)	(14.0, 0.0)	(15.0, 0.0)	(16.0, 0.0)	(17.0, 0.0)	(18.0, 0.0)	(19.0, 0.0)	(20.0, 0.0)	(21.0, 0.0)	(22.0, 0.0)	(23.0, 0.0)	(24.0, 0.0)	(25.0, 0.0)	(26.0, 0.0)	(27.0, 0.0)	(28.0, 0.0)	(29.0, 1.0)	(30.0, 5.5)	(31.0, 6.0)	(32.0, 7.5)	(33.0, 14.5)	(34.0, 16.0)	(35.0, 19.0)	(36.0, 27.0)	(37.0, 41.5)	(38.0, 79.0)	(39.0, 138.5)	(40.0, 233.5)	(41.0, 365.5)	(42.0, 551.5)	(43.0, 944.5)	(44.0, 1483.5)	(45.0, 2169.0)	(46.0, 3207.0)	(47.0, 4581.0)	(48.0, 6555.5)	(49.0, 9619.5)	(50.0, 14220.0)	(51.0, 21198.0)	(52.0, 31427.0)	(53.0, 45385.5)	(54.0, 63842.5)	(55.0, 87492.5)	(56.0, 115905.0)	(57.0, 147348.0)	(58.0, 180264.0)	(59.0, 212351.5)	(60.0, 241861.5)	(61.0, 265977.0)	(62.0, 281503.0)	(63.0, 289146.5)	(64.0, 287886.0)	(65.0, 278351.0)	(66.0, 260965.5)	(67.0, 236500.5)	(68.0, 207318.0)	(69.0, 175118.0)	(70.0, 142421.0)	(71.0, 111726.0)	(72.0, 84656.0)	(73.0, 60756.5)	(74.0, 41449.0)	(75.0, 27231.0)	(76.0, 17299.0)	(77.0, 10801.0)	(78.0, 6502.0)	(79.0, 3750.5)	(80.0, 2046.0)	(81.0, 1084.0)	(82.0, 629.5)	(83.0, 359.0)	(84.0, 163.0)	(85.0, 68.0)	(86.0, 36.5)	(87.0, 26.5)	(88.0, 18.0)	(89.0, 14.5)	(90.0, 11.5)	(91.0, 10.0)	(92.0, 17.0)	(93.0, 34.0)	(94.0, 61.0)	(95.0, 84.5)	(96.0, 85.5)	(97.0, 66.0)	(98.0, 51.0)	(99.0, 44.5)	(100.0, 25.5)
IDDLNTM81_R2	(0.0, 0.0)	(1.0, 0.0)	(2.0, 0.0)	(3.0, 0.0)	(4.0, 0.0)	(5.0, 0.0)	(6.0, 0.0)	(7.0, 0.0)	(8.0, 0.0)	(9.0, 0.0)	(10.0, 0.0)	(11.0, 0.0)	(12.0, 0.0)	(13.0, 0.0)	(14.0, 0.0)	(15.0, 0.0)	(16.0, 0.0)	(17.0, 0.0)	(18.0, 0.0)	(19.0, 0.0)	(20.0, 0.0)	(21.0, 0.0)	(22.0, 0.0)	(23.0, 0.0)	(24.0, 0.0)	(25.0, 0.0)	(26.0, 0.0)	(27.0, 0.0)	(28.0, 0.0)	(29.0, 2.5)	(30.0, 5.0)	(31.0, 6.0)	(32.0, 13.0)	(33.0, 20.5)	(34.0, 22.5)	(35.0, 30.5)	(36.0, 52.5)	(37.0, 84.5)	(38.0, 147.0)	(39.0, 233.0)	(40.0, 352.0)	(41.0, 559.5)	(42.0, 868.0)	(43.0, 1387.5)	(44.0, 2108.0)	(45.0, 3039.5)	(46.0, 4461.5)	(47.0, 6479.5)	(48.0, 9579.5)	(49.0, 14563.5)	(50.0, 22069.5)	(51.0, 33214.0)	(52.0, 48520.0)	(53.0, 67447.0)	(54.0, 88884.0)	(55.0, 111679.0)	(56.0, 134523.5)	(57.0, 156436.0)	(58.0, 178507.0)	(59.0, 200141.0)	(60.0, 220451.0)	(61.0, 240019.0)	(62.0, 256304.5)	(63.0, 267202.5)	(64.0, 269862.0)	(65.0, 264458.5)	(66.0, 252512.5)	(67.0, 231711.5)	(68.0, 204495.5)	(69.0, 173682.0)	(70.0, 141871.0)	(71.0, 111832.0)	(72.0, 84719.5)	(73.0, 60910.0)	(74.0, 41325.5)	(75.0, 27365.5)	(76.0, 17708.0)	(77.0, 11099.5)	(78.0, 6669.5)	(79.0, 3809.5)	(80.0, 2164.0)	(81.0, 1229.0)	(82.0, 700.0)	(83.0, 401.5)	(84.0, 223.5)	(85.0, 126.0)	(86.0, 93.0)	(87.0, 88.5)	(88.0, 80.0)	(89.0, 68.5)	(90.0, 72.5)	(91.0, 81.0)	(92.0, 84.5)	(93.0, 84.5)	(94.0, 83.5)	(95.0, 95.5)	(96.0, 114.5)	(97.0, 177.0)	(98.0, 302.5)	(99.0, 634.5)	(100.0, 2880.0)
IDDLNTM82_R1	(0.0, 0.0)	(1.0, 0.0)	(2.0, 0.0)	(3.0, 0.0)	(4.0, 0.0)	(5.0, 0.0)	(6.0, 0.0)	(7.0, 0.0)	(8.0, 0.0)	(9.0, 0.0)	(10.0, 0.0)	(11.0, 0.0)	(12.0, 0.0)	(13.0, 0.0)	(14.0, 0.0)	(15.0, 0.0)	(16.0, 0.0)	(17.0, 0.0)	(18.0, 0.0)	(19.0, 0.0)	(20.0, 0.0)	(21.0, 0.0)	(22.0, 0.0)	(23.0, 0.0)	(24.0, 0.0)	(25.0, 0.0)	(26.0, 0.0)	(27.0, 0.0)	(28.0, 0.0)	(29.0, 2.0)	(30.0, 8.0)	(31.0, 7.0)	(32.0, 10.0)	(33.0, 17.0)	(34.0, 18.0)	(35.0, 20.5)	(36.0, 30.5)	(37.0, 62.0)	(38.0, 121.0)	(39.0, 208.5)	(40.0, 326.5)	(41.0, 509.5)	(42.0, 787.5)	(43.0, 1206.5)	(44.0, 1870.5)	(45.0, 2864.0)	(46.0, 4199.5)	(47.0, 5821.0)	(48.0, 8107.5)	(49.0, 11776.5)	(50.0, 17234.0)	(51.0, 25195.5)	(52.0, 36387.5)	(53.0, 51566.0)	(54.0, 71604.5)	(55.0, 96936.5)	(56.0, 125732.0)	(57.0, 157300.5)	(58.0, 191150.0)	(59.0, 224733.0)	(60.0, 256200.0)	(61.0, 281297.0)	(62.0, 298045.0)	(63.0, 306178.5)	(64.0, 305109.5)	(65.0, 295611.0)	(66.0, 278233.0)	(67.0, 253516.5)	(68.0, 222320.0)	(69.0, 188268.0)	(70.0, 153725.5)	(71.0, 120506.5)	(72.0, 91377.5)	(73.0, 66101.0)	(74.0, 45076.0)	(75.0, 29854.0)	(76.0, 19366.5)	(77.0, 12217.5)	(78.0, 7482.0)	(79.0, 4276.5)	(80.0, 2404.0)	(81.0, 1394.0)	(82.0, 821.0)	(83.0, 482.0)	(84.0, 269.5)	(85.0, 119.0)	(86.0, 53.0)	(87.0, 33.0)	(88.0, 18.5)	(89.0, 16.5)	(90.0, 17.0)	(91.0, 15.0)	(92.0, 20.0)	(93.0, 42.0)	(94.0, 74.0)	(95.0, 93.5)	(96.0, 90.5)	(97.0, 73.0)	(98.0, 62.0)	(99.0, 53.0)	(100.0, 26.5)
IDDLNTM82_R2	(0.0, 0.0)	(1.0, 0.0)	(2.0, 0.0)	(3.0, 0.0)	(4.0, 0.0)	(5.0, 0.0)	(6.0, 0.0)	(7.0, 0.0)	(8.0, 0.0)	(9.0, 0.0)	(10.0, 0.0)	(11.0, 0.0)	(12.0, 0.0)	(13.0, 0.0)	(14.0, 0.0)	(15.0, 0.0)	(16.0, 0.0)	(17.0, 0.0)	(18.0, 0.0)	(19.0, 0.0)	(20.0, 0.0)	(21.0, 0.0)	(22.0, 0.0)	(23.0, 0.5)	(24.0, 0.5)	(25.0, 0.0)	(26.0, 0.0)	(27.0, 0.5)	(28.0, 1.0)	(29.0, 2.5)	(30.0, 6.5)	(31.0, 8.5)	(32.0, 15.0)	(33.0, 19.5)	(34.0, 21.0)	(35.0, 35.5)	(36.0, 62.5)	(37.0, 99.5)	(38.0, 165.0)	(39.0, 286.5)	(40.0, 455.5)	(41.0, 657.0)	(42.0, 979.5)	(43.0, 1515.5)	(44.0, 2333.0)	(45.0, 3383.0)	(46.0, 4742.0)	(47.0, 6570.5)	(48.0, 9199.5)	(49.0, 13394.5)	(50.0, 19679.5)	(51.0, 29386.5)	(52.0, 43599.5)	(53.0, 62360.0)	(54.0, 85728.5)	(55.0, 113268.0)	(56.0, 141390.0)	(57.0, 168645.5)	(58.0, 195377.0)	(59.0, 220293.5)	(60.0, 243627.5)	(61.0, 263888.5)	(62.0, 279356.5)	(63.0, 289918.5)	(64.0, 292209.5)	(65.0, 286345.5)	(66.0, 272926.0)	(67.0, 249842.0)	(68.0, 220291.5)	(69.0, 187524.0)	(70.0, 153776.0)	(71.0, 121087.5)	(72.0, 91503.0)	(73.0, 66142.0)	(74.0, 45614.5)	(75.0, 30457.0)	(76.0, 19692.0)	(77.0, 12298.5)	(78.0, 7533.0)	(79.0, 4515.0)	(80.0, 2558.0)	(81.0, 1483.0)	(82.0, 932.0)	(83.0, 566.0)	(84.0, 339.5)	(85.0, 196.0)	(86.0, 139.0)	(87.0, 116.0)	(88.0, 102.0)	(89.0, 91.5)	(90.0, 90.5)	(91.0, 91.5)	(92.0, 88.5)	(93.0, 96.0)	(94.0, 94.5)	(95.0, 100.0)	(96.0, 140.5)	(97.0, 216.5)	(98.0, 326.5)	(99.0, 667.0)	(100.0, 3282.0)
IDDLNTM83_R1	(0.0, 0.0)	(1.0, 0.0)	(2.0, 0.0)	(3.0, 0.0)	(4.0, 0.0)	(5.0, 0.0)	(6.0, 0.0)	(7.0, 0.0)	(8.0, 0.0)	(9.0, 0.0)	(10.0, 0.0)	(11.0, 0.0)	(12.0, 0.0)	(13.0, 0.0)	(14.0, 1.0)	(15.0, 1.5)	(16.0, 0.5)	(17.0, 0.0)	(18.0, 0.0)	(19.0, 0.0)	(20.0, 0.0)	(21.0, 0.0)	(22.0, 0.0)	(23.0, 0.0)	(24.0, 0.0)	(25.0, 0.0)	(26.0, 0.0)	(27.0, 0.0)	(28.0, 0.0)	(29.0, 0.0)	(30.0, 0.5)	(31.0, 6.5)	(32.0, 16.5)	(33.0, 27.0)	(34.0, 36.0)	(35.0, 55.0)	(36.0, 81.0)	(37.0, 127.0)	(38.0, 200.0)	(39.0, 277.5)	(40.0, 415.5)	(41.0, 671.5)	(42.0, 1004.0)	(43.0, 1381.0)	(44.0, 2057.0)	(45.0, 3027.0)	(46.0, 4286.0)	(47.0, 5823.5)	(48.0, 7824.5)	(49.0, 10817.0)	(50.0, 15149.5)	(51.0, 21447.5)	(52.0, 30914.5)	(53.0, 44360.5)	(54.0, 62466.5)	(55.0, 86888.5)	(56.0, 118208.0)	(57.0, 156556.5)	(58.0, 199525.5)	(59.0, 245113.5)	(60.0, 291734.5)	(61.0, 332721.0)	(62.0, 364887.0)	(63.0, 383635.5)	(64.0, 386252.5)	(65.0, 376586.0)	(66.0, 354116.0)	(67.0, 319317.5)	(68.0, 277287.0)	(69.0, 233277.0)	(70.0, 188990.0)	(71.0, 147691.0)	(72.0, 112159.5)	(73.0, 81420.5)	(74.0, 56190.0)	(75.0, 37320.0)	(76.0, 24254.0)	(77.0, 15673.5)	(78.0, 9824.5)	(79.0, 5821.0)	(80.0, 3470.5)	(81.0, 2079.5)	(82.0, 1194.0)	(83.0, 643.5)	(84.0, 346.5)	(85.0, 204.5)	(86.0, 102.5)	(87.0, 32.5)	(88.0, 15.0)	(89.0, 12.5)	(90.0, 13.5)	(91.0, 23.0)	(92.0, 33.5)	(93.0, 46.5)	(94.0, 79.0)	(95.0, 114.5)	(96.0, 107.5)	(97.0, 74.0)	(98.0, 74.0)	(99.0, 82.5)	(100.0, 46.5)
IDDLNTM83_R2	(0.0, 0.0)	(1.0, 0.0)	(2.0, 0.0)	(3.0, 0.0)	(4.0, 0.0)	(5.0, 0.0)	(6.0, 0.0)	(7.0, 0.0)	(8.0, 0.0)	(9.0, 0.0)	(10.0, 0.0)	(11.0, 0.0)	(12.0, 0.0)	(13.0, 0.0)	(14.0, 0.0)	(15.0, 0.0)	(16.0, 0.5)	(17.0, 0.5)	(18.0, 0.0)	(19.0, 0.0)	(20.0, 0.0)	(21.0, 0.0)	(22.0, 0.5)	(23.0, 0.5)	(24.0, 0.0)	(25.0, 0.0)	(26.0, 0.0)	(27.0, 0.0)	(28.0, 1.0)	(29.0, 2.0)	(30.0, 2.5)	(31.0, 7.0)	(32.0, 19.0)	(33.0, 35.0)	(34.0, 41.0)	(35.0, 58.5)	(36.0, 109.5)	(37.0, 168.5)	(38.0, 246.0)	(39.0, 374.5)	(40.0, 553.0)	(41.0, 863.0)	(42.0, 1320.0)	(43.0, 1779.0)	(44.0, 2595.0)	(45.0, 3770.5)	(46.0, 5040.0)	(47.0, 6769.0)	(48.0, 9015.5)	(49.0, 12147.0)	(50.0, 16909.0)	(51.0, 23859.0)	(52.0, 34453.0)	(53.0, 49874.5)	(54.0, 71228.5)	(55.0, 99839.5)	(56.0, 135759.5)	(57.0, 177814.0)	(58.0, 222806.5)	(59.0, 266212.5)	(60.0, 305357.0)	(61.0, 335513.0)	(62.0, 354811.0)	(63.0, 363283.5)	(64.0, 360437.0)	(65.0, 348778.0)	(66.0, 328865.0)	(67.0, 300415.0)	(68.0, 264595.5)	(69.0, 225499.5)	(70.0, 185175.5)	(71.0, 146447.5)	(72.0, 111962.5)	(73.0, 81710.0)	(74.0, 56822.0)	(75.0, 37793.5)	(76.0, 24566.5)	(77.0, 15861.5)	(78.0, 9870.5)	(79.0, 5852.5)	(80.0, 3397.0)	(81.0, 1986.0)	(82.0, 1207.5)	(83.0, 716.5)	(84.0, 430.5)	(85.0, 276.0)	(86.0, 178.5)	(87.0, 126.5)	(88.0, 111.0)	(89.0, 105.5)	(90.0, 107.0)	(91.0, 111.5)	(92.0, 108.0)	(93.0, 98.5)	(94.0, 124.5)	(95.0, 158.0)	(96.0, 168.0)	(97.0, 263.5)	(98.0, 442.5)	(99.0, 889.0)	(100.0, 4527.0)
IDDLNTM84_R1	(0.0, 0.0)	(1.0, 0.0)	(2.0, 0.0)	(3.0, 0.0)	(4.0, 0.0)	(5.0, 0.0)	(6.0, 0.0)	(7.0, 0.0)	(8.0, 0.0)	(9.0, 0.0)	(10.0, 0.0)	(11.0, 0.0)	(12.0, 0.0)	(13.0, 0.0)	(14.0, 1.0)	(15.0, 1.0)	(16.0, 0.0)	(17.0, 0.0)	(18.0, 0.0)	(19.0, 0.0)	(20.0, 0.0)	(21.0, 0.0)	(22.0, 0.0)	(23.0, 0.0)	(24.0, 0.0)	(25.0, 0.0)	(26.0, 0.0)	(27.0, 0.0)	(28.0, 1.0)	(29.0, 2.0)	(30.0, 5.5)	(31.0, 6.0)	(32.0, 13.0)	(33.0, 18.0)	(34.0, 21.0)	(35.0, 31.5)	(36.0, 41.0)	(37.0, 67.0)	(38.0, 124.5)	(39.0, 227.0)	(40.0, 348.0)	(41.0, 511.0)	(42.0, 774.0)	(43.0, 1176.0)	(44.0, 1854.5)	(45.0, 2799.5)	(46.0, 3949.5)	(47.0, 5494.5)	(48.0, 7658.0)	(49.0, 10912.5)	(50.0, 15534.5)	(51.0, 22435.0)	(52.0, 32470.5)	(53.0, 46133.0)	(54.0, 65234.5)	(55.0, 91040.5)	(56.0, 122097.0)	(57.0, 158743.0)	(58.0, 200526.5)	(59.0, 243722.5)	(60.0, 286056.5)	(61.0, 321660.5)	(62.0, 345517.5)	(63.0, 359271.5)	(64.0, 359875.5)	(65.0, 346409.5)	(66.0, 323344.0)	(67.0, 291287.0)	(68.0, 252745.5)	(69.0, 211649.0)	(70.0, 171242.5)	(71.0, 134173.0)	(72.0, 101484.0)	(73.0, 73326.5)	(74.0, 50537.5)	(75.0, 33751.0)	(76.0, 21784.5)	(77.0, 13694.0)	(78.0, 8586.0)	(79.0, 5291.0)	(80.0, 3236.0)	(81.0, 1875.0)	(82.0, 1051.5)	(83.0, 623.5)	(84.0, 334.0)	(85.0, 172.5)	(86.0, 85.0)	(87.0, 49.5)	(88.0, 30.0)	(89.0, 24.0)	(90.0, 19.5)	(91.0, 16.5)	(92.0, 25.0)	(93.0, 40.5)	(94.0, 67.5)	(95.0, 75.5)	(96.0, 61.5)	(97.0, 59.5)	(98.0, 73.5)	(99.0, 73.5)	(100.0, 42.5)
IDDLNTM84_R2	(0.0, 0.0)	(1.0, 0.0)	(2.0, 0.0)	(3.0, 0.0)	(4.0, 0.0)	(5.0, 0.0)	(6.0, 0.0)	(7.0, 0.0)	(8.0, 0.0)	(9.0, 0.5)	(10.0, 0.5)	(11.0, 0.0)	(12.0, 0.0)	(13.0, 0.0)	(14.0, 0.0)	(15.0, 0.0)	(16.0, 0.0)	(17.0, 0.0)	(18.0, 0.0)	(19.0, 0.0)	(20.0, 0.0)	(21.0, 0.0)	(22.0, 0.0)	(23.0, 0.0)	(24.0, 0.0)	(25.0, 0.0)	(26.0, 0.0)	(27.0, 0.5)	(28.0, 0.5)	(29.0, 2.5)	(30.0, 10.0)	(31.0, 13.0)	(32.0, 17.5)	(33.0, 22.5)	(34.0, 18.5)	(35.0, 33.0)	(36.0, 69.0)	(37.0, 126.0)	(38.0, 230.5)	(39.0, 352.0)	(40.0, 514.0)	(41.0, 796.0)	(42.0, 1213.5)	(43.0, 1832.5)	(44.0, 2705.5)	(45.0, 3937.0)	(46.0, 5780.5)	(47.0, 8450.5)	(48.0, 12638.0)	(49.0, 19271.5)	(50.0, 28878.0)	(51.0, 42924.0)	(52.0, 62187.0)	(53.0, 85268.5)	(54.0, 111128.5)	(55.0, 138702.0)	(56.0, 165162.5)	(57.0, 190395.0)	(58.0, 214999.5)	(59.0, 238101.5)	(60.0, 261608.0)	(61.0, 282891.5)	(62.0, 299921.5)	(63.0, 312222.0)	(64.0, 315729.0)	(65.0, 309803.0)	(66.0, 295291.0)	(67.0, 271179.5)	(68.0, 239818.0)	(69.0, 204715.0)	(70.0, 168011.0)	(71.0, 132628.5)	(72.0, 100926.0)	(73.0, 73564.5)	(74.0, 50701.0)	(75.0, 33730.5)	(76.0, 21925.0)	(77.0, 13768.0)	(78.0, 8483.5)	(79.0, 5152.0)	(80.0, 3068.5)	(81.0, 1827.5)	(82.0, 1093.0)	(83.0, 661.0)	(84.0, 384.0)	(85.0, 218.0)	(86.0, 145.0)	(87.0, 111.0)	(88.0, 81.0)	(89.0, 78.0)	(90.0, 68.5)	(91.0, 63.0)	(92.0, 68.5)	(93.0, 75.5)	(94.0, 76.5)	(95.0, 68.5)	(96.0, 94.0)	(97.0, 164.5)	(98.0, 244.5)	(99.0, 566.5)	(100.0, 3562.5)
IDDLNTM85_R1	(0.0, 0.0)	(1.0, 0.0)	(2.0, 0.0)	(3.0, 0.0)	(4.0, 0.0)	(5.0, 0.0)	(6.0, 0.0)	(7.0, 0.0)	(8.0, 0.0)	(9.0, 0.0)	(10.0, 0.0)	(11.0, 0.0)	(12.0, 0.0)	(13.0, 0.0)	(14.0, 0.0)	(15.0, 0.0)	(16.0, 0.0)	(17.0, 0.0)	(18.0, 0.0)	(19.0, 0.0)	(20.0, 0.0)	(21.0, 0.0)	(22.0, 0.0)	(23.0, 0.0)	(24.0, 0.0)	(25.0, 0.0)	(26.0, 0.0)	(27.0, 0.0)	(28.0, 0.5)	(29.0, 0.5)	(30.0, 0.0)	(31.0, 1.0)	(32.0, 6.0)	(33.0, 13.0)	(34.0, 13.5)	(35.0, 23.0)	(36.0, 37.0)	(37.0, 54.0)	(38.0, 86.0)	(39.0, 148.5)	(40.0, 267.5)	(41.0, 462.0)	(42.0, 755.5)	(43.0, 1192.5)	(44.0, 1862.5)	(45.0, 2790.5)	(46.0, 4176.0)	(47.0, 6182.0)	(48.0, 9046.5)	(49.0, 13347.0)	(50.0, 19562.0)	(51.0, 28939.0)	(52.0, 42622.0)	(53.0, 60588.0)	(54.0, 84007.0)	(55.0, 112720.0)	(56.0, 146617.0)	(57.0, 184545.0)	(58.0, 224123.0)	(59.0, 263445.0)	(60.0, 299274.5)	(61.0, 328776.0)	(62.0, 350023.0)	(63.0, 361003.0)	(64.0, 360795.0)	(65.0, 349375.0)	(66.0, 328336.5)	(67.0, 299213.5)	(68.0, 263579.0)	(69.0, 223964.5)	(70.0, 183284.0)	(71.0, 144790.0)	(72.0, 109599.0)	(73.0, 79419.5)	(74.0, 54849.5)	(75.0, 36101.5)	(76.0, 23323.5)	(77.0, 14890.0)	(78.0, 9114.0)	(79.0, 5260.0)	(80.0, 3061.5)	(81.0, 1803.0)	(82.0, 1017.0)	(83.0, 651.0)	(84.0, 376.0)	(85.0, 170.5)	(86.0, 84.0)	(87.0, 47.5)	(88.0, 31.0)	(89.0, 24.0)	(90.0, 20.0)	(91.0, 21.0)	(92.0, 30.0)	(93.0, 49.0)	(94.0, 86.5)	(95.0, 110.5)	(96.0, 103.5)	(97.0, 86.0)	(98.0, 74.5)	(99.0, 70.0)	(100.0, 39.0)
IDDLNTM85_R2	(0.0, 0.0)	(1.0, 0.0)	(2.0, 0.5)	(3.0, 0.5)	(4.0, 0.0)	(5.0, 0.0)	(6.0, 0.0)	(7.0, 0.0)	(8.0, 0.0)	(9.0, 0.0)	(10.0, 0.0)	(11.0, 0.0)	(12.0, 0.0)	(13.0, 0.0)	(14.0, 0.0)	(15.0, 0.0)	(16.0, 0.0)	(17.0, 0.0)	(18.0, 0.0)	(19.0, 0.0)	(20.0, 0.0)	(21.0, 0.0)	(22.0, 0.0)	(23.0, 0.0)	(24.0, 0.0)	(25.0, 0.0)	(26.0, 0.0)	(27.0, 0.0)	(28.0, 0.0)	(29.0, 1.0)	(30.0, 1.0)	(31.0, 3.0)	(32.0, 13.5)	(33.0, 18.0)	(34.0, 18.5)	(35.0, 41.5)	(36.0, 62.5)	(37.0, 82.5)	(38.0, 141.5)	(39.0, 245.0)	(40.0, 386.5)	(41.0, 648.0)	(42.0, 1037.5)	(43.0, 1580.0)	(44.0, 2368.5)	(45.0, 3374.0)	(46.0, 4844.0)	(47.0, 7066.0)	(48.0, 10219.0)	(49.0, 15097.0)	(50.0, 22457.5)	(51.0, 33998.5)	(52.0, 50598.0)	(53.0, 72450.0)	(54.0, 99629.0)	(55.0, 130591.5)	(56.0, 163658.5)	(57.0, 197179.0)	(58.0, 228725.0)	(59.0, 257907.5)	(60.0, 285874.0)	(61.0, 310738.5)	(62.0, 330018.0)	(63.0, 341251.0)	(64.0, 344810.5)	(65.0, 339563.5)	(66.0, 322927.0)	(67.0, 295992.0)	(68.0, 262260.5)	(69.0, 223706.5)	(70.0, 183210.5)	(71.0, 145026.5)	(72.0, 110198.5)	(73.0, 79988.0)	(74.0, 55188.5)	(75.0, 36271.0)	(76.0, 23256.0)	(77.0, 14693.5)	(78.0, 9051.0)	(79.0, 5400.5)	(80.0, 3145.5)	(81.0, 1865.5)	(82.0, 1096.5)	(83.0, 697.5)	(84.0, 421.5)	(85.0, 240.0)	(86.0, 170.0)	(87.0, 120.5)	(88.0, 86.0)	(89.0, 77.5)	(90.0, 81.0)	(91.0, 84.0)	(92.0, 83.5)	(93.0, 88.0)	(94.0, 106.0)	(95.0, 98.0)	(96.0, 115.5)	(97.0, 197.5)	(98.0, 302.0)	(99.0, 652.5)	(100.0, 3720.0)
IDDLNTM86_R1	(0.0, 0.0)	(1.0, 0.0)	(2.0, 0.0)	(3.0, 0.0)	(4.0, 0.0)	(5.0, 0.0)	(6.0, 0.0)	(7.0, 0.0)	(8.0, 0.0)	(9.0, 0.0)	(10.0, 0.0)	(11.0, 0.0)	(12.0, 0.0)	(13.0, 0.0)	(14.0, 0.5)	(15.0, 0.5)	(16.0, 0.0)	(17.0, 0.0)	(18.0, 0.0)	(19.0, 0.0)	(20.0, 0.0)	(21.0, 0.0)	(22.0, 0.0)	(23.0, 0.0)	(24.0, 0.0)	(25.0, 0.0)	(26.0, 0.0)	(27.0, 0.0)	(28.0, 0.0)	(29.0, 2.0)	(30.0, 7.5)	(31.0, 11.0)	(32.0, 10.5)	(33.0, 14.0)	(34.0, 16.5)	(35.0, 21.0)	(36.0, 38.0)	(37.0, 59.0)	(38.0, 82.5)	(39.0, 165.5)	(40.0, 274.5)	(41.0, 417.5)	(42.0, 686.5)	(43.0, 1136.0)	(44.0, 1739.5)	(45.0, 2608.5)	(46.0, 3815.0)	(47.0, 5426.5)	(48.0, 7751.0)	(49.0, 11480.5)	(50.0, 17092.0)	(51.0, 25100.5)	(52.0, 36623.0)	(53.0, 53011.0)	(54.0, 74265.0)	(55.0, 102077.0)	(56.0, 135510.0)	(57.0, 172807.5)	(58.0, 213122.5)	(59.0, 252921.0)	(60.0, 290660.5)	(61.0, 322152.5)	(62.0, 344746.0)	(63.0, 356902.0)	(64.0, 356336.5)	(65.0, 345069.5)	(66.0, 324709.0)	(67.0, 294839.0)	(68.0, 258000.0)	(69.0, 218603.0)	(70.0, 178668.0)	(71.0, 140395.0)	(72.0, 106460.5)	(73.0, 77015.0)	(74.0, 52687.0)	(75.0, 34924.5)	(76.0, 22659.5)	(77.0, 14322.5)	(78.0, 8964.0)	(79.0, 5317.0)	(80.0, 2937.5)	(81.0, 1646.5)	(82.0, 957.5)	(83.0, 608.0)	(84.0, 321.0)	(85.0, 138.5)	(86.0, 87.0)	(87.0, 52.5)	(88.0, 28.0)	(89.0, 26.5)	(90.0, 24.5)	(91.0, 34.5)	(92.0, 45.0)	(93.0, 62.0)	(94.0, 121.0)	(95.0, 162.5)	(96.0, 156.5)	(97.0, 116.0)	(98.0, 85.0)	(99.0, 78.5)	(100.0, 43.5)
IDDLNTM86_R2	(0.0, 0.0)	(1.0, 0.0)	(2.0, 0.0)	(3.0, 0.0)	(4.0, 0.0)	(5.0, 0.0)	(6.0, 0.0)	(7.0, 0.0)	(8.0, 0.0)	(9.0, 0.5)	(10.0, 0.5)	(11.0, 0.0)	(12.0, 0.0)	(13.0, 0.0)	(14.0, 0.0)	(15.0, 0.0)	(16.0, 0.0)	(17.0, 0.0)	(18.0, 0.0)	(19.0, 0.0)	(20.0, 0.0)	(21.0, 0.0)	(22.0, 0.0)	(23.0, 0.0)	(24.0, 0.0)	(25.0, 0.0)	(26.0, 0.5)	(27.0, 0.5)	(28.0, 0.0)	(29.0, 1.5)	(30.0, 10.0)	(31.0, 12.0)	(32.0, 21.0)	(33.0, 27.0)	(34.0, 15.5)	(35.0, 24.5)	(36.0, 55.5)	(37.0, 81.0)	(38.0, 141.0)	(39.0, 243.5)	(40.0, 399.0)	(41.0, 642.0)	(42.0, 956.0)	(43.0, 1446.0)	(44.0, 2138.5)	(45.0, 3083.5)	(46.0, 4381.0)	(47.0, 5996.0)	(48.0, 8288.0)	(49.0, 11751.0)	(50.0, 16758.5)	(51.0, 24538.5)	(52.0, 36207.5)	(53.0, 53284.0)	(54.0, 77342.5)	(55.0, 108413.5)	(56.0, 145255.5)	(57.0, 185406.0)	(58.0, 226073.5)	(59.0, 264023.0)	(60.0, 296023.5)	(61.0, 320243.5)	(62.0, 336059.0)	(63.0, 344335.5)	(64.0, 342855.0)	(65.0, 332244.0)	(66.0, 314338.0)	(67.0, 287672.5)	(68.0, 253722.5)	(69.0, 216154.0)	(70.0, 177294.0)	(71.0, 139791.5)	(72.0, 106263.0)	(73.0, 76775.0)	(74.0, 52743.0)	(75.0, 35153.0)	(76.0, 22730.0)	(77.0, 14260.5)	(78.0, 8813.0)	(79.0, 5233.5)	(80.0, 3046.5)	(81.0, 1737.5)	(82.0, 1062.5)	(83.0, 692.0)	(84.0, 433.5)	(85.0, 251.0)	(86.0, 173.0)	(87.0, 155.5)	(88.0, 140.5)	(89.0, 133.5)	(90.0, 121.5)	(91.0, 128.0)	(92.0, 142.5)	(93.0, 135.0)	(94.0, 147.0)	(95.0, 174.0)	(96.0, 218.0)	(97.0, 342.5)	(98.0, 560.5)	(99.0, 1115.0)	(100.0, 4801.5)
IDDLNTM88_R1	(0.0, 0.0)	(1.0, 0.0)	(2.0, 0.0)	(3.0, 0.0)	(4.0, 0.5)	(5.0, 0.5)	(6.0, 0.0)	(7.0, 0.0)	(8.0, 0.0)	(9.0, 0.0)	(10.0, 0.0)	(11.0, 0.0)	(12.0, 0.0)	(13.0, 0.0)	(14.0, 0.5)	(15.0, 0.5)	(16.0, 0.0)	(17.0, 0.0)	(18.0, 0.0)	(19.0, 0.0)	(20.0, 0.0)	(21.0, 0.0)	(22.0, 0.0)	(23.0, 0.0)	(24.0, 0.0)	(25.0, 0.0)	(26.0, 0.0)	(27.0, 0.0)	(28.0, 0.0)	(29.0, 0.0)	(30.0, 0.0)	(31.0, 0.0)	(32.0, 0.0)	(33.0, 0.0)	(34.0, 10.0)	(35.0, 12.5)	(36.0, 7.5)	(37.0, 18.0)	(38.0, 42.0)	(39.0, 80.5)	(40.0, 130.0)	(41.0, 190.0)	(42.0, 298.0)	(43.0, 454.0)	(44.0, 620.5)	(45.0, 863.5)	(46.0, 1301.5)	(47.0, 1995.5)	(48.0, 3000.5)	(49.0, 4342.0)	(50.0, 6499.5)	(51.0, 9541.0)	(52.0, 13746.5)	(53.0, 19982.5)	(54.0, 28349.5)	(55.0, 39835.5)	(56.0, 55926.5)	(57.0, 76105.0)	(58.0, 99433.0)	(59.0, 127045.5)	(60.0, 158920.0)	(61.0, 192506.0)	(62.0, 227000.5)	(63.0, 259980.0)	(64.0, 290262.5)	(65.0, 316212.0)	(66.0, 336394.5)	(67.0, 351300.5)	(68.0, 359776.0)	(69.0, 362052.5)	(70.0, 354492.5)	(71.0, 336130.5)	(72.0, 310800.0)	(73.0, 279617.0)	(74.0, 243672.5)	(75.0, 205598.5)	(76.0, 167306.5)	(77.0, 130327.0)	(78.0, 96485.5)	(79.0, 67738.0)	(80.0, 45199.0)	(81.0, 28503.0)	(82.0, 16685.0)	(83.0, 8953.0)	(84.0, 4445.5)	(85.0, 1972.5)	(86.0, 782.0)	(87.0, 324.0)	(88.0, 145.5)	(89.0, 83.0)	(90.0, 47.5)	(91.0, 39.5)	(92.0, 43.0)	(93.0, 47.5)	(94.0, 65.0)	(95.0, 78.5)	(96.0, 80.0)	(97.0, 73.0)	(98.0, 77.0)	(99.0, 85.0)	(100.0, 50.0)
IDDLNTM88_R2	(0.0, 0.0)	(1.0, 0.0)	(2.0, 0.0)	(3.0, 0.0)	(4.0, 0.0)	(5.0, 0.0)	(6.0, 0.0)	(7.0, 0.0)	(8.0, 0.0)	(9.0, 0.0)	(10.0, 0.5)	(11.0, 1.0)	(12.0, 0.5)	(13.0, 0.0)	(14.0, 0.5)	(15.0, 0.5)	(16.0, 0.0)	(17.0, 0.0)	(18.0, 0.0)	(19.0, 0.0)	(20.0, 0.0)	(21.0, 0.0)	(22.0, 0.0)	(23.0, 0.0)	(24.0, 0.0)	(25.0, 0.0)	(26.0, 0.0)	(27.0, 0.0)	(28.0, 0.0)	(29.0, 1.0)	(30.0, 1.0)	(31.0, 0.5)	(32.0, 1.0)	(33.0, 2.0)	(34.0, 3.5)	(35.0, 8.0)	(36.0, 18.0)	(37.0, 36.0)	(38.0, 81.5)	(39.0, 131.5)	(40.0, 201.0)	(41.0, 337.0)	(42.0, 503.5)	(43.0, 692.5)	(44.0, 962.0)	(45.0, 1392.0)	(46.0, 2129.5)	(47.0, 3165.0)	(48.0, 4680.5)	(49.0, 7186.5)	(50.0, 11065.5)	(51.0, 16769.5)	(52.0, 24960.0)	(53.0, 35970.0)	(54.0, 49376.5)	(55.0, 65309.5)	(56.0, 83854.0)	(57.0, 102924.0)	(58.0, 121191.0)	(59.0, 140249.0)	(60.0, 160146.0)	(61.0, 181060.5)	(62.0, 206272.0)	(63.0, 233232.0)	(64.0, 260721.0)	(65.0, 288461.0)	(66.0, 312159.5)	(67.0, 332394.0)	(68.0, 346842.0)	(69.0, 352603.5)	(70.0, 348014.5)	(71.0, 331965.5)	(72.0, 308653.5)	(73.0, 278872.0)	(74.0, 243261.5)	(75.0, 205135.5)	(76.0, 166708.0)	(77.0, 130317.5)	(78.0, 96749.5)	(79.0, 67995.0)	(80.0, 45721.5)	(81.0, 28897.5)	(82.0, 16897.0)	(83.0, 9127.0)	(84.0, 4608.5)	(85.0, 2192.5)	(86.0, 919.5)	(87.0, 407.5)	(88.0, 222.5)	(89.0, 147.0)	(90.0, 106.0)	(91.0, 98.0)	(92.0, 107.0)	(93.0, 107.0)	(94.0, 106.5)	(95.0, 126.5)	(96.0, 141.0)	(97.0, 193.5)	(98.0, 325.0)	(99.0, 777.0)	(100.0, 4384.0)
IDDLNTM89_R1	(0.0, 0.0)	(1.0, 0.0)	(2.0, 0.0)	(3.0, 0.0)	(4.0, 0.5)	(5.0, 0.5)	(6.0, 0.0)	(7.0, 0.0)	(8.0, 0.0)	(9.0, 0.0)	(10.0, 0.0)	(11.0, 0.0)	(12.0, 0.0)	(13.0, 0.0)	(14.0, 0.0)	(15.0, 0.0)	(16.0, 0.0)	(17.0, 0.0)	(18.0, 0.0)	(19.0, 0.0)	(20.0, 0.0)	(21.0, 0.0)	(22.0, 0.0)	(23.0, 0.0)	(24.0, 0.0)	(25.0, 0.0)	(26.0, 0.0)	(27.0, 0.0)	(28.0, 0.0)	(29.0, 0.0)	(30.0, 0.0)	(31.0, 1.0)	(32.0, 5.0)	(33.0, 10.5)	(34.0, 16.0)	(35.0, 27.0)	(36.0, 38.5)	(37.0, 45.0)	(38.0, 74.5)	(39.0, 133.5)	(40.0, 223.5)	(41.0, 380.0)	(42.0, 669.5)	(43.0, 1076.0)	(44.0, 1635.5)	(45.0, 2467.5)	(46.0, 3641.0)	(47.0, 5228.5)	(48.0, 7428.5)	(49.0, 10817.0)	(50.0, 15794.0)	(51.0, 23110.5)	(52.0, 33805.5)	(53.0, 48735.0)	(54.0, 68798.5)	(55.0, 94871.0)	(56.0, 126676.0)	(57.0, 163195.5)	(58.0, 202742.0)	(59.0, 243371.0)	(60.0, 281878.0)	(61.0, 313641.5)	(62.0, 336077.5)	(63.0, 348027.5)	(64.0, 348025.0)	(65.0, 336555.5)	(66.0, 315755.0)	(67.0, 286256.5)	(68.0, 250495.0)	(69.0, 211616.0)	(70.0, 171876.5)	(71.0, 134376.0)	(72.0, 101296.5)	(73.0, 73412.5)	(74.0, 50425.5)	(75.0, 32819.5)	(76.0, 20931.5)	(77.0, 13283.0)	(78.0, 8255.5)	(79.0, 4782.5)	(80.0, 2691.5)	(81.0, 1572.0)	(82.0, 875.5)	(83.0, 550.5)	(84.0, 344.0)	(85.0, 160.0)	(86.0, 72.5)	(87.0, 37.5)	(88.0, 20.0)	(89.0, 18.0)	(90.0, 15.5)	(91.0, 15.5)	(92.0, 29.0)	(93.0, 54.0)	(94.0, 102.0)	(95.0, 143.5)	(96.0, 133.0)	(97.0, 98.5)	(98.0, 84.5)	(99.0, 72.0)	(100.0, 33.5)
IDDLNTM89_R2	(0.0, 0.0)	(1.0, 0.0)	(2.0, 0.0)	(3.0, 0.0)	(4.0, 0.0)	(5.0, 0.0)	(6.0, 0.0)	(7.0, 0.0)	(8.0, 0.0)	(9.0, 0.0)	(10.0, 0.0)	(11.0, 0.0)	(12.0, 0.0)	(13.0, 0.0)	(14.0, 0.0)	(15.0, 0.0)	(16.0, 0.0)	(17.0, 0.0)	(18.0, 0.0)	(19.0, 0.0)	(20.0, 0.0)	(21.0, 0.0)	(22.0, 0.0)	(23.0, 0.0)	(24.0, 0.0)	(25.0, 0.0)	(26.0, 0.0)	(27.0, 0.0)	(28.0, 0.5)	(29.0, 1.5)	(30.0, 1.5)	(31.0, 3.5)	(32.0, 9.5)	(33.0, 19.0)	(34.0, 22.0)	(35.0, 41.0)	(36.0, 68.0)	(37.0, 92.0)	(38.0, 145.5)	(39.0, 222.0)	(40.0, 381.5)	(41.0, 638.0)	(42.0, 988.0)	(43.0, 1506.0)	(44.0, 2323.5)	(45.0, 3423.5)	(46.0, 5060.0)	(47.0, 7574.5)	(48.0, 11372.5)	(49.0, 17378.5)	(50.0, 26462.0)	(51.0, 39738.0)	(52.0, 57495.0)	(53.0, 79021.5)	(54.0, 103674.0)	(55.0, 130299.5)	(56.0, 156428.0)	(57.0, 181249.5)	(58.0, 205480.5)	(59.0, 229645.5)	(60.0, 254978.0)	(61.0, 279528.0)	(62.0, 299467.0)	(63.0, 313737.0)	(64.0, 318787.5)	(65.0, 313659.5)	(66.0, 300186.0)	(67.0, 277325.0)	(68.0, 245539.0)	(69.0, 208973.5)	(70.0, 170860.5)	(71.0, 134045.0)	(72.0, 101439.5)	(73.0, 73580.0)	(74.0, 50860.0)	(75.0, 33263.0)	(76.0, 21331.5)	(77.0, 13567.0)	(78.0, 8289.0)	(79.0, 4894.0)	(80.0, 2828.0)	(81.0, 1655.0)	(82.0, 964.5)	(83.0, 625.5)	(84.0, 408.0)	(85.0, 228.5)	(86.0, 144.0)	(87.0, 121.5)	(88.0, 118.5)	(89.0, 112.5)	(90.0, 98.0)	(91.0, 79.5)	(92.0, 95.0)	(93.0, 115.5)	(94.0, 117.0)	(95.0, 134.0)	(96.0, 154.5)	(97.0, 220.5)	(98.0, 371.0)	(99.0, 815.0)	(100.0, 4017.0)
IDDLNTM90_R1	(0.0, 0.0)	(1.0, 0.0)	(2.0, 0.0)	(3.0, 0.0)	(4.0, 0.0)	(5.0, 0.0)	(6.0, 0.0)	(7.0, 0.0)	(8.0, 0.0)	(9.0, 0.0)	(10.0, 0.0)	(11.0, 0.0)	(12.0, 0.0)	(13.0, 0.0)	(14.0, 0.0)	(15.0, 0.0)	(16.0, 0.0)	(17.0, 0.0)	(18.0, 0.0)	(19.0, 0.0)	(20.0, 0.0)	(21.0, 0.0)	(22.0, 0.0)	(23.0, 0.0)	(24.0, 0.0)	(25.0, 0.0)	(26.0, 0.0)	(27.0, 0.0)	(28.0, 0.5)	(29.0, 0.5)	(30.0, 0.5)	(31.0, 3.0)	(32.0, 6.5)	(33.0, 9.0)	(34.0, 16.5)	(35.0, 25.0)	(36.0, 39.5)	(37.0, 64.5)	(38.0, 91.0)	(39.0, 163.0)	(40.0, 269.0)	(41.0, 397.5)	(42.0, 616.5)	(43.0, 918.0)	(44.0, 1201.5)	(45.0, 1611.5)	(46.0, 2408.0)	(47.0, 3646.0)	(48.0, 5331.5)	(49.0, 7691.0)	(50.0, 10974.0)	(51.0, 15794.0)	(52.0, 23010.5)	(53.0, 32905.0)	(54.0, 45714.0)	(55.0, 62249.5)	(56.0, 83788.5)	(57.0, 109110.0)	(58.0, 136317.0)	(59.0, 165086.0)	(60.0, 193664.0)	(61.0, 221913.0)	(62.0, 248147.0)	(63.0, 271527.0)	(64.0, 292077.5)	(65.0, 309254.0)	(66.0, 320417.5)	(67.0, 323293.5)	(68.0, 318579.0)	(69.0, 304669.0)	(70.0, 280506.5)	(71.0, 249152.0)	(72.0, 213594.0)	(73.0, 174677.0)	(74.0, 136778.5)	(75.0, 102802.5)	(76.0, 73942.0)	(77.0, 51053.5)	(78.0, 33223.5)	(79.0, 20331.5)	(80.0, 12201.5)	(81.0, 7207.5)	(82.0, 4020.5)	(83.0, 2105.0)	(84.0, 1133.5)	(85.0, 610.5)	(86.0, 285.5)	(87.0, 139.0)	(88.0, 73.5)	(89.0, 36.0)	(90.0, 26.5)	(91.0, 19.5)	(92.0, 17.5)	(93.0, 28.0)	(94.0, 52.5)	(95.0, 65.0)	(96.0, 63.0)	(97.0, 58.0)	(98.0, 56.0)	(99.0, 66.0)	(100.0, 41.5)
IDDLNTM90_R2	(0.0, 1.0)	(1.0, 0.5)	(2.0, 0.0)	(3.0, 0.0)	(4.0, 0.0)	(5.0, 0.0)	(6.0, 0.0)	(7.0, 0.0)	(8.0, 0.0)	(9.0, 0.0)	(10.0, 0.0)	(11.0, 0.0)	(12.0, 0.0)	(13.0, 0.0)	(14.0, 0.0)	(15.0, 0.0)	(16.0, 0.0)	(17.0, 0.0)	(18.0, 0.0)	(19.0, 0.0)	(20.0, 0.0)	(21.0, 0.0)	(22.0, 0.0)	(23.0, 0.0)	(24.0, 0.0)	(25.0, 0.5)	(26.0, 0.5)	(27.0, 1.0)	(28.0, 1.0)	(29.0, 1.0)	(30.0, 1.5)	(31.0, 5.5)	(32.0, 11.0)	(33.0, 14.0)	(34.0, 27.0)	(35.0, 45.0)	(36.0, 69.5)	(37.0, 97.5)	(38.0, 154.0)	(39.0, 239.5)	(40.0, 372.0)	(41.0, 557.5)	(42.0, 827.5)	(43.0, 1193.5)	(44.0, 1605.5)	(45.0, 2159.5)	(46.0, 3265.5)	(47.0, 4862.0)	(48.0, 7088.0)	(49.0, 10547.5)	(50.0, 15558.0)	(51.0, 22956.5)	(52.0, 33654.0)	(53.0, 47931.5)	(54.0, 64497.5)	(55.0, 83362.0)	(56.0, 104187.5)	(57.0, 124537.0)	(58.0, 143691.5)	(59.0, 162457.0)	(60.0, 182199.5)	(61.0, 203851.0)	(62.0, 226540.0)	(63.0, 250408.0)	(64.0, 273681.0)	(65.0, 295178.0)	(66.0, 309688.5)	(67.0, 315235.5)	(68.0, 314026.0)	(69.0, 301378.5)	(70.0, 277809.0)	(71.0, 247677.5)	(72.0, 212985.5)	(73.0, 174607.0)	(74.0, 136863.0)	(75.0, 102809.5)	(76.0, 73899.0)	(77.0, 51292.0)	(78.0, 33510.0)	(79.0, 20626.0)	(80.0, 12516.5)	(81.0, 7381.5)	(82.0, 4124.0)	(83.0, 2197.0)	(84.0, 1182.0)	(85.0, 671.5)	(86.0, 364.0)	(87.0, 179.5)	(88.0, 112.0)	(89.0, 87.5)	(90.0, 77.0)	(91.0, 77.0)	(92.0, 77.0)	(93.0, 76.0)	(94.0, 70.5)	(95.0, 84.5)	(96.0, 106.5)	(97.0, 144.5)	(98.0, 254.5)	(99.0, 607.0)	(100.0, 3588.5)
IDDLNTM91_R1	(0.0, 0.0)	(1.0, 0.0)	(2.0, 0.0)	(3.0, 0.0)	(4.0, 0.0)	(5.0, 0.0)	(6.0, 0.0)	(7.0, 0.0)	(8.0, 0.0)	(9.0, 0.0)	(10.0, 0.0)	(11.0, 0.0)	(12.0, 0.0)	(13.0, 0.0)	(14.0, 0.5)	(15.0, 0.5)	(16.0, 0.0)	(17.0, 0.0)	(18.0, 0.0)	(19.0, 0.0)	(20.0, 0.0)	(21.0, 0.0)	(22.0, 0.0)	(23.0, 0.0)	(24.0, 0.0)	(25.0, 0.0)	(26.0, 0.0)	(27.0, 0.0)	(28.0, 0.0)	(29.0, 3.5)	(30.0, 10.5)	(31.0, 7.0)	(32.0, 7.5)	(33.0, 16.0)	(34.0, 20.0)	(35.0, 23.0)	(36.0, 32.0)	(37.0, 59.5)	(38.0, 110.5)	(39.0, 176.5)	(40.0, 269.0)	(41.0, 415.5)	(42.0, 658.0)	(43.0, 1050.5)	(44.0, 1604.0)	(45.0, 2375.5)	(46.0, 3512.0)	(47.0, 5122.5)	(48.0, 7289.5)	(49.0, 10445.0)	(50.0, 15188.0)	(51.0, 22474.0)	(52.0, 33183.5)	(53.0, 47335.0)	(54.0, 67330.5)	(55.0, 94126.5)	(56.0, 126658.5)	(57.0, 164003.0)	(58.0, 206262.5)	(59.0, 248959.0)	(60.0, 289107.5)	(61.0, 324376.0)	(62.0, 350958.5)	(63.0, 366166.5)	(64.0, 365908.0)	(65.0, 354164.5)	(66.0, 333151.0)	(67.0, 302833.5)	(68.0, 265639.0)	(69.0, 224943.0)	(70.0, 184124.0)	(71.0, 145673.5)	(72.0, 111603.5)	(73.0, 81933.0)	(74.0, 56989.0)	(75.0, 37993.5)	(76.0, 24818.0)	(77.0, 15786.0)	(78.0, 9823.0)	(79.0, 6097.0)	(80.0, 3553.5)	(81.0, 2032.0)	(82.0, 1224.5)	(83.0, 722.0)	(84.0, 425.5)	(85.0, 238.0)	(86.0, 131.5)	(87.0, 61.0)	(88.0, 31.5)	(89.0, 24.5)	(90.0, 19.5)	(91.0, 19.5)	(92.0, 27.0)	(93.0, 61.0)	(94.0, 111.0)	(95.0, 134.0)	(96.0, 140.5)	(97.0, 113.0)	(98.0, 85.5)	(99.0, 67.0)	(100.0, 29.0)
IDDLNTM91_R2	(0.0, 0.0)	(1.0, 0.0)	(2.0, 0.0)	(3.0, 0.0)	(4.0, 0.0)	(5.0, 0.0)	(6.0, 0.0)	(7.0, 0.0)	(8.0, 0.0)	(9.0, 0.0)	(10.0, 0.0)	(11.0, 0.0)	(12.0, 0.0)	(13.0, 0.0)	(14.0, 0.0)	(15.0, 0.0)	(16.0, 0.0)	(17.0, 0.0)	(18.0, 0.0)	(19.0, 0.0)	(20.0, 0.0)	(21.0, 0.0)	(22.0, 0.0)	(23.0, 0.0)	(24.0, 0.0)	(25.0, 0.0)	(26.0, 0.0)	(27.0, 1.0)	(28.0, 1.5)	(29.0, 4.5)	(30.0, 11.5)	(31.0, 10.5)	(32.0, 12.5)	(33.0, 25.5)	(34.0, 30.0)	(35.0, 38.0)	(36.0, 53.0)	(37.0, 106.5)	(38.0, 189.0)	(39.0, 272.5)	(40.0, 438.5)	(41.0, 703.0)	(42.0, 1061.5)	(43.0, 1603.5)	(44.0, 2385.5)	(45.0, 3468.5)	(46.0, 5158.5)	(47.0, 7643.0)	(48.0, 11340.0)	(49.0, 17225.0)	(50.0, 26515.5)	(51.0, 39973.0)	(52.0, 57821.5)	(53.0, 80124.0)	(54.0, 106184.0)	(55.0, 133882.5)	(56.0, 161576.0)	(57.0, 187746.0)	(58.0, 213428.5)	(59.0, 239503.5)	(60.0, 265173.5)	(61.0, 289619.5)	(62.0, 311144.0)	(63.0, 325916.5)	(64.0, 330385.5)	(65.0, 325851.0)	(66.0, 311654.5)	(67.0, 288439.5)	(68.0, 256989.5)	(69.0, 220475.5)	(70.0, 182599.0)	(71.0, 145238.5)	(72.0, 111928.0)	(73.0, 82569.0)	(74.0, 57644.5)	(75.0, 38751.5)	(76.0, 25217.5)	(77.0, 15763.5)	(78.0, 9686.5)	(79.0, 5877.5)	(80.0, 3545.0)	(81.0, 2189.0)	(82.0, 1350.5)	(83.0, 814.0)	(84.0, 522.5)	(85.0, 339.0)	(86.0, 216.5)	(87.0, 151.5)	(88.0, 120.5)	(89.0, 111.5)	(90.0, 102.0)	(91.0, 100.0)	(92.0, 104.0)	(93.0, 109.0)	(94.0, 140.5)	(95.0, 169.5)	(96.0, 184.5)	(97.0, 275.5)	(98.0, 447.0)	(99.0, 949.0)	(100.0, 4674.5)
IDDLNTM94_R1	(0.0, 0.0)	(1.0, 0.0)	(2.0, 0.0)	(3.0, 0.0)	(4.0, 0.0)	(5.0, 0.0)	(6.0, 0.0)	(7.0, 0.0)	(8.0, 0.0)	(9.0, 0.0)	(10.0, 0.0)	(11.0, 0.0)	(12.0, 0.0)	(13.0, 0.0)	(14.0, 0.0)	(15.0, 0.0)	(16.0, 0.0)	(17.0, 0.0)	(18.0, 0.0)	(19.0, 0.0)	(20.0, 0.0)	(21.0, 0.0)	(22.0, 0.0)	(23.0, 0.0)	(24.0, 0.0)	(25.0, 0.0)	(26.0, 0.0)	(27.0, 0.0)	(28.0, 0.0)	(29.0, 0.0)	(30.0, 0.0)	(31.0, 0.0)	(32.0, 0.0)	(33.0, 0.0)	(34.0, 2.0)	(35.0, 3.5)	(36.0, 5.0)	(37.0, 14.5)	(38.0, 26.0)	(39.0, 57.5)	(40.0, 97.0)	(41.0, 146.5)	(42.0, 250.5)	(43.0, 381.0)	(44.0, 530.0)	(45.0, 729.5)	(46.0, 1120.5)	(47.0, 1777.5)	(48.0, 2525.0)	(49.0, 3665.0)	(50.0, 5494.5)	(51.0, 8017.0)	(52.0, 11723.0)	(53.0, 16759.5)	(54.0, 23535.5)	(55.0, 33359.5)	(56.0, 46704.5)	(57.0, 63526.5)	(58.0, 84124.5)	(59.0, 108917.5)	(60.0, 136894.5)	(61.0, 168171.5)	(62.0, 201047.5)	(63.0, 230580.5)	(64.0, 256467.5)	(65.0, 277476.5)	(66.0, 291404.0)	(67.0, 300235.0)	(68.0, 303197.5)	(69.0, 299279.5)	(70.0, 287394.0)	(71.0, 268601.0)	(72.0, 244682.0)	(73.0, 215699.5)	(74.0, 186032.5)	(75.0, 156572.5)	(76.0, 126895.5)	(77.0, 98361.5)	(78.0, 72886.0)	(79.0, 51768.0)	(80.0, 34734.5)	(81.0, 21976.5)	(82.0, 12998.0)	(83.0, 7132.0)	(84.0, 3601.5)	(85.0, 1661.0)	(86.0, 697.5)	(87.0, 279.0)	(88.0, 115.5)	(89.0, 59.0)	(90.0, 41.0)	(91.0, 35.5)	(92.0, 30.0)	(93.0, 34.0)	(94.0, 50.5)	(95.0, 71.5)	(96.0, 75.0)	(97.0, 62.5)	(98.0, 63.5)	(99.0, 68.0)	(100.0, 39.5)
IDDLNTM94_R2	(0.0, 0.0)	(1.0, 0.5)	(2.0, 0.5)	(3.0, 0.0)	(4.0, 0.0)	(5.0, 0.0)	(6.0, 0.0)	(7.0, 0.0)	(8.0, 0.0)	(9.0, 0.0)	(10.0, 0.0)	(11.0, 0.0)	(12.0, 0.0)	(13.0, 0.0)	(14.0, 0.0)	(15.0, 0.0)	(16.0, 0.0)	(17.0, 0.0)	(18.0, 0.0)	(19.0, 0.0)	(20.0, 0.0)	(21.0, 0.0)	(22.0, 0.0)	(23.0, 0.0)	(24.0, 0.0)	(25.0, 0.0)	(26.0, 0.0)	(27.0, 0.0)	(28.0, 0.0)	(29.0, 0.0)	(30.0, 1.0)	(31.0, 2.5)	(32.0, 2.0)	(33.0, 5.0)	(34.0, 6.5)	(35.0, 8.5)	(36.0, 20.0)	(37.0, 37.5)	(38.0, 69.5)	(39.0, 117.0)	(40.0, 165.5)	(41.0, 249.0)	(42.0, 409.0)	(43.0, 600.5)	(44.0, 852.0)	(45.0, 1265.0)	(46.0, 1938.0)	(47.0, 3035.0)	(48.0, 4673.0)	(49.0, 7076.0)	(50.0, 10861.5)	(51.0, 16526.5)	(52.0, 24533.5)	(53.0, 35400.5)	(54.0, 49022.5)	(55.0, 64985.0)	(56.0, 82025.0)	(57.0, 99074.5)	(58.0, 115638.5)	(59.0, 131256.5)	(60.0, 147110.5)	(61.0, 164164.0)	(62.0, 182955.5)	(63.0, 201929.0)	(64.0, 221460.0)	(65.0, 239796.0)	(66.0, 255783.5)	(67.0, 269884.5)	(68.0, 278808.0)	(69.0, 281531.0)	(70.0, 276079.0)	(71.0, 262158.5)	(72.0, 240889.0)	(73.0, 214211.0)	(74.0, 185755.5)	(75.0, 156176.0)	(76.0, 126462.5)	(77.0, 98420.5)	(78.0, 72898.0)	(79.0, 51509.0)	(80.0, 34745.0)	(81.0, 22152.5)	(82.0, 13154.0)	(83.0, 7290.0)	(84.0, 3771.0)	(85.0, 1771.0)	(86.0, 789.0)	(87.0, 386.5)	(88.0, 218.0)	(89.0, 133.5)	(90.0, 98.5)	(91.0, 92.0)	(92.0, 93.5)	(93.0, 87.0)	(94.0, 78.5)	(95.0, 87.0)	(96.0, 109.0)	(97.0, 156.0)	(98.0, 262.5)	(99.0, 607.0)	(100.0, 3747.0)
IDDLNTM96_R1	(0.0, 0.0)	(1.0, 0.0)	(2.0, 0.0)	(3.0, 0.0)	(4.0, 0.0)	(5.0, 0.0)	(6.0, 0.0)	(7.0, 0.0)	(8.0, 0.0)	(9.0, 0.0)	(10.0, 0.0)	(11.0, 0.0)	(12.0, 0.0)	(13.0, 0.0)	(14.0, 0.0)	(15.0, 0.0)	(16.0, 0.0)	(17.0, 0.0)	(18.0, 0.0)	(19.0, 0.0)	(20.0, 0.0)	(21.0, 0.0)	(22.0, 0.0)	(23.0, 0.0)	(24.0, 0.0)	(25.0, 0.0)	(26.0, 0.0)	(27.0, 0.0)	(28.0, 0.0)	(29.0, 0.0)	(30.0, 0.0)	(31.0, 0.5)	(32.0, 5.0)	(33.0, 9.0)	(34.0, 11.5)	(35.0, 14.0)	(36.0, 19.0)	(37.0, 57.5)	(38.0, 108.0)	(39.0, 175.5)	(40.0, 269.0)	(41.0, 400.5)	(42.0, 684.0)	(43.0, 1142.5)	(44.0, 1657.5)	(45.0, 2254.0)	(46.0, 3243.0)	(47.0, 4693.0)	(48.0, 6646.5)	(49.0, 9570.5)	(50.0, 13604.0)	(51.0, 19539.5)	(52.0, 28550.0)	(53.0, 41147.5)	(54.0, 58701.5)	(55.0, 81882.5)	(56.0, 110454.0)	(57.0, 143254.5)	(58.0, 180053.5)	(59.0, 217995.0)	(60.0, 253867.0)	(61.0, 284543.0)	(62.0, 306705.0)	(63.0, 318240.0)	(64.0, 317369.5)	(65.0, 306722.0)	(66.0, 286210.5)	(67.0, 257928.5)	(68.0, 225096.0)	(69.0, 190076.0)	(70.0, 154913.5)	(71.0, 120686.5)	(72.0, 91013.5)	(73.0, 66208.5)	(74.0, 45546.5)	(75.0, 29860.5)	(76.0, 19303.5)	(77.0, 12298.5)	(78.0, 7403.5)	(79.0, 4340.0)	(80.0, 2525.0)	(81.0, 1449.0)	(82.0, 834.0)	(83.0, 501.5)	(84.0, 294.0)	(85.0, 140.5)	(86.0, 58.0)	(87.0, 27.5)	(88.0, 20.5)	(89.0, 15.5)	(90.0, 13.0)	(91.0, 16.0)	(92.0, 31.0)	(93.0, 52.5)	(94.0, 87.0)	(95.0, 113.0)	(96.0, 104.5)	(97.0, 81.5)	(98.0, 64.5)	(99.0, 54.5)	(100.0, 29.0)
IDDLNTM96_R2	(0.0, 1.0)	(1.0, 0.5)	(2.0, 0.0)	(3.0, 0.0)	(4.0, 0.5)	(5.0, 0.5)	(6.0, 0.0)	(7.0, 0.0)	(8.0, 0.0)	(9.0, 0.0)	(10.0, 0.0)	(11.0, 0.0)	(12.0, 0.0)	(13.0, 0.0)	(14.0, 0.5)	(15.0, 0.5)	(16.0, 0.0)	(17.0, 0.0)	(18.0, 0.0)	(19.0, 0.0)	(20.0, 0.0)	(21.0, 0.0)	(22.0, 0.0)	(23.0, 0.0)	(24.0, 0.0)	(25.0, 0.0)	(26.0, 0.0)	(27.0, 0.0)	(28.0, 0.5)	(29.0, 1.5)	(30.0, 3.0)	(31.0, 4.5)	(32.0, 10.0)	(33.0, 18.5)	(34.0, 20.0)	(35.0, 24.0)	(36.0, 45.5)	(37.0, 93.0)	(38.0, 150.0)	(39.0, 235.5)	(40.0, 389.5)	(41.0, 608.5)	(42.0, 970.5)	(43.0, 1498.0)	(44.0, 2108.5)	(45.0, 2839.5)	(46.0, 3876.0)	(47.0, 5404.0)	(48.0, 7544.0)	(49.0, 10707.5)	(50.0, 15033.0)	(51.0, 21522.5)	(52.0, 31673.0)	(53.0, 45807.5)	(54.0, 65892.5)	(55.0, 92082.0)	(56.0, 123284.0)	(57.0, 158376.0)	(58.0, 194409.0)	(59.0, 228327.5)	(60.0, 257395.0)	(61.0, 279621.0)	(62.0, 294172.5)	(63.0, 300504.5)	(64.0, 298916.0)	(65.0, 289455.0)	(66.0, 271862.0)	(67.0, 248863.5)	(68.0, 220058.5)	(69.0, 186779.0)	(70.0, 153576.0)	(71.0, 121250.0)	(72.0, 92060.5)	(73.0, 66978.0)	(74.0, 46016.0)	(75.0, 30360.0)	(76.0, 19600.5)	(77.0, 12434.0)	(78.0, 7571.0)	(79.0, 4432.5)	(80.0, 2608.5)	(81.0, 1582.0)	(82.0, 930.0)	(83.0, 611.5)	(84.0, 380.5)	(85.0, 235.0)	(86.0, 175.0)	(87.0, 136.0)	(88.0, 119.5)	(89.0, 102.5)	(90.0, 96.0)	(91.0, 107.0)	(92.0, 103.5)	(93.0, 101.5)	(94.0, 117.5)	(95.0, 127.0)	(96.0, 146.5)	(97.0, 244.0)	(98.0, 410.0)	(99.0, 822.5)	(100.0, 3770.0)
IDDLNTM97_R1	(0.0, 0.0)	(1.0, 0.0)	(2.0, 0.0)	(3.0, 0.0)	(4.0, 0.0)	(5.0, 0.0)	(6.0, 0.0)	(7.0, 0.0)	(8.0, 0.0)	(9.0, 0.0)	(10.0, 0.0)	(11.0, 0.0)	(12.0, 0.0)	(13.0, 0.0)	(14.0, 0.5)	(15.0, 1.0)	(16.0, 0.5)	(17.0, 0.0)	(18.0, 0.0)	(19.0, 0.0)	(20.0, 0.0)	(21.0, 0.0)	(22.0, 0.0)	(23.0, 0.0)	(24.0, 0.0)	(25.0, 0.0)	(26.0, 0.5)	(27.0, 1.0)	(28.0, 3.5)	(29.0, 12.0)	(30.0, 95.5)	(31.0, 445.0)	(32.0, 1088.0)	(33.0, 1478.5)	(34.0, 1468.0)	(35.0, 2049.0)	(36.0, 2948.5)	(37.0, 3739.5)	(38.0, 4545.5)	(39.0, 5596.0)	(40.0, 7355.0)	(41.0, 9180.0)	(42.0, 10801.0)	(43.0, 13628.0)	(44.0, 18065.0)	(45.0, 21557.0)	(46.0, 23612.0)	(47.0, 25534.5)	(48.0, 27566.0)	(49.0, 29827.5)	(50.0, 33286.0)	(51.0, 38708.5)	(52.0, 47531.0)	(53.0, 58835.0)	(54.0, 72692.5)	(55.0, 92008.5)	(56.0, 114896.0)	(57.0, 138706.0)	(58.0, 164987.0)	(59.0, 194189.5)	(60.0, 221114.5)	(61.0, 242537.5)	(62.0, 257952.5)	(63.0, 262912.5)	(64.0, 257961.5)	(65.0, 244727.0)	(66.0, 222358.5)	(67.0, 192433.0)	(68.0, 157193.5)	(69.0, 122820.0)	(70.0, 91768.5)	(71.0, 64963.5)	(72.0, 44421.0)	(73.0, 29458.5)	(74.0, 18953.0)	(75.0, 11651.0)	(76.0, 6967.0)	(77.0, 4137.0)	(78.0, 2475.0)	(79.0, 1774.5)	(80.0, 1434.5)	(81.0, 845.0)	(82.0, 332.5)	(83.0, 182.5)	(84.0, 112.5)	(85.0, 76.5)	(86.0, 46.0)	(87.0, 23.5)	(88.0, 13.0)	(89.0, 10.5)	(90.0, 8.0)	(91.0, 10.0)	(92.0, 16.5)	(93.0, 29.0)	(94.0, 45.5)	(95.0, 52.0)	(96.0, 46.5)	(97.0, 40.0)	(98.0, 41.0)	(99.0, 49.0)	(100.0, 30.0)
IDDLNTM97_R2	(0.0, 0.0)	(1.0, 0.0)	(2.0, 0.0)	(3.0, 0.0)	(4.0, 0.0)	(5.0, 0.0)	(6.0, 0.0)	(7.0, 0.0)	(8.0, 0.0)	(9.0, 0.0)	(10.0, 0.0)	(11.0, 0.0)	(12.0, 0.0)	(13.0, 0.0)	(14.0, 0.0)	(15.0, 0.5)	(16.0, 0.5)	(17.0, 0.0)	(18.0, 0.0)	(19.0, 0.0)	(20.0, 0.0)	(21.0, 0.0)	(22.0, 0.5)	(23.0, 1.0)	(24.0, 2.5)	(25.0, 4.0)	(26.0, 6.5)	(27.0, 12.0)	(28.0, 15.5)	(29.0, 19.5)	(30.0, 107.5)	(31.0, 464.0)	(32.0, 1174.5)	(33.0, 1575.0)	(34.0, 1500.0)	(35.0, 2078.0)	(36.0, 2945.0)	(37.0, 3764.5)	(38.0, 4791.5)	(39.0, 6019.0)	(40.0, 7885.5)	(41.0, 9809.5)	(42.0, 11827.5)	(43.0, 15180.5)	(44.0, 20089.5)	(45.0, 24445.5)	(46.0, 27577.0)	(47.0, 31221.5)	(48.0, 35850.5)	(49.0, 41914.5)	(50.0, 51501.5)	(51.0, 65074.5)	(52.0, 82542.5)	(53.0, 102274.0)	(54.0, 122739.0)	(55.0, 143856.5)	(56.0, 162773.5)	(57.0, 178234.0)	(58.0, 190894.0)	(59.0, 201621.0)	(60.0, 211349.5)	(61.0, 218040.0)	(62.0, 220414.0)	(63.0, 217182.5)	(64.0, 207926.5)	(65.0, 194775.0)	(66.0, 176032.5)	(67.0, 152107.0)	(68.0, 125714.0)	(69.0, 99487.5)	(70.0, 76504.5)	(71.0, 56884.5)	(72.0, 40270.5)	(73.0, 27399.0)	(74.0, 18058.0)	(75.0, 11226.5)	(76.0, 6670.0)	(77.0, 3994.5)	(78.0, 2344.5)	(79.0, 1348.5)	(80.0, 795.5)	(81.0, 462.5)	(82.0, 267.5)	(83.0, 147.5)	(84.0, 84.0)	(85.0, 52.5)	(86.0, 42.0)	(87.0, 41.5)	(88.0, 37.0)	(89.0, 34.5)	(90.0, 30.0)	(91.0, 28.0)	(92.0, 29.0)	(93.0, 27.5)	(94.0, 39.0)	(95.0, 45.0)	(96.0, 43.0)	(97.0, 76.5)	(98.0, 126.5)	(99.0, 336.0)	(100.0, 3231.0)
IDDLNTM99_R1	(0.0, 0.0)	(1.0, 0.0)	(2.0, 0.0)	(3.0, 0.0)	(4.0, 0.0)	(5.0, 0.0)	(6.0, 0.0)	(7.0, 0.0)	(8.0, 0.0)	(9.0, 0.0)	(10.0, 0.0)	(11.0, 0.0)	(12.0, 0.0)	(13.0, 0.0)	(14.0, 0.5)	(15.0, 0.5)	(16.0, 0.0)	(17.0, 0.0)	(18.0, 0.0)	(19.0, 0.0)	(20.0, 0.0)	(21.0, 0.0)	(22.0, 0.0)	(23.0, 0.0)	(24.0, 0.0)	(25.0, 0.0)	(26.0, 0.0)	(27.0, 0.0)	(28.0, 0.0)	(29.0, 0.0)	(30.0, 0.0)	(31.0, 1.5)	(32.0, 9.5)	(33.0, 17.5)	(34.0, 22.0)	(35.0, 42.5)	(36.0, 54.0)	(37.0, 53.5)	(38.0, 90.0)	(39.0, 151.5)	(40.0, 257.0)	(41.0, 416.5)	(42.0, 674.0)	(43.0, 1058.5)	(44.0, 1640.5)	(45.0, 2456.5)	(46.0, 3584.5)	(47.0, 5237.5)	(48.0, 7452.5)	(49.0, 10683.5)	(50.0, 15630.0)	(51.0, 22853.5)	(52.0, 33227.0)	(53.0, 47578.5)	(54.0, 66946.5)	(55.0, 91385.5)	(56.0, 121545.0)	(57.0, 156765.5)	(58.0, 194876.0)	(59.0, 233851.5)	(60.0, 270757.0)	(61.0, 302942.5)	(62.0, 327070.5)	(63.0, 341176.5)	(64.0, 343339.5)	(65.0, 335263.5)	(66.0, 316934.5)	(67.0, 289531.5)	(68.0, 256137.5)	(69.0, 218102.5)	(70.0, 178748.5)	(71.0, 140809.0)	(72.0, 106746.0)	(73.0, 77796.5)	(74.0, 53980.0)	(75.0, 35513.0)	(76.0, 23044.5)	(77.0, 14821.0)	(78.0, 9193.0)	(79.0, 5399.5)	(80.0, 3092.5)	(81.0, 1796.0)	(82.0, 1011.0)	(83.0, 620.0)	(84.0, 382.0)	(85.0, 175.5)	(86.0, 87.0)	(87.0, 46.5)	(88.0, 25.5)	(89.0, 20.0)	(90.0, 18.0)	(91.0, 16.5)	(92.0, 28.5)	(93.0, 49.5)	(94.0, 71.0)	(95.0, 84.5)	(96.0, 83.5)	(97.0, 73.0)	(98.0, 70.0)	(99.0, 68.5)	(100.0, 37.0)
IDDLNTM99_R2	(0.0, 0.0)	(1.0, 0.5)	(2.0, 0.5)	(3.0, 0.0)	(4.0, 0.0)	(5.0, 0.0)	(6.0, 0.0)	(7.0, 0.0)	(8.0, 0.5)	(9.0, 0.5)	(10.0, 0.0)	(11.0, 0.0)	(12.0, 0.0)	(13.0, 0.0)	(14.0, 0.0)	(15.0, 0.0)	(16.0, 0.0)	(17.0, 0.0)	(18.0, 0.0)	(19.0, 0.5)	(20.0, 0.5)	(21.0, 0.0)	(22.0, 0.0)	(23.0, 0.0)	(24.0, 0.5)	(25.0, 0.5)	(26.0, 0.0)	(27.0, 0.0)	(28.0, 0.0)	(29.0, 0.5)	(30.0, 0.5)	(31.0, 3.0)	(32.0, 12.0)	(33.0, 20.0)	(34.0, 27.5)	(35.0, 53.5)	(36.0, 59.5)	(37.0, 75.5)	(38.0, 138.5)	(39.0, 242.0)	(40.0, 388.0)	(41.0, 588.0)	(42.0, 922.5)	(43.0, 1404.0)	(44.0, 2099.5)	(45.0, 2971.0)	(46.0, 4132.0)	(47.0, 5794.5)	(48.0, 7806.0)	(49.0, 10636.5)	(50.0, 14897.0)	(51.0, 21292.5)	(52.0, 30733.0)	(53.0, 43793.5)	(54.0, 62043.0)	(55.0, 86581.5)	(56.0, 118104.0)	(57.0, 155994.0)	(58.0, 197025.0)	(59.0, 237674.5)	(60.0, 275294.0)	(61.0, 307125.0)	(62.0, 329112.5)	(63.0, 340871.5)	(64.0, 342100.0)	(65.0, 333024.0)	(66.0, 315489.5)	(67.0, 288865.0)	(68.0, 255557.5)	(69.0, 217958.5)	(70.0, 178525.5)	(71.0, 140783.5)	(72.0, 106727.5)	(73.0, 78090.0)	(74.0, 54465.5)	(75.0, 35591.5)	(76.0, 22762.5)	(77.0, 14583.0)	(78.0, 9010.0)	(79.0, 5427.5)	(80.0, 3221.5)	(81.0, 1913.0)	(82.0, 1115.5)	(83.0, 691.5)	(84.0, 430.0)	(85.0, 245.5)	(86.0, 155.5)	(87.0, 99.5)	(88.0, 75.5)	(89.0, 81.5)	(90.0, 87.0)	(91.0, 78.5)	(92.0, 71.0)	(93.0, 76.5)	(94.0, 82.5)	(95.0, 88.0)	(96.0, 111.0)	(97.0, 161.0)	(98.0, 244.5)	(99.0, 562.5)	(100.0, 3837.5)
