Sample	0	1	2	3	4	5	6	7	8	9	10	11	12	13	14	15	16	17	18	19	20	21	22	23	24	25	26	27	28	29	30	31	32	33	34	35	36	37
IDDLNTM10.A_R1	(1, 38.67939477013653)	(2, 37.583814995702234)	(3, 38.136884427774696)	(4, 38.09514667765592)	(5, 38.406663336625684)	(6, 38.658552279340064)	(7, 38.83754527279264)	(8, 38.69686617776209)	(9, 38.710511687779764)	(10, 38.918149447285586)	(15, 39.05788423698237)	(20, 39.07542621802411)	(25, 38.99194956908396)	(30, 38.83259055949535)	(35, 38.84812317250839)	(40, 38.73483718845705)	(45, 38.76549239944769)	(50, 38.70013179567524)	(55, 38.61251637125565)	(60, 38.50845841777344)	(65, 38.541972534161786)	(70, 38.48021706171566)	(75, 38.30160558111519)	(80, 38.14074672489632)	(85, 37.99474813169803)	(90, 37.57368035160351)	(95, 37.26706743225303)	(100, 36.92846687868606)	(105, 36.591196809909285)	(110, 36.315487005929995)	(115, 36.04830086244233)	(120, 35.797051244520546)	(125, 35.75589782505726)	(130, 35.537817066597654)	(135, 35.502620244483396)	(140, 35.332224715664694)	(145, 35.30781033412349)	(150, 34.782428727041875)
IDDLNTM10.A_R2	(1, 38.81680616523046)	(2, 37.994198692884126)	(3, 38.185635366255745)	(4, 37.87852577661719)	(5, 38.13040682200117)	(6, 38.59497661582521)	(7, 38.4152972725672)	(8, 38.40656785072179)	(9, 38.252406217855395)	(10, 38.43420089695725)	(15, 38.43912509784164)	(20, 38.370497583865614)	(25, 38.402425054783244)	(30, 38.303808146562965)	(35, 38.27018447266384)	(40, 38.21332979628657)	(45, 38.134639719300154)	(50, 38.08056504681052)	(55, 38.00724917495333)	(60, 37.942181562138614)	(65, 37.90679305027745)	(70, 37.82697889599988)	(75, 37.74684353575687)	(80, 37.60213385867333)	(85, 37.533441730175866)	(90, 37.47802286025871)	(95, 37.37260857617774)	(100, 37.22689349714072)	(105, 36.88022201549565)	(110, 36.6881674119174)	(115, 36.50990075747963)	(120, 36.3426358740182)	(125, 36.35155411385402)	(130, 36.18379385239494)	(135, 36.039624280916655)	(140, 35.83625373620008)	(145, 35.744816291043904)	(150, 34.900123180405714)
IDDLNTM10.B_R1	(1, 38.57799296368194)	(2, 37.628109166245245)	(3, 38.22203748715356)	(4, 38.244192645035696)	(5, 38.57341576809514)	(6, 38.81980391837001)	(7, 38.99397312713768)	(8, 38.82828578109112)	(9, 38.838639935183224)	(10, 39.06451309657808)	(15, 39.185883514678935)	(20, 39.20189143189616)	(25, 39.12970407225548)	(30, 38.98087309070543)	(35, 39.000136289239435)	(40, 38.892150666383905)	(45, 38.921826919626106)	(50, 38.84957291615689)	(55, 38.7572936602448)	(60, 38.65756908805186)	(65, 38.70201886864271)	(70, 38.61407076556664)	(75, 38.397594906010234)	(80, 38.09618705513232)	(85, 37.755289864765665)	(90, 37.16924804924335)	(95, 36.69240527886984)	(100, 36.15410741532221)	(105, 35.64981286874058)	(110, 35.21514293948441)	(115, 34.778304301724276)	(120, 34.43925756512944)	(125, 34.2673234476871)	(130, 34.06754317221579)	(135, 34.01466590539578)	(140, 33.92927184439623)	(145, 33.90753012185772)	(150, 33.37355192683099)
IDDLNTM10.B_R2	(1, 38.91345067780297)	(2, 38.07608402255537)	(3, 38.24607407165734)	(4, 37.9468245759993)	(5, 38.227705692674945)	(6, 38.66371902579077)	(7, 38.504280191187746)	(8, 38.49536853667423)	(9, 38.33088704371326)	(10, 38.520987259587926)	(15, 38.5258830579164)	(20, 38.45818119334649)	(25, 38.4950720325389)	(30, 38.39863780362474)	(35, 38.371748323844635)	(40, 38.32747950821901)	(45, 38.25518095952758)	(50, 38.20846076464223)	(55, 38.135935835739495)	(60, 38.077079329864105)	(65, 38.03558406333774)	(70, 37.95468071755219)	(75, 37.864851013849695)	(80, 37.73824096398645)	(85, 37.66453236760684)	(90, 37.63111205363697)	(95, 37.527634459470484)	(100, 37.4066285813717)	(105, 37.063050238440916)	(110, 36.88643939468089)	(115, 36.72025422097519)	(120, 36.56550133494288)	(125, 36.58893481889909)	(130, 36.43702203879219)	(135, 36.3096776017792)	(140, 36.12866191416126)	(145, 36.05493991941404)	(150, 35.282078487028485)
IDDLNTM100_R1	(1, 38.71209839362633)	(2, 37.65107750440457)	(3, 38.21789724689473)	(4, 38.16137534823489)	(5, 38.44836131892169)	(6, 38.71168877259005)	(7, 38.896975126923444)	(8, 38.73321336301566)	(9, 38.78157683783754)	(10, 38.96155893142807)	(15, 39.085390521626266)	(20, 39.1023761958768)	(25, 39.02158541168676)	(30, 38.874408656270944)	(35, 38.89505463444951)	(40, 38.77440656256018)	(45, 38.772651742723994)	(50, 38.70759430353126)	(55, 38.56928692150098)	(60, 38.492983394800675)	(65, 38.497909046302304)	(70, 38.46246488629389)	(75, 38.26807192663472)	(80, 38.13530338387192)	(85, 37.908574491844995)	(90, 37.53896414385576)	(95, 37.17618012214418)	(100, 36.85174450675594)	(105, 36.44991107948203)	(110, 36.16843285334841)	(115, 35.81785446056786)	(120, 35.570221794451086)	(125, 35.45471297402078)	(130, 35.239283818248495)	(135, 35.148615611495174)	(140, 34.96479178668363)	(145, 34.88105828165219)	(150, 34.26753436121403)
IDDLNTM100_R2	(1, 38.7888384901153)	(2, 37.912117630889576)	(3, 38.140337908333194)	(4, 37.85929227186482)	(5, 38.085938742169056)	(6, 38.53628224547784)	(7, 38.39426646636143)	(8, 38.384049157841126)	(9, 38.23413034614014)	(10, 38.42200875585695)	(15, 38.436157762971625)	(20, 38.36790461634201)	(25, 38.40683022348186)	(30, 38.30724529645804)	(35, 38.283835537153934)	(40, 38.23642339475092)	(45, 38.165401243083764)	(50, 38.11520359471482)	(55, 38.039817818141934)	(60, 37.978822343666664)	(65, 37.941262582217014)	(70, 37.856264558804355)	(75, 37.685978294645636)	(80, 37.35513948985183)	(85, 37.121651767807066)	(90, 36.746602829909214)	(95, 36.40379048713187)	(100, 35.894625071336456)	(105, 35.40744171140333)	(110, 34.93501880504672)	(115, 34.565028023593015)	(120, 34.1296147924604)	(125, 33.92468288055629)	(130, 33.53478335587009)	(135, 33.2581946284503)	(140, 32.89626890377243)	(145, 32.70015727706489)	(150, 31.67975843967553)
IDDLNTM101_R1	(1, 38.690068088127695)	(2, 37.60570041468926)	(3, 38.1816364272913)	(4, 38.178817635180486)	(5, 38.502467260138154)	(6, 38.7540514008784)	(7, 38.92242970075458)	(8, 38.763184287317436)	(9, 38.77955615871352)	(10, 39.006420799907836)	(15, 39.134421169210455)	(20, 39.16760725810372)	(25, 39.10406955961888)	(30, 38.96653554517278)	(35, 39.00686118511008)	(40, 38.9187250725839)	(45, 38.97030316721932)	(50, 38.9285232756652)	(55, 38.85971590660729)	(60, 38.77961751850701)	(65, 38.83826334626573)	(70, 38.787266576438086)	(75, 38.611504021681)	(80, 38.39460760983995)	(85, 38.15627906368714)	(90, 37.72192395225702)	(95, 37.37889647965547)	(100, 36.988319824238104)	(105, 36.603534847011076)	(110, 36.27551821858875)	(115, 35.92960683569343)	(120, 35.6693865695586)	(125, 35.54689248595812)	(130, 35.36276939380038)	(135, 35.288023442545864)	(140, 35.163715854316656)	(145, 35.07508142836775)	(150, 34.60501941085611)
IDDLNTM101_R2	(1, 38.76538866445221)	(2, 37.89183232517259)	(3, 38.11318389922287)	(4, 37.81401119428136)	(5, 38.05505632069194)	(6, 38.53236443141899)	(7, 38.3869923774142)	(8, 38.38212853120096)	(9, 38.257243785074046)	(10, 38.413101582322824)	(15, 38.4396299293627)	(20, 38.398116393237025)	(25, 38.448748272468535)	(30, 38.36527820048311)	(35, 38.34705033831633)	(40, 38.31043447390922)	(45, 38.24968974903354)	(50, 38.2148743165961)	(55, 38.151129171352736)	(60, 38.096835722021346)	(65, 38.07063942052171)	(70, 38.00277924731715)	(75, 37.933496033469275)	(80, 37.81010835191761)	(85, 37.75713867272476)	(90, 37.73552523697259)	(95, 37.667469218994405)	(100, 37.568989610095684)	(105, 37.28919777585047)	(110, 37.16345726077953)	(115, 37.01943536734376)	(120, 36.89320797742678)	(125, 36.91711909641781)	(130, 36.768233765289395)	(135, 36.64202647458573)	(140, 36.44995438867548)	(145, 36.376197302375104)	(150, 35.58164120698227)
IDDLNTM102_R1	(1, 38.70377900063237)	(2, 37.92441341155609)	(3, 38.39376234560121)	(4, 38.37430091063821)	(5, 38.69719882030211)	(6, 38.86996837407222)	(7, 39.07945425273197)	(8, 38.884972149675356)	(9, 38.96216323245696)	(10, 39.09680324961248)	(15, 39.22054220364438)	(20, 39.242570537290064)	(25, 39.17349164928647)	(30, 39.06035404818817)	(35, 39.074675402246946)	(40, 38.94711605659715)	(45, 39.00508330986139)	(50, 38.9572623644153)	(55, 38.868246099913385)	(60, 38.77473652062188)	(65, 38.82725945279875)	(70, 38.77772806962746)	(75, 38.60744445917909)	(80, 38.35403810527923)	(85, 38.0870572616703)	(90, 37.647402140275624)	(95, 37.27151222495361)	(100, 36.87081592117227)	(105, 36.49348079191586)	(110, 36.14445242064201)	(115, 35.798709463411356)	(120, 35.54513842234222)	(125, 35.452138832598855)	(130, 35.292475571829435)	(135, 35.26538767425404)	(140, 35.14191876626368)	(145, 35.06840223854725)	(150, 34.53116507404529)
IDDLNTM102_R2	(1, 39.03517576190649)	(2, 38.300874106011335)	(3, 38.455097721815314)	(4, 38.20843886573356)	(5, 38.41364317024993)	(6, 38.82722861961977)	(7, 38.67671009980232)	(8, 38.68171647284507)	(9, 38.54584152111324)	(10, 38.701694034766234)	(15, 38.709643149791894)	(20, 38.645596791888096)	(25, 38.68975180386883)	(30, 38.586804495360596)	(35, 38.574302298861916)	(40, 38.53672922075716)	(45, 38.466691873886454)	(50, 38.43229914321025)	(55, 38.35696258116085)	(60, 38.31480602679053)	(65, 38.275014567215784)	(70, 38.18647073715774)	(75, 38.09595051493966)	(80, 37.95984818677893)	(85, 37.88557062021816)	(90, 37.862121476149404)	(95, 37.766665314975164)	(100, 37.656097535135764)	(105, 37.3525403580375)	(110, 37.234306806935706)	(115, 37.07430525797032)	(120, 36.955852513653)	(125, 36.96248237777877)	(130, 36.831906056710395)	(135, 36.684202123909195)	(140, 36.52226115337278)	(145, 36.42067883408206)	(150, 35.654371023241424)
IDDLNTM105_R1	(1, 38.7856468082121)	(2, 37.56900320805138)	(3, 38.18690477253449)	(4, 38.18766194919416)	(5, 38.57073721403379)	(6, 38.85161914116064)	(7, 39.042124584643446)	(8, 38.89208931521178)	(9, 38.91210704559515)	(10, 39.09954296429051)	(15, 39.229019866958346)	(20, 39.25707479287978)	(25, 39.1958057311232)	(30, 39.06329001932484)	(35, 39.10160887284509)	(40, 39.008342464268175)	(45, 39.060228964303256)	(50, 39.02128855242262)	(55, 38.95261558870613)	(60, 38.86408092197994)	(65, 38.90704324810419)	(70, 38.858862117569025)	(75, 38.66895772132684)	(80, 38.4526762291684)	(85, 38.20686903114297)	(90, 37.75730089991263)	(95, 37.41188476526376)	(100, 36.98678813467438)	(105, 36.60441239085928)	(110, 36.24956950884287)	(115, 35.92322963397601)	(120, 35.64692178860026)	(125, 35.560012602603436)	(130, 35.40124786183057)	(135, 35.38447884790776)	(140, 35.28292696740289)	(145, 35.23257573998839)	(150, 34.74889516751385)
IDDLNTM105_R2	(1, 39.037017213778675)	(2, 38.22435185244239)	(3, 38.43336067298923)	(4, 38.068790315894205)	(5, 38.41126070679176)	(6, 38.827146620065946)	(7, 38.67245399985969)	(8, 38.67165192323637)	(9, 38.50221374678716)	(10, 38.674857372459236)	(15, 38.69129994323726)	(20, 38.64496614007003)	(25, 38.69066052693679)	(30, 38.606610244079775)	(35, 38.603192438437944)	(40, 38.57685728316953)	(45, 38.52636788632146)	(50, 38.49853358249412)	(55, 38.442525163750936)	(60, 38.40455183586002)	(65, 38.38555384487828)	(70, 38.33192063421198)	(75, 38.269112728246796)	(80, 38.1528221285389)	(85, 38.10730938243417)	(90, 38.072207509263805)	(95, 37.98911696312974)	(100, 37.87445613005682)	(105, 37.59022895154758)	(110, 37.46633311436097)	(115, 37.321279597941235)	(120, 37.19607768203938)	(125, 37.21634960744421)	(130, 37.08304018674303)	(135, 36.967732896238985)	(140, 36.80412059211827)	(145, 36.74105328681766)	(150, 35.97084844348919)
IDDLNTM107_R1	(1, 38.73754307658503)	(2, 37.692213254803036)	(3, 38.19346948414445)	(4, 38.17595890609129)	(5, 38.453111327802745)	(6, 38.71036035366785)	(7, 38.909722738102964)	(8, 38.748787756279775)	(9, 38.74879831282887)	(10, 38.97560334587869)	(15, 39.10694863339607)	(20, 39.1225433932815)	(25, 39.03704121042174)	(30, 38.88132350974761)	(35, 38.90033241400126)	(40, 38.794326050357085)	(45, 38.81822764142452)	(50, 38.76700218246878)	(55, 38.67602936128186)	(60, 38.579082628064626)	(65, 38.60853141198927)	(70, 38.55225781125985)	(75, 38.363112993391596)	(80, 38.20400867357352)	(85, 37.974333666711765)	(90, 37.592936495710525)	(95, 37.24301864130176)	(100, 36.88388218265645)	(105, 36.480866919450406)	(110, 36.161821731946546)	(115, 35.800189548703614)	(120, 35.517535679180995)	(125, 35.38014899591578)	(130, 35.161492914991626)	(135, 35.07508990660973)	(140, 34.916899001976034)	(145, 34.83740286997381)	(150, 34.27722631755507)
IDDLNTM107_R2	(1, 38.86732685500071)	(2, 38.03305333715976)	(3, 38.2138909328627)	(4, 37.93524534593029)	(5, 38.1353756215657)	(6, 38.54878885103302)	(7, 38.42973443632329)	(8, 38.41228485166484)	(9, 38.288437763669364)	(10, 38.43666688301076)	(15, 38.4303327971649)	(20, 38.363248039023254)	(25, 38.39779125714424)	(30, 38.29231835111395)	(35, 38.25748369404149)	(40, 38.207971836690966)	(45, 38.123053704684054)	(50, 38.073057106238764)	(55, 37.99548703616674)	(60, 37.93257336606124)	(65, 37.89256873681897)	(70, 37.816468372969915)	(75, 37.729285665692075)	(80, 37.59146858801073)	(85, 37.51462605966249)	(90, 37.45662548569901)	(95, 37.36068834955784)	(100, 37.211010089715025)	(105, 36.906333538469234)	(110, 36.778285022133566)	(115, 36.59869004955323)	(120, 36.46656740903969)	(125, 36.456995668687014)	(130, 36.304180158848695)	(135, 36.154655946425905)	(140, 35.95248614550678)	(145, 35.85400136218582)	(150, 34.988379780846046)
IDDLNTM108.A_R1	(1, 38.742791509284615)	(2, 37.91604901665255)	(3, 38.3078581247978)	(4, 38.07409355527267)	(5, 38.39287883623993)	(6, 38.628457961125065)	(7, 38.80221287431365)	(8, 38.634499381643536)	(9, 38.65057763542775)	(10, 38.82533737540457)	(15, 38.97506957865606)	(20, 39.00918984361585)	(25, 38.93374952708989)	(30, 38.79737295598836)	(35, 38.82399361080942)	(40, 38.72712308793003)	(45, 38.779049889823526)	(50, 38.73521524778518)	(55, 38.65996711167698)	(60, 38.578112606132464)	(65, 38.626773129518526)	(70, 38.5784429482621)	(75, 38.42087700748987)	(80, 38.30081834396391)	(85, 38.15119725364168)	(90, 37.83924482637816)	(95, 37.58138034353926)	(100, 37.34056250821863)	(105, 37.03815041528359)	(110, 36.80638714023591)	(115, 36.54566834052367)	(120, 36.35746267435572)	(125, 36.327922249338904)	(130, 36.168302809150134)	(135, 36.12774485506328)	(140, 35.98221893466043)	(145, 35.9159841153461)	(150, 35.44272252700294)
IDDLNTM108.A_R2	(1, 39.0868338867622)	(2, 38.273371715529606)	(3, 38.50005313153732)	(4, 38.15799209710276)	(5, 38.482589317662914)	(6, 38.87597482570589)	(7, 38.74092096373314)	(8, 38.740421783575435)	(9, 38.55528272385184)	(10, 38.736074105778485)	(15, 38.75889507694413)	(20, 38.715932777860694)	(25, 38.76431413888367)	(30, 38.67959356641156)	(35, 38.67303916533608)	(40, 38.64413001001318)	(45, 38.58997732200097)	(50, 38.56039486491085)	(55, 38.500825244163565)	(60, 38.456428492146685)	(65, 38.43329586853503)	(70, 38.37262931319158)	(75, 38.302668938080956)	(80, 38.167078753161526)	(85, 38.10611521322504)	(90, 38.036302462957266)	(95, 37.931755684828055)	(100, 37.76645418651871)	(105, 37.47003801221415)	(110, 37.32439743020793)	(115, 37.15650398033089)	(120, 37.012446264695214)	(125, 37.0089482971983)	(130, 36.84694296511831)	(135, 36.69652500031051)	(140, 36.4878187226863)	(145, 36.38122570020762)	(150, 35.48339664102224)
IDDLNTM108.B_R1	(1, 38.647948667554864)	(2, 37.72177757454789)	(3, 38.24567299762873)	(4, 38.17313342623529)	(5, 38.49339629070345)	(6, 38.71503757393557)	(7, 38.90763794310726)	(8, 38.774227015901644)	(9, 38.74973556521885)	(10, 38.95750960211824)	(15, 39.098005307460376)	(20, 39.12862305278721)	(25, 39.059549132525525)	(30, 38.929647311653795)	(35, 38.96093535347351)	(40, 38.86712051016408)	(45, 38.91931425715801)	(50, 38.87830133614871)	(55, 38.80879513538765)	(60, 38.727591979354834)	(65, 38.79397236841715)	(70, 38.74451600287199)	(75, 38.553885339498706)	(80, 38.30087256070642)	(85, 38.04529533241748)	(90, 37.55032458073137)	(95, 37.21581324929361)	(100, 36.78270423698097)	(105, 36.424064404560035)	(110, 36.07111345066896)	(115, 35.74056039433621)	(120, 35.47166967725624)	(125, 35.38629264905875)	(130, 35.20095423673406)	(135, 35.15052743751586)	(140, 35.02437501049344)	(145, 34.95110618179879)	(150, 34.460879948090785)
IDDLNTM108.B_R2	(1, 38.9459032114382)	(2, 38.22369947962395)	(3, 38.43308244538224)	(4, 38.18351526907165)	(5, 38.380275486229145)	(6, 38.75789131656423)	(7, 38.66539691882865)	(8, 38.66195111882331)	(9, 38.53973830092135)	(10, 38.68675060763211)	(15, 38.705361680610196)	(20, 38.663277391344714)	(25, 38.71290017056167)	(30, 38.62745835460828)	(35, 38.61123702146193)	(40, 38.57893627590893)	(45, 38.5212062374017)	(50, 38.48868673441069)	(55, 38.43197789315353)	(60, 38.387813976180624)	(65, 38.36268403031198)	(70, 38.29103272275482)	(75, 38.148832882156405)	(80, 37.8541066647441)	(85, 37.685173578842054)	(90, 37.34190217246382)	(95, 37.02764916245036)	(100, 36.55929136416743)	(105, 36.07430701297829)	(110, 35.667700340827054)	(115, 35.32654944955098)	(120, 34.996912211603124)	(125, 34.86584727274164)	(130, 34.604750443687486)	(135, 34.37977308483541)	(140, 34.13869419092833)	(145, 33.96492473855276)	(150, 33.02942954183403)
IDDLNTM109_R1	(1, 38.67857978512925)	(2, 37.7921891921804)	(3, 38.28996382097777)	(4, 38.256149903146955)	(5, 38.52500264052788)	(6, 38.7383219179986)	(7, 38.92489024753243)	(8, 38.73454937433387)	(9, 38.77698328912239)	(10, 38.9518758865983)	(15, 39.08068230229774)	(20, 39.10229066425573)	(25, 39.02015281202322)	(30, 38.87587133629914)	(35, 38.89696412571237)	(40, 38.79098298893606)	(45, 38.82401268261966)	(50, 38.76797689070641)	(55, 38.68082056993963)	(60, 38.58839734360368)	(65, 38.635339915533436)	(70, 38.57420813221945)	(75, 38.38501847864154)	(80, 38.153315365951904)	(85, 37.877508716268835)	(90, 37.443275851526025)	(95, 37.04510375379465)	(100, 36.637039455298265)	(105, 36.19560090581477)	(110, 35.818054539913916)	(115, 35.3997408492443)	(120, 35.058526934142456)	(125, 34.844419086392506)	(130, 34.57280645410712)	(135, 34.42999599246199)	(140, 34.240380519019126)	(145, 34.109652304384895)	(150, 33.5598121258094)
IDDLNTM109_R2	(1, 38.936350896591875)	(2, 38.16803662475345)	(3, 38.3481933988319)	(4, 38.07933611317328)	(5, 38.25334513190258)	(6, 38.67159261986354)	(7, 38.53262858612745)	(8, 38.523839292166706)	(9, 38.410480040388705)	(10, 38.55688525857717)	(15, 38.55886466902941)	(20, 38.49832951867599)	(25, 38.54129659268303)	(30, 38.43662980708733)	(35, 38.40907795798503)	(40, 38.36289312911903)	(45, 38.28906740598079)	(50, 38.241354456882576)	(55, 38.16648535884143)	(60, 38.1146915939237)	(65, 38.08010709677876)	(70, 38.009870571177764)	(75, 37.92869745918047)	(80, 37.79493847443691)	(85, 37.73037233717292)	(90, 37.687665121431436)	(95, 37.59894490064793)	(100, 37.475426817959224)	(105, 37.17942045845628)	(110, 37.042658801852255)	(115, 36.87143150976035)	(120, 36.733551077916545)	(125, 36.71944292694809)	(130, 36.56734447796132)	(135, 36.39679295886184)	(140, 36.201680740217036)	(145, 36.07088157245078)	(150, 35.217776842292515)
IDDLNTM111_R1	(1, 38.566735366054644)	(2, 37.68418001931723)	(3, 38.24030423775463)	(4, 38.20154881794482)	(5, 38.524683380319026)	(6, 38.76647766123506)	(7, 38.884269128226215)	(8, 38.71271593018823)	(9, 38.72688602425686)	(10, 38.944144441445374)	(15, 39.08102314493781)	(20, 39.10359992650254)	(25, 39.02942452686009)	(30, 38.88734172397144)	(35, 38.90716524891662)	(40, 38.81167589474561)	(45, 38.8552839245171)	(50, 38.80883484305181)	(55, 38.733589286373274)	(60, 38.64803878285577)	(65, 38.704364964741885)	(70, 38.65237405106837)	(75, 38.482665477002186)	(80, 38.3607950168567)	(85, 38.182059084307426)	(90, 37.829086407626114)	(95, 37.560784428894394)	(100, 37.27873687928312)	(105, 36.965774798292564)	(110, 36.732354822710555)	(115, 36.47028436214)	(120, 36.274156503607536)	(125, 36.2345932300028)	(130, 36.063386420629215)	(135, 36.022948519511125)	(140, 35.87755817631237)	(145, 35.821350471405836)	(150, 35.316033865249636)
IDDLNTM111_R2	(1, 38.90348821190763)	(2, 38.07388388289946)	(3, 38.2648895634958)	(4, 37.99162662207872)	(5, 38.178795518818845)	(6, 38.58382449177298)	(7, 38.46694961772239)	(8, 38.44459587892549)	(9, 38.3445682304327)	(10, 38.48139530794837)	(15, 38.48806108713256)	(20, 38.43252150583236)	(25, 38.47461530242641)	(30, 38.382019089632315)	(35, 38.35256167826158)	(40, 38.31379543863629)	(45, 38.24419805749534)	(50, 38.20272740498898)	(55, 38.136032052930545)	(60, 38.08203483632808)	(65, 38.05498885269188)	(70, 37.98629384416258)	(75, 37.915904375243564)	(80, 37.78355121414753)	(85, 37.72988361549544)	(90, 37.685609007805525)	(95, 37.61833147238948)	(100, 37.48738434631601)	(105, 37.193670717077474)	(110, 37.087324141771276)	(115, 36.923428745428865)	(120, 36.80985267855159)	(125, 36.8311171710665)	(130, 36.68292835987634)	(135, 36.566307983342895)	(140, 36.37164860562526)	(145, 36.304048871560866)	(150, 35.50578270835052)
IDDLNTM112_R1	(1, 38.829216863701)	(2, 37.885665192188696)	(3, 38.3092052551638)	(4, 38.278093891108206)	(5, 38.49729584857559)	(6, 38.703149602803165)	(7, 38.945868938969205)	(8, 38.73085832539182)	(9, 38.72792874392479)	(10, 38.955801584428094)	(15, 39.08506644030827)	(20, 39.10411832635247)	(25, 39.0249810392547)	(30, 38.873184077252475)	(35, 38.88957705933472)	(40, 38.78548609942252)	(45, 38.82624473912477)	(50, 38.779998764877476)	(55, 38.67392111441957)	(60, 38.58069915200362)	(65, 38.62462575989299)	(70, 38.55846137638663)	(75, 38.4267856905001)	(80, 38.31315788942585)	(85, 38.20334839294818)	(90, 37.932592986360774)	(95, 37.720973228113806)	(100, 37.512398248709275)	(105, 37.24677683475231)	(110, 37.04879064955738)	(115, 36.81842358809551)	(120, 36.633913477648925)	(125, 36.60438791404354)	(130, 36.43712519984969)	(135, 36.392485772881955)	(140, 36.241456120657745)	(145, 36.16508922145706)	(150, 35.65265206235189)
IDDLNTM112_R2	(1, 38.8523951891574)	(2, 37.96188153560443)	(3, 38.16627978269916)	(4, 37.86009290866107)	(5, 38.133287480418666)	(6, 38.58960713012823)	(7, 38.42327648944273)	(8, 38.408295179752706)	(9, 38.263051228926734)	(10, 38.44761825188185)	(15, 38.45666984327264)	(20, 38.39288658225048)	(25, 38.4293563598921)	(30, 38.331373363412204)	(35, 38.30707374044748)	(40, 38.26023692556207)	(45, 38.181250032795326)	(50, 38.13594807964684)	(55, 38.05301630240643)	(60, 37.9919818751824)	(65, 37.94902431375018)	(70, 37.87426937053554)	(75, 37.79017552867079)	(80, 37.653948375914794)	(85, 37.59152778601866)	(90, 37.555957871827374)	(95, 37.486034437314906)	(100, 37.37139084887226)	(105, 37.11585949795095)	(110, 37.00397136291734)	(115, 36.84337814890653)	(120, 36.717318476343166)	(125, 36.71506038174973)	(130, 36.555325295349675)	(135, 36.3989184201572)	(140, 36.19258773103552)	(145, 36.08303639938373)	(150, 35.20404587390368)
IDDLNTM113_R1	(1, 38.72529724394642)	(2, 37.73022119242475)	(3, 38.26621518241908)	(4, 38.22733635301262)	(5, 38.592869814397964)	(6, 38.81250653560598)	(7, 39.01554602809439)	(8, 38.83669148821023)	(9, 38.842917054216635)	(10, 39.045435899693814)	(15, 39.17497995747499)	(20, 39.19320810653634)	(25, 39.11780931991173)	(30, 38.97231526479065)	(35, 39.002268061663095)	(40, 38.89898732505215)	(45, 38.933239770974026)	(50, 38.8816205000633)	(55, 38.7951021022178)	(60, 38.69857950323891)	(65, 38.718089089711626)	(70, 38.66983200970113)	(75, 38.47847497023433)	(80, 38.28579099636575)	(85, 38.05765367617517)	(90, 37.66495392512443)	(95, 37.33318418392525)	(100, 36.96934842072241)	(105, 36.58501736407315)	(110, 36.27161336364019)	(115, 35.91870036379247)	(120, 35.64676650320772)	(125, 35.50824798061241)	(130, 35.302415376515114)	(135, 35.214484187044)	(140, 35.07089972133094)	(145, 34.9834567072287)	(150, 34.42767813080752)
IDDLNTM113_R2	(1, 38.75181391730922)	(2, 37.83139237301661)	(3, 38.04811581919349)	(4, 37.74060294519631)	(5, 38.06408104334872)	(6, 38.51287583174186)	(7, 38.373300971764344)	(8, 38.3696447015269)	(9, 38.21528331966589)	(10, 38.39964886596916)	(15, 38.41273328673561)	(20, 38.35074804023548)	(25, 38.38583319115524)	(30, 38.27970192133057)	(35, 38.243721140139904)	(40, 38.194138593372486)	(45, 38.11204973114581)	(50, 38.06409792126452)	(55, 37.977531641505735)	(60, 37.91625508401349)	(65, 37.87456259597021)	(70, 37.793761041734314)	(75, 37.710025115072526)	(80, 37.56122592374484)	(85, 37.48939608248897)	(90, 37.43454047122407)	(95, 37.329335285300985)	(100, 37.1786720015557)	(105, 36.87654465034279)	(110, 36.70962976824053)	(115, 36.522689055588884)	(120, 36.367930308884205)	(125, 36.34697839443322)	(130, 36.16745607614141)	(135, 35.98938654279745)	(140, 35.76716511554951)	(145, 35.6315473930041)	(150, 34.708615167008816)
IDDLNTM116_R1	(1, 38.55002359227299)	(2, 37.52375924812411)	(3, 38.14218823725853)	(4, 38.13655095039807)	(5, 38.50398535871981)	(6, 38.73017006135867)	(7, 38.91067205614867)	(8, 38.745554287086534)	(9, 38.74680519348947)	(10, 38.9773504798659)	(15, 39.10298650972255)	(20, 39.13188709103991)	(25, 39.05267915352988)	(30, 38.90129386966747)	(35, 38.92612128961086)	(40, 38.82288722518285)	(45, 38.84555184812392)	(50, 38.76620216936344)	(55, 38.67290903513701)	(60, 38.566005363841626)	(65, 38.595060913091324)	(70, 38.55127327919461)	(75, 38.33787549471073)	(80, 38.10533729445877)	(85, 37.798385594361115)	(90, 37.343744764438426)	(95, 36.927956046141425)	(100, 36.51860693959909)	(105, 36.059401215916665)	(110, 35.71439391309976)	(115, 35.29311302621791)	(120, 35.02430032259971)	(125, 34.83876674793415)	(130, 34.664710368499115)	(135, 34.54725461925449)	(140, 34.448675314977955)	(145, 34.33616803326745)	(150, 33.83492819600254)
IDDLNTM116_R2	(1, 38.80588859381611)	(2, 37.921313437652145)	(3, 38.176032595797295)	(4, 37.88009965976472)	(5, 38.172903688180504)	(6, 38.62511831313841)	(7, 38.45888049739828)	(8, 38.44504501293119)	(9, 38.287952368936246)	(10, 38.47610332571314)	(15, 38.495489513867845)	(20, 38.43725618581893)	(25, 38.47318670165014)	(30, 38.38325764732038)	(35, 38.359485829158174)	(40, 38.31799869984531)	(45, 38.24989254493554)	(50, 38.20749605779216)	(55, 38.140113524329124)	(60, 38.083222845199984)	(65, 38.05333148222324)	(70, 37.98414618016241)	(75, 37.911204688061375)	(80, 37.775219107958804)	(85, 37.71934866565293)	(90, 37.67537801575382)	(95, 37.596058073576)	(100, 37.46372821701514)	(105, 37.160313106516064)	(110, 37.0275222860209)	(115, 36.8640159207975)	(120, 36.72511259095689)	(125, 36.74446894872269)	(130, 36.58383624429776)	(135, 36.45786307476264)	(140, 36.258029111833004)	(145, 36.188781147194206)	(150, 35.346102631546856)
IDDLNTM117_R1	(1, 38.474315258160004)	(2, 37.45785841893876)	(3, 38.02463506418818)	(4, 38.148158505086776)	(5, 38.41351929821922)	(6, 38.68919398816029)	(7, 38.87244827681918)	(8, 38.7454680203051)	(9, 38.76127142124512)	(10, 38.943727679920556)	(15, 39.08278660946985)	(20, 39.0909424738255)	(25, 38.994054723315976)	(30, 38.814649883929754)	(35, 38.80392592152567)	(40, 38.698236806136876)	(45, 38.66745221067846)	(50, 38.60431736192517)	(55, 38.510688553779474)	(60, 38.39120652099758)	(65, 38.43445464103307)	(70, 38.32248826392162)	(75, 37.97700530195515)	(80, 37.736205902319405)	(85, 37.21068826843525)	(90, 36.49548914874813)	(95, 35.99085591076301)	(100, 35.49172379820145)	(105, 35.02768093223516)	(110, 34.66344805295366)	(115, 34.3139592730778)	(120, 34.09412592967095)	(125, 34.08702324491899)	(130, 33.978891997988065)	(135, 34.033974121353786)	(140, 33.997128814501096)	(145, 34.0620235626887)	(150, 33.58421247457518)
IDDLNTM117_R2	(1, 39.0595126891281)	(2, 38.42833177647793)	(3, 38.563027740906406)	(4, 38.37377136612181)	(5, 38.452821055706195)	(6, 38.79663179673737)	(7, 38.69800541790867)	(8, 38.66558720080685)	(9, 38.58495514777848)	(10, 38.68503335803723)	(15, 38.66835970908378)	(20, 38.5980066889875)	(25, 38.62060512172137)	(30, 38.51158256318494)	(35, 38.46382226893797)	(40, 38.42554899580881)	(45, 38.35132110486323)	(50, 38.31004144495205)	(55, 38.245619123043795)	(60, 38.19750977498533)	(65, 38.1664448158531)	(70, 38.092173552584924)	(75, 38.018750021076556)	(80, 37.8682671537925)	(85, 37.791853837348086)	(90, 37.666497448892905)	(95, 37.552598201864434)	(100, 37.2768268061706)	(105, 36.78206710102976)	(110, 36.70023639472238)	(115, 36.4796412341086)	(120, 36.37473489575727)	(125, 36.41551266111249)	(130, 36.30733316506671)	(135, 36.23450947900554)	(140, 36.09247145195854)	(145, 36.088896659475125)	(150, 35.413163396146246)
IDDLNTM12.A_R1	(1, 38.6186360060882)	(2, 37.609183544587125)	(3, 38.22673437020362)	(4, 38.1315598460043)	(5, 38.500916108155124)	(6, 38.73534866468843)	(7, 38.97165100915788)	(8, 38.774397974649546)	(9, 38.80099868579249)	(10, 38.993623695385246)	(15, 39.13694953571063)	(20, 39.162012208380226)	(25, 39.089599374552336)	(30, 38.93688278611992)	(35, 38.96433765220505)	(40, 38.8641421998107)	(45, 38.911674943082986)	(50, 38.857804825795554)	(55, 38.75272650094648)	(60, 38.60378418218561)	(65, 38.681646100864626)	(70, 38.57063337767319)	(75, 38.46391133416044)	(80, 38.249807105673796)	(85, 38.15142692238821)	(90, 37.644739812493604)	(95, 37.35600986135271)	(100, 36.9361076914714)	(105, 36.628005330374506)	(110, 36.302203775708584)	(115, 36.083519086385955)	(120, 35.8382121022204)	(125, 35.872843868310646)	(130, 35.6982146283127)	(135, 35.75117815026092)	(140, 35.59496572188683)	(145, 35.59162536452472)	(150, 35.10157968702036)
IDDLNTM12.A_R2	(1, 38.86140386779904)	(2, 37.99790078532692)	(3, 38.19875989652614)	(4, 37.911996060575056)	(5, 38.185320845697326)	(6, 38.63084198813056)	(7, 38.45905172413793)	(8, 38.44143702675739)	(9, 38.28722708610457)	(10, 38.477859760309016)	(15, 38.51110041696511)	(20, 38.4584932658856)	(25, 38.49948566842321)	(30, 38.42088894466899)	(35, 38.410101091655584)	(40, 38.378592806712376)	(45, 38.32339297362632)	(50, 38.29047135603192)	(55, 38.23170669510385)	(60, 38.18119628056892)	(65, 38.14286298987005)	(70, 38.081683112913126)	(75, 38.008170469661316)	(80, 37.88820099061189)	(85, 37.82872270861046)	(90, 37.80280500166275)	(95, 37.71317005397524)	(100, 37.59917614217743)	(105, 37.26185984344623)	(110, 37.06891075859511)	(115, 36.930650692596956)	(120, 36.77444841655581)	(125, 36.830588579504756)	(130, 36.68179374936049)	(135, 36.59392778573621)	(140, 36.415777205054745)	(145, 36.37274937966848)	(150, 35.61804125524404)
IDDLNTM12.B_R1	(1, 38.66654603207665)	(2, 37.478717541484414)	(3, 38.105122630701935)	(4, 38.1303079219607)	(5, 38.46450739429286)	(6, 38.782687634520585)	(7, 38.91800492952857)	(8, 38.77059596958967)	(9, 38.77115184336596)	(10, 38.9903996563216)	(15, 39.13151426786086)	(20, 39.15768416302159)	(25, 39.093938328820386)	(30, 38.95568917933764)	(35, 38.98776730542248)	(40, 38.897426491008815)	(45, 38.94060430118725)	(50, 38.885369454280365)	(55, 38.81633557245018)	(60, 38.727144171353196)	(65, 38.78505467610914)	(70, 38.72047976116087)	(75, 38.52191305630771)	(80, 38.210513347913626)	(85, 37.890847653266675)	(90, 37.27375789766021)	(95, 36.828703829063386)	(100, 36.25094155731445)	(105, 35.77413143095188)	(110, 35.31509407762271)	(115, 34.89965996667361)	(120, 34.53209348746789)	(125, 34.36802176629869)	(130, 34.13931568076096)	(135, 34.092963271540654)	(140, 33.9947431090745)	(145, 33.98268433659655)	(150, 33.51939352912588)
IDDLNTM12.B_R2	(1, 38.872694056793726)	(2, 37.9932596507672)	(3, 38.25181993334722)	(4, 37.97023016038325)	(5, 38.18717281121989)	(6, 38.596789731305975)	(7, 38.485986426438934)	(8, 38.472746129278626)	(9, 38.35529837533847)	(10, 38.50472627230438)	(15, 38.523410747760884)	(20, 38.478149083524265)	(25, 38.526076511837815)	(30, 38.43910669652156)	(35, 38.420298635700895)	(40, 38.382351593418036)	(45, 38.32526765257238)	(50, 38.286266402832744)	(55, 38.226745296118864)	(60, 38.179268381587164)	(65, 38.15574967020759)	(70, 38.09022009303617)	(75, 38.02879755953621)	(80, 37.89866651044922)	(85, 37.84785192321044)	(90, 37.799672464069985)	(95, 37.70325392279386)	(100, 37.56649682357842)	(105, 37.22195367284593)	(110, 37.04172542178713)	(115, 36.88705885926542)	(120, 36.73046804485176)	(125, 36.777978198986325)	(130, 36.621513399986114)	(135, 36.523935985558566)	(140, 36.328792439075194)	(145, 36.28509182114838)	(150, 35.470686228563494)
IDDLNTM120_R1	(1, 38.77636078069918)	(2, 37.78918045970348)	(3, 38.275205650958846)	(4, 38.22461184138697)	(5, 38.52693672698493)	(6, 38.72780324841062)	(7, 38.944216027850636)	(8, 38.74550134082551)	(9, 38.78102858194447)	(10, 38.952313069931776)	(15, 39.086719024438956)	(20, 39.10498756485741)	(25, 39.01728712892849)	(30, 38.86689670184488)	(35, 38.873119521275704)	(40, 38.760682563912255)	(45, 38.78714298564865)	(50, 38.73074408875807)	(55, 38.64173654291755)	(60, 38.52349041744076)	(65, 38.548746887045276)	(70, 38.48884133193606)	(75, 38.25057275816495)	(80, 38.02030830992027)	(85, 37.719193850791825)	(90, 37.25624986940967)	(95, 36.865797398552274)	(100, 36.435343997744575)	(105, 36.010652247335784)	(110, 35.63227300359139)	(115, 35.238469376333924)	(120, 34.93116564661515)	(125, 34.76758660137788)	(130, 34.56121665752902)	(135, 34.46984460510612)	(140, 34.35514861400617)	(145, 34.279195530195764)	(150, 33.76408376890421)
IDDLNTM120_R2	(1, 38.89881404848867)	(2, 38.13689123691534)	(3, 38.39781567619601)	(4, 38.077765231296205)	(5, 38.358582759643255)	(6, 38.77817594954254)	(7, 38.62291348528996)	(8, 38.623910533286285)	(9, 38.45752986558)	(10, 38.62743767395491)	(15, 38.628302959370686)	(20, 38.56765532745287)	(25, 38.60412071971484)	(30, 38.500562001935826)	(35, 38.470437772149026)	(40, 38.42246085061221)	(45, 38.34172009221419)	(50, 38.29878726827389)	(55, 38.221006498567355)	(60, 38.16347463182846)	(65, 38.12416394474722)	(70, 38.03958461042096)	(75, 37.88010276147177)	(80, 37.617940507311445)	(85, 37.4373356020982)	(90, 37.12517015491226)	(95, 36.827105815102925)	(100, 36.39678146942548)	(105, 35.92474379034996)	(110, 35.5547678052378)	(115, 35.21908183494107)	(120, 34.92771839534915)	(125, 34.807758022219346)	(130, 34.569768119635555)	(135, 34.34983738131485)	(140, 34.110619316500255)	(145, 33.948449950378134)	(150, 32.977885820739516)
IDDLNTM121_R1	(1, 38.68591106607264)	(2, 37.774435128184045)	(3, 38.29008633180851)	(4, 38.26748489081689)	(5, 38.57360010656497)	(6, 38.831392735243604)	(7, 38.96740388988392)	(8, 38.791301608537175)	(9, 38.83166755514593)	(10, 39.007824275004864)	(15, 39.13103701950197)	(20, 39.149245650896226)	(25, 39.072081792288174)	(30, 38.92939282930242)	(35, 38.94571056314697)	(40, 38.834203517537105)	(45, 38.88037830562233)	(50, 38.82636515998276)	(55, 38.74143666701785)	(60, 38.65638631796243)	(65, 38.69896632510354)	(70, 38.65253258625758)	(75, 38.49840932874319)	(80, 38.34231472448779)	(85, 38.17704896497202)	(90, 37.8109635275105)	(95, 37.51791140027046)	(100, 37.18292669533797)	(105, 36.83303808147333)	(110, 36.53234590840195)	(115, 36.21409962720654)	(120, 35.95880339315877)	(125, 35.86798366529352)	(130, 35.67136536885639)	(135, 35.61192087814155)	(140, 35.45236643319236)	(145, 35.369855514618656)	(150, 34.80659720151367)
IDDLNTM121_R2	(1, 38.89390716919999)	(2, 37.96235781814016)	(3, 38.17010222196883)	(4, 37.79694119668566)	(5, 38.162688127491215)	(6, 38.659176291712654)	(7, 38.47065299153024)	(8, 38.472343948405324)	(9, 38.29130699458689)	(10, 38.48292383153593)	(15, 38.490118543013125)	(20, 38.42865751528653)	(25, 38.47057301526039)	(30, 38.36823959461175)	(35, 38.34362261499807)	(40, 38.2927758885734)	(45, 38.21559017048555)	(50, 38.16998131172117)	(55, 38.091730101633445)	(60, 38.03710404981019)	(65, 37.9960197880839)	(70, 37.922394012394214)	(75, 37.840660471570985)	(80, 37.69861589031795)	(85, 37.63272858066555)	(90, 37.574033512789505)	(95, 37.47025211179127)	(100, 37.31786358265839)	(105, 37.02618355815055)	(110, 36.861564860255655)	(115, 36.70566383850889)	(120, 36.54997326680204)	(125, 36.56105854530942)	(130, 36.387819855816765)	(135, 36.2508541355272)	(140, 36.04186983678168)	(145, 35.94899227009909)	(150, 35.05489593232389)
IDDLNTM124_R1	(1, 38.60412146023947)	(2, 37.73509232196728)	(3, 38.242748309355065)	(4, 38.31164536623996)	(5, 38.560694065771955)	(6, 38.84662962161764)	(7, 38.951322068614346)	(8, 38.786872800033294)	(9, 38.806071931942824)	(10, 39.01001702954106)	(15, 39.13298753295284)	(20, 39.14824709447949)	(25, 39.06895315494405)	(30, 38.92282355572116)	(35, 38.93276250540413)	(40, 38.824850169580685)	(45, 38.85766702593567)	(50, 38.80547823277773)	(55, 38.703993984864965)	(60, 38.60475963125215)	(65, 38.657403180817134)	(70, 38.568777649974166)	(75, 38.34810319628698)	(80, 38.14907484262525)	(85, 37.88136880534958)	(90, 37.42855022729879)	(95, 37.126548962392384)	(100, 36.76839963926979)	(105, 36.43497475746166)	(110, 36.15586150068979)	(115, 35.86756703098639)	(120, 35.67670097669706)	(125, 35.64145284443526)	(130, 35.49997995590299)	(135, 35.46885887462719)	(140, 35.35859588400344)	(145, 35.30212006827064)	(150, 34.802978279631986)
IDDLNTM124_R2	(1, 38.962986398920734)	(2, 38.15835884905588)	(3, 38.34207522794204)	(4, 38.093507142019895)	(5, 38.25742846623904)	(6, 38.65008184408234)	(7, 38.52425002199768)	(8, 38.502445475132454)	(9, 38.387228447751454)	(10, 38.535960730087965)	(15, 38.53933398325762)	(20, 38.47631883646399)	(25, 38.514022513555176)	(30, 38.41484972168565)	(35, 38.380849088279476)	(40, 38.34039679688341)	(45, 38.267395369654764)	(50, 38.22798263946133)	(55, 38.15545191497364)	(60, 38.10266783437032)	(65, 38.07032358669262)	(70, 37.99736968080967)	(75, 37.92568303198891)	(80, 37.78585801600288)	(85, 37.72567896599143)	(90, 37.65993337481922)	(95, 37.579994720556385)	(100, 37.41878490841499)	(105, 37.07469211981097)	(110, 36.966068488551194)	(115, 36.79037629218512)	(120, 36.67330904535144)	(125, 36.693314833044745)	(130, 36.55331123082509)	(135, 36.43299487080769)	(140, 36.24972899173745)	(145, 36.18162505848842)	(150, 35.3933339559392)
IDDLNTM126_R1	(1, 38.62781650340228)	(2, 37.8063001194386)	(3, 38.26433767321266)	(4, 38.26314328718283)	(5, 38.53837157859404)	(6, 38.69717747722423)	(7, 38.87221255564214)	(8, 38.71393387110357)	(9, 38.694830811126884)	(10, 38.919755524480166)	(15, 39.056769037528866)	(20, 39.088376026406955)	(25, 39.01277127211007)	(30, 38.8724285414376)	(35, 38.88963778197651)	(40, 38.80352515860901)	(45, 38.83129967465731)	(50, 38.78321857975996)	(55, 38.71175622189723)	(60, 38.61438031291253)	(65, 38.66396180336871)	(70, 38.58715922340001)	(75, 38.33233595576384)	(80, 38.041607925884016)	(85, 37.680083523996245)	(90, 37.171468288279954)	(95, 36.73257412131973)	(100, 36.29310505971337)	(105, 35.84936799543595)	(110, 35.4790980072612)	(115, 35.08145297594267)	(120, 34.804125909874266)	(125, 34.662617377783)	(130, 34.509011980628884)	(135, 34.45588587979519)	(140, 34.38163966547702)	(145, 34.32706701727294)	(150, 33.82664975311673)
IDDLNTM126_R2	(1, 39.12913602123564)	(2, 38.440611022747895)	(3, 38.622014776227566)	(4, 38.383566339426245)	(5, 38.56365650548979)	(6, 38.90904637704881)	(7, 38.79856507624737)	(8, 38.783753266177285)	(9, 38.657001272667536)	(10, 38.79173631941701)	(15, 38.79871642049505)	(20, 38.753269261105594)	(25, 38.79747364226063)	(30, 38.70961273189414)	(35, 38.68985768184735)	(40, 38.66747747331016)	(45, 38.609527926927775)	(50, 38.58467793683157)	(55, 38.52592244674783)	(60, 38.48904568912041)	(65, 38.470118406710384)	(70, 38.411930813380444)	(75, 38.34438691939733)	(80, 38.21217277440336)	(85, 38.14988204400132)	(90, 38.06514871707284)	(95, 37.96311185597152)	(100, 37.78357226984347)	(105, 37.43258337277061)	(110, 37.32954178038242)	(115, 37.15278130637603)	(120, 37.02954023847394)	(125, 37.04906044399848)	(130, 36.91123043110575)	(135, 36.78999858856069)	(140, 36.61203898419069)	(145, 36.549233256356516)	(150, 35.71622063998691)
IDDLNTM127_R1	(1, 38.698469300273594)	(2, 37.62524590062772)	(3, 38.23942335283495)	(4, 38.26979403632299)	(5, 38.613350988076434)	(6, 38.83626004484505)	(7, 39.036967850765706)	(8, 38.86807472646241)	(9, 38.83859309798867)	(10, 39.06090392696085)	(15, 39.196820559430265)	(20, 39.22322668346336)	(25, 39.155936635105284)	(30, 39.01834750370366)	(35, 39.047383679030425)	(40, 38.95788453392491)	(45, 39.000816149858444)	(50, 38.960314999640765)	(55, 38.88828946608654)	(60, 38.78782360478529)	(65, 38.841189826248595)	(70, 38.79098744171224)	(75, 38.59872032497891)	(80, 38.449979084947735)	(85, 38.223479515370244)	(90, 37.78702261778877)	(95, 37.45167106639438)	(100, 37.08021365530319)	(105, 36.70690214356144)	(110, 36.407002068584625)	(115, 36.104985980964436)	(120, 35.864801223255064)	(125, 35.80903115924046)	(130, 35.634475234947224)	(135, 35.61794348395844)	(140, 35.490600480186686)	(145, 35.45416782555304)	(150, 34.96737516314402)
IDDLNTM127_R2	(1, 39.007268917323174)	(2, 38.268964486726105)	(3, 38.46623860967135)	(4, 38.20995450700643)	(5, 38.41420266487298)	(6, 38.79828060198325)	(7, 38.6639658553507)	(8, 38.65341003508175)	(9, 38.53733568240151)	(10, 38.6649801802882)	(15, 38.67008036757598)	(20, 38.622750023030804)	(25, 38.664069174386576)	(30, 38.57305391940145)	(35, 38.5497267378998)	(40, 38.515933126489564)	(45, 38.450492065723964)	(50, 38.42245002757085)	(55, 38.351857296311856)	(60, 38.30936505074931)	(65, 38.28005735440678)	(70, 38.21607924534789)	(75, 38.14336785676032)	(80, 38.015014671391256)	(85, 37.94813719392728)	(90, 37.89579455379973)	(95, 37.79623423271731)	(100, 37.65450008617266)	(105, 37.31184867463804)	(110, 37.20281835288124)	(115, 37.02628649610504)	(120, 36.89488636889568)	(125, 36.91707721731511)	(130, 36.76434752750583)	(135, 36.65207499798343)	(140, 36.45176036859859)	(145, 36.3916627180047)	(150, 35.56107217301883)
IDDLNTM128_R1	(1, 38.76220204541704)	(2, 37.7581557527522)	(3, 38.33603548287414)	(4, 38.26872785506688)	(5, 38.60057572913094)	(6, 38.9053418844508)	(7, 39.0163725487127)	(8, 38.868863089251434)	(9, 38.844907766619066)	(10, 39.08375673767206)	(15, 39.209289837177856)	(20, 39.24092372461061)	(25, 39.181357448903704)	(30, 39.0584678557198)	(35, 39.09817259441685)	(40, 39.009113102555716)	(45, 39.06548330792475)	(50, 39.01599788204663)	(55, 38.942349631348215)	(60, 38.85251880376777)	(65, 38.90749525629427)	(70, 38.85352876700322)	(75, 38.71507284265923)	(80, 38.578760272811714)	(85, 38.43873287715647)	(90, 38.08550861067)	(95, 37.80398216375589)	(100, 37.4825642261756)	(105, 37.148405833136934)	(110, 36.88043679210561)	(115, 36.595350967143546)	(120, 36.36599325349567)	(125, 36.28959363111388)	(130, 36.10020906739841)	(135, 36.04444678977569)	(140, 35.89252567280572)	(145, 35.815368130794354)	(150, 35.303711650666486)
IDDLNTM128_R2	(1, 38.839186251549)	(2, 37.92340038844052)	(3, 38.14474172014842)	(4, 37.75491576708058)	(5, 38.15145244823513)	(6, 38.6160355365385)	(7, 38.468854771275794)	(8, 38.477071679037046)	(9, 38.28523858950388)	(10, 38.48983449464497)	(15, 38.511483770332646)	(20, 38.47459131236637)	(25, 38.525854727897105)	(30, 38.441914458117424)	(35, 38.423136493955376)	(40, 38.384295304234435)	(45, 38.31888497983785)	(50, 38.281697457337955)	(55, 38.21154105703583)	(60, 38.153703668093094)	(65, 38.112328805104916)	(70, 38.04536570248211)	(75, 37.96916776864937)	(80, 37.84065602890005)	(85, 37.78836440425183)	(90, 37.761005866856046)	(95, 37.68807671856755)	(100, 37.583759465610314)	(105, 37.30586538027235)	(110, 37.16434271669556)	(115, 37.01796378639617)	(120, 36.87531640729638)	(125, 36.905277666101256)	(130, 36.73659037234568)	(135, 36.60765602576963)	(140, 36.402607014557795)	(145, 36.32225948416924)	(150, 35.48514771785605)
IDDLNTM129_R1	(1, 38.75740957153865)	(2, 37.65471577765648)	(3, 38.212463279306036)	(4, 38.197312596749896)	(5, 38.58636206553369)	(6, 38.8551805434968)	(7, 38.97919055521567)	(8, 38.82133013883139)	(9, 38.86342771523506)	(10, 39.04165690772375)	(15, 39.172698405720475)	(20, 39.203733920131754)	(25, 39.13814698535161)	(30, 39.01004493387732)	(35, 39.05011232451711)	(40, 38.96131249743051)	(45, 39.01687387375286)	(50, 38.979218885661005)	(55, 38.9057569011703)	(60, 38.831676287213725)	(65, 38.88686944915601)	(70, 38.84819350671078)	(75, 38.723992508713856)	(80, 38.58468975516552)	(85, 38.40184953847019)	(90, 38.08006362952896)	(95, 37.766047589449514)	(100, 37.463628959088155)	(105, 37.1088909159811)	(110, 36.843428293241274)	(115, 36.51934248944019)	(120, 36.29107057740785)	(125, 36.16739971693978)	(130, 35.980311235993014)	(135, 35.896484948840346)	(140, 35.75113804131605)	(145, 35.66387847867137)	(150, 35.152992952801725)
IDDLNTM129_R2	(1, 38.8032503487372)	(2, 37.94959907942334)	(3, 38.1593506140909)	(4, 37.83350897395349)	(5, 38.10772407611609)	(6, 38.530505498996426)	(7, 38.408636552543)	(8, 38.40386352377824)	(9, 38.27474182049976)	(10, 38.434377041593244)	(15, 38.45670012996999)	(20, 38.40795613339895)	(25, 38.45673611289194)	(30, 38.37264068650856)	(35, 38.356367613579245)	(40, 38.31871116011953)	(45, 38.25549120148361)	(50, 38.221124498874715)	(55, 38.15474455585311)	(60, 38.10673348744119)	(65, 38.086485034320134)	(70, 38.02023249689322)	(75, 37.95959793562231)	(80, 37.831578270385606)	(85, 37.78298634643494)	(90, 37.75763499396147)	(95, 37.69653151497464)	(100, 37.59363094140524)	(105, 37.35289452892697)	(110, 37.232135842857204)	(115, 37.104709407376745)	(120, 36.982083109966496)	(125, 37.00258385058784)	(130, 36.85561722311976)	(135, 36.728049868096534)	(140, 36.54147231207776)	(145, 36.45432428020927)	(150, 35.64919357957212)
IDDLNTM13.A_R1	(1, 38.47510764453175)	(2, 37.517054714690055)	(3, 38.140214474286836)	(4, 38.22219911238091)	(5, 38.42682551174822)	(6, 38.69353371422788)	(7, 38.88289988066192)	(8, 38.74684796337173)	(9, 38.77879556510797)	(10, 38.95317234801223)	(15, 39.07844182204489)	(20, 39.093372987344964)	(25, 39.01453863329688)	(30, 38.865430233413775)	(35, 38.882284921594575)	(40, 38.77579486569997)	(45, 38.81132906322273)	(50, 38.75737487781252)	(55, 38.66916023917757)	(60, 38.586595368679475)	(65, 38.63437247921217)	(70, 38.579689498132396)	(75, 38.39108722543942)	(80, 38.18600111561727)	(85, 37.966961572486454)	(90, 37.50067208628555)	(95, 37.14647822654459)	(100, 36.74741241092878)	(105, 36.355808278177285)	(110, 36.026077124298006)	(115, 35.69088032787913)	(120, 35.420694073648846)	(125, 35.32119271232186)	(130, 35.098307144802064)	(135, 35.03035022164943)	(140, 34.85896949555111)	(145, 34.79379906214796)	(150, 34.246483170915766)
IDDLNTM13.A_R2	(1, 38.95963559288001)	(2, 38.2205686305415)	(3, 38.3580207566095)	(4, 38.09318120145434)	(5, 38.261595304843695)	(6, 38.6898846290178)	(7, 38.50599766152135)	(8, 38.49201785823304)	(9, 38.36112155051766)	(10, 38.52159234750619)	(15, 38.51399240795287)	(20, 38.44109111361863)	(25, 38.47308458426311)	(30, 38.37710983630417)	(35, 38.356125460749226)	(40, 38.31011625307659)	(45, 38.23843512741273)	(50, 38.195778064123154)	(55, 38.127200146520515)	(60, 38.07194853954185)	(65, 38.0364827739733)	(70, 37.964439618201695)	(75, 37.886991173717114)	(80, 37.75521332872477)	(85, 37.69469988943643)	(90, 37.65812677042727)	(95, 37.57168941270852)	(100, 37.446317058614476)	(105, 37.14096318671919)	(110, 36.975675875809465)	(115, 36.81702182185454)	(120, 36.66527140999771)	(125, 36.67606388127567)	(130, 36.52678992620351)	(135, 36.39126856547543)	(140, 36.210109312386535)	(145, 36.12775345183265)	(150, 35.32961546023623)
IDDLNTM13.B_R1	(1, 38.73047202559666)	(2, 37.62441590484699)	(3, 38.188430280723985)	(4, 38.29102421510429)	(5, 38.52081604384426)	(6, 38.78137484654388)	(7, 38.98984093469653)	(8, 38.77309128249031)	(9, 38.870616385565924)	(10, 39.02259263578988)	(15, 39.15456472571485)	(20, 39.17432927203185)	(25, 39.100668894310374)	(30, 38.95751661414189)	(35, 38.975919852922615)	(40, 38.86922612427269)	(45, 38.91057709118148)	(50, 38.84985779232413)	(55, 38.77398759846142)	(60, 38.6774506746057)	(65, 38.725621838443324)	(70, 38.66176235554684)	(75, 38.49319502543675)	(80, 38.304429900766046)	(85, 38.13990301453339)	(90, 37.66836568787417)	(95, 37.33861519759616)	(100, 36.9476102930125)	(105, 36.595715469218)	(110, 36.27890913594438)	(115, 35.99784145413271)	(120, 35.73799273991759)	(125, 35.68893295545955)	(130, 35.47799473589917)	(135, 35.45864131369255)	(140, 35.29214047381716)	(145, 35.26841724672376)	(150, 34.711793004685745)
IDDLNTM13.B_R2	(1, 38.9520865823144)	(2, 38.2297980812124)	(3, 38.396113366944384)	(4, 38.140274219012085)	(5, 38.318668800523284)	(6, 38.71091621566701)	(7, 38.59190376963968)	(8, 38.58950185830695)	(9, 38.47167449628519)	(10, 38.614242603144746)	(15, 38.608700603964785)	(20, 38.548531522681444)	(25, 38.58502027845145)	(30, 38.48746035391399)	(35, 38.46105808667129)	(40, 38.41560136159611)	(45, 38.34508607369982)	(50, 38.30460477761038)	(55, 38.23588500741279)	(60, 38.18729184978195)	(65, 38.15665338817874)	(70, 38.06114504413404)	(75, 37.958144025702474)	(80, 37.83036840289008)	(85, 37.733745868258)	(90, 37.703088072086196)	(95, 37.563789431157275)	(100, 37.45458951917284)	(105, 37.07225939103323)	(110, 36.92734179741749)	(115, 36.7340066925503)	(120, 36.60593191298001)	(125, 36.59498373755969)	(130, 36.47227463744678)	(135, 36.31137245377079)	(140, 36.14981943581056)	(145, 36.04054891898359)	(150, 35.228572115656306)
IDDLNTM131_R1	(1, 38.67159922345394)	(2, 37.5463142342228)	(3, 38.15161854351633)	(4, 38.11007064355584)	(5, 38.49101360746012)	(6, 38.71418962551713)	(7, 38.9128550437855)	(8, 38.77856962363721)	(9, 38.791666412348235)	(10, 38.999289698801526)	(15, 39.14086270507729)	(20, 39.17272550821977)	(25, 39.107885702380706)	(30, 38.970075143974746)	(35, 39.00404598239954)	(40, 38.909794596160644)	(45, 38.96321131338582)	(50, 38.91997058858236)	(55, 38.85800649346158)	(60, 38.77564378167027)	(65, 38.83425453571831)	(70, 38.78766803835855)	(75, 38.626535951063445)	(80, 38.355184372722576)	(85, 38.08279452413767)	(90, 37.62187398908425)	(95, 37.22450091534289)	(100, 36.8036822053192)	(105, 36.394188600105224)	(110, 36.02939693165833)	(115, 35.660873740462556)	(120, 35.3347072225213)	(125, 35.16040933466637)	(130, 34.93133670986825)	(135, 34.83817348097637)	(140, 34.70467266369867)	(145, 34.62278701258856)	(150, 34.17438594306766)
IDDLNTM131_R2	(1, 38.89622872219435)	(2, 37.99825435830577)	(3, 38.2290302248297)	(4, 37.86576625735641)	(5, 38.19466468420365)	(6, 38.661822002328336)	(7, 38.49746719190543)	(8, 38.5030288307578)	(9, 38.33353719498574)	(10, 38.50577612084235)	(15, 38.51725031728767)	(20, 38.4719994596242)	(25, 38.5244301537833)	(30, 38.44083320413957)	(35, 38.42579236466903)	(40, 38.38919622762354)	(45, 38.32767265271211)	(50, 38.29558035261962)	(55, 38.23290384037104)	(60, 38.188859876242546)	(65, 38.17132044976519)	(70, 38.11123473021291)	(75, 38.047915056831016)	(80, 37.92824956898112)	(85, 37.87912542130391)	(90, 37.855131596562266)	(95, 37.785955844624056)	(100, 37.689990637012734)	(105, 37.419129628747996)	(110, 37.301894367111295)	(115, 37.16680180130691)	(120, 37.044146261173225)	(125, 37.06833841359826)	(130, 36.92654038637683)	(135, 36.80696604625177)	(140, 36.619691245220345)	(145, 36.547437955458875)	(150, 35.76965993353541)
IDDLNTM132_R1	(1, 38.59421104158377)	(2, 37.59569751047293)	(3, 38.184158550877825)	(4, 38.1571231712497)	(5, 38.473885411312615)	(6, 38.73628308055261)	(7, 38.953440297671015)	(8, 38.76235577388697)	(9, 38.757328331523915)	(10, 38.98013746754017)	(15, 39.11091879955123)	(20, 39.141745218942205)	(25, 39.07568629485115)	(30, 38.94055705947581)	(35, 38.97884382609402)	(40, 38.892717644545314)	(45, 38.949681395815325)	(50, 38.91698466630079)	(55, 38.850619307627596)	(60, 38.77870098289037)	(65, 38.8367611228535)	(70, 38.80617628186178)	(75, 38.641600670906016)	(80, 38.47980850740459)	(85, 38.29660480784542)	(90, 37.923471735508656)	(95, 37.64345277196704)	(100, 37.31788605116891)	(105, 36.98758939942376)	(110, 36.726112412305405)	(115, 36.43725516156191)	(120, 36.21882534135644)	(125, 36.14427816483119)	(130, 35.958695969957226)	(135, 35.89363803648269)	(140, 35.74195843182973)	(145, 35.65447077826331)	(150, 35.16032136456248)
IDDLNTM132_R2	(1, 38.67220459151305)	(2, 37.749515482962735)	(3, 37.99058424611398)	(4, 37.608288242930655)	(5, 37.965721258427585)	(6, 38.45050889251539)	(7, 38.297853833461076)	(8, 38.308259115685225)	(9, 38.13964392214501)	(10, 38.32661950930567)	(15, 38.3552100589473)	(20, 38.31659371555196)	(25, 38.36796539842844)	(30, 38.280586346322586)	(35, 38.25879140430684)	(40, 38.22075100412824)	(45, 38.15819061406255)	(50, 38.11979604399049)	(55, 38.05269971115784)	(60, 38.002803325076385)	(65, 37.97268771203854)	(70, 37.90676103942552)	(75, 37.84227883152953)	(80, 37.707731995970796)	(85, 37.658485622639304)	(90, 37.627492710027205)	(95, 37.55412252087422)	(100, 37.44406491567064)	(105, 37.16688874226522)	(110, 37.02699685766716)	(115, 36.885558290945276)	(120, 36.747884212126145)	(125, 36.76751358153035)	(130, 36.60371080381404)	(135, 36.47194190220863)	(140, 36.262063667152844)	(145, 36.17303165293672)	(150, 35.35498766898246)
IDDLNTM135_R1	(1, 38.837303900893524)	(2, 37.6312138237218)	(3, 38.195964945665956)	(4, 38.18846754543804)	(5, 38.518859455389475)	(6, 38.77483828095571)	(7, 38.95928923813565)	(8, 38.79372266121296)	(9, 38.830365684655774)	(10, 39.015414838662416)	(15, 39.14546161505341)	(20, 39.174954105732596)	(25, 39.110407887875375)	(30, 38.97360755600617)	(35, 39.00844827309679)	(40, 38.91649328350671)	(45, 38.971022912238894)	(50, 38.93158613622502)	(55, 38.86429844299769)	(60, 38.78531192713443)	(65, 38.84680422014857)	(70, 38.793413939633275)	(75, 38.63436155276291)	(80, 38.448697816538235)	(85, 38.23699474583787)	(90, 37.82680641353694)	(95, 37.50350391623857)	(100, 37.121236550866456)	(105, 36.74774455955158)	(110, 36.43326009034506)	(115, 36.100070960014875)	(120, 35.84114926614687)	(125, 35.72395054386062)	(130, 35.534576686882545)	(135, 35.455041650537744)	(140, 35.31065375544066)	(145, 35.20770356139516)	(150, 34.70556188671279)
IDDLNTM135_R2	(1, 38.90705971954972)	(2, 38.106401009478816)	(3, 38.306373440407675)	(4, 37.983162059756395)	(5, 38.26781792102328)	(6, 38.676281452473916)	(7, 38.543587525082)	(8, 38.5432520146879)	(9, 38.39655594679169)	(10, 38.55896551828771)	(15, 38.57263405569212)	(20, 38.52889693805585)	(25, 38.57541142287184)	(30, 38.491378379866255)	(35, 38.475106732618585)	(40, 38.44458334940806)	(45, 38.384409343487654)	(50, 38.35186336144136)	(55, 38.287777928531085)	(60, 38.24620931773918)	(65, 38.226240814102525)	(70, 38.16713567320768)	(75, 38.087358843971636)	(80, 37.92960098971231)	(85, 37.8556785134202)	(90, 37.74796303143611)	(95, 37.59257048210763)	(100, 37.36716645000094)	(105, 37.019374381483985)	(110, 36.80446064103292)	(115, 36.62602476968338)	(120, 36.44576301088935)	(125, 36.45152902143235)	(130, 36.27140796893538)	(135, 36.12698062752581)	(140, 35.911097721520306)	(145, 35.80016376721821)	(150, 34.86003321292816)
IDDLNTM136_R1	(1, 38.74238136269659)	(2, 37.58789864111132)	(3, 38.22127062315554)	(4, 38.19899871360817)	(5, 38.54400949049608)	(6, 38.860575141637355)	(7, 39.0044860168964)	(8, 38.840103692457156)	(9, 38.88635667959568)	(10, 39.071597981805)	(15, 39.19780722673937)	(20, 39.22580438544888)	(25, 39.164588928242765)	(30, 39.0300784284051)	(35, 39.06669807382961)	(40, 38.96866066350479)	(45, 39.027759603391)	(50, 38.97353821218386)	(55, 38.90897344955611)	(60, 38.81756337371513)	(65, 38.87934484332626)	(70, 38.836811798678454)	(75, 38.68841705457768)	(80, 38.541938668157286)	(85, 38.35974047594057)	(90, 37.97296028783933)	(95, 37.66715873391705)	(100, 37.315559971001264)	(105, 36.95967701068901)	(110, 36.67608380342371)	(115, 36.36831756059101)	(120, 36.138937347591856)	(125, 36.05999321410003)	(130, 35.888036263068344)	(135, 35.84773651180332)	(140, 35.71116749212177)	(145, 35.64522709575685)	(150, 35.12144368801459)
IDDLNTM136_R2	(1, 38.95643501036192)	(2, 38.13774742294464)	(3, 38.37860146995286)	(4, 38.08048175007872)	(5, 38.37346761929636)	(6, 38.77721109274958)	(7, 38.64044640481555)	(8, 38.646002055297764)	(9, 38.480871329084415)	(10, 38.644684321397804)	(15, 38.66158990219028)	(20, 38.619789734739655)	(25, 38.66880424143158)	(30, 38.58421140763487)	(35, 38.56991385812587)	(40, 38.53108620778035)	(45, 38.47374955147154)	(50, 38.43994561516136)	(55, 38.37964278827259)	(60, 38.33501939351629)	(65, 38.30635750952589)	(70, 38.23648246284232)	(75, 38.161399848171584)	(80, 38.027033853829764)	(85, 37.96183082604907)	(90, 37.912146028661894)	(95, 37.80376241538984)	(100, 37.66185098847129)	(105, 37.35380725603103)	(110, 37.20945007359528)	(115, 37.051597444791334)	(120, 36.915289120835396)	(125, 36.92800199183252)	(130, 36.779940684399506)	(135, 36.64424973088292)	(140, 36.46580272558846)	(145, 36.37336334100612)	(150, 35.55501265643574)
IDDLNTM137_R1	(1, 38.70765890842738)	(2, 37.765934743272155)	(3, 38.297589683657705)	(4, 38.1878362241009)	(5, 38.53299426071324)	(6, 38.78431490561208)	(7, 38.93186389276657)	(8, 38.79846857943182)	(9, 38.78199525803424)	(10, 38.981051325743024)	(15, 39.11823865392465)	(20, 39.138591649622754)	(25, 39.06081675527612)	(30, 38.90845322486597)	(35, 38.934279979904886)	(40, 38.829905397889306)	(45, 38.86614819191756)	(50, 38.815596797668455)	(55, 38.72808752633589)	(60, 38.64797322917106)	(65, 38.69144771570297)	(70, 38.64305459916511)	(75, 38.467724504322256)	(80, 38.28487346910164)	(85, 38.075895739063725)	(90, 37.71363525807672)	(95, 37.41563361747128)	(100, 37.091905626596926)	(105, 36.740207472508175)	(110, 36.452504330752284)	(115, 36.140682235542656)	(120, 35.89961307343745)	(125, 35.79559429817031)	(130, 35.604282072260986)	(135, 35.52745351765421)	(140, 35.37633924066945)	(145, 35.28637161023265)	(150, 34.75576752118113)
IDDLNTM137_R2	(1, 38.83952478379872)	(2, 37.94708534086818)	(3, 38.134806857121816)	(4, 37.844909325925)	(5, 38.08664620099293)	(6, 38.52316903794458)	(7, 38.376302633288574)	(8, 38.36108118518697)	(9, 38.23182668352353)	(10, 38.40263119975557)	(15, 38.41296411095931)	(20, 38.347218175387596)	(25, 38.388243295344026)	(30, 38.28768296167165)	(35, 38.26082624345607)	(40, 38.21104799425894)	(45, 38.1305796605285)	(50, 38.08109561571738)	(55, 38.00176175675776)	(60, 37.94041635408188)	(65, 37.89926583437391)	(70, 37.821797818922334)	(75, 37.73721642998733)	(80, 37.59656265898455)	(85, 37.53483284340574)	(90, 37.48851353145456)	(95, 37.404730494974984)	(100, 37.28381327120228)	(105, 37.008000022658344)	(110, 36.872254472986484)	(115, 36.711012271969466)	(120, 36.575259783180925)	(125, 36.57047455415291)	(130, 36.40960359587859)	(135, 36.25471259842659)	(140, 36.04812928848917)	(145, 35.93663496033197)	(150, 35.05329241614733)
IDDLNTM139_R1	(1, 38.725126068824004)	(2, 38.03727594490306)	(3, 38.429489716889144)	(4, 38.41426679509165)	(5, 38.63079556527664)	(6, 38.8455735401213)	(7, 39.020306914048255)	(8, 38.791309506812446)	(9, 38.87852435820573)	(10, 39.028788961366594)	(15, 39.15118167750812)	(20, 39.16907378115246)	(25, 39.09884326913855)	(30, 38.999747378102754)	(35, 39.00217437284255)	(40, 38.85403309328108)	(45, 38.920195911624205)	(50, 38.85342562603274)	(55, 38.75387660266974)	(60, 38.65881653858014)	(65, 38.68706520275516)	(70, 38.64349401764729)	(75, 38.467567203641806)	(80, 38.25851574169333)	(85, 38.019661519149246)	(90, 37.63765372179912)	(95, 37.29881208973545)	(100, 36.96003494092628)	(105, 36.61211379169971)	(110, 36.29154328985191)	(115, 35.969972297818906)	(120, 35.76277085544348)	(125, 35.703233816468284)	(130, 35.570710481121935)	(135, 35.550273538340505)	(140, 35.434759535883025)	(145, 35.35309624281944)	(150, 34.79438433331844)
IDDLNTM139_R2	(1, 38.92364826509116)	(2, 38.07262926408798)	(3, 38.30082625418212)	(4, 38.012552365307634)	(5, 38.29333444971009)	(6, 38.71442509773243)	(7, 38.585437344239665)	(8, 38.586558303140656)	(9, 38.4443114928592)	(10, 38.61332660174811)	(15, 38.624275758389)	(20, 38.559254768527296)	(25, 38.610612556551715)	(30, 38.501469399665275)	(35, 38.48364527836677)	(40, 38.43838953071874)	(45, 38.3632041804144)	(50, 38.32174657143723)	(55, 38.24017038075424)	(60, 38.190298956739674)	(65, 38.145630556564846)	(70, 38.074129124592965)	(75, 37.99221314714835)	(80, 37.86039200445134)	(85, 37.79668454848131)	(90, 37.765515017818814)	(95, 37.67999622598007)	(100, 37.562757171497026)	(105, 37.27491454562893)	(110, 37.13975164574449)	(115, 36.99393513746899)	(120, 36.85805217457592)	(125, 36.887609998778444)	(130, 36.74030350243421)	(135, 36.605925523715555)	(140, 36.423910665699005)	(145, 36.338210670916396)	(150, 35.5277860655561)
IDDLNTM14.A_R1	(1, 38.57806944571619)	(2, 37.60542857588161)	(3, 38.19627142781998)	(4, 38.18377223145455)	(5, 38.49532041153883)	(6, 38.771696672271005)	(7, 38.93339087032163)	(8, 38.80927267661939)	(9, 38.78316429407765)	(10, 39.00060764514615)	(15, 39.12596957293398)	(20, 39.14247242802844)	(25, 39.06165650028346)	(30, 38.90700847274364)	(35, 38.92396029168525)	(40, 38.81415750847957)	(45, 38.841025885800114)	(50, 38.77894058559147)	(55, 38.68325040473959)	(60, 38.57356353973266)	(65, 38.59438235082107)	(70, 38.531992448757336)	(75, 38.315798676389505)	(80, 37.995199038366)	(85, 37.615213435601106)	(90, 37.05272115536351)	(95, 36.516369792691506)	(100, 35.991543718694786)	(105, 35.452727487029826)	(110, 35.008753869622225)	(115, 34.5304798623788)	(120, 34.1589030047166)	(125, 33.92563506613182)	(130, 33.69333996372442)	(135, 33.595174101341726)	(140, 33.50240018858624)	(145, 33.46252783497924)	(150, 32.980141946217856)
IDDLNTM14.A_R2	(1, 38.76101856054924)	(2, 37.93388425324328)	(3, 38.16642249163733)	(4, 37.83535232313708)	(5, 38.134979436696)	(6, 38.589753805331455)	(7, 38.428422947517305)	(8, 38.420303803091024)	(9, 38.27014492697153)	(10, 38.45306559801127)	(15, 38.45439193598978)	(20, 38.388474126863215)	(25, 38.42229486862279)	(30, 38.32339161063954)	(35, 38.29393689374295)	(40, 38.24246541449036)	(45, 38.162471824084875)	(50, 38.11535750536243)	(55, 38.03672756106162)	(60, 37.979458515896376)	(65, 37.93250794380598)	(70, 37.85587978016455)	(75, 37.76926667614793)	(80, 37.61540708718023)	(85, 37.54038570563012)	(90, 37.456501354976595)	(95, 37.33598198299997)	(100, 37.14480306569542)	(105, 36.795443927737175)	(110, 36.572388382463814)	(115, 36.39953496346142)	(120, 36.20405031823929)	(125, 36.21773002943738)	(130, 36.03006703773478)	(135, 35.8933981176443)	(140, 35.66803580021547)	(145, 35.595191830007415)	(150, 34.672273194841935)
IDDLNTM14.B_R1	(1, 38.60722518553998)	(2, 37.58380989072838)	(3, 38.16929364649205)	(4, 38.15238620302633)	(5, 38.45619626912418)	(6, 38.68494308804077)	(7, 38.87128922316258)	(8, 38.71886685018351)	(9, 38.767600198532854)	(10, 38.94594444404864)	(15, 39.07668238232846)	(20, 39.09192783473327)	(25, 39.009595961533435)	(30, 38.85010641821197)	(35, 38.86108315855757)	(40, 38.74629595022576)	(45, 38.77922821723966)	(50, 38.70793877486525)	(55, 38.62059535376862)	(60, 38.523063112731336)	(65, 38.565484694721036)	(70, 38.50051651788577)	(75, 38.32311985206125)	(80, 38.112127876493126)	(85, 37.887434795896425)	(90, 37.3765727216081)	(95, 36.992001362036206)	(100, 36.53160104834406)	(105, 36.104381734027726)	(110, 35.726055500417694)	(115, 35.35661465317857)	(120, 35.048787676349065)	(125, 34.939469072589624)	(130, 34.70086860862777)	(135, 34.650002475266966)	(140, 34.48855427420149)	(145, 34.45972762564172)	(150, 33.89520760913507)
IDDLNTM14.B_R2	(1, 38.937871164455096)	(2, 38.11172496514075)	(3, 38.2926547411775)	(4, 37.96956645562047)	(5, 38.21761779941642)	(6, 38.68815015718402)	(7, 38.50145036030205)	(8, 38.49265192795895)	(9, 38.34053791296085)	(10, 38.51315963352896)	(15, 38.51123860714993)	(20, 38.445817684805164)	(25, 38.4786815577266)	(30, 38.383677340638926)	(35, 38.35890355355171)	(40, 38.31370024644891)	(45, 38.242399843482744)	(50, 38.196648287581084)	(55, 38.12373609306419)	(60, 38.07227085375885)	(65, 38.03492870226411)	(70, 37.960826187484216)	(75, 37.882754477082045)	(80, 37.7401937869155)	(85, 37.66824079031712)	(90, 37.60632828031787)	(95, 37.488690222074375)	(100, 37.32913674196776)	(105, 36.97622651305032)	(110, 36.7779733756266)	(115, 36.6047213479628)	(120, 36.43246695335921)	(125, 36.441988054051066)	(130, 36.27371491172065)	(135, 36.13096906062431)	(140, 35.93439939702131)	(145, 35.84049328508481)	(150, 34.97436591606707)
IDDLNTM140_R1	(1, 38.61948986132449)	(2, 37.44059845147375)	(3, 38.09444534882538)	(4, 38.104338315341806)	(5, 38.456084731449735)	(6, 38.70180084853541)	(7, 38.88482607058919)	(8, 38.73688941569078)	(9, 38.754425305482926)	(10, 38.96060689613072)	(15, 39.09625199670353)	(20, 39.1267921495213)	(25, 39.05492425244437)	(30, 38.91429273454272)	(35, 38.951121206263295)	(40, 38.8615597179688)	(45, 38.91372307629697)	(50, 38.87419109343046)	(55, 38.805414754748845)	(60, 38.72923540244386)	(65, 38.78797816598329)	(70, 38.744593282936705)	(75, 38.59125733820342)	(80, 38.43758004619126)	(85, 38.252647247347056)	(90, 37.88721275448431)	(95, 37.592401945323395)	(100, 37.2707848443843)	(105, 36.925028538870855)	(110, 36.65972732914831)	(115, 36.36194135541832)	(120, 36.124593079450996)	(125, 36.02710063385799)	(130, 35.830443090134)	(135, 35.7540165026911)	(140, 35.594323766113526)	(145, 35.50560664177358)	(150, 34.971892518847866)
IDDLNTM140_R2	(1, 38.91136772920122)	(2, 38.105400510749135)	(3, 38.27747972773612)	(4, 37.976359030187105)	(5, 38.162180145899256)	(6, 38.598845218594526)	(7, 38.47198306998891)	(8, 38.45271093837435)	(9, 38.36192477133293)	(10, 38.48295339159807)	(15, 38.496864081719856)	(20, 38.447869402871184)	(25, 38.49497349598625)	(30, 38.410650238586996)	(35, 38.39305014905328)	(40, 38.35852086237244)	(45, 38.29569088485761)	(50, 38.260676386500755)	(55, 38.201357758401414)	(60, 38.15421713960137)	(65, 38.132994190482975)	(70, 38.07428428988574)	(75, 38.009618260807635)	(80, 37.890611271073496)	(85, 37.84179962762115)	(90, 37.81427564174306)	(95, 37.74332363384781)	(100, 37.63990588785903)	(105, 37.3727316939168)	(110, 37.25512051441187)	(115, 37.115345467864515)	(120, 36.99338345864662)	(125, 37.00557937468842)	(130, 36.861764017621866)	(135, 36.72843183737422)	(140, 36.548290007834204)	(145, 36.457016492516814)	(150, 35.64163241323878)
IDDLNTM141_R1	(1, 38.75030605840404)	(2, 37.713720487152855)	(3, 38.2689373193606)	(4, 38.273012010395334)	(5, 38.54541241128973)	(6, 38.70500880583752)	(7, 38.93027590812546)	(8, 38.72344881199826)	(9, 38.77369738235598)	(10, 38.96286402078255)	(15, 39.09639716549232)	(20, 39.119394332080425)	(25, 39.04234435968807)	(30, 38.89421034699606)	(35, 38.91473899757325)	(40, 38.81709008212491)	(45, 38.85478316576302)	(50, 38.8067212109787)	(55, 38.721247261302345)	(60, 38.637505217654045)	(65, 38.679455866408574)	(70, 38.62606061184083)	(75, 38.45146018217197)	(80, 38.26434038605263)	(85, 38.043522164553806)	(90, 37.68347175039839)	(95, 37.35890970358855)	(100, 37.03543386226529)	(105, 36.66705257183419)	(110, 36.36681358958161)	(115, 36.031123577789764)	(120, 35.77183353588416)	(125, 35.65057040601414)	(130, 35.44539518313889)	(135, 35.353471695609215)	(140, 35.19447432934502)	(145, 35.099646366331356)	(150, 34.569307389780924)
IDDLNTM141_R2	(1, 38.87470183022215)	(2, 38.000055195018)	(3, 38.21601503739564)	(4, 37.936636525181406)	(5, 38.1534271337491)	(6, 38.61846058253877)	(7, 38.43129427649985)	(8, 38.42686487630532)	(9, 38.30258274128898)	(10, 38.451745816390115)	(15, 38.45718804516495)	(20, 38.3914330838532)	(25, 38.42811893958195)	(30, 38.324946950891245)	(35, 38.298273796104326)	(40, 38.245370832395665)	(45, 38.16918993802939)	(50, 38.11967554258022)	(55, 38.040708842018674)	(60, 37.98105633930001)	(65, 37.945856203585194)	(70, 37.87017750271359)	(75, 37.78672929136699)	(80, 37.651624306181375)	(85, 37.586330953792235)	(90, 37.54897796886799)	(95, 37.46918180082269)	(100, 37.348993999773946)	(105, 37.07813297169774)	(110, 36.951140193113574)	(115, 36.78138401913482)	(120, 36.65345373693608)	(125, 36.63714239157984)	(130, 36.4755581646926)	(135, 36.30799826541539)	(140, 36.105231736891845)	(145, 35.98548435961908)	(150, 35.130890926730444)
IDDLNTM143_R1	(1, 38.71445378172453)	(2, 37.96035337755206)	(3, 38.33159723692087)	(4, 38.082541107620266)	(5, 38.44835745152119)	(6, 38.61192868104169)	(7, 38.81652998202417)	(8, 38.63404549133426)	(9, 38.60446526182943)	(10, 38.8418896112166)	(15, 38.98065747333573)	(20, 39.00337615600405)	(25, 38.92114747728613)	(30, 38.77567579592902)	(35, 38.78736053600002)	(40, 38.680758007566816)	(45, 38.7223085296657)	(50, 38.6729765391906)	(55, 38.576874100555486)	(60, 38.498364521882365)	(65, 38.53843489764548)	(70, 38.489977794562506)	(75, 38.34350383321657)	(80, 38.23451716098249)	(85, 38.13650145559372)	(90, 37.890706447070556)	(95, 37.69249394245681)	(100, 37.51337750162438)	(105, 37.266470618010814)	(110, 37.076818204171495)	(115, 36.857299648031116)	(120, 36.67901608673793)	(125, 36.66883087569981)	(130, 36.49430229766023)	(135, 36.462209306828996)	(140, 36.301017609612664)	(145, 36.243463968989126)	(150, 35.71685986616212)
IDDLNTM143_R2	(1, 38.86326029575186)	(2, 38.10439744040316)	(3, 38.29919642868401)	(4, 38.00472354167271)	(5, 38.2448600275645)	(6, 38.659990564445394)	(7, 38.55040266832729)	(8, 38.54301562702935)	(9, 38.39564011807593)	(10, 38.571215938197305)	(15, 38.584938311323945)	(20, 38.52384743655724)	(25, 38.56265440633014)	(30, 38.46405894933893)	(35, 38.44019978588965)	(40, 38.39266570269572)	(45, 38.31732933814395)	(50, 38.269511215574326)	(55, 38.190911064223556)	(60, 38.1309227694992)	(65, 38.09265224649243)	(70, 38.02046791199895)	(75, 37.939892238688905)	(80, 37.80846133989559)	(85, 37.74441737792098)	(90, 37.71220477639375)	(95, 37.63990270462481)	(100, 37.53076457354554)	(105, 37.27781360294257)	(110, 37.1538989394098)	(115, 36.99470178657669)	(120, 36.87074338587978)	(125, 36.854803747489576)	(130, 36.69875127514189)	(135, 36.5277496274325)	(140, 36.32637104210639)	(145, 36.19643736659759)	(150, 35.31635335809732)
IDDLNTM144_R1	(1, 38.631948300278864)	(2, 37.80807718462047)	(3, 38.36087139951713)	(4, 38.269411570206685)	(5, 38.656447492373246)	(6, 38.858241417172515)	(7, 39.036103867341275)	(8, 38.83352933102919)	(9, 38.836433034293876)	(10, 39.05703751302319)	(15, 39.180277120986204)	(20, 39.195206374656095)	(25, 39.11824135478598)	(30, 38.977494603564764)	(35, 38.99201694106344)	(40, 38.87719623996357)	(45, 38.920926003331445)	(50, 38.86618041561909)	(55, 38.77014149266022)	(60, 38.664698033576435)	(65, 38.70896915609735)	(70, 38.63635232171488)	(75, 38.50848955961345)	(80, 38.34573447667056)	(85, 38.20665212020638)	(90, 37.84310909533286)	(95, 37.57357992650866)	(100, 37.2479708779657)	(105, 36.932150978532796)	(110, 36.64505820663668)	(115, 36.371808928760814)	(120, 36.144464598761004)	(125, 36.0999315307784)	(130, 35.923196171338375)	(135, 35.8980479253358)	(140, 35.74140500714326)	(145, 35.66929818268026)	(150, 35.118886509535784)
IDDLNTM144_R2	(1, 38.96857980173559)	(2, 38.13665731388537)	(3, 38.33764684230556)	(4, 37.984411164694215)	(5, 38.31499195213705)	(6, 38.76688803488655)	(7, 38.591381456226486)	(8, 38.59351117654765)	(9, 38.419187602547865)	(10, 38.6029405893032)	(15, 38.60614226625326)	(20, 38.54548914162367)	(25, 38.58425784978571)	(30, 38.48219605280396)	(35, 38.45647619017912)	(40, 38.40781032621919)	(45, 38.3349480008235)	(50, 38.29107981733223)	(55, 38.21180883518101)	(60, 38.159467624507926)	(65, 38.12086580032566)	(70, 38.049445695641054)	(75, 37.97347496116438)	(80, 37.83970934113581)	(85, 37.78284729024087)	(90, 37.74432688048611)	(95, 37.669417496927466)	(100, 37.55145968894074)	(105, 37.28326925716353)	(110, 37.14969477388)	(115, 37.00976450642894)	(120, 36.870176273153206)	(125, 36.888569695117006)	(130, 36.73607002264631)	(135, 36.61242342052891)	(140, 36.42539942978708)	(145, 36.339949685259924)	(150, 35.52769728181869)
IDDLNTM145_R1	(1, 38.76358540267004)	(2, 37.720275761322775)	(3, 38.30793389832686)	(4, 38.233625434102095)	(5, 38.582239877304616)	(6, 38.84912002247674)	(7, 39.02503170269538)	(8, 38.83893767063695)	(9, 38.86705381760267)	(10, 39.06269102966943)	(15, 39.18596500982831)	(20, 39.20750611992075)	(25, 39.13574945677344)	(30, 39.00045328378003)	(35, 39.02701551952509)	(40, 38.920401708586255)	(45, 38.970429141079684)	(50, 38.91963397787582)	(55, 38.839477853816504)	(60, 38.73264828973936)	(65, 38.751505080329295)	(70, 38.719332504777256)	(75, 38.536489765521154)	(80, 38.391714270730596)	(85, 38.11934594196022)	(90, 37.73764730090592)	(95, 37.33776170651381)	(100, 36.97706677247922)	(105, 36.55302432446037)	(110, 36.246742567795124)	(115, 35.861159612040304)	(120, 35.60564639694997)	(125, 35.461024397754095)	(130, 35.28849105279486)	(135, 35.216913495923244)	(140, 35.10005852967311)	(145, 35.029168501642474)	(150, 34.485481629285815)
IDDLNTM145_R2	(1, 38.96121898417003)	(2, 38.13532970276656)	(3, 38.3384367248741)	(4, 38.05322346014201)	(5, 38.306850077895646)	(6, 38.743916568151896)	(7, 38.59798454892451)	(8, 38.600794984181825)	(9, 38.4398722920022)	(10, 38.61245896446497)	(15, 38.62671080296857)	(20, 38.57026991678003)	(25, 38.6185217877182)	(30, 38.521810717269666)	(35, 38.50205275084198)	(40, 38.4606150902092)	(45, 38.392747796502086)	(50, 38.35137576323937)	(55, 38.28065666965528)	(60, 38.2291317705342)	(65, 38.189304634206394)	(70, 38.10355501947233)	(75, 38.026768047895345)	(80, 37.88254309850066)	(85, 37.831938667473736)	(90, 37.77933255953694)	(95, 37.70246589156446)	(100, 37.566522880384426)	(105, 37.2914266771047)	(110, 37.147650757084165)	(115, 37.00695629061299)	(120, 36.8656458198672)	(125, 36.88462628308775)	(130, 36.728279646732666)	(135, 36.59627958523333)	(140, 36.41348528723242)	(145, 36.328391777707715)	(150, 35.52706128598053)
IDDLNTM146_R1	(1, 38.51243898735602)	(2, 37.586128795390756)	(3, 38.22182475993872)	(4, 38.26669733540626)	(5, 38.567921056774324)	(6, 38.822894257063744)	(7, 38.94254959025662)	(8, 38.78215637749782)	(9, 38.844320709968436)	(10, 39.01979512508786)	(15, 39.14359408849306)	(20, 39.163583405978294)	(25, 39.085837034307104)	(30, 38.93596139518711)	(35, 38.9660765511499)	(40, 38.86503585429084)	(45, 38.89849794049105)	(50, 38.83865463885089)	(55, 38.749528446651965)	(60, 38.654828189554294)	(65, 38.700898649909675)	(70, 38.65335505917155)	(75, 38.47749878817673)	(80, 38.274375688194276)	(85, 38.06301790276935)	(90, 37.63977434852016)	(95, 37.328495747719124)	(100, 36.95527780444469)	(105, 36.589979955788046)	(110, 36.269793331782715)	(115, 35.937383711677775)	(120, 35.66809860472269)	(125, 35.537548051450464)	(130, 35.32217214569713)	(135, 35.22379000761779)	(140, 35.06070052297933)	(145, 34.948973187832934)	(150, 34.40974724706183)
IDDLNTM146_R2	(1, 38.93017642901185)	(2, 38.1388726918713)	(3, 38.291971125854154)	(4, 38.00784715971605)	(5, 38.19942970748508)	(6, 38.61215276726314)	(7, 38.485243461040284)	(8, 38.47043570013103)	(9, 38.35131814371655)	(10, 38.500214101306064)	(15, 38.50301655403207)	(20, 38.44277619100697)	(25, 38.47953546738794)	(30, 38.381900546947335)	(35, 38.357000451225645)	(40, 38.31351363889106)	(45, 38.23998898674394)	(50, 38.19678463607825)	(55, 38.12251285219922)	(60, 38.06862710356305)	(65, 38.03193010963645)	(70, 37.95817582852308)	(75, 37.8781678735503)	(80, 37.74536673305117)	(85, 37.691962578124205)	(90, 37.6553552709319)	(95, 37.584804455643834)	(100, 37.46967194542682)	(105, 37.19934985708325)	(110, 37.065904157611556)	(115, 36.91644344849789)	(120, 36.777794200300804)	(125, 36.78433110899064)	(130, 36.62683433103383)	(135, 36.48452012550129)	(140, 36.29189028752373)	(145, 36.19379877226249)	(150, 35.38529300780657)
IDDLNTM147_R1	(1, 38.75979396913864)	(2, 37.80613911233024)	(3, 38.23403332611529)	(4, 38.21295506857042)	(5, 38.43060166809553)	(6, 38.62003929211261)	(7, 38.82283993194192)	(8, 38.65438144030826)	(9, 38.71289478709823)	(10, 38.87684662407038)	(15, 39.01170829431755)	(20, 39.04070602289595)	(25, 38.96013276477972)	(30, 38.82133212809725)	(35, 38.84126667008884)	(40, 38.74254233617945)	(45, 38.790473206606535)	(50, 38.74671998970986)	(55, 38.665744094628344)	(60, 38.58565363898499)	(65, 38.63243025197655)	(70, 38.58065041446709)	(75, 38.42887224871133)	(80, 38.309896093622925)	(85, 38.220946916705955)	(90, 37.943917579788376)	(95, 37.742055482162286)	(100, 37.53292751020213)	(105, 37.29397545196845)	(110, 37.0875199258292)	(115, 36.89411981281866)	(120, 36.68522329024339)	(125, 36.68732710378897)	(130, 36.4855377766187)	(135, 36.46262656896545)	(140, 36.27821742278121)	(145, 36.23049668196223)	(150, 35.70848942104415)
IDDLNTM147_R2	(1, 38.93159990174021)	(2, 38.15933268311948)	(3, 38.35251346204264)	(4, 38.05067773878986)	(5, 38.29621627064788)	(6, 38.70385826990012)	(7, 38.57843111224135)	(8, 38.57053414104606)	(9, 38.43671202626187)	(10, 38.59884318576468)	(15, 38.60053334843812)	(20, 38.55116933272049)	(25, 38.59625759246618)	(30, 38.50815436226431)	(35, 38.48864833991906)	(40, 38.449895358051286)	(45, 38.38758119068593)	(50, 38.348497240918)	(55, 38.286902281668475)	(60, 38.23653301094055)	(65, 38.21012449451576)	(70, 38.14587880257592)	(75, 38.074954277535895)	(80, 37.94765837457157)	(85, 37.89725519674476)	(90, 37.868137416581945)	(95, 37.80415393429536)	(100, 37.70128467389297)	(105, 37.44816487661179)	(110, 37.331935589886164)	(115, 37.1945975213596)	(120, 37.07153087994625)	(125, 37.07868708723663)	(130, 36.92966231951697)	(135, 36.79156531413924)	(140, 36.59953257766132)	(145, 36.504552421377916)	(150, 35.671570412004684)
IDDLNTM148_R1	(1, 38.525669877501365)	(2, 37.567377128404395)	(3, 38.1750318673856)	(4, 38.24393857269825)	(5, 38.53597803353607)	(6, 38.76112968081926)	(7, 38.96250851764961)	(8, 38.79562536972215)	(9, 38.80315488557405)	(10, 39.01007625708412)	(15, 39.135702588731874)	(20, 39.152325123941516)	(25, 39.07608082709474)	(30, 38.930518212938075)	(35, 38.959378976223164)	(40, 38.85957660297414)	(45, 38.89993819484005)	(50, 38.85319886343018)	(55, 38.76780774851233)	(60, 38.6747752578911)	(65, 38.707978971269526)	(70, 38.65843381231853)	(75, 38.49901797188067)	(80, 38.384267274772604)	(85, 38.23343549712833)	(90, 37.910043482493236)	(95, 37.61608362647104)	(100, 37.325311373013434)	(105, 36.979107321521035)	(110, 36.7078871563348)	(115, 36.40530141967547)	(120, 36.135984484773644)	(125, 36.026878850942424)	(130, 35.76236739682772)	(135, 35.65458553390615)	(140, 35.41554391132774)	(145, 35.29065808959272)	(150, 34.683365771922254)
IDDLNTM148_R2	(1, 38.86428842561579)	(2, 38.18038985059049)	(3, 38.358389863262566)	(4, 38.120247612322096)	(5, 38.237673960213144)	(6, 38.61741453982228)	(7, 38.5102180115097)	(8, 38.505153790015676)	(9, 38.416099063360946)	(10, 38.54301333850968)	(15, 38.533663652057115)	(20, 38.47442769746691)	(25, 38.504667873585696)	(30, 38.40190161747502)	(35, 38.3713001720522)	(40, 38.32541839443673)	(45, 38.24821666481386)	(50, 38.20793721102632)	(55, 38.12951389348892)	(60, 38.07050557542447)	(65, 38.02299174990395)	(70, 37.95191040152618)	(75, 37.86422587165147)	(80, 37.735500872357086)	(85, 37.66594051843758)	(90, 37.633329973313764)	(95, 37.54907969064012)	(100, 37.43271802734979)	(105, 37.1546374318084)	(110, 37.0271440428869)	(115, 36.856839435032875)	(120, 36.720290927774364)	(125, 36.70469102892055)	(130, 36.541435550120646)	(135, 36.376563114703586)	(140, 36.17151790132026)	(145, 36.05572371653493)	(150, 35.159360832117486)
IDDLNTM149_R1	(1, 38.71812405554697)	(2, 37.728596269158146)	(3, 38.2994140406179)	(4, 38.329183534113255)	(5, 38.624855134530186)	(6, 38.854463526389125)	(7, 39.023755659886696)	(8, 38.83525034969621)	(9, 38.8728047017631)	(10, 39.090436556287045)	(15, 39.202481681748054)	(20, 39.222176766690765)	(25, 39.15263624033838)	(30, 39.017515385267004)	(35, 39.042125740039765)	(40, 38.92676130148019)	(45, 38.97857153917645)	(50, 38.91933508077702)	(55, 38.843615854271334)	(60, 38.746431307276325)	(65, 38.78991830452825)	(70, 38.71645243630549)	(75, 38.57062272492518)	(80, 38.38922543997051)	(85, 38.23013171409894)	(90, 37.81166629675432)	(95, 37.528441604300255)	(100, 37.16493109458937)	(105, 36.83957635066841)	(110, 36.545097740356745)	(115, 36.26952479875199)	(120, 36.06040224400674)	(125, 36.01378175009329)	(130, 35.86420340463077)	(135, 35.850231223051686)	(140, 35.7096364343526)	(145, 35.632676609870195)	(150, 35.06951265388683)
IDDLNTM149_R2	(1, 38.967897781527846)	(2, 38.27518382012483)	(3, 38.47285121659669)	(4, 38.15464603335041)	(5, 38.42135455931901)	(6, 38.819530036225096)	(7, 38.699284940701176)	(8, 38.70222521255791)	(9, 38.54989459775144)	(10, 38.708484676064565)	(15, 38.71056873492709)	(20, 38.65340528356287)	(25, 38.69908819388549)	(30, 38.60132640144913)	(35, 38.57713723060033)	(40, 38.53146622224557)	(45, 38.46716256175284)	(50, 38.42422341936857)	(55, 38.35716918981301)	(60, 38.31008306176908)	(65, 38.28260433274137)	(70, 38.206881827122096)	(75, 38.12955923551717)	(80, 37.96678804447328)	(85, 37.90372413181672)	(90, 37.79168459299368)	(95, 37.6548123269167)	(100, 37.43626547825113)	(105, 37.101396204061665)	(110, 36.88750557525217)	(115, 36.734784017235995)	(120, 36.54773487637894)	(125, 36.58614058349398)	(130, 36.411648504526845)	(135, 36.295954818672605)	(140, 36.08533613798753)	(145, 36.00478823454041)	(150, 35.09744189668788)
IDDLNTM15.A_R1	(1, 38.66940192908461)	(2, 37.705867689313926)	(3, 38.267460084172434)	(4, 38.25738263368128)	(5, 38.58984872203272)	(6, 38.788142031303764)	(7, 38.987406946618634)	(8, 38.80447932261012)	(9, 38.81665721036957)	(10, 39.03182547549224)	(15, 39.157805136478295)	(20, 39.17582487393502)	(25, 39.0957176873771)	(30, 38.94971464769027)	(35, 38.9556117312771)	(40, 38.83712647056813)	(45, 38.87486689407352)	(50, 38.805727098101684)	(55, 38.71683435073976)	(60, 38.62027503013483)	(65, 38.67099961035499)	(70, 38.60207546352946)	(75, 38.416510011142485)	(80, 38.21454410394179)	(85, 38.04334629871418)	(90, 37.60302328071986)	(95, 37.3111564709555)	(100, 36.96492483952777)	(105, 36.64498408379875)	(110, 36.367077685189614)	(115, 36.105627704444004)	(120, 35.8967448918906)	(125, 35.879758921389694)	(130, 35.711475022843224)	(135, 35.70065583407958)	(140, 35.57075575182119)	(145, 35.53573327317761)	(150, 35.00417034095078)
IDDLNTM15.A_R2	(1, 38.92283069126671)	(2, 38.04778870758623)	(3, 38.266180863644756)	(4, 37.97073059579229)	(5, 38.219147292650746)	(6, 38.68708679969284)	(7, 38.514878287202556)	(8, 38.508152695272535)	(9, 38.36042026974372)	(10, 38.53065221106455)	(15, 38.5389970856376)	(20, 38.47146235368374)	(25, 38.50659721415209)	(30, 38.407276290214895)	(35, 38.379289296611)	(40, 38.32896630140296)	(45, 38.25217889035481)	(50, 38.204035446303045)	(55, 38.12996187859026)	(60, 38.07620052818546)	(65, 38.033545199960805)	(70, 37.95442839532335)	(75, 37.86870047691638)	(80, 37.72519690744906)	(85, 37.65656187266583)	(90, 37.59791122929583)	(95, 37.480777558270155)	(100, 37.327941193225186)	(105, 36.9781598273713)	(110, 36.78180398805089)	(115, 36.61742966451792)	(120, 36.447004586873746)	(125, 36.469535821136986)	(130, 36.30303025331483)	(135, 36.17229510027092)	(140, 35.981029072986665)	(145, 35.89989814542645)	(150, 35.055140010162674)
IDDLNTM15.B_R1	(1, 38.56995940479026)	(2, 37.735387203260075)	(3, 38.23384149825497)	(4, 38.17576814057419)	(5, 38.513255962623774)	(6, 38.79525975631674)	(7, 38.915921522811246)	(8, 38.779986283344655)	(9, 38.790385951120896)	(10, 38.97146344182348)	(15, 39.09954970240038)	(20, 39.11371072277393)	(25, 39.0353473553088)	(30, 38.88494204196862)	(35, 38.902921255583216)	(40, 38.79425979499218)	(45, 38.82045703167589)	(50, 38.7413555758519)	(55, 38.629951554201355)	(60, 38.534056348188145)	(65, 38.56762459834857)	(70, 38.51359868650513)	(75, 38.347112301046806)	(80, 38.17704103498973)	(85, 38.01804445435344)	(90, 37.60072968826372)	(95, 37.2820615093466)	(100, 36.94262801526228)	(105, 36.58940800504566)	(110, 36.30527919728691)	(115, 36.013732055515526)	(120, 35.77785640422378)	(125, 35.728881049577886)	(130, 35.537304769976515)	(135, 35.50540421870278)	(140, 35.36141370801024)	(145, 35.325975946677595)	(150, 34.80278449153437)
IDDLNTM15.B_R2	(1, 38.791866817891716)	(2, 37.88013484252709)	(3, 38.053107501442454)	(4, 37.7411535185636)	(5, 38.071269557127735)	(6, 38.56816458446392)	(7, 38.367708214295526)	(8, 38.3561860838074)	(9, 38.1747230287383)	(10, 38.402782391510584)	(15, 38.41726303550387)	(20, 38.34749863542205)	(25, 38.38088138348167)	(30, 38.28562822473965)	(35, 38.262884687169084)	(40, 38.21770379549548)	(45, 38.14350505519475)	(50, 38.09630856069445)	(55, 38.01982219448635)	(60, 37.96555631992532)	(65, 37.927154585025676)	(70, 37.85486700636885)	(75, 37.77733237828919)	(80, 37.64112378572687)	(85, 37.575499512531984)	(90, 37.53227458300965)	(95, 37.431965267006646)	(100, 37.296541173328784)	(105, 36.959445915725)	(110, 36.779852231826524)	(115, 36.60564055887933)	(120, 36.45153115359032)	(125, 36.462544098311916)	(130, 36.303275354593396)	(135, 36.16146116854774)	(140, 35.97054058637214)	(145, 35.879100370811706)	(150, 35.05765947799358)
IDDLNTM152_R1	(1, 38.643170334534105)	(2, 37.58384408176545)	(3, 38.229361002704586)	(4, 38.19854308159624)	(5, 38.49583648215523)	(6, 38.765088365599574)	(7, 38.93696099378179)	(8, 38.79746124704772)	(9, 38.82390536613658)	(10, 39.00113874457355)	(15, 39.12812361771479)	(20, 39.1479219951806)	(25, 39.07471426651629)	(30, 38.937089939058396)	(35, 38.96529533092962)	(40, 38.86772477963687)	(45, 38.91039783154306)	(50, 38.865062848580706)	(55, 38.784737231833276)	(60, 38.69791244670126)	(65, 38.75188045195047)	(70, 38.70490759193879)	(75, 38.56096908088133)	(80, 38.40878623321466)	(85, 38.2271230132498)	(90, 37.856317094389574)	(95, 37.53713944969203)	(100, 37.18955673837003)	(105, 36.82408621596756)	(110, 36.51196867881147)	(115, 36.18483701480259)	(120, 35.89721527169096)	(125, 35.776239139624884)	(130, 35.525327627096786)	(135, 35.42927057778909)	(140, 35.218500654791725)	(145, 35.1166852467561)	(150, 34.519454142543836)
IDDLNTM152_R2	(1, 38.856059530280106)	(2, 38.14293284671454)	(3, 38.337683740218246)	(4, 38.046000275300884)	(5, 38.24562715010808)	(6, 38.64512573252615)	(7, 38.52451565270521)	(8, 38.518722364497286)	(9, 38.42223756507792)	(10, 38.5484394085057)	(15, 38.54717237154303)	(20, 38.49031969179359)	(25, 38.532246275685)	(30, 38.432022498502434)	(35, 38.40679982306749)	(40, 38.36477454435256)	(45, 38.29072284981031)	(50, 38.2523401391412)	(55, 38.17792641849326)	(60, 38.128622967819716)	(65, 38.09005146385533)	(70, 38.02508567787947)	(75, 37.94506931216672)	(80, 37.81709107073002)	(85, 37.75349003720915)	(90, 37.7246362192592)	(95, 37.65039050832187)	(100, 37.54114088822077)	(105, 37.27289684541093)	(110, 37.14612372544123)	(115, 36.99068503674396)	(120, 36.863722688220655)	(125, 36.86612574939241)	(130, 36.71354812243163)	(135, 36.57269276366725)	(140, 36.37456285102903)	(145, 36.28016816205103)	(150, 35.42875093376511)
IDDLNTM18.A_R1	(1, 38.634248775354244)	(2, 37.63340670890425)	(3, 38.223197078962045)	(4, 38.29762548074155)	(5, 38.59672207725223)	(6, 38.778019119098474)	(7, 38.96179234992768)	(8, 38.8028350741897)	(9, 38.84963991184119)	(10, 39.02606048334885)	(15, 39.15300777215168)	(20, 39.1683809049065)	(25, 39.089194435711406)	(30, 38.9332351868617)	(35, 38.949315168847164)	(40, 38.83921375052612)	(45, 38.87642005788767)	(50, 38.81818074179161)	(55, 38.70600159546588)	(60, 38.57660536657193)	(65, 38.617118954118325)	(70, 38.515945548712395)	(75, 38.37762628090742)	(80, 38.21047400907161)	(85, 38.094859988543575)	(90, 37.70576030220319)	(95, 37.4417237302976)	(100, 37.12045518625077)	(105, 36.835989838974726)	(110, 36.56043920455943)	(115, 36.336278358243455)	(120, 36.09637262643364)	(125, 36.08045062314269)	(130, 35.87326453889225)	(135, 35.850981000656084)	(140, 35.68733626673421)	(145, 35.64928318924491)	(150, 35.14504709489778)
IDDLNTM18.A_R2	(1, 39.00680276154544)	(2, 38.238846809595394)	(3, 38.39394490695774)	(4, 38.17018068340113)	(5, 38.29133228428704)	(6, 38.71135989541616)	(7, 38.570101423727564)	(8, 38.55231070873341)	(9, 38.42923870975416)	(10, 38.580548778625186)	(15, 38.57927975880405)	(20, 38.510696352460094)	(25, 38.54452185088098)	(30, 38.44137603660002)	(35, 38.418070664918915)	(40, 38.3654845207101)	(45, 38.29380674318163)	(50, 38.2502381439612)	(55, 38.18259222925401)	(60, 38.12898511664445)	(65, 38.09387902843643)	(70, 38.018992369499294)	(75, 37.93583048161605)	(80, 37.771693321291195)	(85, 37.70203715202584)	(90, 37.598856735977435)	(95, 37.464053332136686)	(100, 37.25002366706828)	(105, 36.90265057648436)	(110, 36.67195540264699)	(115, 36.49407744794664)	(120, 36.303442470371564)	(125, 36.323030422793046)	(130, 36.139540277673774)	(135, 36.01499337835708)	(140, 35.80947120659877)	(145, 35.739683766878166)	(150, 34.82120104356768)
IDDLNTM18.B_R1	(1, 38.59538543016822)	(2, 37.75547866928684)	(3, 38.23664826971053)	(4, 38.203691237752786)	(5, 38.55135677551532)	(6, 38.792650276651194)	(7, 38.92056835444802)	(8, 38.746110158743434)	(9, 38.75423478418419)	(10, 38.96778762665328)	(15, 39.09915889674012)	(20, 39.116615238812)	(25, 39.03393158283508)	(30, 38.88548675279787)	(35, 38.89820518180931)	(40, 38.78263118284066)	(45, 38.82358106507226)	(50, 38.76650903820156)	(55, 38.66994487881702)	(60, 38.56383695000766)	(65, 38.61334545859988)	(70, 38.53868503574863)	(75, 38.39260337835013)	(80, 38.234130743822384)	(85, 38.11352322615713)	(90, 37.7382903374169)	(95, 37.46099636242003)	(100, 37.15505191565274)	(105, 36.84367521010161)	(110, 36.57009114855542)	(115, 36.318561692519964)	(120, 36.080345918523776)	(125, 36.05798525456091)	(130, 35.8538204345584)	(135, 35.832345890649606)	(140, 35.674712686931194)	(145, 35.64426001031345)	(150, 35.12662820030383)
IDDLNTM18.B_R2	(1, 38.863624200359574)	(2, 38.14978188457304)	(3, 38.342775013588664)	(4, 38.04427812852783)	(5, 38.30666750289195)	(6, 38.71524856796421)	(7, 38.55242505330936)	(8, 38.54359799863416)	(9, 38.39182868531449)	(10, 38.575697481568206)	(15, 38.587638917924494)	(20, 38.519536661509946)	(25, 38.551367925185716)	(30, 38.45545044668366)	(35, 38.43438021769731)	(40, 38.38704575545986)	(45, 38.31719174645649)	(50, 38.27135816922412)	(55, 38.19936864991429)	(60, 38.14696059985227)	(65, 38.11725955038954)	(70, 38.04237892154813)	(75, 37.96585267104291)	(80, 37.83128019121684)	(85, 37.77074856099567)	(90, 37.73409638890051)	(95, 37.64564835333306)	(100, 37.51925443547825)	(105, 37.20868858970607)	(110, 37.04021511895305)	(115, 36.88256581789801)	(120, 36.72737418293822)	(125, 36.746734261543395)	(130, 36.59279006564368)	(135, 36.461469038759034)	(140, 36.27862859054229)	(145, 36.19457164360078)	(150, 35.40905300971415)
IDDLNTM19.A_R1	(1, 38.706931537932164)	(2, 37.5519947907302)	(3, 38.1471321828862)	(4, 38.144692005592226)	(5, 38.453159103896176)	(6, 38.72440474184992)	(7, 38.919919819410204)	(8, 38.754863425128256)	(9, 38.80576522325371)	(10, 38.98383912109584)	(15, 39.11921348565733)	(20, 39.14883773838431)	(25, 39.08065254644093)	(30, 38.946768441352184)	(35, 38.98370588708201)	(40, 38.89141861533365)	(45, 38.94194452941606)	(50, 38.89834211385737)	(55, 38.82367255522756)	(60, 38.751335158935106)	(65, 38.81319610519016)	(70, 38.76690459090253)	(75, 38.586678733563)	(80, 38.39029186388514)	(85, 38.18496917503994)	(90, 37.69647276792163)	(95, 37.35377847193196)	(100, 36.93788145908925)	(105, 36.57143361333381)	(110, 36.25602640395259)	(115, 35.97002454855052)	(120, 35.73742331288344)	(125, 35.711267014107)	(130, 35.54177746984137)	(135, 35.55432455125256)	(140, 35.43132894090301)	(145, 35.43041264849138)	(150, 34.927346097867954)
IDDLNTM19.A_R2	(1, 38.85995784147554)	(2, 38.04773206953388)	(3, 38.25611687231651)	(4, 37.99025129989896)	(5, 38.202562402989194)	(6, 38.60838240096766)	(7, 38.48030828629501)	(8, 38.446556781407814)	(9, 38.338108830906556)	(10, 38.49570752298487)	(15, 38.51784171572318)	(20, 38.465002386803626)	(25, 38.50696496319052)	(30, 38.42152032886184)	(35, 38.410589135189824)	(40, 38.38004225192837)	(45, 38.32437598678736)	(50, 38.29273454306971)	(55, 38.23776153513338)	(60, 38.196095382744225)	(65, 38.17785973600718)	(70, 38.121428159212314)	(75, 38.05545190315482)	(80, 37.93774362159672)	(85, 37.88211371726568)	(90, 37.84430474628662)	(95, 37.74955915019784)	(100, 37.62707499300304)	(105, 37.294640049664196)	(110, 37.13356292905339)	(115, 36.9751371453028)	(120, 36.84216092627329)	(125, 36.86853085314803)	(130, 36.73884858991778)	(135, 36.61841978588487)	(140, 36.459320426468935)	(145, 36.393368722297815)	(150, 35.651079832660216)
IDDLNTM19.B_R1	(1, 38.70126651937868)	(2, 37.586085391037976)	(3, 38.135652822824056)	(4, 38.176677691171804)	(5, 38.44947389216333)	(6, 38.70760639121678)	(7, 38.91832371046755)	(8, 38.722238083398025)	(9, 38.73504715942508)	(10, 38.9525396185407)	(15, 39.076865643410656)	(20, 39.09254576829398)	(25, 39.00817787854205)	(30, 38.849627862327004)	(35, 38.8528702890287)	(40, 38.73432477357947)	(45, 38.76641394047543)	(50, 38.69729019625214)	(55, 38.59230226781044)	(60, 38.46339477374437)	(65, 38.50960328271373)	(70, 38.4124309082332)	(75, 38.2680566876627)	(80, 38.009545956149225)	(85, 37.7478439488788)	(90, 37.18947221730939)	(95, 36.75852369708165)	(100, 36.23427973358829)	(105, 35.756350848921386)	(110, 35.317726453671376)	(115, 34.89391720854228)	(120, 34.54376622918922)	(125, 34.381015174888056)	(130, 34.136241867015954)	(135, 34.064885135089256)	(140, 33.91386452500916)	(145, 33.87228107023814)	(150, 33.32241617404513)
IDDLNTM19.B_R2	(1, 38.79989989676045)	(2, 37.99720415790575)	(3, 38.214485417292444)	(4, 37.887813238912095)	(5, 38.18751703549559)	(6, 38.65894121424324)	(7, 38.4840159764253)	(8, 38.474094891792475)	(9, 38.31288793642798)	(10, 38.5064093556436)	(15, 38.515372087556706)	(20, 38.45109009388558)	(25, 38.4829042355375)	(30, 38.38408242092054)	(35, 38.356933103164856)	(40, 38.30736609170892)	(45, 38.234565105420415)	(50, 38.186051829292936)	(55, 38.112794364472144)	(60, 38.054534796384)	(65, 38.01384063085734)	(70, 37.93584934333116)	(75, 37.85771152225146)	(80, 37.717366780403694)	(85, 37.65936535968782)	(90, 37.61138331619141)	(95, 37.52240446946738)	(100, 37.39167675189561)	(105, 37.07124789875346)	(110, 36.88741922790526)	(115, 36.73639939381927)	(120, 36.56952024487787)	(125, 36.601615037731094)	(130, 36.43595206555081)	(135, 36.31911134448415)	(140, 36.12478916401832)	(145, 36.058248186841276)	(150, 35.23763623142343)
IDDLNTM19.C_R1	(1, 38.62359408006227)	(2, 37.52931289525881)	(3, 38.19612751413365)	(4, 38.171597092412746)	(5, 38.53254635813192)	(6, 38.77487004547083)	(7, 38.995261177802924)	(8, 38.79457597413882)	(9, 38.84909609087964)	(10, 39.03520125715862)	(15, 39.16734161702517)	(20, 39.18283515050737)	(25, 39.10465494634965)	(30, 38.94921496939102)	(35, 38.97148979986472)	(40, 38.86539460404154)	(45, 38.896216367049846)	(50, 38.83670008917928)	(55, 38.74820519557024)	(60, 38.65066835506245)	(65, 38.67894667274794)	(70, 38.610707388336195)	(75, 38.3963907276393)	(80, 38.15961043422069)	(85, 37.91444932813651)	(90, 37.391815414389924)	(95, 37.01160179207112)	(100, 36.54425895117659)	(105, 36.11819469477106)	(110, 35.74426972122704)	(115, 35.3818626639067)	(120, 35.08572682746135)	(125, 34.9805091459758)	(130, 34.766155850789104)	(135, 34.71886676223726)	(140, 34.576958129797056)	(145, 34.5370971939939)	(150, 33.98758221342487)
IDDLNTM19.C_R2	(1, 38.863246468524935)	(2, 38.08417161585841)	(3, 38.26222298736722)	(4, 37.98873713815282)	(5, 38.20713336341332)	(6, 38.61771869117778)	(7, 38.49626026316455)	(8, 38.479029814273744)	(9, 38.34290208800274)	(10, 38.51189299138967)	(15, 38.51701039717824)	(20, 38.447229200544044)	(25, 38.47803537961572)	(30, 38.37720216934925)	(35, 38.345319882737)	(40, 38.29259371371737)	(45, 38.2181840879032)	(50, 38.16755130664373)	(55, 38.0950753944327)	(60, 38.03224145147643)	(65, 37.991215392033915)	(70, 37.91198975866113)	(75, 37.82887972709345)	(80, 37.68820304156016)	(85, 37.62144749478019)	(90, 37.57055557957966)	(95, 37.47031260071425)	(100, 37.33390485313159)	(105, 37.00249179803544)	(110, 36.814441250598676)	(115, 36.64452673379454)	(120, 36.48239390480418)	(125, 36.4941321991056)	(130, 36.32840282599596)	(135, 36.19520961210684)	(140, 36.00026256077531)	(145, 35.91310054250049)	(150, 35.07047549772727)
IDDLNTM1_R1	(1, 38.55015737774359)	(2, 37.436176849969954)	(3, 38.11184026701268)	(4, 38.25027335372163)	(5, 38.480684066890966)	(6, 38.8049128393956)	(7, 38.92894972205317)	(8, 38.749711973849905)	(9, 38.812856364580504)	(10, 39.01353805836564)	(15, 39.14196710058779)	(20, 39.16034259482535)	(25, 39.086284979388424)	(30, 38.928546676822535)	(35, 38.950587471277125)	(40, 38.828081369460676)	(45, 38.87247669316635)	(50, 38.80131796683521)	(55, 38.7158415020484)	(60, 38.60596938183146)	(65, 38.67675644917024)	(70, 38.59014829359656)	(75, 38.386297738021874)	(80, 38.135947960085886)	(85, 37.87796494693047)	(90, 37.27454920558368)	(95, 36.86585521757936)	(100, 36.33237222547567)	(105, 35.88688106274313)	(110, 35.485116416150895)	(115, 35.124198406957035)	(120, 34.83221861152896)	(125, 34.76113260940847)	(130, 34.55145467559261)	(135, 34.51516631516632)	(140, 34.363443453098625)	(145, 34.3074662247076)	(150, 33.73279083623912)
IDDLNTM1_R2	(1, 39.13618948101707)	(2, 38.49238373376304)	(3, 38.62131036268967)	(4, 38.41481762171417)	(5, 38.52441300717163)	(6, 38.8522601281222)	(7, 38.74550353860699)	(8, 38.71133846995916)	(9, 38.619911378532066)	(10, 38.76017239465515)	(15, 38.76064497443808)	(20, 38.69965500655156)	(25, 38.73539946643395)	(30, 38.64179345558656)	(35, 38.628524731973)	(40, 38.59010338320683)	(45, 38.532720280996145)	(50, 38.497499690603135)	(55, 38.447970675556874)	(60, 38.40615884753815)	(65, 38.390818377025276)	(70, 38.329341412100035)	(75, 38.262996645755265)	(80, 38.140365892090024)	(85, 38.089261696158246)	(90, 38.04751506475644)	(95, 37.94708599191358)	(100, 37.80780943194736)	(105, 37.43489524524007)	(110, 37.226339433235985)	(115, 37.06080458494252)	(120, 36.87664685250893)	(125, 36.918794870519)	(130, 36.770176183969284)	(135, 36.68129303646545)	(140, 36.530091109401454)	(145, 36.50068577654785)	(150, 35.75402088333122)
IDDLNTM2.A_R1	(1, 38.4988974334791)	(2, 37.55724995571791)	(3, 38.172794464393746)	(4, 38.255825797710216)	(5, 38.53147800962934)	(6, 38.759334089387714)	(7, 38.97524297640052)	(8, 38.800647783710176)	(9, 38.831347578747355)	(10, 39.008420544129116)	(15, 39.13647928633374)	(20, 39.1539204946712)	(25, 39.075780112396)	(30, 38.92238456176834)	(35, 38.93299698881791)	(40, 38.80838438233961)	(45, 38.84575579750318)	(50, 38.75842627204615)	(55, 38.6745870493866)	(60, 38.5772488975485)	(65, 38.64761569127217)	(70, 38.57795575471632)	(75, 38.38970023900826)	(80, 38.13004626040629)	(85, 37.92684736826366)	(90, 37.258549157720154)	(95, 36.834333272756965)	(100, 36.261134127573825)	(105, 35.83285413594716)	(110, 35.396007940871336)	(115, 35.10921164078369)	(120, 34.81771854073837)	(125, 34.849483130249155)	(130, 34.68670318117931)	(135, 34.79423785348034)	(140, 34.72190212853077)	(145, 34.82636350879776)	(150, 34.352923423040025)
IDDLNTM2.A_R2	(1, 39.147273718522335)	(2, 38.49597872619406)	(3, 38.64127642835618)	(4, 38.36959281180917)	(5, 38.58109971406422)	(6, 38.94564919843667)	(7, 38.77725671880068)	(8, 38.758049563735156)	(9, 38.64905811420408)	(10, 38.78297819480899)	(15, 38.780134939603826)	(20, 38.719470547234614)	(25, 38.74997950371854)	(30, 38.65369970532282)	(35, 38.638909257372106)	(40, 38.59681178156623)	(45, 38.53625854299274)	(50, 38.4961082829361)	(55, 38.44408112938881)	(60, 38.40673142970189)	(65, 38.376154198287146)	(70, 38.303793813389525)	(75, 38.233340525818186)	(80, 38.085526220747944)	(85, 38.02166431645706)	(90, 37.93303830343238)	(95, 37.778442144587345)	(100, 37.572397236797606)	(105, 37.101721641634825)	(110, 36.81086197100156)	(115, 36.621160351772325)	(120, 36.38582439448555)	(125, 36.46523973288124)	(130, 36.2996161605473)	(135, 36.257507274914715)	(140, 36.096159075067916)	(145, 36.13015262943597)	(150, 35.386139360911685)
IDDLNTM2.B_R1	(1, 38.45797128320517)	(2, 37.50242056371401)	(3, 38.1757285260409)	(4, 38.25996272913255)	(5, 38.5204329831464)	(6, 38.78218697656586)	(7, 38.95605588744575)	(8, 38.76787493204195)	(9, 38.82553164409779)	(10, 39.03148115558544)	(15, 39.15607191454726)	(20, 39.173417323725445)	(25, 39.09622121799687)	(30, 38.94608011665216)	(35, 38.954851969290814)	(40, 38.82471363340677)	(45, 38.87028229696648)	(50, 38.785122607326585)	(55, 38.69725810861347)	(60, 38.573971044369934)	(65, 38.644011049272336)	(70, 38.536814880692376)	(75, 38.366829870746145)	(80, 38.052111492060305)	(85, 37.71129046450311)	(90, 36.962358623680515)	(95, 36.395374924185525)	(100, 35.66901835574509)	(105, 35.05811128465075)	(110, 34.4805185867239)	(115, 33.96578873766149)	(120, 33.55965350035039)	(125, 33.39243489382831)	(130, 33.16216865538903)	(135, 33.15914974655182)	(140, 33.06316846369233)	(145, 33.09579147169645)	(150, 32.51720399357659)
IDDLNTM2.B_R2	(1, 39.0155494310379)	(2, 38.45217088661297)	(3, 38.61445236022639)	(4, 38.34826577333907)	(5, 38.545815512348724)	(6, 38.914617973608706)	(7, 38.75779749914365)	(8, 38.74769414005173)	(9, 38.609496529032626)	(10, 38.76483496799294)	(15, 38.75847158017793)	(20, 38.69943040938246)	(25, 38.73501701701072)	(30, 38.6423104480989)	(35, 38.6291883372982)	(40, 38.584789337892154)	(45, 38.52898234190521)	(50, 38.489805192152375)	(55, 38.43624670423084)	(60, 38.38765756054945)	(65, 38.363511003705085)	(70, 38.29842525871199)	(75, 38.23452410507493)	(80, 38.10783646699831)	(85, 38.05140017158426)	(90, 38.01956909094908)	(95, 37.90568160748686)	(100, 37.78625518916694)	(105, 37.3804315375647)	(110, 37.14755790968886)	(115, 36.97338291259573)	(120, 36.77776962455729)	(125, 36.83429705447014)	(130, 36.66798633611031)	(135, 36.60237578210685)	(140, 36.434655307327525)	(145, 36.43105360908328)	(150, 35.72762098104717)
IDDLNTM2.C_R1	(1, 38.70631880659241)	(2, 37.63373070158296)	(3, 38.22272327535666)	(4, 38.23408681301978)	(5, 38.60229843875535)	(6, 38.84112435671943)	(7, 39.01804334136755)	(8, 38.863494234903264)	(9, 38.87394089418713)	(10, 39.07297526762643)	(15, 39.19857946279287)	(20, 39.2212390072308)	(25, 39.14659099298634)	(30, 38.998313573491416)	(35, 39.01757637938896)	(40, 38.91939862766812)	(45, 38.95488784661152)	(50, 38.89791533667731)	(55, 38.826616181356265)	(60, 38.715558812672356)	(65, 38.74062808068964)	(70, 38.670340477276184)	(75, 38.42846285801142)	(80, 38.13286756563091)	(85, 37.819283542874516)	(90, 37.22028901483073)	(95, 36.81292478231602)	(100, 36.28042147091394)	(105, 35.85737671812912)	(110, 35.44265064165201)	(115, 35.09074620545893)	(120, 34.79181573404556)	(125, 34.713839706425205)	(130, 34.54166210670314)	(135, 34.552431980544156)	(140, 34.45920700062971)	(145, 34.46208716044557)	(150, 33.9608847414935)
IDDLNTM2.C_R2	(1, 39.06771545827633)	(2, 38.31859976548759)	(3, 38.516465268277855)	(4, 38.1905901895642)	(5, 38.459610665971816)	(6, 38.8561993789764)	(7, 38.68829283651445)	(8, 38.68491086357023)	(9, 38.55124530432328)	(10, 38.70449330119645)	(15, 38.707041235098686)	(20, 38.647511779905756)	(25, 38.68510303346145)	(30, 38.58822856274293)	(35, 38.568554708705186)	(40, 38.5299001150848)	(45, 38.46715132564653)	(50, 38.43028032918594)	(55, 38.36952435237661)	(60, 38.32223307927823)	(65, 38.297184113955666)	(70, 38.22750613423664)	(75, 38.16179108852843)	(80, 38.028947842702976)	(85, 37.968888888888884)	(90, 37.910950643823426)	(95, 37.80368369053048)	(100, 37.66143997133737)	(105, 37.295863461663735)	(110, 37.14612967667687)	(115, 36.97208650902221)	(120, 36.83401341932122)	(125, 36.86796321629427)	(130, 36.72580505070245)	(135, 36.61946637569757)	(140, 36.44536316852322)	(145, 36.38443771306972)	(150, 35.60896874253577)
IDDLNTM20_R1	(1, 38.608765807962904)	(2, 37.6664227393552)	(3, 38.18164022032767)	(4, 38.177479813090635)	(5, 38.45481608862795)	(6, 38.71666374962515)	(7, 38.92784630126833)	(8, 38.75426698940453)	(9, 38.718964682244994)	(10, 38.94668744853041)	(15, 39.07365586628727)	(20, 39.087725062758864)	(25, 39.005451114498314)	(30, 38.85249254163712)	(35, 38.866637862540614)	(40, 38.74995477922083)	(45, 38.78469427520383)	(50, 38.71799169097048)	(55, 38.6291979877032)	(60, 38.532028558446925)	(65, 38.579905602519304)	(70, 38.50863115690184)	(75, 38.328074069390766)	(80, 38.16691966626921)	(85, 38.00448586307189)	(90, 37.58870772088069)	(95, 37.26996618833025)	(100, 36.94159418256455)	(105, 36.607778419933894)	(110, 36.33560975112566)	(115, 36.07123061832946)	(120, 35.83514225474516)	(125, 35.79775528479536)	(130, 35.596278311560106)	(135, 35.56593415746259)	(140, 35.40933747378047)	(145, 35.38294656654127)	(150, 34.83152851011269)
IDDLNTM20_R2	(1, 38.81269965742413)	(2, 38.01093357060374)	(3, 38.19677146410375)	(4, 37.887310678298945)	(5, 38.15001768539365)	(6, 38.59179611137928)	(7, 38.44837577058071)	(8, 38.43958738009805)	(9, 38.30636643912681)	(10, 38.47104963965911)	(15, 38.4694952997941)	(20, 38.4025568253755)	(25, 38.44211738674062)	(30, 38.34097043999126)	(35, 38.31073776518734)	(40, 38.25607156843244)	(45, 38.180484020796946)	(50, 38.130520785075404)	(55, 38.057519365944)	(60, 37.997697984438446)	(65, 37.96216411886049)	(70, 37.88743273219983)	(75, 37.8114544974171)	(80, 37.6741906802355)	(85, 37.61438458731878)	(90, 37.56598225281497)	(95, 37.47179365246458)	(100, 37.337875297032596)	(105, 36.9986501768619)	(110, 36.80769092461404)	(115, 36.644521358078975)	(120, 36.4792956674528)	(125, 36.50405623779998)	(130, 36.34197910463972)	(135, 36.2167037069891)	(140, 36.02216972786153)	(145, 35.94962244352101)	(150, 35.12876113220281)
IDDLNTM21.A_R1	(1, 38.61214536067928)	(2, 37.45423801292045)	(3, 38.06934522598667)	(4, 38.06489933112481)	(5, 38.39744949676383)	(6, 38.67819806219232)	(7, 38.86087517301854)	(8, 38.68935850480816)	(9, 38.76378292329706)	(10, 38.92652940601079)	(15, 39.067623411237484)	(20, 39.09475057196749)	(25, 39.02392026474543)	(30, 38.88553091481039)	(35, 38.913505080837204)	(40, 38.81278762628514)	(45, 38.8623515286659)	(50, 38.8092512008504)	(55, 38.736974038778655)	(60, 38.642789972152556)	(65, 38.689929892323825)	(70, 38.64608997570166)	(75, 38.480351516547024)	(80, 38.32874116945386)	(85, 38.13444392987328)	(90, 37.68325512909629)	(95, 37.303182710178035)	(100, 36.90742043743935)	(105, 36.49283997981341)	(110, 36.169314911493274)	(115, 35.83591690954907)	(120, 35.567285762142895)	(125, 35.48159730199278)	(130, 35.262993274891514)	(135, 35.211230524323014)	(140, 35.053167743370764)	(145, 35.02451637476055)	(150, 34.48745462997188)
IDDLNTM21.A_R2	(1, 38.75585302577944)	(2, 37.960477933697646)	(3, 38.21438111948948)	(4, 37.91721459839356)	(5, 38.15034569083198)	(6, 38.5994281623548)	(7, 38.473004086656864)	(8, 38.471051909458176)	(9, 38.34946361005624)	(10, 38.50108067446718)	(15, 38.53047011702502)	(20, 38.485702795044766)	(25, 38.532667995702994)	(30, 38.449297356441136)	(35, 38.43416005394629)	(40, 38.40009556596432)	(45, 38.3452616161555)	(50, 38.31127586621803)	(55, 38.2504687666364)	(60, 38.200586657294735)	(65, 38.17259829487467)	(70, 38.10657329364115)	(75, 38.037543158333925)	(80, 37.89605573988745)	(85, 37.83620014490709)	(90, 37.76476964187867)	(95, 37.6438093078133)	(100, 37.4629569529)	(105, 37.10931586369039)	(110, 36.898691317607074)	(115, 36.73867442043657)	(120, 36.556732821282125)	(125, 36.58629414407435)	(130, 36.41319315837721)	(135, 36.293518740537536)	(140, 36.091772826545174)	(145, 36.023108404178245)	(150, 35.18746856667501)
IDDLNTM21.B_R1	(1, 38.764655158107445)	(2, 37.80180441139166)	(3, 38.33658839475664)	(4, 38.34641845179942)	(5, 38.68670006860134)	(6, 38.92667587816936)	(7, 39.102195307564834)	(8, 38.93943921906113)	(9, 38.96848196202852)	(10, 39.152232517811456)	(15, 39.275945369797434)	(20, 39.292798324773784)	(25, 39.22565289273298)	(30, 39.09510309706066)	(35, 39.1185898857528)	(40, 39.00696966346548)	(45, 39.0470087940324)	(50, 38.98035958482287)	(55, 38.88572421829925)	(60, 38.784608298844084)	(65, 38.81537704551288)	(70, 38.72054356917927)	(75, 38.5386761773169)	(80, 38.140689086783176)	(85, 37.774327580777914)	(90, 37.12956403125877)	(95, 36.61569227115267)	(100, 36.03906401304697)	(105, 35.54203581106376)	(110, 35.08506665408005)	(115, 34.670837576465274)	(120, 34.36514888085846)	(125, 34.25067554971054)	(130, 34.13897299719323)	(135, 34.17337617091583)	(140, 34.164397951572155)	(145, 34.17704870264153)	(150, 33.71891252542377)
IDDLNTM21.B_R2	(1, 38.763213732509946)	(2, 38.02251839552606)	(3, 38.25096064507244)	(4, 37.943788281132306)	(5, 38.312559605901136)	(6, 38.76155505855684)	(7, 38.60312841942554)	(8, 38.61104591505201)	(9, 38.41725089878964)	(10, 38.626318302031684)	(15, 38.64306021895962)	(20, 38.58252491297673)	(25, 38.62357097242993)	(30, 38.52163631978699)	(35, 38.500263564498084)	(40, 38.45042661930308)	(45, 38.37911243270528)	(50, 38.33343337964948)	(55, 38.260228011632265)	(60, 38.20670844818077)	(65, 38.16293169759115)	(70, 38.07483404100692)	(75, 37.97283033442238)	(80, 37.84281710770453)	(85, 37.7589437247015)	(90, 37.73597281464426)	(95, 37.6184242985389)	(100, 37.502000042673785)	(105, 37.13421504268133)	(110, 36.95985918513331)	(115, 36.79365005471081)	(120, 36.64406119937903)	(125, 36.68321176692958)	(130, 36.53945284018819)	(135, 36.4250374419351)	(140, 36.25696704484692)	(145, 36.20489157949253)	(150, 35.4255166814624)
IDDLNTM22.A_R1	(1, 38.601453785881304)	(2, 37.58613689117665)	(3, 38.21582169442055)	(4, 38.224440046097165)	(5, 38.50284998915955)	(6, 38.74044933080623)	(7, 38.918294094014286)	(8, 38.76056710704536)	(9, 38.824067274508934)	(10, 38.98275676906423)	(15, 39.10927841460561)	(20, 39.127349405174044)	(25, 39.05195124206685)	(30, 38.89934125812937)	(35, 38.92138785729772)	(40, 38.81627784810471)	(45, 38.852360925580115)	(50, 38.791000017873145)	(55, 38.70312212718373)	(60, 38.60825288476408)	(65, 38.66057689841916)	(70, 38.60461748754902)	(75, 38.43907364278736)	(80, 38.28841517289934)	(85, 38.14967972105463)	(90, 37.75317516379181)	(95, 37.47071454493037)	(100, 37.15136135065008)	(105, 36.83877096500206)	(110, 36.584153050051796)	(115, 36.34065697009823)	(120, 36.11016196952706)	(125, 36.07815878655349)	(130, 35.88072031873253)	(135, 35.84989559753412)	(140, 35.687002262118185)	(145, 35.65066243306314)	(150, 35.139874048740836)
IDDLNTM22.A_R2	(1, 39.04271525674769)	(2, 38.25346874958717)	(3, 38.39596820756469)	(4, 38.13134661696379)	(5, 38.3192391947139)	(6, 38.73803567945529)	(7, 38.56191373178008)	(8, 38.54218489066688)	(9, 38.40528283471151)	(10, 38.56192818571283)	(15, 38.55423076713859)	(20, 38.48681350618993)	(25, 38.52108308136088)	(30, 38.425795063438)	(35, 38.402833670203215)	(40, 38.35742539711403)	(45, 38.28805739920907)	(50, 38.241975308641976)	(55, 38.17506276969989)	(60, 38.11992365836809)	(65, 38.08113551960722)	(70, 38.0092660588244)	(75, 37.92861552305752)	(80, 37.794906387472636)	(85, 37.735382605702156)	(90, 37.69488532824804)	(95, 37.61354760900092)	(100, 37.49264807704412)	(105, 37.18886876217608)	(110, 37.015496325515)	(115, 36.86263332004504)	(120, 36.701635237133864)	(125, 36.722729430926904)	(130, 36.56409907316099)	(135, 36.438150378405524)	(140, 36.25009639840634)	(145, 36.17852285469834)	(150, 35.36338041740782)
IDDLNTM22.B_R1	(1, 38.678487367041726)	(2, 37.64987726928779)	(3, 38.22614933159439)	(4, 38.20634098426545)	(5, 38.542915556758594)	(6, 38.76809780725229)	(7, 38.953945530941056)	(8, 38.813087994947225)	(9, 38.77635531822833)	(10, 39.01177222328172)	(15, 39.1436502595083)	(20, 39.15949759357576)	(25, 39.07777801018347)	(30, 38.921622711231144)	(35, 38.934355125468315)	(40, 38.824941259461134)	(45, 38.85820606045692)	(50, 38.79475003742415)	(55, 38.70448700202808)	(60, 38.61213272552409)	(65, 38.653983713829305)	(70, 38.59770418719869)	(75, 38.42284099554396)	(80, 38.25235501473384)	(85, 38.05960344753339)	(90, 37.61274939352367)	(95, 37.26374745977161)	(100, 36.870639737682325)	(105, 36.469748448179345)	(110, 36.142485414833914)	(115, 35.81067340916594)	(120, 35.55193319840132)	(125, 35.47803622657915)	(130, 35.29494940049584)	(135, 35.26571951777186)	(140, 35.13403391345896)	(145, 35.104242894025056)	(150, 34.55920541860708)
IDDLNTM22.B_R2	(1, 38.9409198754032)	(2, 38.05967727051818)	(3, 38.27482410648555)	(4, 37.97132141092129)	(5, 38.28521100044499)	(6, 38.73806415627506)	(7, 38.54351106216921)	(8, 38.53306346931117)	(9, 38.36657869427646)	(10, 38.55767227926415)	(15, 38.56839974326006)	(20, 38.500205925114784)	(25, 38.52926306205437)	(30, 38.43423663957774)	(35, 38.41162835048693)	(40, 38.36750410640353)	(45, 38.29371417790929)	(50, 38.249679669765186)	(55, 38.174670841766584)	(60, 38.11751503630656)	(65, 38.0735354032478)	(70, 38.001820966958064)	(75, 37.91419866175333)	(80, 37.781271436861864)	(85, 37.70769198589981)	(90, 37.657215027898935)	(95, 37.55344214021036)	(100, 37.40677653987569)	(105, 37.076252335164554)	(110, 36.88926708130577)	(115, 36.72575187684686)	(120, 36.55975704035451)	(125, 36.573831966582794)	(130, 36.41022546769936)	(135, 36.278337260305996)	(140, 36.08764888147925)	(145, 36.00826784619392)	(150, 35.17170652082526)
IDDLNTM32_R1	(1, 38.64018202291538)	(2, 37.429541576216295)	(3, 38.060854625448385)	(4, 38.035389217154425)	(5, 38.42408630610342)	(6, 38.68619698253679)	(7, 38.87094482430378)	(8, 38.7148756525003)	(9, 38.75135840017955)	(10, 38.941201026200616)	(15, 39.07854969836977)	(20, 39.11121754911407)	(25, 39.04075997662801)	(30, 38.903195693981715)	(35, 38.93992934229517)	(40, 38.843859241803365)	(45, 38.889971171965996)	(50, 38.84294131076621)	(55, 38.769687612458355)	(60, 38.68641181910699)	(65, 38.74990593160984)	(70, 38.69985380897654)	(75, 38.51138308781135)	(80, 38.231630738036365)	(85, 37.91764136377883)	(90, 37.38974526852636)	(95, 36.947335322274206)	(100, 36.47053697533945)	(105, 36.0142510321984)	(110, 35.62416338723595)	(115, 35.2375560018419)	(120, 34.92559890724338)	(125, 34.78799902487724)	(130, 34.588905192528706)	(135, 34.54596272090207)	(140, 34.44348103347535)	(145, 34.42815922361655)	(150, 33.95681792678066)
IDDLNTM32_R2	(1, 38.79204733214925)	(2, 37.88097194974248)	(3, 38.094126433178936)	(4, 37.809704793192715)	(5, 38.02243014522364)	(6, 38.5107592414164)	(7, 38.330859926711014)	(8, 38.31087223183157)	(9, 38.20369772742223)	(10, 38.36589593273201)	(15, 38.39112003683796)	(20, 38.34060016484218)	(25, 38.383549679022096)	(30, 38.29989242693351)	(35, 38.28440747748898)	(40, 38.24911492131301)	(45, 38.18892686192339)	(50, 38.152753290071935)	(55, 38.090488606154885)	(60, 38.04751664867333)	(65, 38.024594298627484)	(70, 37.963691690948)	(75, 37.89719118210418)	(80, 37.76855120748833)	(85, 37.71136822879785)	(90, 37.66502412654926)	(95, 37.56656172488381)	(100, 37.432274164277224)	(105, 37.10282599863018)	(110, 36.92225353965693)	(115, 36.76420401735099)	(120, 36.60626191333016)	(125, 36.63040959025496)	(130, 36.469449016944694)	(135, 36.33896296468276)	(140, 36.142388663810955)	(145, 36.064199760862756)	(150, 35.24679795998127)
IDDLNTM33.A_R1	(1, 38.72870709504744)	(2, 37.58143790220831)	(3, 38.214023034249614)	(4, 38.20727063603305)	(5, 38.57446989956682)	(6, 38.88276935793177)	(7, 39.033133545730664)	(8, 38.82150840004461)	(9, 38.87426282310597)	(10, 39.06107937785222)	(15, 39.19743111482357)	(20, 39.223591060069666)	(25, 39.158322483867934)	(30, 39.02505944428288)	(35, 39.058685075406885)	(40, 38.95962966769367)	(45, 39.016048753714585)	(50, 38.964635189003744)	(55, 38.89225577769565)	(60, 38.802914464520384)	(65, 38.86149685449325)	(70, 38.82111261504552)	(75, 38.66831843855165)	(80, 38.52234365945871)	(85, 38.381883805396235)	(90, 37.973980875493915)	(95, 37.662300232441694)	(100, 37.334975017438595)	(105, 37.00785526076984)	(110, 36.759830927645694)	(115, 36.51397278486134)	(120, 36.3175570662929)	(125, 36.30423315016433)	(130, 36.14361275171161)	(135, 36.148434331396686)	(140, 36.03256177853971)	(145, 36.01111206838115)	(150, 35.55281586813581)
IDDLNTM33.A_R2	(1, 38.863190901755665)	(2, 38.13465742731004)	(3, 38.35705754626421)	(4, 38.08076637970432)	(5, 38.32463816285787)	(6, 38.72222759168108)	(7, 38.595252766668345)	(8, 38.5873930451173)	(9, 38.4314983632869)	(10, 38.619535685156315)	(15, 38.65423391549443)	(20, 38.60296143392249)	(25, 38.649355395249266)	(30, 38.568619366350404)	(35, 38.55905798796901)	(40, 38.524509674865904)	(45, 38.47187630516117)	(50, 38.43509847611842)	(55, 38.381266818129134)	(60, 38.32977121003064)	(65, 38.291923143363825)	(70, 38.2127906341088)	(75, 38.15090577911698)	(80, 38.00555323526903)	(85, 37.968055208727385)	(90, 37.933632847093605)	(95, 37.878751593526616)	(100, 37.74389028227561)	(105, 37.44772423625521)	(110, 37.241782913021325)	(115, 37.13029688248247)	(120, 36.95358084837936)	(125, 37.030067502115585)	(130, 36.86478103905589)	(135, 36.78563471012576)	(140, 36.6021793977508)	(145, 36.57449141627616)	(150, 35.836579717877456)
IDDLNTM33.B_R1	(1, 38.663326652074595)	(2, 37.52760092126368)	(3, 38.126458788737864)	(4, 38.15409219071445)	(5, 38.44148399766467)	(6, 38.721737834948385)	(7, 38.89827553030143)	(8, 38.747575268672875)	(9, 38.78740871331498)	(10, 38.96675577516297)	(15, 39.10003825961578)	(20, 39.127163364051)	(25, 39.05678493403137)	(30, 38.91641210462929)	(35, 38.94532161951089)	(40, 38.84756873154517)	(45, 38.89936491496918)	(50, 38.85034194915836)	(55, 38.78150578945654)	(60, 38.70699761610011)	(65, 38.77139697189589)	(70, 38.725874217875706)	(75, 38.53634694237635)	(80, 38.30116649818364)	(85, 38.06741725461539)	(90, 37.55165902669751)	(95, 37.18908107042495)	(100, 36.741446188885284)	(105, 36.33897839243628)	(110, 35.98055616407084)	(115, 35.64531545124932)	(120, 35.360818587738606)	(125, 35.27826175520035)	(130, 35.07416131622915)	(135, 35.045961499801535)	(140, 34.91415398808849)	(145, 34.894630641013535)	(150, 34.391153032520265)
IDDLNTM33.B_R2	(1, 38.92274365094279)	(2, 38.05786608068865)	(3, 38.25166671140877)	(4, 37.92714442892247)	(5, 38.18699750953878)	(6, 38.645278441679906)	(7, 38.460533884555964)	(8, 38.44204631360302)	(9, 38.30949057741691)	(10, 38.475842649081855)	(15, 38.49304787739054)	(20, 38.4392759649487)	(25, 38.48060348139961)	(30, 38.40277395534547)	(35, 38.39058284743758)	(40, 38.35791171762723)	(45, 38.30386799182511)	(50, 38.26975533313838)	(55, 38.215124290470605)	(60, 38.16735087920269)	(65, 38.140249710081456)	(70, 38.0788805486433)	(75, 38.00507502429906)	(80, 37.88625094496332)	(85, 37.82471866272089)	(90, 37.79750740754933)	(95, 37.709385040715645)	(100, 37.60071215756159)	(105, 37.290267282454536)	(110, 37.1133541633409)	(115, 36.974028749836826)	(120, 36.825515782450125)	(125, 36.85087155896561)	(130, 36.704069228797216)	(135, 36.58370640386457)	(140, 36.40468238678524)	(145, 36.32975190268328)	(150, 35.539196843161605)
IDDLNTM33.C_R1	(1, 38.718626492826296)	(2, 37.58416897798838)	(3, 38.17341222180534)	(4, 38.18516934239746)	(5, 38.460507608534684)	(6, 38.71563035273215)	(7, 38.9187229609897)	(8, 38.7514088209909)	(9, 38.741030490914454)	(10, 38.97296778761909)	(15, 39.11089940304638)	(20, 39.139442523186645)	(25, 39.07086157728311)	(30, 38.93200059235428)	(35, 38.96689618991188)	(40, 38.8740543264354)	(45, 38.92982916576603)	(50, 38.883910522156256)	(55, 38.809366071409016)	(60, 38.73791877771501)	(65, 38.79559541798126)	(70, 38.75979383510145)	(75, 38.604746011253724)	(80, 38.45630101706017)	(85, 38.30076138416147)	(90, 37.90710651611613)	(95, 37.60729074234156)	(100, 37.27242424022898)	(105, 36.93418320561045)	(110, 36.66132332553356)	(115, 36.38449433481192)	(120, 36.16205748431045)	(125, 36.118916166874754)	(130, 35.941906487879905)	(135, 35.91610443832734)	(140, 35.78328014331065)	(145, 35.757721167921815)	(150, 35.265091514187944)
IDDLNTM33.C_R2	(1, 38.88287440758254)	(2, 37.98759492873301)	(3, 38.1885870042255)	(4, 37.874964388826335)	(5, 38.16944937839022)	(6, 38.62391584930143)	(7, 38.44577961893559)	(8, 38.428385698114624)	(9, 38.27268075861108)	(10, 38.456846602984655)	(15, 38.47735985202599)	(20, 38.425424667984245)	(25, 38.46878291243214)	(30, 38.38884877899373)	(35, 38.37717697359189)	(40, 38.34860009127917)	(45, 38.29125527723478)	(50, 38.26224022796542)	(55, 38.199707226031514)	(60, 38.15325822653912)	(65, 38.12313657321026)	(70, 38.066498069204705)	(75, 37.98735380886668)	(80, 37.87106078083953)	(85, 37.80699837271046)	(90, 37.773939679936625)	(95, 37.675451446912945)	(100, 37.552464680707395)	(105, 37.252081756347295)	(110, 37.0895345520624)	(115, 36.94187403980398)	(120, 36.800063480970955)	(125, 36.81642175894517)	(130, 36.669308180402545)	(135, 36.539854576686544)	(140, 36.35960406608423)	(145, 36.275789506669625)	(150, 35.48168174704754)
IDDLNTM35_R1	(1, 38.768519406356205)	(2, 37.69467418793203)	(3, 38.21744326035803)	(4, 38.20661577002906)	(5, 38.471937350208364)	(6, 38.71879025466406)	(7, 38.92383566694243)	(8, 38.76193123775558)	(9, 38.83019744932078)	(10, 38.990692372169335)	(15, 39.11628352960327)	(20, 39.140721447821285)	(25, 39.06552990406645)	(30, 38.922632304127106)	(35, 38.94289571689755)	(40, 38.83304292368997)	(45, 38.873138334444576)	(50, 38.80557737158584)	(55, 38.71431535449625)	(60, 38.61401265552748)	(65, 38.66405478858768)	(70, 38.611965491772466)	(75, 38.44210342706174)	(80, 38.26026145044267)	(85, 38.097055938482015)	(90, 37.66214454179275)	(95, 37.35977579909728)	(100, 37.01242039502748)	(105, 36.67861912580776)	(110, 36.40552890803645)	(115, 36.145039213106564)	(120, 35.93004420440617)	(125, 35.906098453849246)	(130, 35.73672905233692)	(135, 35.72847647300325)	(140, 35.598882166925215)	(145, 35.58128940295931)	(150, 35.046479170212855)
IDDLNTM35_R2	(1, 38.82618805690652)	(2, 37.89668245200783)	(3, 38.121745094118644)	(4, 37.85541658211561)	(5, 38.09438350574315)	(6, 38.529577259594404)	(7, 38.376445327491936)	(8, 38.359561380101155)	(9, 38.23436486858474)	(10, 38.40759916383034)	(15, 38.42185240272416)	(20, 38.358642951241855)	(25, 38.40213199974331)	(30, 38.307962962550015)	(35, 38.28724464652456)	(40, 38.23974680025363)	(45, 38.17582436968273)	(50, 38.13176862470804)	(55, 38.06146852978786)	(60, 38.003555480233885)	(65, 37.967914057972415)	(70, 37.883390852827155)	(75, 37.782611942498846)	(80, 37.63908253248309)	(85, 37.534545467159134)	(90, 37.462613369646306)	(95, 37.29121216603572)	(100, 37.10718823951201)	(105, 36.72317774204954)	(110, 36.50998163290943)	(115, 36.31464766181957)	(120, 36.15171400162982)	(125, 36.159232789307694)	(130, 36.005021973363384)	(135, 35.85455325700572)	(140, 35.67266232129995)	(145, 35.58341823126379)	(150, 34.717309093630035)
IDDLNTM37_R1	(1, 38.616242984264176)	(2, 37.81575209019971)	(3, 38.32129373321783)	(4, 38.182852230597405)	(5, 38.51084348146452)	(6, 38.72122677048794)	(7, 38.920389031056764)	(8, 38.77518155446468)	(9, 38.71336300603743)	(10, 38.95451944491465)	(15, 39.08735458217579)	(20, 39.10447613073249)	(25, 39.019676836371964)	(30, 38.86541296172752)	(35, 38.873692027867115)	(40, 38.754596862791956)	(45, 38.7876227650048)	(50, 38.722502879314405)	(55, 38.631389671642)	(60, 38.53057831901144)	(65, 38.5721952822392)	(70, 38.500586649938434)	(75, 38.31707060045737)	(80, 38.04763182613256)	(85, 37.785613800130776)	(90, 37.24706260143982)	(95, 36.853342079147126)	(100, 36.35184915047778)	(105, 35.90874855204506)	(110, 35.47334352295319)	(115, 35.07949197940833)	(120, 34.73148044887433)	(125, 34.59283307942261)	(130, 34.36102321042726)	(135, 34.30272995515903)	(140, 34.167741555394024)	(145, 34.131176751735055)	(150, 33.58854016270201)
IDDLNTM37_R2	(1, 38.8508672793715)	(2, 37.97200260880821)	(3, 38.166931779333325)	(4, 37.88637412168464)	(5, 38.174087332012334)	(6, 38.653494010694125)	(7, 38.475640336290645)	(8, 38.460624753142355)	(9, 38.29634285581522)	(10, 38.502601174295606)	(15, 38.52712845227308)	(20, 38.463923435129956)	(25, 38.49693564607832)	(30, 38.40384865593272)	(35, 38.382571684141695)	(40, 38.345060357732)	(45, 38.27195257345986)	(50, 38.22786047854703)	(55, 38.15315944597676)	(60, 38.09988233810287)	(65, 38.060327860146636)	(70, 37.98795484040134)	(75, 37.91163591525688)	(80, 37.77867365667951)	(85, 37.7180559566128)	(90, 37.67039873940794)	(95, 37.57217918463126)	(100, 37.44370434170741)	(105, 37.12234787760507)	(110, 36.9470620205983)	(115, 36.78501735886381)	(120, 36.62629842973644)	(125, 36.64385303713734)	(130, 36.483914340811246)	(135, 36.34706948856074)	(140, 36.157671754838404)	(145, 36.06926418995841)	(150, 35.24323713767936)
IDDLNTM38_R1	(1, 38.794073570040275)	(2, 37.55944650739185)	(3, 38.160075405262326)	(4, 38.16735724024055)	(5, 38.510245449996106)	(6, 38.7853009266976)	(7, 38.94079608709475)	(8, 38.802870215664306)	(9, 38.80336511984663)	(10, 39.030885335577615)	(15, 39.15852939165075)	(20, 39.19014519665774)	(25, 39.124468325656096)	(30, 38.98957596160092)	(35, 39.01526800356834)	(40, 38.914325075850066)	(45, 38.971200576969125)	(50, 38.913439277371324)	(55, 38.852492989333655)	(60, 38.766670584499366)	(65, 38.827713643639655)	(70, 38.75065230009481)	(75, 38.589261417418534)	(80, 38.37579640426775)	(85, 38.107079510985905)	(90, 37.586766589814914)	(95, 37.15258886511308)	(100, 36.68283640673656)	(105, 36.242527661200555)	(110, 35.89108877205662)	(115, 35.52370101462977)	(120, 35.2653899865911)	(125, 35.16412382815052)	(130, 34.993960302131576)	(135, 34.966976404042974)	(140, 34.86161553260014)	(145, 34.84208681929958)	(150, 34.33964256793169)
IDDLNTM38_R2	(1, 38.857287959369856)	(2, 37.99169482966095)	(3, 38.21143838242911)	(4, 37.85976457571872)	(5, 38.220067012083625)	(6, 38.661710513056384)	(7, 38.50396142414298)	(8, 38.50247252072149)	(9, 38.31524405843527)	(10, 38.52094330489698)	(15, 38.54486192116165)	(20, 38.50196702505629)	(25, 38.54893407963918)	(30, 38.46791883647607)	(35, 38.450973606824725)	(40, 38.4168622503358)	(45, 38.356669176746514)	(50, 38.32457172596024)	(55, 38.259881844007644)	(60, 38.21947358425115)	(65, 38.19632669848048)	(70, 38.141603020934745)	(75, 38.070765659440774)	(80, 37.951971739790125)	(85, 37.89155426391956)	(90, 37.85731161876148)	(95, 37.75503355461785)	(100, 37.63608403922582)	(105, 37.29009442992772)	(110, 37.12619412778472)	(115, 36.98091502411371)	(120, 36.83662671937771)	(125, 36.894722145971585)	(130, 36.751498628155325)	(135, 36.65875731807652)	(140, 36.47960749031194)	(145, 36.438296439985436)	(150, 35.63888320051753)
IDDLNTM39_R1	(1, 38.65355871184086)	(2, 37.69127087930784)	(3, 38.25262201121869)	(4, 38.29061035941763)	(5, 38.611384638477645)	(6, 38.863342154702146)	(7, 39.004205600684195)	(8, 38.811621898788516)	(9, 38.871194468316496)	(10, 39.05197163674313)	(15, 39.184264521218005)	(20, 39.2003706932789)	(25, 39.12646093229241)	(30, 38.978909106874234)	(35, 39.00129416333109)	(40, 38.89092949500456)	(45, 38.92816743849936)	(50, 38.86548111662451)	(55, 38.77847154878655)	(60, 38.685296772660536)	(65, 38.73691842226343)	(70, 38.6751801923535)	(75, 38.458036399493196)	(80, 38.14263147730587)	(85, 37.81984876212592)	(90, 37.2139635316841)	(95, 36.7646043688766)	(100, 36.22201477848732)	(105, 35.73733058714955)	(110, 35.30390233584823)	(115, 34.90173430226987)	(120, 34.57283870778269)	(125, 34.443267167628655)	(130, 34.23367227522196)	(135, 34.1898382696313)	(140, 34.04756870477763)	(145, 33.99607627571915)	(150, 33.4516088936722)
IDDLNTM39_R2	(1, 38.977623427720296)	(2, 38.28913719774748)	(3, 38.443962158196676)	(4, 38.19480323383608)	(5, 38.36089850402598)	(6, 38.742514419393046)	(7, 38.60065541751793)	(8, 38.58799678787866)	(9, 38.478914001591825)	(10, 38.621506795796236)	(15, 38.618514432445636)	(20, 38.55154781352966)	(25, 38.5895687931792)	(30, 38.49421447347227)	(35, 38.4680753762777)	(40, 38.422965184318755)	(45, 38.35484732782534)	(50, 38.31033969043433)	(55, 38.24282735500437)	(60, 38.19363443460524)	(65, 38.16443486332317)	(70, 38.085207125166235)	(75, 38.009949981919206)	(80, 37.87464740975995)	(85, 37.812092444306266)	(90, 37.772943721723735)	(95, 37.66981896367853)	(100, 37.53416895556516)	(105, 37.18780449963972)	(110, 36.99503200996979)	(115, 36.838451833457384)	(120, 36.67445126507685)	(125, 36.701583782287706)	(130, 36.552193678932035)	(135, 36.42751175399683)	(140, 36.24916687456856)	(145, 36.177872969322586)	(150, 35.407031068997426)
IDDLNTM4.A_R1	(1, 38.65957575122169)	(2, 37.69337481246712)	(3, 38.23526249036241)	(4, 38.241435650591804)	(5, 38.50489928197059)	(6, 38.74722562675645)	(7, 38.93985030770701)	(8, 38.79044238739445)	(9, 38.818335960571936)	(10, 38.99644538792052)	(15, 39.123091710884374)	(20, 39.1407578879785)	(25, 39.06311885850117)	(30, 38.91071152549009)	(35, 38.932366713644605)	(40, 38.8230765876392)	(45, 38.86448217730196)	(50, 38.80633172235206)	(55, 38.722229407567745)	(60, 38.63504696092358)	(65, 38.68359925812596)	(70, 38.631127349785814)	(75, 38.47298886353916)	(80, 38.317898870952334)	(85, 38.180402872117654)	(90, 37.78245295325433)	(95, 37.500979299710245)	(100, 37.183350884338715)	(105, 36.866202237683595)	(110, 36.610217932457545)	(115, 36.36868913009795)	(120, 36.14322585314123)	(125, 36.1116897118326)	(130, 35.917403422306876)	(135, 35.88918428184534)	(140, 35.72778232918387)	(145, 35.67659506165738)	(150, 35.15335852018582)
IDDLNTM4.A_R2	(1, 39.082613742112486)	(2, 38.31666637286129)	(3, 38.48227611334455)	(4, 38.20637477257144)	(5, 38.40158339449124)	(6, 38.81620061402231)	(7, 38.64422055443858)	(8, 38.63220917210902)	(9, 38.48594697957248)	(10, 38.647982995163346)	(15, 38.64451225678714)	(20, 38.58017203387236)	(25, 38.612637466123466)	(30, 38.51629608530624)	(35, 38.49380939700931)	(40, 38.44874732211863)	(45, 38.383228506667685)	(50, 38.33805834232532)	(55, 38.27278734397775)	(60, 38.221808276219114)	(65, 38.19338381218971)	(70, 38.12564058076973)	(75, 38.05112519727485)	(80, 37.92121104720586)	(85, 37.862665717829934)	(90, 37.82165259029644)	(95, 37.72479432850472)	(100, 37.596626959643196)	(105, 37.27681133334137)	(110, 37.10382432541512)	(115, 36.9421899572374)	(120, 36.785024647178396)	(125, 36.79436969932576)	(130, 36.64350966913494)	(135, 36.50629071330688)	(140, 36.32761940637088)	(145, 36.240369786539574)	(150, 35.4310830006374)
IDDLNTM4.B_R1	(1, 38.41940009458302)	(2, 37.576409393270175)	(3, 38.19730690411584)	(4, 38.25464378423013)	(5, 38.545724269242385)	(6, 38.74781567083527)	(7, 38.91037986893778)	(8, 38.751634571527546)	(9, 38.81634833434555)	(10, 38.99257992734799)	(15, 39.11995291603805)	(20, 39.145866094358674)	(25, 39.07420596466035)	(30, 38.93285188565634)	(35, 38.95663719306846)	(40, 38.844506203984054)	(45, 38.87423670167161)	(50, 38.76362734289409)	(55, 38.667496203583774)	(60, 38.51364016645426)	(65, 38.54357939908649)	(70, 38.458468318393926)	(75, 38.23059301182683)	(80, 37.92438635928997)	(85, 37.59509650779124)	(90, 36.81830858476818)	(95, 36.26812952438181)	(100, 35.58859983030403)	(105, 35.040160425455575)	(110, 34.569227507747264)	(115, 34.15954109938679)	(120, 33.839528488317214)	(125, 33.78138078363566)	(130, 33.613915069981054)	(135, 33.662616925419265)	(140, 33.60891630292066)	(145, 33.69831574026533)	(150, 33.19511528602963)
IDDLNTM4.B_R2	(1, 39.07521326890092)	(2, 38.42908274729581)	(3, 38.578054465786295)	(4, 38.30842861230301)	(5, 38.47053817937072)	(6, 38.8465140918325)	(7, 38.70774884007316)	(8, 38.68945092925101)	(9, 38.58016751176976)	(10, 38.71589859553602)	(15, 38.70706491686429)	(20, 38.645891148482)	(25, 38.682767062376854)	(30, 38.587812824449664)	(35, 38.56377905129375)	(40, 38.51926474301733)	(45, 38.45641279311965)	(50, 38.41397021870223)	(55, 38.365775178034994)	(60, 38.312904158342064)	(65, 38.282046966350876)	(70, 38.22323747701519)	(75, 38.151020720797746)	(80, 38.02899518140519)	(85, 37.963483046956966)	(90, 37.91152089400229)	(95, 37.77692105084999)	(100, 37.62947827629608)	(105, 37.1789264678776)	(110, 36.92315480334984)	(115, 36.74684789972816)	(120, 36.5425679438669)	(125, 36.63043369329899)	(130, 36.478819382502344)	(135, 36.42314882396341)	(140, 36.258089294476875)	(145, 36.28155774382431)	(150, 35.54696066799136)
IDDLNTM4.C_R1	(1, 38.72524440487477)	(2, 37.80538249914172)	(3, 38.30621714151495)	(4, 38.28094712843308)	(5, 38.57985021513574)	(6, 38.82128078558475)	(7, 39.00818025059007)	(8, 38.80793138072582)	(9, 38.83451274842824)	(10, 39.03950764018788)	(15, 39.15853507410664)	(20, 39.17949511141519)	(25, 39.10568304836589)	(30, 38.97221044147233)	(35, 38.988501062216734)	(40, 38.87343166787399)	(45, 38.910794797367444)	(50, 38.8456495652087)	(55, 38.74742583914391)	(60, 38.654252217205354)	(65, 38.70376684300025)	(70, 38.64721573489097)	(75, 38.47744223960461)	(80, 38.237494654804536)	(85, 38.001125689027674)	(90, 37.541888521212535)	(95, 37.19066321357903)	(100, 36.79718996830771)	(105, 36.421379709772026)	(110, 36.103852853438944)	(115, 35.78533529329925)	(120, 35.57443457882784)	(125, 35.52177669789601)	(130, 35.388491608378146)	(135, 35.386845470916896)	(140, 35.30069156778512)	(145, 35.27112015560824)	(150, 34.74999543145687)
IDDLNTM4.C_R2	(1, 38.8966717371404)	(2, 38.07270440453853)	(3, 38.24054610049869)	(4, 37.97028327160318)	(5, 38.20312936676581)	(6, 38.6668723120215)	(7, 38.49241097980509)	(8, 38.483634503879365)	(9, 38.344157247549006)	(10, 38.52026569184921)	(15, 38.52783694954842)	(20, 38.45883708526461)	(25, 38.49637243055997)	(30, 38.394677976186564)	(35, 38.37297030593158)	(40, 38.322593334117904)	(45, 38.25026737550964)	(50, 38.20398859399247)	(55, 38.126925969865155)	(60, 38.0734127601968)	(65, 38.03443896950236)	(70, 37.947365022697745)	(75, 37.84975141033972)	(80, 37.71609674395667)	(85, 37.6363384113604)	(90, 37.610843650322)	(95, 37.50729692582124)	(100, 37.37689691393084)	(105, 37.063724183771896)	(110, 36.895662710430145)	(115, 36.72825754790331)	(120, 36.58402101481109)	(125, 36.58747770855522)	(130, 36.43824604004773)	(135, 36.283599856048255)	(140, 36.10739229263627)	(145, 35.99729971080513)	(150, 35.167624355134905)
IDDLNTM40_R1	(1, 38.65651167479153)	(2, 37.874723037947625)	(3, 38.33119196306039)	(4, 38.232084119708816)	(5, 38.524144095564964)	(6, 38.77026079733009)	(7, 38.89598954576037)	(8, 38.72235443855827)	(9, 38.70896504485073)	(10, 38.93447591565682)	(15, 39.073135081698034)	(20, 39.09715670914916)	(25, 39.02307880271752)	(30, 38.877510899953606)	(35, 38.90037381679333)	(40, 38.7933636953211)	(45, 38.841056694332515)	(50, 38.7918571577779)	(55, 38.69248630674351)	(60, 38.578175608879306)	(65, 38.625350073718906)	(70, 38.53482121647126)	(75, 38.37994836033122)	(80, 38.125779659411364)	(85, 37.87854320753754)	(90, 37.393775743929424)	(95, 37.02005251409403)	(100, 36.572713365832804)	(105, 36.15861568767473)	(110, 35.76231858712312)	(115, 35.380006655347714)	(120, 35.05912814944899)	(125, 34.919597861544474)	(130, 34.702083901102505)	(135, 34.64361195922263)	(140, 34.51807675024715)	(145, 34.47507504268896)	(150, 33.97645367125011)
IDDLNTM40_R2	(1, 39.108904320875205)	(2, 38.32831024607784)	(3, 38.5098851345279)	(4, 38.16729698153262)	(5, 38.51186813667267)	(6, 38.89442335298361)	(7, 38.750953487863704)	(8, 38.74875770890869)	(9, 38.58106529284744)	(10, 38.75688481147635)	(15, 38.768517387703156)	(20, 38.71775535038948)	(25, 38.75600280787663)	(30, 38.6739197326202)	(35, 38.65898668687561)	(40, 38.62391990264732)	(45, 38.56899288072111)	(50, 38.53217831473965)	(55, 38.4708530261186)	(60, 38.4271347756492)	(65, 38.401854170158295)	(70, 38.333360246199284)	(75, 38.27208198222488)	(80, 38.14520462765273)	(85, 38.10057056247404)	(90, 38.06098688605025)	(95, 37.98766176259841)	(100, 37.87755413542418)	(105, 37.61203490899905)	(110, 37.46669017898999)	(115, 37.334736883014045)	(120, 37.19828369755574)	(125, 37.217285443977275)	(130, 37.07629272842537)	(135, 36.949352706710485)	(140, 36.78211372871928)	(145, 36.701892013339844)	(150, 35.937452847833)
IDDLNTM41.A_R1	(1, 38.64579361665447)	(2, 37.69750410487045)	(3, 38.25262987877033)	(4, 38.281286142526454)	(5, 38.59360192548133)	(6, 38.79647458160449)	(7, 38.95553852050594)	(8, 38.79610468298349)	(9, 38.799531684913326)	(10, 39.018814868250814)	(15, 39.142202085157024)	(20, 39.15831376441307)	(25, 39.075733980962774)	(30, 38.923552164911186)	(35, 38.937857784859595)	(40, 38.82221149162874)	(45, 38.853556215384764)	(50, 38.78963990955058)	(55, 38.701734422832615)	(60, 38.6054285551693)	(65, 38.64114745564983)	(70, 38.575905707652886)	(75, 38.37656909823403)	(80, 38.0531403723423)	(85, 37.707128498763936)	(90, 37.136119679778254)	(95, 36.642816685942684)	(100, 36.125041216079374)	(105, 35.62591416008744)	(110, 35.18480938504773)	(115, 34.75885589184901)	(120, 34.407133854762066)	(125, 34.23559228133719)	(130, 34.034007156952505)	(135, 33.98696232892189)	(140, 33.8996751252383)	(145, 33.881488164081006)	(150, 33.407103559897635)
IDDLNTM41.A_R2	(1, 38.75747287270634)	(2, 37.976109319269376)	(3, 38.21789372025957)	(4, 37.94354192156475)	(5, 38.20446857619159)	(6, 38.661167005043005)	(7, 38.486501210957705)	(8, 38.479309946590654)	(9, 38.31730188246597)	(10, 38.51367888447949)	(15, 38.52117242799112)	(20, 38.45657733308116)	(25, 38.49164363866428)	(30, 38.391394919501025)	(35, 38.36330203979841)	(40, 38.31314127616698)	(45, 38.24000361529874)	(50, 38.1869949670355)	(55, 38.114213731105465)	(60, 38.05183032867417)	(65, 38.01106448789126)	(70, 37.93430349428665)	(75, 37.8496865904218)	(80, 37.711042394398966)	(85, 37.652304250821395)	(90, 37.60498635057351)	(95, 37.50770728131208)	(100, 37.36534367933639)	(105, 37.03600519531819)	(110, 36.85447794918831)	(115, 36.68331146300763)	(120, 36.524388286432085)	(125, 36.53953212008817)	(130, 36.378576676971385)	(135, 36.236826420469285)	(140, 36.04538137217325)	(145, 35.9641499612527)	(150, 35.15290244886277)
IDDLNTM41.B_R1	(1, 38.616758115740936)	(2, 37.65087062541029)	(3, 38.199131355758254)	(4, 38.14881824188604)	(5, 38.47141602147801)	(6, 38.71919202592154)	(7, 38.90279958748858)	(8, 38.76625566640977)	(9, 38.80046348634975)	(10, 38.967311504306636)	(15, 39.098912713283504)	(20, 39.11304576285163)	(25, 39.030918366217755)	(30, 38.872880229972615)	(35, 38.883779726898595)	(40, 38.76591269222243)	(45, 38.796818564584484)	(50, 38.72784262882147)	(55, 38.60702711559351)	(60, 38.444542594588306)	(65, 38.47345073512062)	(70, 38.34554934948063)	(75, 38.1744373570569)	(80, 37.93169858965787)	(85, 37.70382344111485)	(90, 37.17922421723317)	(95, 36.794354990420786)	(100, 36.33754664224058)	(105, 35.92928870337695)	(110, 35.555595551759005)	(115, 35.21256781932599)	(120, 34.92202913067395)	(125, 34.83615179249348)	(130, 34.61794446088477)	(135, 34.58145704773045)	(140, 34.43633527368862)	(145, 34.414818997942795)	(150, 33.84229898367838)
IDDLNTM41.B_R2	(1, 38.872934988757315)	(2, 38.00100272116177)	(3, 38.20734553043021)	(4, 37.89466394562388)	(5, 38.149215903464615)	(6, 38.63788201302431)	(7, 38.46012300379421)	(8, 38.45215763533434)	(9, 38.29767289443727)	(10, 38.48668179970065)	(15, 38.504264724098185)	(20, 38.43574463558458)	(25, 38.471354194740655)	(30, 38.37454401888785)	(35, 38.35165984442651)	(40, 38.30577862244175)	(45, 38.23465609948251)	(50, 38.188910667860846)	(55, 38.1132560165947)	(60, 38.0517659708065)	(65, 38.005658074582605)	(70, 37.92915341276808)	(75, 37.845696312920396)	(80, 37.712038543901805)	(85, 37.64670296072253)	(90, 37.60180896751847)	(95, 37.50438545044098)	(100, 37.37948573148134)	(105, 37.05162189880191)	(110, 36.86343451809592)	(115, 36.710256991472406)	(120, 36.542745728261494)	(125, 36.574819597647874)	(130, 36.40674982339043)	(135, 36.287705439146535)	(140, 36.08854202772422)	(145, 36.02449081291094)	(150, 35.20572436341128)
IDDLNTM41.C_R1	(1, 38.70974766509335)	(2, 37.76770153216018)	(3, 38.312690627395256)	(4, 38.275568323938515)	(5, 38.57011959045874)	(6, 38.84592450963871)	(7, 39.03599170778801)	(8, 38.83914603635288)	(9, 38.867876075100746)	(10, 39.054533633700736)	(15, 39.18288384488063)	(20, 39.19974025530706)	(25, 39.125408543677814)	(30, 38.98167603205846)	(35, 38.9971167161993)	(40, 38.88091957468572)	(45, 38.92083040613751)	(50, 38.85693595821956)	(55, 38.7666468980814)	(60, 38.67097382483673)	(65, 38.70721425190096)	(70, 38.6449055021734)	(75, 38.4784074275996)	(80, 38.29432236160502)	(85, 38.09342616394167)	(90, 37.62984568536403)	(95, 37.28116189843551)	(100, 36.87689400278147)	(105, 36.5054363347905)	(110, 36.18018497196464)	(115, 35.87245311402302)	(120, 35.63511002757728)	(125, 35.590137627412716)	(130, 35.41900581737869)	(135, 35.413154342297595)	(140, 35.28629942873824)	(145, 35.260353366567834)	(150, 34.70817232530159)
IDDLNTM41.C_R2	(1, 38.87488329635634)	(2, 38.012528953980265)	(3, 38.26924303059278)	(4, 37.98209448782133)	(5, 38.25206339104544)	(6, 38.68781375599262)	(7, 38.533720020724644)	(8, 38.52364961696486)	(9, 38.35993826551361)	(10, 38.55032170871202)	(15, 38.55943851201604)	(20, 38.49342326045114)	(25, 38.53257353433073)	(30, 38.43306997235603)	(35, 38.4056583537248)	(40, 38.35487551971009)	(45, 38.277848741091624)	(50, 38.229077319756506)	(55, 38.154190021291605)	(60, 38.08682087994204)	(65, 38.03411781854479)	(70, 37.9481589613979)	(75, 37.863520093821975)	(80, 37.71998627512181)	(85, 37.659946171639845)	(90, 37.61043530189337)	(95, 37.519714641812264)	(100, 37.38617024302804)	(105, 37.06809167889043)	(110, 36.8853339004295)	(115, 36.73219196074481)	(120, 36.57204295674996)	(125, 36.60465566858461)	(130, 36.441254284365115)	(135, 36.3204777105114)	(140, 36.13093125731145)	(145, 36.06661062406801)	(150, 35.244784065644)
IDDLNTM42_R1	(1, 38.61575875602582)	(2, 37.62280023201393)	(3, 38.19646883537233)	(4, 38.17163194563543)	(5, 38.51239003186522)	(6, 38.730363671082884)	(7, 38.91518983043154)	(8, 38.761056881808564)	(9, 38.74518007103421)	(10, 38.97364996852385)	(15, 39.11303143194881)	(20, 39.139690439903255)	(25, 39.07483241020937)	(30, 38.93881764022585)	(35, 38.971655153854286)	(40, 38.8731407017039)	(45, 38.917611130252205)	(50, 38.85194251938526)	(55, 38.772728704624726)	(60, 38.67534073846163)	(65, 38.72217547017548)	(70, 38.641772575496255)	(75, 38.44524421786852)	(80, 38.10529616673604)	(85, 37.7816230838501)	(90, 37.16200097849946)	(95, 36.70606473420702)	(100, 36.13034233999939)	(105, 35.64606961134595)	(110, 35.175752325984)	(115, 34.75504895654312)	(120, 34.37498618172411)	(125, 34.21457001740446)	(130, 33.978924616462855)	(135, 33.950953456770335)	(140, 33.8511680816001)	(145, 33.85673832716183)	(150, 33.381335097157965)
IDDLNTM42_R2	(1, 38.90049698011585)	(2, 38.046567291121335)	(3, 38.28409692639565)	(4, 37.94342279931051)	(5, 38.26302659405907)	(6, 38.696301514353344)	(7, 38.54935116816692)	(8, 38.53260029491503)	(9, 38.39180558748108)	(10, 38.56597084672286)	(15, 38.592134290945395)	(20, 38.54706079000435)	(25, 38.5945680139891)	(30, 38.51288457170512)	(35, 38.50101377254205)	(40, 38.46707830538364)	(45, 38.4133432923896)	(50, 38.379672194147666)	(55, 38.32291301371862)	(60, 38.27307561630193)	(65, 38.25346043928721)	(70, 38.19290241472984)	(75, 38.137085283207675)	(80, 38.01299100527936)	(85, 37.96516139183101)	(90, 37.929986264488704)	(95, 37.84623742724607)	(100, 37.72580137894362)	(105, 37.41311704638555)	(110, 37.241131858007336)	(115, 37.10700644181657)	(120, 36.95396946719902)	(125, 37.00322331443058)	(130, 36.856338087775875)	(135, 36.75687755941006)	(140, 36.58508766136751)	(145, 36.53361196847846)	(150, 35.75820090570075)
IDDLNTM43_R1	(1, 38.62790288962852)	(2, 37.53719532271229)	(3, 38.13286956702965)	(4, 38.150532738749504)	(5, 38.437698052385926)	(6, 38.70113184815628)	(7, 38.89217834228462)	(8, 38.72375318051115)	(9, 38.738034093917285)	(10, 38.94560127066143)	(15, 39.071937816786125)	(20, 39.09507183842112)	(25, 39.01615672613106)	(30, 38.86483202833097)	(35, 38.885043015680665)	(40, 38.7812777032867)	(45, 38.82355517070906)	(50, 38.77292309640758)	(55, 38.691079258628534)	(60, 38.608902124722725)	(65, 38.65644523809571)	(70, 38.60368561550267)	(75, 38.41637263116171)	(80, 38.21208831706097)	(85, 37.99377181920329)	(90, 37.553885218441025)	(95, 37.221099456389844)	(100, 36.82688612803164)	(105, 36.445224869678455)	(110, 36.12230332632821)	(115, 35.79512348008289)	(120, 35.5296072648616)	(125, 35.43977153424231)	(130, 35.240046355254954)	(135, 35.19359298715451)	(140, 35.05111779048234)	(145, 35.00078462461201)	(150, 34.460422387512054)
IDDLNTM43_R2	(1, 38.97892992144335)	(2, 38.152526263201736)	(3, 38.30534349921255)	(4, 37.99994028244001)	(5, 38.215858939909104)	(6, 38.647507884020484)	(7, 38.48762914673827)	(8, 38.46675204808185)	(9, 38.35443494062411)	(10, 38.50324164149545)	(15, 38.5117115954468)	(20, 38.44792859222666)	(25, 38.47970602928926)	(30, 38.390237421387745)	(35, 38.368762986815845)	(40, 38.327538792867635)	(45, 38.26105936145897)	(50, 38.222224431014894)	(55, 38.1563133183986)	(60, 38.104783797383526)	(65, 38.07839520880806)	(70, 38.012605695572304)	(75, 37.942854623612035)	(80, 37.81626173284728)	(85, 37.76129296132366)	(90, 37.71470468764811)	(95, 37.6251708312985)	(100, 37.49687891583371)	(105, 37.19875651206966)	(110, 37.042676132233915)	(115, 36.88859817436606)	(120, 36.75279515253728)	(125, 36.75592058526415)	(130, 36.61106758765306)	(135, 36.46794920480458)	(140, 36.291895745965505)	(145, 36.19078678286074)	(150, 35.36586965099495)
IDDLNTM44_R1	(1, 38.565571403722004)	(2, 37.60941822390489)	(3, 38.185523724634606)	(4, 38.253960653294726)	(5, 38.47776558240356)	(6, 38.74404038688897)	(7, 38.91769126361367)	(8, 38.7653957990634)	(9, 38.76803532521455)	(10, 38.98202952803465)	(15, 39.108482342303375)	(20, 39.12595201579787)	(25, 39.04986120335242)	(30, 38.90831328517119)	(35, 38.92788279403904)	(40, 38.82270123440516)	(45, 38.86579618030404)	(50, 38.813452722385094)	(55, 38.726225003999446)	(60, 38.631859870712546)	(65, 38.65732791518247)	(70, 38.607692426890864)	(75, 38.44485073058391)	(80, 38.27746574934366)	(85, 38.05707051009377)	(90, 37.64964264692049)	(95, 37.28274571829966)	(100, 36.90955845009573)	(105, 36.49787129003512)	(110, 36.18060469898511)	(115, 35.82215486515042)	(120, 35.555731300864736)	(125, 35.42682377529064)	(130, 35.215086984979756)	(135, 35.13925152606472)	(140, 34.9821271298285)	(145, 34.91321153333684)	(150, 34.351398758981844)
IDDLNTM44_R2	(1, 38.83417538160621)	(2, 38.083445168722115)	(3, 38.29047446213708)	(4, 38.03691975548044)	(5, 38.219616694708265)	(6, 38.61912493182388)	(7, 38.50983711282021)	(8, 38.496000006984026)	(9, 38.374348712090644)	(10, 38.53888508283603)	(15, 38.54484839529949)	(20, 38.481572052363624)	(25, 38.518363389025865)	(30, 38.417442435784594)	(35, 38.394752113923474)	(40, 38.3485217758725)	(45, 38.277336719423)	(50, 38.23127949797059)	(55, 38.1602464314344)	(60, 38.10467373348469)	(65, 38.066838808411305)	(70, 37.99223419716304)	(75, 37.91363297578747)	(80, 37.77944796931742)	(85, 37.718360508114245)	(90, 37.68332871005218)	(95, 37.604265669813046)	(100, 37.48507467344757)	(105, 37.210223744255366)	(110, 37.054248046054425)	(115, 36.908868690012376)	(120, 36.75847165892276)	(125, 36.77405573210839)	(130, 36.61345067082682)	(135, 36.474724561932284)	(140, 36.28760751856824)	(145, 36.19152370324603)	(150, 35.364275342692075)
IDDLNTM45_R1	(1, 38.76482760427858)	(2, 37.74691647756157)	(3, 38.29408115884304)	(4, 38.29572341217225)	(5, 38.58545094360388)	(6, 38.80937346379402)	(7, 39.01102808538292)	(8, 38.86228949064781)	(9, 38.84849699440808)	(10, 39.05952482823317)	(15, 39.19042084575837)	(20, 39.22019741000257)	(25, 39.16084368301618)	(30, 39.035172018384685)	(35, 39.0666147339514)	(40, 38.96660389600181)	(45, 39.019281613743445)	(50, 38.96175763451793)	(55, 38.87824236548207)	(60, 38.79350276451568)	(65, 38.85723384920156)	(70, 38.80302934317204)	(75, 38.650668735031005)	(80, 38.50029870395313)	(85, 38.3929986426359)	(90, 38.03421865615714)	(95, 37.78953741660597)	(100, 37.519991027770935)	(105, 37.26903979330332)	(110, 37.0546858619262)	(115, 36.871183317523624)	(120, 36.704297676758685)	(125, 36.73407440870809)	(130, 36.600467017100684)	(135, 36.61490408833872)	(140, 36.509355456446436)	(145, 36.48401821697911)	(150, 36.05669945653028)
IDDLNTM45_R2	(1, 38.81293971521558)	(2, 37.93408220700064)	(3, 38.150003930591005)	(4, 37.83824119154556)	(5, 38.183484180681404)	(6, 38.62074702192221)	(7, 38.463334713407505)	(8, 38.45877900121062)	(9, 38.27795252894225)	(10, 38.4851164345871)	(15, 38.5065307136381)	(20, 38.45729497775285)	(25, 38.50839760810435)	(30, 38.42775932205167)	(35, 38.41323697271122)	(40, 38.38280786747096)	(45, 38.32372825466037)	(50, 38.29405793167061)	(55, 38.23356691176085)	(60, 38.19047279244907)	(65, 38.16657077422161)	(70, 38.10759119757247)	(75, 38.0426645424006)	(80, 37.92000083852608)	(85, 37.86317719628323)	(90, 37.82644933468196)	(95, 37.7346910188616)	(100, 37.61156620949525)	(105, 37.27911501957434)	(110, 37.107181032540055)	(115, 36.95106542075666)	(120, 36.80705611311716)	(125, 36.84710722128179)	(130, 36.706636996818844)	(135, 36.59285890226455)	(140, 36.417919889314554)	(145, 36.35386521741408)	(150, 35.60677529073271)
IDDLNTM46.A_R1	(1, 38.60149788100099)	(2, 37.74954152722412)	(3, 38.20536584854426)	(4, 38.14108786908101)	(5, 38.4448355242958)	(6, 38.624383541068056)	(7, 38.83858869765916)	(8, 38.685154639748774)	(9, 38.6678354842844)	(10, 38.89325992063194)	(15, 39.03169471351095)	(20, 39.04830641622246)	(25, 38.96594046347741)	(30, 38.81644172918536)	(35, 38.82737866117605)	(40, 38.707825564882754)	(45, 38.74144523285668)	(50, 38.669896905407725)	(55, 38.57968358478104)	(60, 38.48926417339354)	(65, 38.53389446278716)	(70, 38.47044452655933)	(75, 38.271708244636066)	(80, 38.014328357442515)	(85, 37.74558489272561)	(90, 37.21268014487119)	(95, 36.81870590322079)	(100, 36.3559505818662)	(105, 35.91884808273757)	(110, 35.54200864460021)	(115, 35.15682638201379)	(120, 34.87906773029926)	(125, 34.771627173426275)	(130, 34.571796333886724)	(135, 34.51867883669126)	(140, 34.3847237791123)	(145, 34.34211451431413)	(150, 33.78234188172077)
IDDLNTM46.A_R2	(1, 38.880211670959156)	(2, 37.98242194729665)	(3, 38.17508984910998)	(4, 37.901224926283824)	(5, 38.11539071337744)	(6, 38.564643752050046)	(7, 38.413826054005966)	(8, 38.394087386162774)	(9, 38.267169540675646)	(10, 38.446316330916886)	(15, 38.454917539089735)	(20, 38.38876326072728)	(25, 38.42411296135863)	(30, 38.325783276479356)	(35, 38.296345333826594)	(40, 38.2479110095302)	(45, 38.176271276378365)	(50, 38.12477657275259)	(55, 38.04958126046154)	(60, 37.983702482995696)	(65, 37.94929456921319)	(70, 37.872961221686865)	(75, 37.793532319041006)	(80, 37.660646742420134)	(85, 37.59848042298246)	(90, 37.55369787633656)	(95, 37.45819475020589)	(100, 37.323891871675116)	(105, 36.99347899904764)	(110, 36.805654829214475)	(115, 36.64380100516318)	(120, 36.47576257539847)	(125, 36.498711569004996)	(130, 36.326992091224255)	(135, 36.19760714761786)	(140, 35.99889166305958)	(145, 35.91986116261121)	(150, 35.10744085642351)
IDDLNTM46.B_R1	(1, 38.672557883793004)	(2, 37.59212307471463)	(3, 38.22365790496225)	(4, 38.20019357792109)	(5, 38.56958348704713)	(6, 38.81684542326639)	(7, 39.00292545754733)	(8, 38.825530582299564)	(9, 38.88073340013787)	(10, 39.06532863921471)	(15, 39.19701383306714)	(20, 39.222302774068595)	(25, 39.156188074344)	(30, 39.01729123779003)	(35, 39.04147596008732)	(40, 38.932134298047195)	(45, 38.98763592055999)	(50, 38.93176576943378)	(55, 38.83410175636396)	(60, 38.709671013660895)	(65, 38.77103970056303)	(70, 38.66008037478326)	(75, 38.55407093599048)	(80, 38.26934477227465)	(85, 38.03145105044113)	(90, 37.42740898451911)	(95, 36.99720450582411)	(100, 36.41740620538784)	(105, 35.95647542925402)	(110, 35.488527741860786)	(115, 35.09798533276626)	(120, 34.74212408938592)	(125, 34.636410977333526)	(130, 34.440453812269574)	(135, 34.47075954447881)	(140, 34.38979774717339)	(145, 34.41378534554044)	(150, 33.914086606787535)
IDDLNTM46.B_R2	(1, 38.89806014074239)	(2, 38.08066359075295)	(3, 38.308008917999395)	(4, 37.97438627873896)	(5, 38.333661944422076)	(6, 38.77486665617105)	(7, 38.59714494995961)	(8, 38.58851917589893)	(9, 38.41125887810679)	(10, 38.61026501291623)	(15, 38.63728338103)	(20, 38.58650666617678)	(25, 38.633725580333234)	(30, 38.54574550463235)	(35, 38.535534878097394)	(40, 38.502905527266996)	(45, 38.4471099705019)	(50, 38.414724568011714)	(55, 38.3525218426687)	(60, 38.30194558413986)	(65, 38.27167309042601)	(70, 38.21171187009473)	(75, 38.14245831142889)	(80, 38.01770851334848)	(85, 37.96263087390541)	(90, 37.93696058739001)	(95, 37.86114443386575)	(100, 37.742619718929646)	(105, 37.428635220116384)	(110, 37.2449983434156)	(115, 37.1102356408525)	(120, 36.95158949860071)	(125, 37.00873689658833)	(130, 36.86390968015638)	(135, 36.771006974743656)	(140, 36.599321857792646)	(145, 36.56899194436439)	(150, 35.803674776275656)
IDDLNTM48_R1	(1, 38.57935336219121)	(2, 37.731758406285266)	(3, 38.25078521019593)	(4, 38.21549746714116)	(5, 38.55492159147321)	(6, 38.84517719387531)	(7, 38.96089145965039)	(8, 38.791848521354986)	(9, 38.85830052119583)	(10, 39.02727538051212)	(15, 39.161548459296455)	(20, 39.18147485150429)	(25, 39.10621866476456)	(30, 38.960454237614385)	(35, 38.978873892857266)	(40, 38.868429540027336)	(45, 38.899767452373354)	(50, 38.812332544564335)	(55, 38.727036083317174)	(60, 38.60623264303721)	(65, 38.656959648622475)	(70, 38.58093509435959)	(75, 38.42327226154494)	(80, 38.20718883188096)	(85, 38.018342410183344)	(90, 37.51573655601611)	(95, 37.17881427167053)	(100, 36.774124821599955)	(105, 36.416100970208774)	(110, 36.119599517280875)	(115, 35.829405327617586)	(120, 35.597982545699686)	(125, 35.55753979901702)	(130, 35.37891214041102)	(135, 35.372376308431946)	(140, 35.229813759828275)	(145, 35.202852317570525)	(150, 34.66047609038338)
IDDLNTM48_R2	(1, 38.74275374470841)	(2, 37.85799491574185)	(3, 38.067542346770736)	(4, 37.76694448917538)	(5, 38.08208683319629)	(6, 38.55671564339531)	(7, 38.40126641900195)	(8, 38.39411604299475)	(9, 38.236003655599525)	(10, 38.435702216545735)	(15, 38.445387097116914)	(20, 38.385993395839066)	(25, 38.43109351131084)	(30, 38.33058935605577)	(35, 38.293867204743364)	(40, 38.239445268813014)	(45, 38.16018333827399)	(50, 38.10664209601593)	(55, 38.03153123331487)	(60, 37.97126508783709)	(65, 37.93050086171572)	(70, 37.85270283754768)	(75, 37.778741484659214)	(80, 37.63459628727912)	(85, 37.57360518816817)	(90, 37.524783227406076)	(95, 37.4263898538156)	(100, 37.295600885526696)	(105, 36.94160735969596)	(110, 36.75995831099969)	(115, 36.60658720369344)	(120, 36.44346397011691)	(125, 36.49476435569642)	(130, 36.32439191910017)	(135, 36.21783573425616)	(140, 36.00576579789585)	(145, 35.95317382825723)	(150, 35.126131307851765)
IDDLNTM49_R1	(1, 38.80009684577005)	(2, 37.69601645152195)	(3, 38.251070820001715)	(4, 38.17723879224744)	(5, 38.50810562318414)	(6, 38.79280644330845)	(7, 38.9056121510794)	(8, 38.743996175205034)	(9, 38.80769372218749)	(10, 38.98084648106604)	(15, 39.11242004094492)	(20, 39.14226104225663)	(25, 39.07300749022348)	(30, 38.93692189817709)	(35, 38.95827504198693)	(40, 38.853363735549756)	(45, 38.9126214556287)	(50, 38.85289053976193)	(55, 38.793810329398205)	(60, 38.68062447133242)	(65, 38.72243205472399)	(70, 38.666681132237386)	(75, 38.47872764272493)	(80, 38.2840470498817)	(85, 38.06111495225135)	(90, 37.55590722420409)	(95, 37.19400071101958)	(100, 36.778596594461405)	(105, 36.3951610214164)	(110, 36.07780687237199)	(115, 35.76360033344367)	(120, 35.53370085690118)	(125, 35.495810868792375)	(130, 35.33692557586456)	(135, 35.3406031407451)	(140, 35.21318990352201)	(145, 35.19583293491719)	(150, 34.67923271180415)
IDDLNTM49_R2	(1, 39.0094357201525)	(2, 38.1837513638091)	(3, 38.40847952141027)	(4, 38.07944172704204)	(5, 38.400177754894386)	(6, 38.817744842043325)	(7, 38.67562306155223)	(8, 38.67260980961838)	(9, 38.51474507496353)	(10, 38.67604060166967)	(15, 38.697044119990686)	(20, 38.65624115822637)	(25, 38.70772878280803)	(30, 38.6223160849791)	(35, 38.60464614517059)	(40, 38.56958675051794)	(45, 38.51891814693587)	(50, 38.48429946183173)	(55, 38.43279185514815)	(60, 38.387889375160896)	(65, 38.36914371176737)	(70, 38.29898275164577)	(75, 38.24548686452626)	(80, 38.109221923920906)	(85, 38.067216971301775)	(90, 38.01533816336288)	(95, 37.93110097703897)	(100, 37.81033626322436)	(105, 37.468009758130755)	(110, 37.30801699091611)	(115, 37.18399519448837)	(120, 37.03390325230162)	(125, 37.09738369313376)	(130, 36.947929339364734)	(135, 36.86199146776507)	(140, 36.6761063096858)	(145, 36.641348485405715)	(150, 35.845455297708796)
IDDLNTM50_R1	(1, 38.84307092388281)	(2, 37.83957500317696)	(3, 38.381362433486245)	(4, 38.39584651068522)	(5, 38.647138086167914)	(6, 38.950709714022814)	(7, 39.047027351412574)	(8, 38.822756352218605)	(9, 38.97596487015486)	(10, 39.10850947635349)	(15, 39.22634968782951)	(20, 39.25182012154183)	(25, 39.189759699100975)	(30, 39.10295171482272)	(35, 39.11625558128726)	(40, 38.973946300843586)	(45, 39.053648828987164)	(50, 39.001220170285286)	(55, 38.914821717403896)	(60, 38.83098182776426)	(65, 38.884514378058384)	(70, 38.84995721448091)	(75, 38.702840980067386)	(80, 38.504051646459494)	(85, 38.29851051674179)	(90, 37.840224147880576)	(95, 37.46512463599909)	(100, 37.06986823068109)	(105, 36.71124976555264)	(110, 36.37671963767127)	(115, 36.077579560005745)	(120, 35.85729414801378)	(125, 35.839954726908864)	(130, 35.69345581355665)	(135, 35.73214861064962)	(140, 35.62776072796942)	(145, 35.63091170055249)	(150, 35.12655189755667)
IDDLNTM50_R2	(1, 38.96575610490138)	(2, 38.23548919310147)	(3, 38.39043865146956)	(4, 38.14977487653039)	(5, 38.36704395442595)	(6, 38.79191837883742)	(7, 38.62772566436353)	(8, 38.621538053912275)	(9, 38.50182067953556)	(10, 38.65497390209334)	(15, 38.67021670676422)	(20, 38.61106317964986)	(25, 38.66145469324924)	(30, 38.562462429922284)	(35, 38.55571408977363)	(40, 38.52647521841855)	(45, 38.470455960075)	(50, 38.44069106263245)	(55, 38.373500409855396)	(60, 38.34832387683963)	(65, 38.32299340955408)	(70, 38.24308381173796)	(75, 38.147882737798035)	(80, 38.03328623386273)	(85, 37.94532352656356)	(90, 37.93471732577726)	(95, 37.81798417385789)	(100, 37.70925761994435)	(105, 37.36651411238138)	(110, 37.21702953658801)	(115, 37.05905553621577)	(120, 36.93275268385983)	(125, 36.97306071079761)	(130, 36.85877927532095)	(135, 36.73938071336078)	(140, 36.59860530367638)	(145, 36.528257198389085)	(150, 35.79449918982911)
IDDLNTM52_R1	(1, 38.62151935640046)	(2, 37.71414244534655)	(3, 38.24666310617199)	(4, 38.14292895564866)	(5, 38.491755196078344)	(6, 38.7178346010537)	(7, 38.90674244160179)	(8, 38.74021685730768)	(9, 38.732489097842574)	(10, 38.96798033465679)	(15, 39.09703220583345)	(20, 39.12279088097279)	(25, 39.04808233480478)	(30, 38.90694801113086)	(35, 38.924102224833646)	(40, 38.816776385182514)	(45, 38.861177192267604)	(50, 38.79416430761604)	(55, 38.714467740224165)	(60, 38.58768448073097)	(65, 38.62886928734529)	(70, 38.56572299291973)	(75, 38.388555084092175)	(80, 38.224359668214205)	(85, 38.060728320287595)	(90, 37.61048775507838)	(95, 37.29301650280367)	(100, 36.939051166805015)	(105, 36.591101984990644)	(110, 36.30944947559976)	(115, 36.03597901864089)	(120, 35.82200788717928)	(125, 35.80761374041854)	(130, 35.63835219830827)	(135, 35.63087644340463)	(140, 35.50243443325276)	(145, 35.487817598057006)	(150, 34.97335602777186)
IDDLNTM52_R2	(1, 38.788226829070396)	(2, 37.86802179450715)	(3, 38.113491926920105)	(4, 37.7628364600599)	(5, 38.103696702916544)	(6, 38.55272917266646)	(7, 38.414035363023345)	(8, 38.40090088242611)	(9, 38.26784632572107)	(10, 38.44435793849142)	(15, 38.46411529583163)	(20, 38.415573282737455)	(25, 38.46488065358556)	(30, 38.37410986592865)	(35, 38.34765559257717)	(40, 38.30592904391802)	(45, 38.23908135670896)	(50, 38.1999668677841)	(55, 38.130660477706634)	(60, 38.080792890661016)	(65, 38.0459908681336)	(70, 37.979568514408854)	(75, 37.90263586571288)	(80, 37.77337086415702)	(85, 37.71124186071809)	(90, 37.668463854589156)	(95, 37.56050768255485)	(100, 37.440734401065654)	(105, 37.07477855536049)	(110, 36.895004221771856)	(115, 36.74074790003629)	(120, 36.58435770667289)	(125, 36.633849605061485)	(130, 36.473104219364515)	(135, 36.36186542578375)	(140, 36.160995607039084)	(145, 36.09621081932689)	(150, 35.2880173899553)
IDDLNTM55.A_R1	(1, 38.67850022311001)	(2, 37.61787657690278)	(3, 38.22936223237132)	(4, 38.28997981630579)	(5, 38.593755528379425)	(6, 38.84335583171351)	(7, 38.96222414132958)	(8, 38.834877467689466)	(9, 38.81046047003189)	(10, 39.030983173886376)	(15, 39.16509644616711)	(20, 39.18830664739231)	(25, 39.12051265517811)	(30, 38.977749217737184)	(35, 39.00811679537974)	(40, 38.90560163189035)	(45, 38.95356405608668)	(50, 38.89917452052474)	(55, 38.823037518303934)	(60, 38.741494144487476)	(65, 38.79924232612713)	(70, 38.75297799964471)	(75, 38.588401182106445)	(80, 38.40909980209435)	(85, 38.224917667906126)	(90, 37.76062068855294)	(95, 37.431512024518035)	(100, 37.038118211747104)	(105, 36.66811881981143)	(110, 36.360583543354345)	(115, 36.062845854957736)	(120, 35.81849070350471)	(125, 35.769362044991986)	(130, 35.58456222032025)	(135, 35.571125725474936)	(140, 35.431744448381856)	(145, 35.41132289262999)	(150, 34.89286476006351)
IDDLNTM55.A_R2	(1, 38.851083208735254)	(2, 38.08266698851824)	(3, 38.299225333392855)	(4, 38.01752584686736)	(5, 38.256230225279566)	(6, 38.66392798901737)	(7, 38.528036817468454)	(8, 38.517455395909586)	(9, 38.39875756475196)	(10, 38.558430922147004)	(15, 38.5659966385616)	(20, 38.5107084169881)	(25, 38.55518051519398)	(30, 38.463368827021874)	(35, 38.43980569129842)	(40, 38.39444166743364)	(45, 38.33065443336763)	(50, 38.28803680277204)	(55, 38.2269648055673)	(60, 38.175327027467425)	(65, 38.141580963581724)	(70, 38.06426971749626)	(75, 37.99195679693756)	(80, 37.85273820920095)	(85, 37.799554441322066)	(90, 37.75470721702551)	(95, 37.67510039031851)	(100, 37.54733134160117)	(105, 37.23783673858543)	(110, 37.062828990817124)	(115, 36.914503179294655)	(120, 36.75608357339015)	(125, 36.79088586889729)	(130, 36.635385853557906)	(135, 36.515939386824996)	(140, 36.33166216680693)	(145, 36.26109246196796)	(150, 35.48372270576502)
IDDLNTM55.B_R1	(1, 38.61014566513301)	(2, 37.57852637635352)	(3, 38.15214968125671)	(4, 38.20108323759839)	(5, 38.442171348285825)	(6, 38.72494334654456)	(7, 38.8903406949617)	(8, 38.726479659976796)	(9, 38.793273239492216)	(10, 38.97299701428415)	(15, 39.09903915891394)	(20, 39.11889585821588)	(25, 39.04512822030917)	(30, 38.894190587119944)	(35, 38.91651586277776)	(40, 38.81049710442112)	(45, 38.853988665134146)	(50, 38.79384950883893)	(55, 38.70896781218416)	(60, 38.612211186927375)	(65, 38.66500655248306)	(70, 38.60632400956552)	(75, 38.45246859533208)	(80, 38.272845394418496)	(85, 38.10134727249335)	(90, 37.62937819915071)	(95, 37.2915928207709)	(100, 36.88291166311622)	(105, 36.503799908838324)	(110, 36.17870907924045)	(115, 35.872569708134606)	(120, 35.60309813088192)	(125, 35.54309537553716)	(130, 35.325324388710065)	(135, 35.28840011249093)	(140, 35.13334843839129)	(145, 35.10370487601138)	(150, 34.59453735826199)
IDDLNTM55.B_R2	(1, 38.88791022282238)	(2, 38.098677396571155)	(3, 38.27420917620885)	(4, 37.961830505309734)	(5, 38.248431901426976)	(6, 38.6832108798924)	(7, 38.52846753114659)	(8, 38.51551741085644)	(9, 38.36507558791125)	(10, 38.54770044468835)	(15, 38.555375635845145)	(20, 38.49816344507661)	(25, 38.54005500821859)	(30, 38.45141693413625)	(35, 38.4342706439271)	(40, 38.39379265613336)	(45, 38.33358002397833)	(50, 38.295033206458434)	(55, 38.233808383610786)	(60, 38.17835688090421)	(65, 38.14940708852285)	(70, 38.07997908063331)	(75, 38.00874332369722)	(80, 37.885146224931006)	(85, 37.82309107932471)	(90, 37.78402021497003)	(95, 37.688042449008094)	(100, 37.56301765659828)	(105, 37.23884459210461)	(110, 37.056245694773835)	(115, 36.90454013258294)	(120, 36.746356549959216)	(125, 36.77239357101408)	(130, 36.6224480137418)	(135, 36.494799647346234)	(140, 36.31578315360971)	(145, 36.23839273074778)	(150, 35.48034368940661)
IDDLNTM56_R1	(1, 38.822904963567915)	(2, 37.82380025409113)	(3, 38.31051729944149)	(4, 38.319944821866486)	(5, 38.61161284822928)	(6, 38.85334528533972)	(7, 39.012727865645594)	(8, 38.82251692294441)	(9, 38.9008704941058)	(10, 39.06705399691832)	(15, 39.17941111505516)	(20, 39.197034907894746)	(25, 39.12134993738738)	(30, 38.98216020971953)	(35, 38.99084761347247)	(40, 38.86489442209363)	(45, 38.910024967350644)	(50, 38.843608839956104)	(55, 38.75218824498861)	(60, 38.66217134479829)	(65, 38.7178088225076)	(70, 38.658155346336244)	(75, 38.46432470386928)	(80, 38.215088875288224)	(85, 37.97553266234272)	(90, 37.4709236587791)	(95, 37.132279452294426)	(100, 36.721847819258315)	(105, 36.36213895628172)	(110, 36.05263322635577)	(115, 35.76298833902407)	(120, 35.56714219402342)	(125, 35.55483571208007)	(130, 35.432866641226475)	(135, 35.44305816857701)	(140, 35.3498930779369)	(145, 35.312964042086875)	(150, 34.77481145732119)
IDDLNTM56_R2	(1, 38.95842526544043)	(2, 38.13131978432223)	(3, 38.326106853689815)	(4, 37.97890772780238)	(5, 38.30434150416355)	(6, 38.732771207208145)	(7, 38.56163641259551)	(8, 38.55465434526691)	(9, 38.39822957575483)	(10, 38.57683979094644)	(15, 38.586094160232804)	(20, 38.5165048905772)	(25, 38.55593496812095)	(30, 38.45601637229523)	(35, 38.43599791594659)	(40, 38.39121856077331)	(45, 38.31846680443441)	(50, 38.274863025877735)	(55, 38.19879356660613)	(60, 38.14850527772986)	(65, 38.11022884407183)	(70, 38.01946694140298)	(75, 37.916976266698455)	(80, 37.789803366851785)	(85, 37.69642436548809)	(90, 37.6694812043378)	(95, 37.53663838276744)	(100, 37.42058138164217)	(105, 37.0617184827434)	(110, 36.900562636704954)	(115, 36.7265258842853)	(120, 36.59203286890554)	(125, 36.605986436781464)	(130, 36.472110823336514)	(135, 36.334698002056975)	(140, 36.17996524949702)	(145, 36.08822623034739)	(150, 35.28911379557674)
IDDLNTM58_R1	(1, 38.664998483131534)	(2, 37.567745465009416)	(3, 38.19545017533215)	(4, 38.26773174627252)	(5, 38.54514356713928)	(6, 38.796493133939485)	(7, 38.99059876152151)	(8, 38.818175987972126)	(9, 38.85570063708476)	(10, 39.048252478295396)	(15, 39.17549521294156)	(20, 39.196567862018505)	(25, 39.13426605872958)	(30, 38.997437719165184)	(35, 39.02686150990871)	(40, 38.926859948426475)	(45, 38.97721507410348)	(50, 38.91276868648113)	(55, 38.85550534026929)	(60, 38.75467061647319)	(65, 38.826315437259645)	(70, 38.7606243252166)	(75, 38.561851984867005)	(80, 38.2908309762387)	(85, 38.01867376620596)	(90, 37.468392699401285)	(95, 37.12232172334104)	(100, 36.65916166248784)	(105, 36.301260673846514)	(110, 35.96930170513861)	(115, 35.678481213137864)	(120, 35.45791336896487)	(125, 35.41688765358293)	(130, 35.261004769212924)	(135, 35.25015257912254)	(140, 35.141748904731735)	(145, 35.09832073737654)	(150, 34.608551457532144)
IDDLNTM58_R2	(1, 39.01615241851293)	(2, 38.2379849517725)	(3, 38.43303639145914)	(4, 38.144768365261925)	(5, 38.40105556199977)	(6, 38.80394586564115)	(7, 38.66176844556673)	(8, 38.66021030935194)	(9, 38.50299135384972)	(10, 38.66755864481186)	(15, 38.667058078216876)	(20, 38.616517582290115)	(25, 38.66162523533768)	(30, 38.57190547678745)	(35, 38.54955966200602)	(40, 38.502664111784284)	(45, 38.44437866390656)	(50, 38.403081027544545)	(55, 38.34664359390754)	(60, 38.28834353501736)	(65, 38.266260829994735)	(70, 38.18604547928582)	(75, 38.12095286108161)	(80, 37.981440110463716)	(85, 37.934509873029185)	(90, 37.882212040366554)	(95, 37.79403536088085)	(100, 37.66965326171335)	(105, 37.327618605730194)	(110, 37.16350046398329)	(115, 37.022857757889945)	(120, 36.86874269449377)	(125, 36.92175925512836)	(130, 36.76391526058908)	(135, 36.671672369794685)	(140, 36.47916268860475)	(145, 36.428444629839476)	(150, 35.62303504189234)
IDDLNTM59_R1	(1, 38.506550378364516)	(2, 37.538186738865434)	(3, 38.1205824690211)	(4, 38.20824975830155)	(5, 38.504235246694094)	(6, 38.759242473397)	(7, 38.935210803085546)	(8, 38.76753189503443)	(9, 38.83043007774229)	(10, 39.01645327863817)	(15, 39.14153236280312)	(20, 39.15884497779176)	(25, 39.0806391186117)	(30, 38.92483873297198)	(35, 38.9455261804962)	(40, 38.839500155743266)	(45, 38.87161010509706)	(50, 38.799950636391756)	(55, 38.71729483115599)	(60, 38.60706869625106)	(65, 38.63595265835964)	(70, 38.562314657434875)	(75, 38.390840140589276)	(80, 38.1263098331661)	(85, 37.82673244169867)	(90, 37.2492444026734)	(95, 36.787485247502445)	(100, 36.263557909009286)	(105, 35.77809516829434)	(110, 35.37216733185386)	(115, 34.961612788839076)	(120, 34.6685705786428)	(125, 34.52459417832765)	(130, 34.34279512270306)	(135, 34.28084530328979)	(140, 34.17963072140926)	(145, 34.11998999794139)	(150, 33.62868165753943)
IDDLNTM59_R2	(1, 38.849405427194604)	(2, 38.200153264303324)	(3, 38.39898890827746)	(4, 38.14029072794077)	(5, 38.33313537592328)	(6, 38.72159140512756)	(7, 38.5845933807497)	(8, 38.57440593915342)	(9, 38.447564099938674)	(10, 38.597300090859214)	(15, 38.596307214092555)	(20, 38.53460270378925)	(25, 38.57203389921848)	(30, 38.47562989796391)	(35, 38.45272292034244)	(40, 38.41105615487671)	(45, 38.347836462030436)	(50, 38.30838178978648)	(55, 38.240826075194356)	(60, 38.18890181060972)	(65, 38.16181110551848)	(70, 38.09769790980687)	(75, 38.02738225216613)	(80, 37.895174653403885)	(85, 37.82840336750345)	(90, 37.76872912420552)	(95, 37.65008778746488)	(100, 37.48790419148769)	(105, 37.13013368053123)	(110, 36.936966444602284)	(115, 36.779595477086346)	(120, 36.60536899297161)	(125, 36.650053620950004)	(130, 36.49409975544536)	(135, 36.38585463171838)	(140, 36.20948535743887)	(145, 36.1599281748722)	(150, 35.340581951673244)
IDDLNTM5_R1	(1, 38.728624889574824)	(2, 37.51274725062075)	(3, 38.13307979584829)	(4, 38.106326187439194)	(5, 38.438691777247016)	(6, 38.60476759276856)	(7, 38.83320399051352)	(8, 38.69614697141551)	(9, 38.75586812034487)	(10, 38.91029691160016)	(15, 39.05721487393137)	(20, 39.085814077500906)	(25, 39.010500592311615)	(30, 38.85900296310982)	(35, 38.88258238735993)	(40, 38.77800503898449)	(45, 38.82649065089652)	(50, 38.76492010958633)	(55, 38.66477689230736)	(60, 38.50905989403199)	(65, 38.581057967672876)	(70, 38.452596614157315)	(75, 38.347761419912146)	(80, 38.09259113009479)	(85, 37.904317129242955)	(90, 37.322348997050035)	(95, 36.93666167003579)	(100, 36.38047352433717)	(105, 35.9439210426437)	(110, 35.48994391980124)	(115, 35.12319603278096)	(120, 34.743600104496586)	(125, 34.63031499951349)	(130, 34.35537148773087)	(135, 34.323692373301085)	(140, 34.15593205239215)	(145, 34.15058790282256)	(150, 33.65003648435079)
IDDLNTM5_R2	(1, 38.84597871621455)	(2, 37.943048996374564)	(3, 38.13523216260282)	(4, 37.76810849681006)	(5, 38.104772978249414)	(6, 38.580248502516845)	(7, 38.38757096740214)	(8, 38.36939323521535)	(9, 38.19485399961407)	(10, 38.40716301814031)	(15, 38.43078961555152)	(20, 38.379490482394864)	(25, 38.42083534832468)	(30, 38.34409396221876)	(35, 38.33024002266648)	(40, 38.29707663320183)	(45, 38.23974101496416)	(50, 38.2079954491774)	(55, 38.150106240019745)	(60, 38.103638923772806)	(65, 38.08167127353478)	(70, 38.02342760845765)	(75, 37.960329635242296)	(80, 37.837446544538565)	(85, 37.78089826534574)	(90, 37.747293595056746)	(95, 37.65175158657179)	(100, 37.535217813491116)	(105, 37.20154649103062)	(110, 37.01360810604322)	(115, 36.87267003560442)	(120, 36.71552250756751)	(125, 36.76306516742183)	(130, 36.60791044985926)	(135, 36.50335011595214)	(140, 36.31711580664189)	(145, 36.26513989197274)	(150, 35.47390771038381)
IDDLNTM6.A_R1	(1, 38.63813577485661)	(2, 37.68685911019078)	(3, 38.22425814144944)	(4, 38.27303204446401)	(5, 38.545986650555534)	(6, 38.76725981779978)	(7, 38.936237963463896)	(8, 38.79023954904631)	(9, 38.7791798260768)	(10, 39.00555156961868)	(15, 39.13063536068826)	(20, 39.149432488867184)	(25, 39.07271975201102)	(30, 38.91842341397856)	(35, 38.93863576015178)	(40, 38.82979092274169)	(45, 38.85730896577668)	(50, 38.782262550358745)	(55, 38.689605718083286)	(60, 38.585318150052295)	(65, 38.63074874654569)	(70, 38.5572144528778)	(75, 38.36484958019304)	(80, 38.1186693548643)	(85, 37.87367050903458)	(90, 37.33181170457726)	(95, 36.934755886109734)	(100, 36.43904645858031)	(105, 35.99883385427918)	(110, 35.58734047642372)	(115, 35.20642713102044)	(120, 34.87161018284978)	(125, 34.75187217844509)	(130, 34.52555062173915)	(135, 34.48330388488849)	(140, 34.339537303608566)	(145, 34.3249094912574)	(150, 33.750239244370746)
IDDLNTM6.A_R2	(1, 38.934343897041664)	(2, 38.11874222310334)	(3, 38.30604914289898)	(4, 38.01305238578951)	(5, 38.26728721744251)	(6, 38.68824559558677)	(7, 38.536540015432664)	(8, 38.51467615843891)	(9, 38.379861453018925)	(10, 38.55077344219278)	(15, 38.54751121322444)	(20, 38.48074215582081)	(25, 38.51513909603183)	(30, 38.41548742060186)	(35, 38.38249139556008)	(40, 38.329951533311515)	(45, 38.25797125428371)	(50, 38.2074127141536)	(55, 38.13731685348851)	(60, 38.074516618465154)	(65, 38.03399442993827)	(70, 37.95384715315596)	(75, 37.87113831657018)	(80, 37.73137305639735)	(85, 37.666683578981534)	(90, 37.61820885044429)	(95, 37.51930032949393)	(100, 37.39519429308815)	(105, 37.060676180866416)	(110, 36.871980025131506)	(115, 36.7094897763364)	(120, 36.54538060007968)	(125, 36.56493789379052)	(130, 36.40331749373035)	(135, 36.26592167849153)	(140, 36.07838235894632)	(145, 35.99544916266058)	(150, 35.19323963008155)
IDDLNTM6.B_R1	(1, 38.64910027994361)	(2, 37.612834904871306)	(3, 38.21439062173192)	(4, 38.26154325119407)	(5, 38.52978831606515)	(6, 38.846274714900744)	(7, 38.985830720268055)	(8, 38.83741014785654)	(9, 38.82178514458519)	(10, 39.039772845992914)	(15, 39.16234070630543)	(20, 39.178151208074674)	(25, 39.100670956022824)	(30, 38.94922679996876)	(35, 38.969985547447735)	(40, 38.85858394299041)	(45, 38.88759842045726)	(50, 38.81153457296299)	(55, 38.712261639140934)	(60, 38.613589586457685)	(65, 38.64499837636473)	(70, 38.587421317546)	(75, 38.41769337433283)	(80, 38.24605358226702)	(85, 38.04963512696702)	(90, 37.58442197851526)	(95, 37.2073844314)	(100, 36.80468628665715)	(105, 36.39485687618436)	(110, 36.07011357490988)	(115, 35.740174138285155)	(120, 35.483196830027474)	(125, 35.40433861306165)	(130, 35.211790251028035)	(135, 35.173447837131484)	(140, 35.032248725430605)	(145, 35.00336556247604)	(150, 34.44396448394674)
IDDLNTM6.B_R2	(1, 38.887823866035745)	(2, 38.07243653533192)	(3, 38.27931090867256)	(4, 37.94114254094)	(5, 38.264280086819994)	(6, 38.709531754474526)	(7, 38.532486628301)	(8, 38.52532211521048)	(9, 38.36338988245969)	(10, 38.558393440639115)	(15, 38.564878434627175)	(20, 38.493827736380254)	(25, 38.52213154104656)	(30, 38.421821406819774)	(35, 38.39412451304027)	(40, 38.34708041904236)	(45, 38.27175127959418)	(50, 38.22771468991079)	(55, 38.14932444838797)	(60, 38.09483127069193)	(65, 38.05587089137053)	(70, 37.97513172801062)	(75, 37.88760491081102)	(80, 37.74557210270085)	(85, 37.67192961776632)	(90, 37.6270950914292)	(95, 37.5180148562104)	(100, 37.37935979569204)	(105, 37.03133572108563)	(110, 36.83187056810904)	(115, 36.65581582804666)	(120, 36.48567116224858)	(125, 36.50093119827214)	(130, 36.339825040999145)	(135, 36.20037129010855)	(140, 36.00340580266938)	(145, 35.913233433529044)	(150, 35.081202909604656)
IDDLNTM60_R1	(1, 38.62224804322481)	(2, 37.65283430808868)	(3, 38.232138187106905)	(4, 38.265976323540414)	(5, 38.625457171411654)	(6, 38.89496544816156)	(7, 39.0379263160322)	(8, 38.85449421361456)	(9, 38.90240673365754)	(10, 39.09278598556961)	(15, 39.21076615826412)	(20, 39.226255685291726)	(25, 39.159149024241685)	(30, 39.012073205916806)	(35, 39.04131046712331)	(40, 38.93544433152442)	(45, 38.970206287439126)	(50, 38.912132203033316)	(55, 38.82184816763055)	(60, 38.73421039755283)	(65, 38.78151011246571)	(70, 38.712724311367545)	(75, 38.50053311121771)	(80, 38.23501762883333)	(85, 37.920581669950224)	(90, 37.38905780648833)	(95, 36.956701628129196)	(100, 36.48741775413894)	(105, 36.035623460043084)	(110, 35.66585203028256)	(115, 35.30042917730798)	(120, 35.03500019403246)	(125, 34.94407692009181)	(130, 34.783548409411864)	(135, 34.75761341197366)	(140, 34.64993045764103)	(145, 34.60174539229145)	(150, 34.06092731768963)
IDDLNTM60_R2	(1, 39.09060191119163)	(2, 38.37250689377651)	(3, 38.538963686684255)	(4, 38.254508723868184)	(5, 38.48562331943986)	(6, 38.89430967468349)	(7, 38.71342980214875)	(8, 38.71629810809914)	(9, 38.55683604481981)	(10, 38.72550615757798)	(15, 38.72812025288336)	(20, 38.66925327872678)	(25, 38.70353043469457)	(30, 38.60403407547469)	(35, 38.59206221636813)	(40, 38.54664017326818)	(45, 38.47939335891562)	(50, 38.44058799147157)	(55, 38.370535411486614)	(60, 38.323082382808614)	(65, 38.28145347748352)	(70, 38.201006831629876)	(75, 38.12397391978754)	(80, 37.983276201553046)	(85, 37.935074151332955)	(90, 37.88395160324242)	(95, 37.80600432045615)	(100, 37.673161486187425)	(105, 37.370462747735864)	(110, 37.19041074703623)	(115, 37.0497756816023)	(120, 36.88274477757412)	(125, 36.91813101184273)	(130, 36.76165626109008)	(135, 36.651709369743195)	(140, 36.4756319412301)	(145, 36.418441744987355)	(150, 35.65466833665813)
IDDLNTM61_R1	(1, 38.60994949976606)	(2, 37.66744048400145)	(3, 38.25446729486723)	(4, 38.301106493218036)	(5, 38.62039765230311)	(6, 38.9231102128201)	(7, 39.065347516858104)	(8, 38.873687662489814)	(9, 38.86130525711892)	(10, 39.08621663083933)	(15, 39.21302343787546)	(20, 39.22945343164291)	(25, 39.15080195048781)	(30, 38.99658164138086)	(35, 39.01510126565573)	(40, 38.89276744319814)	(45, 38.9333238048307)	(50, 38.86449468267223)	(55, 38.777069442614966)	(60, 38.686594318107396)	(65, 38.74923970766089)	(70, 38.687065630383906)	(75, 38.49629919763866)	(80, 38.29299328863071)	(85, 38.10212227475902)	(90, 37.6251422988077)	(95, 37.30306460050881)	(100, 36.909241361038696)	(105, 36.555398290994994)	(110, 36.254671576667555)	(115, 35.97724882414708)	(120, 35.776804155157556)	(125, 35.76357733189144)	(130, 35.61880308892807)	(135, 35.62248623699926)	(140, 35.51080474927795)	(145, 35.472680247438944)	(150, 34.93699012032059)
IDDLNTM61_R2	(1, 38.94552244622227)	(2, 38.197033830251385)	(3, 38.36330985321043)	(4, 38.07350509372336)	(5, 38.33090115813638)	(6, 38.73534625441451)	(7, 38.58360302398817)	(8, 38.56738498130363)	(9, 38.43007693435866)	(10, 38.60361467233364)	(15, 38.61041005512671)	(20, 38.54252286031373)	(25, 38.5717500979203)	(30, 38.47059395356747)	(35, 38.447528436728795)	(40, 38.40274221673642)	(45, 38.326220206517846)	(50, 38.28606234877756)	(55, 38.21110756143954)	(60, 38.15891520487567)	(65, 38.10909932990889)	(70, 38.027570473361564)	(75, 37.95054687214035)	(80, 37.80937968202856)	(85, 37.75010967323129)	(90, 37.69758255746173)	(95, 37.604103863002706)	(100, 37.46367531444681)	(105, 37.13091081944044)	(110, 36.92858847102642)	(115, 36.78541541490943)	(120, 36.6094128491858)	(125, 36.653175070548684)	(130, 36.488436290547284)	(135, 36.3959103799507)	(140, 36.20900388718087)	(145, 36.17532059717816)	(150, 35.40259176931595)
IDDLNTM63_R1	(1, 38.638160770802344)	(2, 37.539744653878856)	(3, 38.13651654064404)	(4, 38.174918952907255)	(5, 38.49896556900286)	(6, 38.74155577510688)	(7, 38.92204215132284)	(8, 38.768166205583576)	(9, 38.78258571551161)	(10, 38.99379047766588)	(15, 39.12454731461814)	(20, 39.14904782480919)	(25, 39.077182044414336)	(30, 38.92925231130082)	(35, 38.95651977569313)	(40, 38.858078497276665)	(45, 38.89277736052901)	(50, 38.83402583128485)	(55, 38.74681103389688)	(60, 38.65202520908214)	(65, 38.688428877394934)	(70, 38.623360345233905)	(75, 38.42422985960444)	(80, 38.19691404666925)	(85, 37.95477006470857)	(90, 37.47636037231922)	(95, 37.11354338876709)	(100, 36.688700034248996)	(105, 36.27548776971715)	(110, 35.92517569379526)	(115, 35.56919149845298)	(120, 35.288207385379145)	(125, 35.18149997430693)	(130, 34.974444175278904)	(135, 34.9169047515986)	(140, 34.772458341148834)	(145, 34.71786428032435)	(150, 34.17522423218844)
IDDLNTM63_R2	(1, 38.99646346862572)	(2, 38.15010627819751)	(3, 38.35104687252008)	(4, 38.017349279745936)	(5, 38.28223550499293)	(6, 38.722203195003345)	(7, 38.54235572832776)	(8, 38.52088087501244)	(9, 38.3925623234234)	(10, 38.54165525666368)	(15, 38.53940479652984)	(20, 38.47456671731872)	(25, 38.51030535268996)	(30, 38.413027375653755)	(35, 38.38572487755288)	(40, 38.33473463104873)	(45, 38.267645382929324)	(50, 38.21797254562166)	(55, 38.154657318944196)	(60, 38.099443384236)	(65, 38.069154414361186)	(70, 38.00089497962399)	(75, 37.92784048322217)	(80, 37.797970930628445)	(85, 37.734591002969005)	(90, 37.695806156263)	(95, 37.60431066495447)	(100, 37.4736914314991)	(105, 37.1639486938426)	(110, 36.9952065077645)	(115, 36.834797585407955)	(120, 36.68805585952698)	(125, 36.6941084895738)	(130, 36.54661212141003)	(135, 36.404658166942205)	(140, 36.2316773071431)	(145, 36.13298471755718)	(150, 35.30171844896862)
IDDLNTM64_R1	(1, 38.56040078651785)	(2, 37.50627028347458)	(3, 38.07675416179811)	(4, 38.09423851033392)	(5, 38.43314572020324)	(6, 38.70190899898252)	(7, 38.87179245238511)	(8, 38.73264893069952)	(9, 38.74701320840469)	(10, 38.96475619990889)	(15, 39.10011076461131)	(20, 39.12752503212069)	(25, 39.05741171462885)	(30, 38.9203286348799)	(35, 38.95025437069398)	(40, 38.85182557168535)	(45, 38.90588352469454)	(50, 38.85859820124142)	(55, 38.78611589448583)	(60, 38.699917018277475)	(65, 38.75296430318156)	(70, 38.71241659236055)	(75, 38.56799778156254)	(80, 38.421896166433136)	(85, 38.240918743437604)	(90, 37.835144515579124)	(95, 37.47925462178839)	(100, 37.09608696358711)	(105, 36.699995753935866)	(110, 36.383528416391066)	(115, 36.0490459198731)	(120, 35.77551446833249)	(125, 35.668668816957414)	(130, 35.4407624253728)	(135, 35.37113336887446)	(140, 35.20587131070758)	(145, 35.15066828331627)	(150, 34.622184689112096)
IDDLNTM64_R2	(1, 38.74355712188144)	(2, 38.03357378637265)	(3, 38.254092865092055)	(4, 37.99651508217707)	(5, 38.172925941826826)	(6, 38.59123245418837)	(7, 38.468855643779335)	(8, 38.46282099065394)	(9, 38.340856205727576)	(10, 38.49475390913109)	(15, 38.51053794487351)	(20, 38.46266834202728)	(25, 38.51020455020813)	(30, 38.42306671720007)	(35, 38.40815558837082)	(40, 38.3738947783371)	(45, 38.31391078757151)	(50, 38.28202609599565)	(55, 38.21970289083579)	(60, 38.17539620758326)	(65, 38.14929245369562)	(70, 38.08937723868489)	(75, 38.022606150292845)	(80, 37.89558236342221)	(85, 37.84665617207358)	(90, 37.81560538652551)	(95, 37.739359074966096)	(100, 37.6290580709554)	(105, 37.34320988819222)	(110, 37.19331732409893)	(115, 37.05364854855374)	(120, 36.91502231280492)	(125, 36.9422026798431)	(130, 36.79445600317459)	(135, 36.67643638845511)	(140, 36.49639236568153)	(145, 36.41976652937726)	(150, 35.64402125338571)
IDDLNTM67_R1	(1, 38.71448287049671)	(2, 37.558666676764716)	(3, 38.16527602724616)	(4, 38.22816910286106)	(5, 38.535325286982)	(6, 38.78848949758392)	(7, 38.96478184188854)	(8, 38.81703341712269)	(9, 38.8285935628375)	(10, 39.0147958040663)	(15, 39.149681044248744)	(20, 39.17856875340351)	(25, 39.109416322335505)	(30, 38.973225209316624)	(35, 39.00577762978168)	(40, 38.91192902571851)	(45, 38.96967434533511)	(50, 38.923248577335926)	(55, 38.86103448132648)	(60, 38.77705795537527)	(65, 38.850030281923615)	(70, 38.80763656610071)	(75, 38.66633346371214)	(80, 38.5198466432506)	(85, 38.374255454349786)	(90, 37.98806107982482)	(95, 37.719041405491694)	(100, 37.38501451553442)	(105, 37.06360161643662)	(110, 36.79877259875584)	(115, 36.53377911321726)	(120, 36.32026045141687)	(125, 36.277386817798586)	(130, 36.10983511437625)	(135, 36.07657459284311)	(140, 35.92628849646035)	(145, 35.85486429813733)	(150, 35.324556990971125)
IDDLNTM67_R2	(1, 38.93004228231157)	(2, 38.133704648269166)	(3, 38.33831810360645)	(4, 37.99867145542083)	(5, 38.322888125943486)	(6, 38.733397162758436)	(7, 38.58846804737906)	(8, 38.59398255790517)	(9, 38.43710875669189)	(10, 38.593645804347254)	(15, 38.60590809002538)	(20, 38.56382317897412)	(25, 38.61057162841502)	(30, 38.52337161062943)	(35, 38.50801160265523)	(40, 38.472789584484126)	(45, 38.41369441666804)	(50, 38.38089045712634)	(55, 38.32403822827172)	(60, 38.28012335577951)	(65, 38.257287242918196)	(70, 38.195035328096516)	(75, 38.093928639223925)	(80, 37.87268751278034)	(85, 37.75256597464919)	(90, 37.527764505090275)	(95, 37.27372459842553)	(100, 36.910573314137274)	(105, 36.484659219031755)	(110, 36.14483432404126)	(115, 35.884855788904574)	(120, 35.619620927484384)	(125, 35.56896130925406)	(130, 35.34045027351455)	(135, 35.16435630695878)	(140, 34.91063722499824)	(145, 34.76555468446333)	(150, 33.80041195142873)
IDDLNTM68_R1	(1, 38.671411445394774)	(2, 37.55853074550981)	(3, 38.19223049457865)	(4, 38.11657187460975)	(5, 38.44579497032017)	(6, 38.75139666219485)	(7, 38.921927657028)	(8, 38.79949580302047)	(9, 38.78294223121039)	(10, 38.98442623366045)	(15, 39.12800088276319)	(20, 39.1570504873148)	(25, 39.09425430848124)	(30, 38.96276109296126)	(35, 38.999482543952595)	(40, 38.904457932083176)	(45, 38.960398071576506)	(50, 38.90994022627194)	(55, 38.8420711545014)	(60, 38.75040298095562)	(65, 38.80736966303246)	(70, 38.763698786575034)	(75, 38.59791832634442)	(80, 38.408911327010244)	(85, 38.18814353007044)	(90, 37.779178550087885)	(95, 37.450075094338715)	(100, 37.08735228087903)	(105, 36.722111918426336)	(110, 36.41917085013752)	(115, 36.09893185213541)	(120, 35.855645312445965)	(125, 35.76147738613115)	(130, 35.57514748510503)	(135, 35.50584925320833)	(140, 35.355410547654564)	(145, 35.26856832241295)	(150, 34.736358852927644)
IDDLNTM68_R2	(1, 38.8293467662521)	(2, 37.98359311488762)	(3, 38.22880790187585)	(4, 37.925307397833045)	(5, 38.128283904394635)	(6, 38.550286116148115)	(7, 38.444568616667354)	(8, 38.4396129849884)	(9, 38.32637173536751)	(10, 38.480487739877354)	(15, 38.50212389563749)	(20, 38.45868216758889)	(25, 38.50834341161983)	(30, 38.41912477377541)	(35, 38.401562984206514)	(40, 38.36195290652203)	(45, 38.30060800094443)	(50, 38.263735898750056)	(55, 38.20352466550037)	(60, 38.15476503808458)	(65, 38.12677598276233)	(70, 38.06327799838292)	(75, 37.99275614393709)	(80, 37.86389298126177)	(85, 37.81455462416599)	(90, 37.78189705545176)	(95, 37.71776906712326)	(100, 37.61034594934375)	(105, 37.33593372580468)	(110, 37.19734395762032)	(115, 37.065482395503906)	(120, 36.92551403666154)	(125, 36.956228997757634)	(130, 36.79861224692966)	(135, 36.686017387879936)	(140, 36.4793867526935)	(145, 36.41853300527786)	(150, 35.58601159529713)
IDDLNTM7.A_R1	(1, 38.764764012760104)	(2, 37.763442926976246)	(3, 38.24384502297115)	(4, 38.21834998543449)	(5, 38.49244771301509)	(6, 38.72852726108068)	(7, 38.936553116959246)	(8, 38.7668970907741)	(9, 38.8140286043444)	(10, 38.987982275232596)	(15, 39.11972353902338)	(20, 39.140746944939174)	(25, 39.06302562211112)	(30, 38.91975598674439)	(35, 38.93718416918849)	(40, 38.825827906398715)	(45, 38.8587194259151)	(50, 38.78374768780017)	(55, 38.68524024300626)	(60, 38.5698164266188)	(65, 38.592587134318784)	(70, 38.532872298637315)	(75, 38.34139733792823)	(80, 38.140842929453775)	(85, 37.89160023608514)	(90, 37.41001235970457)	(95, 36.99441995103272)	(100, 36.54609538431169)	(105, 36.07913871280849)	(110, 35.699439157925696)	(115, 35.28560220292853)	(120, 34.96999824574514)	(125, 34.814672923375824)	(130, 34.595107826733965)	(135, 34.527070070693675)	(140, 34.400395446609714)	(145, 34.359976615263136)	(150, 33.80739480364933)
IDDLNTM7.A_R2	(1, 38.83099093022261)	(2, 37.95951867082626)	(3, 38.148793180544)	(4, 37.80963657353664)	(5, 38.12484620299726)	(6, 38.58970376269687)	(7, 38.41335839107256)	(8, 38.40596254845679)	(9, 38.238752089421446)	(10, 38.43978586102545)	(15, 38.450082178249076)	(20, 38.38534218159775)	(25, 38.42086788063234)	(30, 38.32307508490554)	(35, 38.29845941257637)	(40, 38.249717980552944)	(45, 38.17458688097081)	(50, 38.12429970665182)	(55, 38.04816120922906)	(60, 37.99016658228395)	(65, 37.9613367022486)	(70, 37.88406413300049)	(75, 37.79968679157974)	(80, 37.66990437912365)	(85, 37.59882205182284)	(90, 37.57159066160984)	(95, 37.48446133786109)	(100, 37.36245790687424)	(105, 37.05074232153853)	(110, 36.87527791353162)	(115, 36.7205405662447)	(120, 36.56442970532915)	(125, 36.58961664935722)	(130, 36.432561527792146)	(135, 36.299019335564985)	(140, 36.113645984974156)	(145, 36.03036547242803)	(150, 35.225471101348376)
IDDLNTM7.B_R1	(1, 38.64661639570151)	(2, 37.61702443950513)	(3, 38.18773746124607)	(4, 38.2213166186445)	(5, 38.50288427767563)	(6, 38.75767098262527)	(7, 38.93366203458438)	(8, 38.797567419832745)	(9, 38.772496228835365)	(10, 38.99960565956848)	(15, 39.133077851493184)	(20, 39.14937837899299)	(25, 39.07050094373868)	(30, 38.916765027175124)	(35, 38.927786934883294)	(40, 38.81239586658457)	(45, 38.85271864964091)	(50, 38.780201196160355)	(55, 38.70838196612648)	(60, 38.59665273869514)	(65, 38.64329650745095)	(70, 38.58034362026752)	(75, 38.378815951163105)	(80, 38.07704958902518)	(85, 37.74042469504312)	(90, 37.1732685700906)	(95, 36.71922329590103)	(100, 36.21429235601141)	(105, 35.75652611515718)	(110, 35.36237645277222)	(115, 34.96662298207949)	(120, 34.67657245563249)	(125, 34.547703148069694)	(130, 34.36836913026963)	(135, 34.325658827304665)	(140, 34.23358597960581)	(145, 34.193537600890764)	(150, 33.687902962943625)
IDDLNTM7.B_R2	(1, 38.821961443579085)	(2, 38.01040302400659)	(3, 38.23998293605907)	(4, 37.956417044063876)	(5, 38.20532233245375)	(6, 38.653451236798816)	(7, 38.52204710018285)	(8, 38.51974018339104)	(9, 38.3836489376307)	(10, 38.54313075307905)	(15, 38.55103457511545)	(20, 38.49404977179295)	(25, 38.53148499240713)	(30, 38.43025884802396)	(35, 38.39443787959057)	(40, 38.339095712200546)	(45, 38.26510129293463)	(50, 38.21512559178437)	(55, 38.1461153424706)	(60, 38.08534564587353)	(65, 38.05451415355357)	(70, 37.97043322701358)	(75, 37.89408101918724)	(80, 37.748731279989286)	(85, 37.68934598614165)	(90, 37.65091767111739)	(95, 37.55781778642111)	(100, 37.42887284500366)	(105, 37.0823398318368)	(110, 36.9157539086616)	(115, 36.758512472426915)	(120, 36.60711050881033)	(125, 36.638175388002516)	(130, 36.48328634994218)	(135, 36.36477155291127)	(140, 36.172119407158604)	(145, 36.10159513315517)	(150, 35.28915252181633)
IDDLNTM7.C_R1	(1, 38.62990643404042)	(2, 37.6299086285356)	(3, 38.1672966087003)	(4, 38.191923233632544)	(5, 38.48834247584409)	(6, 38.70317989666854)	(7, 38.88778229437397)	(8, 38.715567090472454)	(9, 38.75559029360151)	(10, 38.95091850595842)	(15, 39.07517462695411)	(20, 39.09333963397283)	(25, 39.00822533369127)	(30, 38.8604460530907)	(35, 38.87229237698209)	(40, 38.75779115281953)	(45, 38.79129904605294)	(50, 38.73074597474721)	(55, 38.64035537654978)	(60, 38.548846390457754)	(65, 38.58541406832341)	(70, 38.52908108440248)	(75, 38.36283029895608)	(80, 38.18234133616959)	(85, 37.995376198651556)	(90, 37.56132421691269)	(95, 37.23542785706813)	(100, 36.868839192513555)	(105, 36.51697924812206)	(110, 36.22167956420252)	(115, 35.928068105426476)	(120, 35.686501733285446)	(125, 35.631715575868455)	(130, 35.432755254535834)	(135, 35.40343701835403)	(140, 35.25010368989735)	(145, 35.22427945579446)	(150, 34.66061290787436)
IDDLNTM7.C_R2	(1, 38.87591007543943)	(2, 38.044776845442435)	(3, 38.22588963005932)	(4, 37.939317087729336)	(5, 38.1499974031807)	(6, 38.58060929427229)	(7, 38.449027363160425)	(8, 38.433520328706116)	(9, 38.31449895651754)	(10, 38.474735289018675)	(15, 38.47814787532634)	(20, 38.40764247577094)	(25, 38.440146972657324)	(30, 38.34162825690517)	(35, 38.31313171286932)	(40, 38.26868331020579)	(45, 38.19333707372846)	(50, 38.14809579995567)	(55, 38.07495020324683)	(60, 38.0194790707337)	(65, 37.98519930039494)	(70, 37.91383987646456)	(75, 37.839051114913275)	(80, 37.70444568148951)	(85, 37.64034908566359)	(90, 37.59303101480041)	(95, 37.48869513121984)	(100, 37.35536082255532)	(105, 37.02567325283437)	(110, 36.852747837142125)	(115, 36.68041515459853)	(120, 36.52880326131244)	(125, 36.53049185220514)	(130, 36.3730123908513)	(135, 36.21777467947569)	(140, 36.03475261090064)	(145, 35.92527348896205)	(150, 35.10601734236393)
IDDLNTM70_R1	(1, 38.70467982325201)	(2, 37.75322770420783)	(3, 38.33460486340665)	(4, 38.27172558941889)	(5, 38.60836054213165)	(6, 38.865427017154715)	(7, 39.09206322617772)	(8, 38.91500831461251)	(9, 38.927087264931515)	(10, 39.10387437978124)	(15, 39.240897032541135)	(20, 39.26707129763341)	(25, 39.205731908794576)	(30, 39.079918785620784)	(35, 39.11974862987884)	(40, 39.023485328862854)	(45, 39.08230226284442)	(50, 39.05000412015729)	(55, 38.97707641743543)	(60, 38.88804016950733)	(65, 38.93908505490616)	(70, 38.89201324394168)	(75, 38.75653479911869)	(80, 38.536552657636534)	(85, 38.29793335611803)	(90, 37.90011323002771)	(95, 37.53705134526513)	(100, 37.162816134265796)	(105, 36.772992193315076)	(110, 36.44470227473209)	(115, 36.096497271915524)	(120, 35.81348574763293)	(125, 35.67193627129818)	(130, 35.488581436597535)	(135, 35.42440737953943)	(140, 35.310911284232766)	(145, 35.226002650409384)	(150, 34.78169245254727)
IDDLNTM70_R2	(1, 38.75272869237014)	(2, 38.09482683856954)	(3, 38.34115658894204)	(4, 38.00244723834637)	(5, 38.3797758364257)	(6, 38.79268422168878)	(7, 38.65016730540362)	(8, 38.66378624894126)	(9, 38.47294704719809)	(10, 38.66351240032259)	(15, 38.69094005779027)	(20, 38.64945210013198)	(25, 38.698782243608015)	(30, 38.61394288246204)	(35, 38.604156846958446)	(40, 38.57022987775966)	(45, 38.51244219959663)	(50, 38.47952892417965)	(55, 38.417150229040224)	(60, 38.374352034344554)	(65, 38.34028111630596)	(70, 38.273630858222006)	(75, 38.203574783556654)	(80, 38.07813450084632)	(85, 38.032763166604305)	(90, 38.013817359506014)	(95, 37.95299767785233)	(100, 37.857204480029395)	(105, 37.61319023103951)	(110, 37.48915528670216)	(115, 37.36994868040142)	(120, 37.239639641586834)	(125, 37.272407887467025)	(130, 37.12427934396289)	(135, 37.010240738764466)	(140, 36.82299269313744)	(145, 36.759627753919894)	(150, 35.97580859775512)
IDDLNTM71_R1	(1, 38.60658755349736)	(2, 37.38428046727688)	(3, 38.046984004381514)	(4, 38.081864831765266)	(5, 38.408889685805896)	(6, 38.68363410245403)	(7, 38.864357637960985)	(8, 38.73357781061229)	(9, 38.742213249243264)	(10, 38.956333622407314)	(15, 39.08803032575706)	(20, 39.11902158514838)	(25, 39.04761215122189)	(30, 38.90464305685102)	(35, 38.93999536791991)	(40, 38.848069497292876)	(45, 38.90263298696179)	(50, 38.85896936792796)	(55, 38.793795656304255)	(60, 38.708976178120146)	(65, 38.76958849772907)	(70, 38.727868053532134)	(75, 38.57781337084974)	(80, 38.416625834248535)	(85, 38.246491831504926)	(90, 37.85683470313022)	(95, 37.57682178387956)	(100, 37.226067231826406)	(105, 36.88199839199007)	(110, 36.59632042730077)	(115, 36.29516418884864)	(120, 36.042164342293475)	(125, 35.94100982794064)	(130, 35.7190430789195)	(135, 35.62136342921049)	(140, 35.429452098487445)	(145, 35.311859791648345)	(150, 34.775102741950036)
IDDLNTM71_R2	(1, 38.87547118196776)	(2, 38.0618710270287)	(3, 38.291306114403184)	(4, 38.00970897778728)	(5, 38.20167019244971)	(6, 38.628605450797366)	(7, 38.51472754346311)	(8, 38.500058906725656)	(9, 38.40192317528515)	(10, 38.525591437893056)	(15, 38.540063527311744)	(20, 38.4922097723097)	(25, 38.54012766380524)	(30, 38.457806750308464)	(35, 38.4418611306988)	(40, 38.404590701702666)	(45, 38.34518594123465)	(50, 38.31070315090639)	(55, 38.254964285283265)	(60, 38.20548665863237)	(65, 38.183576115247995)	(70, 38.11882055517147)	(75, 38.05073127671277)	(80, 37.92799000482173)	(85, 37.879835222084104)	(90, 37.84845845409212)	(95, 37.776531905319366)	(100, 37.67985958935403)	(105, 37.41221949622968)	(110, 37.28547371639372)	(115, 37.15033513616649)	(120, 37.01667778710707)	(125, 37.030525407763854)	(130, 36.880895198326016)	(135, 36.753887585278264)	(140, 36.56523399762879)	(145, 36.479654996238594)	(150, 35.67700723949291)
IDDLNTM72_R1	(1, 38.64035980666419)	(2, 37.8112143953281)	(3, 38.23080992855147)	(4, 38.14126869926944)	(5, 38.36583979763267)	(6, 38.581993593742226)	(7, 38.749947379901805)	(8, 38.576350805757215)	(9, 38.59412013455437)	(10, 38.78986422101207)	(15, 38.93567221697084)	(20, 38.96892735364916)	(25, 38.89343071559507)	(30, 38.7457260999514)	(35, 38.7481230889337)	(40, 38.648198670529304)	(45, 38.6628264837911)	(50, 38.59327802163738)	(55, 38.52256885579031)	(60, 38.4212376629788)	(65, 38.490908395106146)	(70, 38.386902761885445)	(75, 38.03218953185334)	(80, 37.52012383900929)	(85, 36.849579230560224)	(90, 35.959834983372055)	(95, 35.15464090131531)	(100, 34.334310026137835)	(105, 33.58851561573168)	(110, 32.91611131733937)	(115, 32.27387326018821)	(120, 31.78843658991148)	(125, 31.537320469792242)	(130, 31.344348601453465)	(135, 31.370091501567124)	(140, 31.391132269705746)	(145, 31.522900649427687)	(150, 31.074174247149905)
IDDLNTM72_R2	(1, 39.20831818512325)	(2, 38.66892773634078)	(3, 38.86337526357885)	(4, 38.649192329329104)	(5, 38.81237012403035)	(6, 39.14069083491832)	(7, 39.01909822545894)	(8, 39.01124347989147)	(9, 38.89108787747745)	(10, 39.02519909531701)	(15, 39.03749038487297)	(20, 39.00272820858224)	(25, 39.044433941685455)	(30, 38.96293363744561)	(35, 38.948169585965935)	(40, 38.92879601388405)	(45, 38.88200201295794)	(50, 38.857258703364245)	(55, 38.815507047266244)	(60, 38.7787770706487)	(65, 38.76204120058016)	(70, 38.695631957812076)	(75, 38.63998668233151)	(80, 38.501555258756945)	(85, 38.454027255297405)	(90, 38.357453493400484)	(95, 38.24883757419434)	(100, 38.04569950288358)	(105, 37.55653675561696)	(110, 37.41101443895495)	(115, 37.19762310232791)	(120, 37.0423503771426)	(125, 37.101540716475256)	(130, 36.952331931406356)	(135, 36.89062960425859)	(140, 36.70041330695312)	(145, 36.719347357705686)	(150, 36.00753424133299)
IDDLNTM73_R1	(1, 38.82300446855141)	(2, 37.64639291120013)	(3, 38.22552578314957)	(4, 38.23094869660204)	(5, 38.52552101710472)	(6, 38.75097261907233)	(7, 38.962545805918964)	(8, 38.828638394796094)	(9, 38.80427544971861)	(10, 39.007200955668864)	(15, 39.147610866274775)	(20, 39.17542535028507)	(25, 39.10884493365589)	(30, 38.97154309926672)	(35, 39.00362088726844)	(40, 38.90532989870617)	(45, 38.955280278029534)	(50, 38.91221406613579)	(55, 38.845841818046246)	(60, 38.76807464856185)	(65, 38.825415164786)	(70, 38.770510328096066)	(75, 38.58057052631741)	(80, 38.35415633703316)	(85, 38.116318706956655)	(90, 37.66133161755719)	(95, 37.33342973043405)	(100, 36.918939801009934)	(105, 36.55447504706469)	(110, 36.21052019842121)	(115, 35.886545071025594)	(120, 35.614888662886116)	(125, 35.52220092876377)	(130, 35.32417668496982)	(135, 35.27629499972711)	(140, 35.14478875274913)	(145, 35.082174761640104)	(150, 34.58936180353287)
IDDLNTM73_R2	(1, 38.835063330742756)	(2, 38.00383512867168)	(3, 38.21391277676692)	(4, 37.89253721935106)	(5, 38.15457205913893)	(6, 38.57601726230696)	(7, 38.44667679835556)	(8, 38.43250012107291)	(9, 38.32196016662708)	(10, 38.4630374003839)	(15, 38.47273783909064)	(20, 38.425410091254385)	(25, 38.47330607463165)	(30, 38.385600625428076)	(35, 38.36493282567268)	(40, 38.328793906227304)	(45, 38.26413789551445)	(50, 38.2306387499433)	(55, 38.168907015233664)	(60, 38.12244691817547)	(65, 38.09887759643746)	(70, 38.03434119807605)	(75, 37.969482861072095)	(80, 37.83791342556399)	(85, 37.779107427419675)	(90, 37.74583789758999)	(95, 37.667471820759815)	(100, 37.55229265975283)	(105, 37.24690341610109)	(110, 37.13350468033292)	(115, 36.97144462663035)	(120, 36.84771372059754)	(125, 36.86545393886702)	(130, 36.7211622384729)	(135, 36.59421571272741)	(140, 36.400009378346326)	(145, 36.32479919192478)	(150, 35.51067997623127)
IDDLNTM74_R1	(1, 38.61815121111109)	(2, 37.48232884543188)	(3, 38.16053379689363)	(4, 38.18930675583571)	(5, 38.497866579393296)	(6, 38.83872148748712)	(7, 38.95785509183123)	(8, 38.80689380909434)	(9, 38.832509391842834)	(10, 39.045590904249195)	(15, 39.17442829619559)	(20, 39.20153621727617)	(25, 39.13120744543011)	(30, 38.993086159213796)	(35, 39.02240619683341)	(40, 38.93207961893454)	(45, 38.97555156991004)	(50, 38.939826024074826)	(55, 38.86788508713218)	(60, 38.78758825470591)	(65, 38.84106160699138)	(70, 38.79255484243439)	(75, 38.58431345918475)	(80, 38.374522231657664)	(85, 38.071383774284165)	(90, 37.637519495128686)	(95, 37.239459253335724)	(100, 36.840597653021575)	(105, 36.421344517164684)	(110, 36.09872962280688)	(115, 35.727936102082595)	(120, 35.47684343234182)	(125, 35.34319707164828)	(130, 35.18335207424535)	(135, 35.12742568003846)	(140, 35.03976445274076)	(145, 34.99058442347451)	(150, 34.51922145307894)
IDDLNTM74_R2	(1, 38.982494527055614)	(2, 38.20381360715127)	(3, 38.36596901719569)	(4, 38.07165940309646)	(5, 38.29080702054021)	(6, 38.69535453255638)	(7, 38.55044500108221)	(8, 38.52950120860145)	(9, 38.39781986149062)	(10, 38.554745500988744)	(15, 38.576554153816595)	(20, 38.5269413309901)	(25, 38.569124349339084)	(30, 38.48755184790086)	(35, 38.46935716665572)	(40, 38.44340781322287)	(45, 38.38158610572781)	(50, 38.35135560273021)	(55, 38.290665753960404)	(60, 38.24600144037403)	(65, 38.21955143091462)	(70, 38.15098508456576)	(75, 38.08652200999177)	(80, 37.955090854624196)	(85, 37.90251170616188)	(90, 37.857653525770814)	(95, 37.793780227811666)	(100, 37.65949067265831)	(105, 37.3575967238872)	(110, 37.263983858362764)	(115, 37.10291188576575)	(120, 36.99295379560816)	(125, 37.01231231360818)	(130, 36.88659523241191)	(135, 36.77011880246822)	(140, 36.596978030775674)	(145, 36.53214966172105)	(150, 35.78124983675988)
IDDLNTM75_R1	(1, 38.73194981986339)	(2, 37.73483115472272)	(3, 38.230578172103854)	(4, 38.18760397269657)	(5, 38.51782338433698)	(6, 38.78457779107746)	(7, 38.958781547543914)	(8, 38.76795208711228)	(9, 38.81393195133262)	(10, 38.98700633799122)	(15, 39.12100500203514)	(20, 39.150155506989655)	(25, 39.08327866124531)	(30, 38.956895892336874)	(35, 38.983675997086046)	(40, 38.879479459320706)	(45, 38.93149098087824)	(50, 38.88594234777499)	(55, 38.80401382473447)	(60, 38.70897912816811)	(65, 38.78380410893951)	(70, 38.70064798124556)	(75, 38.50228270740529)	(80, 38.20112710066802)	(85, 37.86982266199413)	(90, 37.35574714029288)	(95, 36.93249602073237)	(100, 36.47358612496625)	(105, 36.06178347773099)	(110, 35.68977681591461)	(115, 35.32747129419918)	(120, 35.078025791610706)	(125, 34.97542133908561)	(130, 34.845930699523805)	(135, 34.8169317542011)	(140, 34.74692046995777)	(145, 34.689355228641844)	(150, 34.19826845720709)
IDDLNTM75_R2	(1, 38.95390006046312)	(2, 38.16554462428954)	(3, 38.39680117465806)	(4, 38.09041671334949)	(5, 38.34774851690438)	(6, 38.76041901558096)	(7, 38.63815587005203)	(8, 38.638944396146435)	(9, 38.49915876367807)	(10, 38.6519964885061)	(15, 38.670175702334234)	(20, 38.627981047009484)	(25, 38.68029455326073)	(30, 38.591544995861184)	(35, 38.579033053330924)	(40, 38.543854767486444)	(45, 38.48594386053488)	(50, 38.455987243652196)	(55, 38.394174550745774)	(60, 38.353180837681336)	(65, 38.333741683957044)	(70, 38.271753699997966)	(75, 38.21660253982931)	(80, 38.08993007740131)	(85, 38.04411330760696)	(90, 38.00170989141694)	(95, 37.92852389144245)	(100, 37.80596575773434)	(105, 37.48697102450246)	(110, 37.37662095768102)	(115, 37.22407292637256)	(120, 37.0985698273421)	(125, 37.14347402473079)	(130, 36.99576871603086)	(135, 36.90362159445838)	(140, 36.71341718750517)	(145, 36.67312766417109)	(150, 35.90826718554331)
IDDLNTM76_R1	(1, 38.774796975921944)	(2, 37.60662147037774)	(3, 38.14355278943925)	(4, 38.199459195863795)	(5, 38.4650716356729)	(6, 38.71164509108665)	(7, 38.95471067360188)	(8, 38.75152404488772)	(9, 38.80151971090991)	(10, 38.987712060262844)	(15, 39.122585534601996)	(20, 39.15428982210345)	(25, 39.08412897324568)	(30, 38.95449374158768)	(35, 38.983360534607286)	(40, 38.89231546526471)	(45, 38.93077660431884)	(50, 38.891312271260816)	(55, 38.816236755141276)	(60, 38.73171600725565)	(65, 38.792045571829696)	(70, 38.74767615076648)	(75, 38.56555803726119)	(80, 38.34297137942779)	(85, 38.042475440969)	(90, 37.60990868128605)	(95, 37.19323831643294)	(100, 36.79245612350799)	(105, 36.36361289715502)	(110, 36.02388897048212)	(115, 35.64074278233746)	(120, 35.36171717923107)	(125, 35.21153630718387)	(130, 35.021064658074586)	(135, 34.958551022998904)	(140, 34.84829021926113)	(145, 34.79942210803409)	(150, 34.30664599073143)
IDDLNTM76_R2	(1, 38.902917413456606)	(2, 38.11158562340085)	(3, 38.285682677800644)	(4, 38.03193325716553)	(5, 38.20888671024381)	(6, 38.60932930580696)	(7, 38.470858184828366)	(8, 38.45154962489369)	(9, 38.35349618493391)	(10, 38.48860558025605)	(15, 38.49928517976683)	(20, 38.443958275979654)	(25, 38.4897393234205)	(30, 38.40261200047727)	(35, 38.38269731944003)	(40, 38.34780271563447)	(45, 38.28731928954978)	(50, 38.25507652914711)	(55, 38.19161963400034)	(60, 38.14585079375373)	(65, 38.11884678466531)	(70, 38.042711361951994)	(75, 37.965490261901536)	(80, 37.834481975208796)	(85, 37.764140646375175)	(90, 37.72611481247652)	(95, 37.63281217515035)	(100, 37.508695358235585)	(105, 37.18496234737563)	(110, 37.091481010289435)	(115, 36.899626303027915)	(120, 36.79719404076991)	(125, 36.79549334125105)	(130, 36.66801157733692)	(135, 36.52648348669681)	(140, 36.349600140213184)	(145, 36.267522696162295)	(150, 35.469223353295064)
IDDLNTM77_R1	(1, 38.609202842892934)	(2, 37.352817905261496)	(3, 38.04744639389295)	(4, 38.186634110019554)	(5, 38.454641502346156)	(6, 38.76695321435399)	(7, 38.95707821980432)	(8, 38.82082127272788)	(9, 38.81535685416925)	(10, 39.03289571922575)	(15, 39.16534005037783)	(20, 39.191657001412054)	(25, 39.1230666751636)	(30, 38.984678162114655)	(35, 39.00800544697749)	(40, 38.90350250044442)	(45, 38.93764082818207)	(50, 38.874445961220474)	(55, 38.81114215470892)	(60, 38.70219240844282)	(65, 38.76236312959715)	(70, 38.68295679647959)	(75, 38.38510519978401)	(80, 37.950905962495014)	(85, 37.42772484713917)	(90, 36.60708174155702)	(95, 35.95539274250622)	(100, 35.17949776452556)	(105, 34.542815725128875)	(110, 33.94594746886603)	(115, 33.418243349757)	(120, 33.05468912985876)	(125, 32.90862963571661)	(130, 32.84214404303917)	(135, 32.93616128956522)	(140, 33.05936413916625)	(145, 33.19992916246012)	(150, 32.834505126665704)
IDDLNTM77_R2	(1, 39.03622709602981)	(2, 38.40694690873965)	(3, 38.55417964963592)	(4, 38.29933287941854)	(5, 38.511469845411824)	(6, 38.86583598023794)	(7, 38.72157962347433)	(8, 38.699200059031284)	(9, 38.583822074345875)	(10, 38.71487340137583)	(15, 38.719398685883135)	(20, 38.668190657628614)	(25, 38.71192344715862)	(30, 38.62532133477781)	(35, 38.60890862561085)	(40, 38.57806088942702)	(45, 38.52666490020023)	(50, 38.49840541746185)	(55, 38.45203755194585)	(60, 38.415348670286804)	(65, 38.402331735687426)	(70, 38.34613019752002)	(75, 38.28678846340899)	(80, 38.15342606164073)	(85, 38.10080007513072)	(90, 38.01243534229759)	(95, 37.89175809248458)	(100, 37.69890637839724)	(105, 37.2434894196487)	(110, 37.06570691638689)	(115, 36.874028985701685)	(120, 36.70026329293939)	(125, 36.77734325684982)	(130, 36.626756868256265)	(135, 36.59837248068906)	(140, 36.43062489308965)	(145, 36.48560260542619)	(150, 35.764675143469496)
IDDLNTM78_R1	(1, 38.64077575229907)	(2, 37.796384175872014)	(3, 38.24893464656908)	(4, 38.12062034064319)	(5, 38.46209065679926)	(6, 38.66381063285629)	(7, 38.858427817380424)	(8, 38.70306665941122)	(9, 38.674682918865976)	(10, 38.90210040811884)	(15, 39.048715938401266)	(20, 39.080609196277955)	(25, 39.00858629809)	(30, 38.87070498993307)	(35, 38.89032943353104)	(40, 38.792879708331064)	(45, 38.837869423736194)	(50, 38.7913540621429)	(55, 38.72197507754258)	(60, 38.63224622081951)	(65, 38.68503847200305)	(70, 38.62701368014366)	(75, 38.41445850791751)	(80, 38.143213973989226)	(85, 37.81637403275833)	(90, 37.31716593568047)	(95, 36.887218936714376)	(100, 36.444827860913094)	(105, 35.98968754421288)	(110, 35.61242631550307)	(115, 35.2023510257387)	(120, 34.91757827719432)	(125, 34.769416553300324)	(130, 34.60085132502585)	(135, 34.528350699243624)	(140, 34.438221167764056)	(145, 34.37531732056375)	(150, 33.90767067530065)
IDDLNTM78_R2	(1, 38.9895334385373)	(2, 38.204509114654186)	(3, 38.4176951624313)	(4, 38.15932437285738)	(5, 38.37978429558687)	(6, 38.80557566523372)	(7, 38.685348859988025)	(8, 38.68146574522501)	(9, 38.52173825978125)	(10, 38.68988844751592)	(15, 38.7161224574196)	(20, 38.6790407139359)	(25, 38.72983472819285)	(30, 38.64693902160309)	(35, 38.63157294444142)	(40, 38.60190159438428)	(45, 38.544986972846495)	(50, 38.5169587201393)	(55, 38.45941600914186)	(60, 38.41454270011427)	(65, 38.39722069978778)	(70, 38.33595507427763)	(75, 38.27486549491211)	(80, 38.150662502040596)	(85, 38.100471328290794)	(90, 38.06676484736355)	(95, 37.999922163574034)	(100, 37.88030342275671)	(105, 37.57715274527943)	(110, 37.47260771616695)	(115, 37.3150996136475)	(120, 37.19537482722969)	(125, 37.22364747238395)	(130, 37.08122962398651)	(135, 36.976532404636224)	(140, 36.78996449910214)	(145, 36.73563049464004)	(150, 35.96049409588072)
IDDLNTM79_R1	(1, 38.65096743168424)	(2, 37.575291439690574)	(3, 38.2007016686226)	(4, 38.13038074658879)	(5, 38.516676671926724)	(6, 38.7586030639981)	(7, 38.90031735517187)	(8, 38.74906011595486)	(9, 38.77341589132536)	(10, 38.976056006101885)	(15, 39.11120934135665)	(20, 39.14080935919096)	(25, 39.07524860550029)	(30, 38.943320652926815)	(35, 38.97255140500921)	(40, 38.879609014606615)	(45, 38.929821354356584)	(50, 38.882110993100355)	(55, 38.81174644070172)	(60, 38.72448531296825)	(65, 38.79363092214528)	(70, 38.74986664076446)	(75, 38.6057778386409)	(80, 38.49757644469852)	(85, 38.39622963584569)	(90, 38.102466230256866)	(95, 37.891857682208524)	(100, 37.68041108083879)	(105, 37.44052194018182)	(110, 37.259340321622666)	(115, 37.068740913658054)	(120, 36.89102934221652)	(125, 36.88344179884491)	(130, 36.71067104774976)	(135, 36.684661219771236)	(140, 36.543211895484575)	(145, 36.49057918513128)	(150, 36.06658805770036)
IDDLNTM79_R2	(1, 38.82466803502531)	(2, 38.06329627406239)	(3, 38.257627750185904)	(4, 38.019672676722884)	(5, 38.15222538745834)	(6, 38.549211548352474)	(7, 38.48456934122926)	(8, 38.461021683017435)	(9, 38.369695686167105)	(10, 38.514141811424466)	(15, 38.52807327353531)	(20, 38.484152703092185)	(25, 38.53126274874484)	(30, 38.445165867042036)	(35, 38.42284224756888)	(40, 38.387032705257774)	(45, 38.32273157930774)	(50, 38.290303231035516)	(55, 38.23033257802909)	(60, 38.17963592530609)	(65, 38.1494554962317)	(70, 38.08179626530446)	(75, 38.00633977863163)	(80, 37.87555282379224)	(85, 37.815011074787854)	(90, 37.76996829632979)	(95, 37.68607825121855)	(100, 37.55373206815891)	(105, 37.23183105813189)	(110, 37.10399170067659)	(115, 36.93820451494658)	(120, 36.79939904745678)	(125, 36.82463762115786)	(130, 36.66473981812189)	(135, 36.54494867062736)	(140, 36.33367165443477)	(145, 36.27244089598298)	(150, 35.44182710910617)
IDDLNTM81_R1	(1, 38.636713618321686)	(2, 37.40146274393702)	(3, 38.08176813877752)	(4, 38.08079163802231)	(5, 38.43684609324428)	(6, 38.7810902083971)	(7, 38.92595253985538)	(8, 38.7691865337234)	(9, 38.78164218724126)	(10, 39.007134778179775)	(15, 39.13651540773674)	(20, 39.16737102512508)	(25, 39.10358595565101)	(30, 38.963679390615354)	(35, 39.002655319319764)	(40, 38.91739506129475)	(45, 38.965751920635476)	(50, 38.919735050154806)	(55, 38.85601120015255)	(60, 38.76899595048248)	(65, 38.835578649458306)	(70, 38.78214840202125)	(75, 38.616960403044914)	(80, 38.359290958084735)	(85, 38.08197206987049)	(90, 37.61758163014407)	(95, 37.22441312103892)	(100, 36.803362052959855)	(105, 36.392680058007954)	(110, 36.04241044143254)	(115, 35.669216641660356)	(120, 35.35969049040811)	(125, 35.18237862737916)	(130, 34.97388367296759)	(135, 34.86705378782937)	(140, 34.74980023383831)	(145, 34.64579096059373)	(150, 34.19432967187367)
IDDLNTM81_R2	(1, 38.8701304175469)	(2, 38.03973394619712)	(3, 38.24594772258547)	(4, 37.873148236427596)	(5, 38.21234224695534)	(6, 38.64716809763)	(7, 38.494647310608535)	(8, 38.49742928398308)	(9, 38.305930761780985)	(10, 38.49769423382828)	(15, 38.51151759056217)	(20, 38.46627268758499)	(25, 38.513678738276724)	(30, 38.43283079841231)	(35, 38.41097635021553)	(40, 38.374836187733024)	(45, 38.31369409332457)	(50, 38.2744320388593)	(55, 38.2158900658862)	(60, 38.164908998760566)	(65, 38.135361470873086)	(70, 38.074416784171255)	(75, 38.0004131812548)	(80, 37.87769232699227)	(85, 37.82068927103667)	(90, 37.79623851507655)	(95, 37.726864910704876)	(100, 37.62523958390831)	(105, 37.34039260749788)	(110, 37.21017738592855)	(115, 37.072158287460546)	(120, 36.935717547407464)	(125, 36.96100118926351)	(130, 36.80812432570766)	(135, 36.68418861618903)	(140, 36.48482951380699)	(145, 36.41088000481727)	(150, 35.57625587732019)
IDDLNTM82_R1	(1, 38.87283258619384)	(2, 37.832796633710224)	(3, 38.33892604581604)	(4, 38.21350575062033)	(5, 38.57078870059456)	(6, 38.80820603279682)	(7, 38.985316908423115)	(8, 38.848203638458685)	(9, 38.798804982093905)	(10, 39.027471569572825)	(15, 39.17010238601407)	(20, 39.2010924167757)	(25, 39.14204448418381)	(30, 39.02121972822391)	(35, 39.06060584237211)	(40, 38.967402676234045)	(45, 39.02489073494022)	(50, 38.97097706766531)	(55, 38.89753037115047)	(60, 38.81091378605653)	(65, 38.87469970229772)	(70, 38.82081259721153)	(75, 38.680796005196456)	(80, 38.51397077598067)	(85, 38.37617586787743)	(90, 37.981129061372684)	(95, 37.711742919165836)	(100, 37.37143629423797)	(105, 37.04896720785568)	(110, 36.76008750557666)	(115, 36.489430680637376)	(120, 36.26024977810284)	(125, 36.218990468476576)	(130, 36.04255711572042)	(135, 36.01996410363368)	(140, 35.87791700064254)	(145, 35.817680503634065)	(150, 35.29277517819581)
IDDLNTM82_R2	(1, 38.97184782110553)	(2, 38.17148511628908)	(3, 38.395260800475874)	(4, 38.05206563105307)	(5, 38.396987810387124)	(6, 38.809074915660375)	(7, 38.68504258835435)	(8, 38.682700626362596)	(9, 38.515990157025556)	(10, 38.69741346010855)	(15, 38.72214154840725)	(20, 38.68315686001259)	(25, 38.735107637658075)	(30, 38.65226026455566)	(35, 38.643940968341425)	(40, 38.620078582925935)	(45, 38.56421091126077)	(50, 38.537577734151775)	(55, 38.476183724299446)	(60, 38.43711055762826)	(65, 38.41203454206881)	(70, 38.35457547730102)	(75, 38.28753017473992)	(80, 38.16584326999249)	(85, 38.11342961814983)	(90, 38.08470382691928)	(95, 38.00427754120179)	(100, 37.90259579924597)	(105, 37.616656643493336)	(110, 37.488203301754886)	(115, 37.35073574456901)	(120, 37.21809623929913)	(125, 37.245535073780225)	(130, 37.09545197341162)	(135, 36.9737968684676)	(140, 36.788109305277175)	(145, 36.71224825545344)	(150, 35.89041249956743)
IDDLNTM83_R1	(1, 38.80491643868536)	(2, 37.561487711290525)	(3, 38.17653312452951)	(4, 38.245930951505635)	(5, 38.57691126315169)	(6, 38.74190447543611)	(7, 38.94572055619481)	(8, 38.81029210253668)	(9, 38.85366305875313)	(10, 39.025039508801754)	(15, 39.160169557612825)	(20, 39.19026611346386)	(25, 39.12237837416307)	(30, 38.98461138139959)	(35, 39.022766777912)	(40, 38.93098007292219)	(45, 38.98415072389038)	(50, 38.94071817691349)	(55, 38.87310107091531)	(60, 38.79467319496897)	(65, 38.85498383839349)	(70, 38.80609891762594)	(75, 38.656850738691254)	(80, 38.42141217905564)	(85, 38.2126093156423)	(90, 37.763199441067826)	(95, 37.44359901709422)	(100, 37.02821891297878)	(105, 36.665216976132385)	(110, 36.30367602941715)	(115, 35.98032692439297)	(120, 35.674624288403905)	(125, 35.57013978078783)	(130, 35.348947545998115)	(135, 35.29380193239022)	(140, 35.140353088529956)	(145, 35.06273361120792)	(150, 34.58004849277701)
IDDLNTM83_R2	(1, 38.81800885188138)	(2, 37.90926463496732)	(3, 38.12719645861085)	(4, 37.808660424833015)	(5, 38.113443973893155)	(6, 38.587858344434)	(7, 38.40876928292121)	(8, 38.408560001655154)	(9, 38.24166097708092)	(10, 38.42005933084105)	(15, 38.433095405201954)	(20, 38.38726575219506)	(25, 38.43709355270467)	(30, 38.35310030699891)	(35, 38.33467082364511)	(40, 38.295509763010855)	(45, 38.2325168976718)	(50, 38.19590333911045)	(55, 38.13233156836813)	(60, 38.08341123689207)	(65, 38.0640879713404)	(70, 38.00085685957148)	(75, 37.92759862877004)	(80, 37.78198319065602)	(85, 37.717172363414136)	(90, 37.6391390184629)	(95, 37.513535564287544)	(100, 37.327902762990156)	(105, 37.00510694033973)	(110, 36.80875257224978)	(115, 36.639425009668315)	(120, 36.46609357021108)	(125, 36.47113876064112)	(130, 36.29075008633846)	(135, 36.14534464566215)	(140, 35.9279173251467)	(145, 35.83319200879777)	(150, 34.92500588852232)
IDDLNTM84_R1	(1, 38.664685055263185)	(2, 37.54574945405764)	(3, 38.12761703655694)	(4, 38.101124028048005)	(5, 38.42649536456496)	(6, 38.67773508127446)	(7, 38.86914864546763)	(8, 38.7272013188865)	(9, 38.74551881300215)	(10, 38.94553517917701)	(15, 39.075263494363455)	(20, 39.10275631207393)	(25, 39.0332816894268)	(30, 38.89697013299305)	(35, 38.9265638795155)	(40, 38.833083402069164)	(45, 38.88262292985243)	(50, 38.83790288295008)	(55, 38.77010484659657)	(60, 38.68583646404796)	(65, 38.748697974023216)	(70, 38.69961341748661)	(75, 38.51397412587692)	(80, 38.29263772462207)	(85, 38.03222966834094)	(90, 37.596402134166034)	(95, 37.24642263395704)	(100, 36.86377355609002)	(105, 36.49090438262182)	(110, 36.17054446140664)	(115, 35.8485774575505)	(120, 35.61073932406856)	(125, 35.522708151764505)	(130, 35.35562641955005)	(135, 35.29474222959051)	(140, 35.1805162581539)	(145, 35.100517217405276)	(150, 34.62680304023786)
IDDLNTM84_R2	(1, 38.91329692806056)	(2, 38.055016853163224)	(3, 38.250961617954154)	(4, 37.9300642635316)	(5, 38.14985736394776)	(6, 38.6242963649211)	(7, 38.436729903631)	(8, 38.430168287612176)	(9, 38.3102315729598)	(10, 38.44980769744538)	(15, 38.468623497409496)	(20, 38.420378958989275)	(25, 38.467432679380536)	(30, 38.37614308159927)	(35, 38.36683001287206)	(40, 38.324073570373606)	(45, 38.265962626640636)	(50, 38.226212932349426)	(55, 38.16663424986017)	(60, 38.11946508272386)	(65, 38.09618388344086)	(70, 38.02877560606912)	(75, 37.96274149837169)	(80, 37.83311213753814)	(85, 37.781764336758656)	(90, 37.74188884590488)	(95, 37.65997062923735)	(100, 37.53510639170651)	(105, 37.235123662438596)	(110, 37.105054308143096)	(115, 36.947233811423374)	(120, 36.81517645071521)	(125, 36.83511213459306)	(130, 36.68203261160185)	(135, 36.556805709733474)	(140, 36.36222594282735)	(145, 36.29035967088422)	(150, 35.4709314225719)
IDDLNTM85_R1	(1, 38.685913447021626)	(2, 37.50935311629686)	(3, 38.130905933976464)	(4, 38.09823182555292)	(5, 38.42179072746989)	(6, 38.70949968713831)	(7, 38.91459094077927)	(8, 38.76711781970517)	(9, 38.7585179918287)	(10, 38.979717674562735)	(15, 39.11612291159366)	(20, 39.145862905078516)	(25, 39.074721767357076)	(30, 38.93093481962144)	(35, 38.9665067772151)	(40, 38.8795009131911)	(45, 38.92221349745247)	(50, 38.885061558563066)	(55, 38.81523868549683)	(60, 38.72605425660531)	(65, 38.77519365880737)	(70, 38.72825266051471)	(75, 38.545387164854105)	(80, 38.39151936508718)	(85, 38.202427187740426)	(90, 37.80600289729367)	(95, 37.514579672203475)	(100, 37.17503185158175)	(105, 36.83291455761118)	(110, 36.555430322705824)	(115, 36.26376061735924)	(120, 36.02930321713871)	(125, 35.95786330344647)	(130, 35.75996870192752)	(135, 35.70423353250409)	(140, 35.544484171023655)	(145, 35.4780792474496)	(150, 34.98261028622579)
IDDLNTM85_R2	(1, 38.87126167973993)	(2, 38.034569927266105)	(3, 38.25515626618122)	(4, 37.9783476696863)	(5, 38.19689058728722)	(6, 38.624963148979695)	(7, 38.48693579252806)	(8, 38.484563836680245)	(9, 38.35395548833206)	(10, 38.50950722597422)	(15, 38.52832019261329)	(20, 38.48335373448141)	(25, 38.52833511157279)	(30, 38.43963443787861)	(35, 38.423171604141274)	(40, 38.390533285349306)	(45, 38.32895162963842)	(50, 38.29274141038923)	(55, 38.2333626818893)	(60, 38.17913162926544)	(65, 38.149202450677166)	(70, 38.08785537179754)	(75, 38.00780848817375)	(80, 37.88383447414437)	(85, 37.819649221932615)	(90, 37.78021587258256)	(95, 37.6886052875808)	(100, 37.55852227706174)	(105, 37.25062169605556)	(110, 37.11361311408282)	(115, 36.95058666030759)	(120, 36.813629342419084)	(125, 36.824239817512556)	(130, 36.6600799989525)	(135, 36.52346423000909)	(140, 36.31570295875503)	(145, 36.230170976830784)	(150, 35.38434215522622)
IDDLNTM86_R1	(1, 38.751831758570205)	(2, 37.6101067658251)	(3, 38.15697133947499)	(4, 38.08931472801111)	(5, 38.41328063902101)	(6, 38.63661172620599)	(7, 38.85945751418598)	(8, 38.724973890574866)	(9, 38.74995901189147)	(10, 38.91410417209759)	(15, 39.051527134947605)	(20, 39.08445304648215)	(25, 39.01669724379563)	(30, 38.88503433983733)	(35, 38.92280447196659)	(40, 38.83084437143096)	(45, 38.88196572410412)	(50, 38.82483207171936)	(55, 38.758525936455314)	(60, 38.66192278496162)	(65, 38.730117980171585)	(70, 38.683556554572384)	(75, 38.54191296421082)	(80, 38.394946494123126)	(85, 38.240382386262105)	(90, 37.86083733787153)	(95, 37.59685629405197)	(100, 37.29410902508964)	(105, 36.98799589463105)	(110, 36.75199505519459)	(115, 36.49186754938657)	(120, 36.29483025184733)	(125, 36.24886602298941)	(130, 36.07454622065047)	(135, 36.02345962589334)	(140, 35.874653937399685)	(145, 35.811710138654576)	(150, 35.30764239678784)
IDDLNTM86_R2	(1, 38.746908266973584)	(2, 37.80321363166118)	(3, 38.02394074431126)	(4, 37.73062942978983)	(5, 37.96629137954497)	(6, 38.449639550573586)	(7, 38.3292550165346)	(8, 38.3273703833044)	(9, 38.17923689979063)	(10, 38.34788394790904)	(15, 38.374030098387856)	(20, 38.33039227259387)	(25, 38.387538139434994)	(30, 38.30206744019425)	(35, 38.275062342913074)	(40, 38.2344513249816)	(45, 38.173416834308036)	(50, 38.13708177783461)	(55, 38.07107518366772)	(60, 38.01521658936309)	(65, 37.99367651856843)	(70, 37.92608794736471)	(75, 37.86182629895414)	(80, 37.72970834501494)	(85, 37.67434751030031)	(90, 37.629621614177296)	(95, 37.539323991323634)	(100, 37.42114806052468)	(105, 37.1052083589509)	(110, 36.97519743971879)	(115, 36.81769727166754)	(120, 36.69038878040703)	(125, 36.71009209208224)	(130, 36.55203178053983)	(135, 36.416121606799436)	(140, 36.20335233542045)	(145, 36.1203538749338)	(150, 35.26443416735937)
IDDLNTM88_R1	(1, 38.655852954683326)	(2, 37.67019265113589)	(3, 38.2165078721631)	(4, 38.1934710938253)	(5, 38.516266633027364)	(6, 38.73316428640273)	(7, 38.928285926488684)	(8, 38.77359735459035)	(9, 38.804142736462545)	(10, 38.988753678117256)	(15, 39.11670177059888)	(20, 39.134551057086654)	(25, 39.05322724669891)	(30, 38.90181255350633)	(35, 38.92300006803454)	(40, 38.82101650687999)	(45, 38.85771476236103)	(50, 38.80612771500331)	(55, 38.719406001780236)	(60, 38.63426786331861)	(65, 38.67135455349499)	(70, 38.61876151626309)	(75, 38.44845065511591)	(80, 38.29973303530426)	(85, 38.12948687783832)	(90, 37.80868361671609)	(95, 37.54793359262052)	(100, 37.28378439287679)	(105, 36.98078711709311)	(110, 36.75247376418095)	(115, 36.48887146291267)	(120, 36.29505573162642)	(125, 36.237036160357405)	(130, 36.06702486378918)	(135, 36.01049149284787)	(140, 35.86196359018261)	(145, 35.78633171940288)	(150, 35.251037881064285)
IDDLNTM88_R2	(1, 38.90408263928654)	(2, 38.03088661760621)	(3, 38.21807833610196)	(4, 37.84098131317999)	(5, 38.160107948135)	(6, 38.634609878615045)	(7, 38.44710385472358)	(8, 38.4459345110868)	(9, 38.28781515582744)	(10, 38.45446434139732)	(15, 38.45024889302135)	(20, 38.38089009020246)	(25, 38.4153121651425)	(30, 38.31441233749668)	(35, 38.28410465129464)	(40, 38.23244652201768)	(45, 38.15328620996593)	(50, 38.10513802507073)	(55, 38.02362492275245)	(60, 37.96302549594344)	(65, 37.920806662849174)	(70, 37.84538952608274)	(75, 37.75881061452198)	(80, 37.626801143547205)	(85, 37.558490285234804)	(90, 37.52473849224123)	(95, 37.452352861135836)	(100, 37.33761246959706)	(105, 37.08318108242951)	(110, 36.96095263945663)	(115, 36.81174843095344)	(120, 36.68538405497191)	(125, 36.67675614153451)	(130, 36.52556440319536)	(135, 36.37109595137799)	(140, 36.176006911175236)	(145, 36.06236598613229)	(150, 35.23003221718892)
IDDLNTM89_R1	(1, 38.767599949892926)	(2, 37.64950868058251)	(3, 38.214954239013714)	(4, 38.17523396238694)	(5, 38.54502841492145)	(6, 38.79246292640194)	(7, 38.984685228260474)	(8, 38.843696770539594)	(9, 38.814875420332626)	(10, 39.04330454870562)	(15, 39.180279251226786)	(20, 39.21003859903516)	(25, 39.14445039708154)	(30, 39.00615955444688)	(35, 39.037018280361835)	(40, 38.94359666273282)	(45, 39.001662083088846)	(50, 38.95576128190737)	(55, 38.89399840193316)	(60, 38.80809267511582)	(65, 38.876865696242675)	(70, 38.822605265793996)	(75, 38.668976809740506)	(80, 38.51861764879153)	(85, 38.37865574803203)	(90, 37.984546689434616)	(95, 37.7182592428515)	(100, 37.38726706112871)	(105, 37.072951261938975)	(110, 36.80338941596549)	(115, 36.55156555891612)	(120, 36.338224784668256)	(125, 36.311252206806095)	(130, 36.137183808099266)	(135, 36.12524301186045)	(140, 35.976994813407515)	(145, 35.92229626508769)	(150, 35.40641919245518)
IDDLNTM89_R2	(1, 38.90811838795593)	(2, 38.065849966747706)	(3, 38.3225844870969)	(4, 37.994615403756455)	(5, 38.28072594004463)	(6, 38.71400750032274)	(7, 38.588732161318404)	(8, 38.59442599221469)	(9, 38.4542512427341)	(10, 38.60273083548015)	(15, 38.625704715785915)	(20, 38.584533035469896)	(25, 38.63407115076764)	(30, 38.54635986789257)	(35, 38.528212685383934)	(40, 38.49129474677532)	(45, 38.43228656481774)	(50, 38.39826913665895)	(55, 38.338594845394375)	(60, 38.29156727310546)	(65, 38.26554256113074)	(70, 38.20796740743324)	(75, 38.13691787480505)	(80, 38.01507525312473)	(85, 37.95551121443509)	(90, 37.926746096444205)	(95, 37.84531631791279)	(100, 37.73772988161672)	(105, 37.43378352425843)	(110, 37.32112759630033)	(115, 37.168785165073665)	(120, 37.04323342898907)	(125, 37.07215797084219)	(130, 36.92485508613376)	(135, 36.81067238119828)	(140, 36.62393072122921)	(145, 36.55898106543886)	(150, 35.75527054735597)
IDDLNTM90_R1	(1, 38.693457050231146)	(2, 37.70552379437123)	(3, 38.275238796630646)	(4, 38.32769040376662)	(5, 38.61691829124373)	(6, 38.784967806433464)	(7, 38.97687525167242)	(8, 38.81644582369358)	(9, 38.81787938258554)	(10, 39.04700760983579)	(15, 39.16025220139043)	(20, 39.18734301997059)	(25, 39.117043768652465)	(30, 38.97720994010709)	(35, 39.00116817007192)	(40, 38.90140575703474)	(45, 38.948555902645936)	(50, 38.905922451680944)	(55, 38.82914487556003)	(60, 38.7471494075088)	(65, 38.794292500141474)	(70, 38.74300520854264)	(75, 38.60160151819463)	(80, 38.440512144654946)	(85, 38.24182924738979)	(90, 37.89233972721375)	(95, 37.56400701033262)	(100, 37.23581387681727)	(105, 36.862505381996705)	(110, 36.561757274204226)	(115, 36.22068146534651)	(120, 35.94992811702696)	(125, 35.8111542035342)	(130, 35.59097349966334)	(135, 35.49477398894322)	(140, 35.321329929314395)	(145, 35.2299794233452)	(150, 34.68819355997451)
IDDLNTM90_R2	(1, 38.90548352678451)	(2, 38.13792181527265)	(3, 38.33101432492744)	(4, 38.060840140961155)	(5, 38.28596875530511)	(6, 38.70851843984835)	(7, 38.562002652247976)	(8, 38.556527572635424)	(9, 38.403310635317546)	(10, 38.58142786730231)	(15, 38.59520643494078)	(20, 38.54044825779128)	(25, 38.58310188355533)	(30, 38.494569616588606)	(35, 38.47736674586232)	(40, 38.44188567121803)	(45, 38.376857209169195)	(50, 38.34048942750317)	(55, 38.27037617799093)	(60, 38.220174142960595)	(65, 38.18580120605933)	(70, 38.11847035657727)	(75, 38.043443231313915)	(80, 37.914919591944184)	(85, 37.86131916942156)	(90, 37.83081503727827)	(95, 37.76770900394721)	(100, 37.66367511028481)	(105, 37.41519063954933)	(110, 37.293472386358886)	(115, 37.158482313836224)	(120, 37.031635807151886)	(125, 37.037755906254425)	(130, 36.885869685560166)	(135, 36.74781156737686)	(140, 36.55261202139185)	(145, 36.455173974837265)	(150, 35.63092767990631)
IDDLNTM91_R1	(1, 38.622479255393316)	(2, 37.472246555641235)	(3, 38.07784313813166)	(4, 38.050053718704234)	(5, 38.403274422295276)	(6, 38.671300472309966)	(7, 38.840559715158754)	(8, 38.68209258641232)	(9, 38.75619472390049)	(10, 38.917691156677726)	(15, 39.06051152889164)	(20, 39.089980353954026)	(25, 39.018868334094165)	(30, 38.878797839219494)	(35, 38.91396901753917)	(40, 38.82181763932819)	(45, 38.87408693446481)	(50, 38.82814038975837)	(55, 38.762242356517405)	(60, 38.681277964518415)	(65, 38.74445538827261)	(70, 38.69752251693775)	(75, 38.548007773866814)	(80, 38.37744456689067)	(85, 38.18958227051056)	(90, 37.79706077591516)	(95, 37.502056757682915)	(100, 37.17207399726102)	(105, 36.83879274986515)	(110, 36.577149855876144)	(115, 36.28943036222627)	(120, 36.068863029295905)	(125, 35.99880766020999)	(130, 35.81127259468049)	(135, 35.750069287575755)	(140, 35.59555974158112)	(145, 35.52010673010202)	(150, 35.01132625241003)
IDDLNTM91_R2	(1, 38.751652922293445)	(2, 37.827767631137256)	(3, 38.05546095444906)	(4, 37.77426518381634)	(5, 37.92443772187166)	(6, 38.45181515562571)	(7, 38.271719490397906)	(8, 38.2741617300878)	(9, 38.16554954254753)	(10, 38.31112475137569)	(15, 38.329435858078554)	(20, 38.28724584223734)	(25, 38.33833133404091)	(30, 38.24666116810438)	(35, 38.232446585152985)	(40, 38.18239855742007)	(45, 38.12031249936484)	(50, 38.08080545130012)	(55, 38.017159904505505)	(60, 37.96487922742625)	(65, 37.93517658474242)	(70, 37.867595487384946)	(75, 37.79412862489467)	(80, 37.65961381881654)	(85, 37.60111941405759)	(90, 37.562794705933285)	(95, 37.483272812563385)	(100, 37.35856590774854)	(105, 37.06823986793695)	(110, 36.90876779495593)	(115, 36.76583970078499)	(120, 36.609701073601734)	(125, 36.63402070781862)	(130, 36.45977958868098)	(135, 36.32533705793857)	(140, 36.10917039052665)	(145, 36.023896551149434)	(150, 35.13477724115532)
IDDLNTM94_R1	(1, 38.70527391413905)	(2, 37.75093572621196)	(3, 38.26001617222629)	(4, 38.236438633423326)	(5, 38.55875106053966)	(6, 38.79449133809651)	(7, 38.983663996201216)	(8, 38.82656347042189)	(9, 38.84040170662588)	(10, 39.02183909940781)	(15, 39.149109168093744)	(20, 39.164025295811086)	(25, 39.088537522498)	(30, 38.938225392536154)	(35, 38.959800349863016)	(40, 38.84868640802951)	(45, 38.89186509614382)	(50, 38.83726274472695)	(55, 38.753821421712956)	(60, 38.66749975540417)	(65, 38.713434529993876)	(70, 38.65613826332898)	(75, 38.477060722492176)	(80, 38.28945775942518)	(85, 38.09014887910886)	(90, 37.689309738810195)	(95, 37.395571242039395)	(100, 37.03586941558832)	(105, 36.68336652057998)	(110, 36.370450940500376)	(115, 36.0513718453829)	(120, 35.783722399475394)	(125, 35.685083208609086)	(130, 35.46571357432962)	(135, 35.3875736757946)	(140, 35.21142443402025)	(145, 35.113935667765865)	(150, 34.55431472385506)
IDDLNTM94_R2	(1, 38.95263233276336)	(2, 38.14570332378428)	(3, 38.34517405481644)	(4, 38.000385787023724)	(5, 38.32018995622109)	(6, 38.73825035522593)	(7, 38.58065999553412)	(8, 38.58048101775841)	(9, 38.43344692142169)	(10, 38.595029598770786)	(15, 38.593693174288596)	(20, 38.52980701443018)	(25, 38.56505570255093)	(30, 38.4642777700825)	(35, 38.43948523765187)	(40, 38.394990334986026)	(45, 38.32056435375)	(50, 38.276779538986645)	(55, 38.200673821353206)	(60, 38.1407913686469)	(65, 38.100224385893206)	(70, 38.02150156787528)	(75, 37.940789955664464)	(80, 37.80073967489843)	(85, 37.73607303492143)	(90, 37.697286666947846)	(95, 37.61637244161867)	(100, 37.494470250404035)	(105, 37.215124992212544)	(110, 37.07782583107452)	(115, 36.913256622659404)	(120, 36.768918924994395)	(125, 36.76475559364424)	(130, 36.602176121410295)	(135, 36.444994413367155)	(140, 36.24210366538349)	(145, 36.13157452700948)	(150, 35.26286739951929)
IDDLNTM96_R1	(1, 38.84795689709574)	(2, 37.53884231850174)	(3, 38.17790394732582)	(4, 38.23544696738897)	(5, 38.6380240468486)	(6, 38.916043073596704)	(7, 39.03706909326917)	(8, 38.90824679135456)	(9, 38.87696712188705)	(10, 39.110917040475854)	(15, 39.23490416311451)	(20, 39.26637877509076)	(25, 39.20714357463771)	(30, 39.07877355446986)	(35, 39.116788856322316)	(40, 39.02989677831978)	(45, 39.078822620988795)	(50, 39.030222092176516)	(55, 38.96110069721254)	(60, 38.872105943973885)	(65, 38.9380385824503)	(70, 38.87115770276988)	(75, 38.72028137143284)	(80, 38.500428764797654)	(85, 38.275286428167774)	(90, 37.8332866224485)	(95, 37.49079768782302)	(100, 37.090422645663864)	(105, 36.70863067305035)	(110, 36.38833909124364)	(115, 36.0562439390677)	(120, 35.81251768202769)	(125, 35.71492976468161)	(130, 35.554735710853556)	(135, 35.51275036983061)	(140, 35.404363847618676)	(145, 35.33313401044815)	(150, 34.82228820623821)
IDDLNTM96_R2	(1, 38.8944623139118)	(2, 38.046443020086784)	(3, 38.26154392670653)	(4, 37.901227395662154)	(5, 38.26194288761191)	(6, 38.71541395384675)	(7, 38.56091681594218)	(8, 38.56455000731507)	(9, 38.38965575677188)	(10, 38.567220020085124)	(15, 38.58765097822236)	(20, 38.54508184961868)	(25, 38.59775697939324)	(30, 38.51109520204604)	(35, 38.49355538690581)	(40, 38.45855649421141)	(45, 38.40126769354981)	(50, 38.36972510695485)	(55, 38.312090949850756)	(60, 38.267329805239484)	(65, 38.24470853282363)	(70, 38.17040159149476)	(75, 38.02678294517762)	(80, 37.69361447471762)	(85, 37.50659266351548)	(90, 37.14123201869255)	(95, 36.8201056442805)	(100, 36.341523865212665)	(105, 35.880477741503114)	(110, 35.46029712660698)	(115, 35.136421230865295)	(120, 34.78712708204768)	(125, 34.669669398965866)	(130, 34.40687101437938)	(135, 34.21505023291233)	(140, 33.96249682403011)	(145, 33.82072597176407)	(150, 32.881328038750254)
IDDLNTM97_R1	(1, 38.88724656645535)	(2, 37.75056070526774)	(3, 38.30540729884199)	(4, 38.297488801052566)	(5, 38.632991462507846)	(6, 38.89355005669062)	(7, 39.008917818163376)	(8, 38.84956783390005)	(9, 38.8209573963212)	(10, 39.05531152834283)	(15, 39.188457270923855)	(20, 39.22218039248541)	(25, 39.15457738890209)	(30, 39.01667977597144)	(35, 39.035229984241276)	(40, 38.95838847601163)	(45, 38.92669199601154)	(50, 38.9222211259524)	(55, 38.8597130578046)	(60, 38.814480278993926)	(65, 38.8126002558657)	(70, 38.714516161926284)	(75, 38.35757347595375)	(80, 38.13976495852518)	(85, 37.63659684285316)	(90, 37.09196889263948)	(95, 36.89448819418455)	(100, 36.810211808516335)	(105, 36.722449872756144)	(110, 36.72039082080416)	(115, 36.67601338968038)	(120, 36.77080264773047)	(125, 36.989546105709685)	(130, 37.102154133454746)	(135, 37.279240979521376)	(140, 37.34268332678327)	(145, 37.4027320636324)	(150, 37.075372347432776)
IDDLNTM97_R2	(1, 38.99341815522042)	(2, 38.184568354781334)	(3, 38.40367968171674)	(4, 38.135396059932766)	(5, 38.40471979067738)	(6, 38.76264074129398)	(7, 38.630665410672165)	(8, 38.6165040543304)	(9, 38.47214993884468)	(10, 38.63966227050219)	(15, 38.65212175062409)	(20, 38.607262462980216)	(25, 38.646494909970215)	(30, 38.552660325327565)	(35, 38.51611342093325)	(40, 38.51020833597448)	(45, 38.46438875271258)	(50, 38.450384046591594)	(55, 38.39492226191454)	(60, 38.35487856300707)	(65, 38.3195876163646)	(70, 38.26929043843872)	(75, 38.19843096228544)	(80, 38.04680358035599)	(85, 37.960237521861856)	(90, 37.7941257820798)	(95, 37.67829821197167)	(100, 37.34691872543384)	(105, 36.909405572492616)	(110, 37.020966325714504)	(115, 36.96927098118047)	(120, 37.01098293328365)	(125, 37.12227657638241)	(130, 37.100280504213075)	(135, 37.038587546362564)	(140, 36.93963608863911)	(145, 36.88592611864077)	(150, 36.209874365641014)
IDDLNTM99_R1	(1, 38.64576060415959)	(2, 37.72652347203477)	(3, 38.252844193890446)	(4, 38.16248514035465)	(5, 38.47992482239033)	(6, 38.67452648119319)	(7, 38.88654034933967)	(8, 38.74693927679208)	(9, 38.76760969606302)	(10, 38.95214419654357)	(15, 39.090203546116896)	(20, 39.12047759691826)	(25, 39.05284445064458)	(30, 38.91359290605452)	(35, 38.9467439724828)	(40, 38.8590066353826)	(45, 38.907144183705874)	(50, 38.865313030357754)	(55, 38.791122212398996)	(60, 38.715296812055115)	(65, 38.768265189360456)	(70, 38.72484464235433)	(75, 38.56675350661955)	(80, 38.39611291362021)	(85, 38.19570125116287)	(90, 37.85712009160987)	(95, 37.54800925684229)	(100, 37.24286998056372)	(105, 36.889308158876034)	(110, 36.61001460931008)	(115, 36.28402244715786)	(120, 36.04038691135906)	(125, 35.922808924431266)	(130, 35.7404166948383)	(135, 35.657395845546986)	(140, 35.5257302729382)	(145, 35.434825274534354)	(150, 34.94370408915188)
IDDLNTM99_R2	(1, 38.926718947513464)	(2, 38.007208372238715)	(3, 38.25374454504452)	(4, 37.890190537240905)	(5, 38.23606402763359)	(6, 38.65972032628315)	(7, 38.51780803862952)	(8, 38.50597424071385)	(9, 38.35691135050106)	(10, 38.5232959014338)	(15, 38.547701750977595)	(20, 38.50222066648237)	(25, 38.55186031205896)	(30, 38.46843062460577)	(35, 38.45381035968687)	(40, 38.421990306675696)	(45, 38.36310032325345)	(50, 38.330341234799086)	(55, 38.26776220801706)	(60, 38.219522899473056)	(65, 38.199083558920364)	(70, 38.135484362389626)	(75, 38.072855782060245)	(80, 37.94590181893185)	(85, 37.89894670896833)	(90, 37.87000512652416)	(95, 37.811978692830486)	(100, 37.705628564068284)	(105, 37.46230875026639)	(110, 37.35241567124516)	(115, 37.216282919089075)	(120, 37.09996439676045)	(125, 37.1129735295049)	(130, 36.97213669932294)	(135, 36.83429250971172)	(140, 36.651646607036945)	(145, 36.55837433554171)	(150, 35.757726373698794)
