Sample	0	1	2	3	4	5	6	7	8	9	10	11	12	13	14	15	16	17	18	19	20	21	22	23	24	25	26	27	28	29	30	31	32	33	34	35	36	37	38	39	40	41	42	43	44	45	46	47	48	49	50	51	52	53	54	55	56	57	58	59	60	61	62	63	64	65	66	67	68	69	70	71	72	73	74	75	76	77	78	79	80	81	82	83	84	85	86	87	88	89	90	91	92	93	94	95	96	97	98	99	100
IDDLNTM10.A_R1	(0.0, 0.0)	(1.0, 0.0)	(2.0, 0.0)	(3.0, 0.0)	(4.0, 0.0)	(5.0, 0.0)	(6.0, 0.0)	(7.0, 0.0)	(8.0, 0.0)	(9.0, 0.0)	(10.0, 0.0)	(11.0, 0.0)	(12.0, 0.0)	(13.0, 0.0)	(14.0, 8.974255195151461e-06)	(15.0, 8.974255195151461e-06)	(16.0, 0.0)	(17.0, 0.0)	(18.0, 0.0)	(19.0, 0.0)	(20.0, 0.0)	(21.0, 0.0)	(22.0, 0.0)	(23.0, 0.0)	(24.0, 0.0)	(25.0, 0.0)	(26.0, 0.0)	(27.0, 1.7948510390302923e-05)	(28.0, 2.6922765585454384e-05)	(29.0, 1.7948510390302923e-05)	(30.0, 8.974255195151461e-06)	(31.0, 0.0)	(32.0, 8.974255195151461e-06)	(33.0, 8.974255195151461e-06)	(34.0, 2.6922765585454384e-05)	(35.0, 5.384553117090877e-05)	(36.0, 5.384553117090877e-05)	(37.0, 0.00024230489026908945)	(38.0, 0.0006551206292460567)	(39.0, 0.0012563957273212046)	(40.0, 0.0023243320955442285)	(41.0, 0.0034730367605236155)	(42.0, 0.005519166945018149)	(43.0, 0.00878579583605328)	(44.0, 0.013156258116092041)	(45.0, 0.019240803138404733)	(46.0, 0.03010862617973315)	(47.0, 0.04926866102138153)	(48.0, 0.07626322064839712)	(49.0, 0.11154999207573266)	(50.0, 0.16505450154922569)	(51.0, 0.2514317078025585)	(52.0, 0.37813024264770684)	(53.0, 0.5519795142881809)	(54.0, 0.7852383553205577)	(55.0, 1.093656583612328)	(56.0, 1.4809495408142845)	(57.0, 1.9414096006223107)	(58.0, 2.453758803968703)	(59.0, 3.004149875087342)	(60.0, 3.5773624771672514)	(61.0, 4.146177694201536)	(62.0, 4.677947185790236)	(63.0, 5.097816689350592)	(64.0, 5.4099053880171795)	(65.0, 5.619526040865527)	(66.0, 5.740875919614365)	(67.0, 5.820881404679141)	(68.0, 5.830995390284077)	(69.0, 5.77962675354703)	(70.0, 5.595753238853572)	(71.0, 5.254291802933253)	(72.0, 4.822109621245149)	(73.0, 4.287001706723853)	(74.0, 3.707821224939168)	(75.0, 3.1368521866580465)	(76.0, 2.5655600751898997)	(77.0, 2.0132844104802787)	(78.0, 1.5050095189924855)	(79.0, 1.0739311706933852)	(80.0, 0.7393350399973581)	(81.0, 0.4865212968947462)	(82.0, 0.29982986607001033)	(83.0, 0.17514156438857592)	(84.0, 0.0988783437401788)	(85.0, 0.051898117793560905)	(86.0, 0.024535613703544096)	(87.0, 0.011352432821866598)	(88.0, 0.005249939289163605)	(89.0, 0.002351254861129683)	(90.0, 0.0012204987065405988)	(91.0, 0.0008615284987345403)	(92.0, 0.0007538374363927228)	(93.0, 0.0009871680714666608)	(94.0, 0.001382035300053325)	(95.0, 0.001749979763054535)	(96.0, 0.0019025421013721096)	(97.0, 0.0016422887007127174)	(98.0, 0.0015435718935660513)	(99.0, 0.0014628035968096882)	(100.0, 0.0008256314779539343)
IDDLNTM10.A_R2	(0.0, 0.0)	(1.0, 0.0)	(2.0, 0.0)	(3.0, 0.0)	(4.0, 0.0)	(5.0, 0.0)	(6.0, 0.0)	(7.0, 0.0)	(8.0, 0.0)	(9.0, 0.0)	(10.0, 0.0)	(11.0, 0.0)	(12.0, 0.0)	(13.0, 0.0)	(14.0, 0.0)	(15.0, 0.0)	(16.0, 0.0)	(17.0, 0.0)	(18.0, 0.0)	(19.0, 0.0)	(20.0, 0.0)	(21.0, 0.0)	(22.0, 0.0)	(23.0, 0.0)	(24.0, 0.0)	(25.0, 8.980556825057046e-06)	(26.0, 8.980556825057046e-06)	(27.0, 2.694167047517114e-05)	(28.0, 2.694167047517114e-05)	(29.0, 8.980556825057046e-06)	(30.0, 1.7961113650114093e-05)	(31.0, 2.694167047517114e-05)	(32.0, 3.5922227300228186e-05)	(33.0, 4.4902784125285235e-05)	(34.0, 6.286389777539934e-05)	(35.0, 0.0001526694660259698)	(36.0, 0.0002963583752268826)	(37.0, 0.0006286389777539933)	(38.0, 0.0013650446374086711)	(39.0, 0.002316983660864718)	(40.0, 0.003843678321124416)	(41.0, 0.006070856413738564)	(42.0, 0.009312837427584156)	(43.0, 0.014602385397542756)	(44.0, 0.021643141948387484)	(45.0, 0.030596757102969357)	(46.0, 0.0471479233315495)	(47.0, 0.07524808563715299)	(48.0, 0.11759141106729697)	(49.0, 0.17909026420528762)	(50.0, 0.27705017805300985)	(51.0, 0.43383273910485587)	(52.0, 0.6551855037288619)	(53.0, 0.9505649982618133)	(54.0, 1.3146098302791507)	(55.0, 1.7273741830724227)	(56.0, 2.1586833857094376)	(57.0, 2.559279084004757)	(58.0, 2.912511325604726)	(59.0, 3.215856574041503)	(60.0, 3.4878417180451806)	(61.0, 3.772552311069964)	(62.0, 4.092816928565149)	(63.0, 4.4112225707975465)	(64.0, 4.731370441054005)	(65.0, 5.03048584722618)	(66.0, 5.278456982279655)	(67.0, 5.482719747265578)	(68.0, 5.607136381519918)	(69.0, 5.638487505396192)	(70.0, 5.494771654524804)	(71.0, 5.192342422884183)	(72.0, 4.789878768769251)	(73.0, 4.262486588660951)	(74.0, 3.6906047300413185)	(75.0, 3.125952219665857)	(76.0, 2.5558574918544106)	(77.0, 2.0073699837640513)	(78.0, 1.5008935205013092)	(79.0, 1.077415363415744)	(80.0, 0.7466973777761932)	(81.0, 0.49094908051221864)	(82.0, 0.3044498569262589)	(83.0, 0.1780305584999309)	(84.0, 0.10039364474731273)	(85.0, 0.0520602879148557)	(86.0, 0.02633099261106726)	(87.0, 0.013695349158211996)	(88.0, 0.007292212141946322)	(89.0, 0.004283725605552211)	(90.0, 0.0031521754455950232)	(91.0, 0.002676205933867)	(92.0, 0.002245139206264262)	(93.0, 0.002299022547214604)	(94.0, 0.002334944774514832)	(95.0, 0.0025864003656164295)	(96.0, 0.0033677088093963924)	(97.0, 0.00495726736743149)	(98.0, 0.00781308443779963)	(99.0, 0.016497282887629795)	(100.0, 0.08210025049467153)
IDDLNTM10.B_R1	(0.0, 0.0)	(1.0, 0.0)	(2.0, 0.0)	(3.0, 0.0)	(4.0, 0.0)	(5.0, 0.0)	(6.0, 0.0)	(7.0, 0.0)	(8.0, 0.0)	(9.0, 0.0)	(10.0, 0.0)	(11.0, 0.0)	(12.0, 0.0)	(13.0, 0.0)	(14.0, 0.0)	(15.0, 0.0)	(16.0, 0.0)	(17.0, 0.0)	(18.0, 0.0)	(19.0, 0.0)	(20.0, 0.0)	(21.0, 0.0)	(22.0, 0.0)	(23.0, 0.0)	(24.0, 0.0)	(25.0, 0.0)	(26.0, 1.0875313766396303e-05)	(27.0, 2.1750627532792606e-05)	(28.0, 2.1750627532792606e-05)	(29.0, 1.0875313766396303e-05)	(30.0, 0.0)	(31.0, 1.0875313766396303e-05)	(32.0, 3.262594129918891e-05)	(33.0, 3.262594129918891e-05)	(34.0, 4.350125506558521e-05)	(35.0, 4.350125506558521e-05)	(36.0, 2.1750627532792606e-05)	(37.0, 0.00017400502026234085)	(38.0, 0.0005328903745534188)	(39.0, 0.0011745338867708006)	(40.0, 0.001827052712754579)	(41.0, 0.0027840803241974536)	(42.0, 0.005187524666571037)	(43.0, 0.008069482814666056)	(44.0, 0.011723588240175215)	(45.0, 0.016280344708295265)	(46.0, 0.025404732958301764)	(47.0, 0.040010279346571996)	(48.0, 0.05807417551255625)	(49.0, 0.0835441603534564)	(50.0, 0.12161863384960986)	(51.0, 0.17870315580942403)	(52.0, 0.26614067849125034)	(53.0, 0.3867805341018845)	(54.0, 0.552378936822801)	(55.0, 0.7894064003614084)	(56.0, 1.098776451074084)	(57.0, 1.4956927776062499)	(58.0, 1.9836028544218536)	(59.0, 2.5714570647506396)	(60.0, 3.2474013165872355)	(61.0, 3.9731653807876923)	(62.0, 4.704834740363303)	(63.0, 5.336559966425732)	(64.0, 5.8298315729281684)	(65.0, 6.17916840173235)	(66.0, 6.359829114019726)	(67.0, 6.389638349053419)	(68.0, 6.289987849011928)	(69.0, 6.101072773575859)	(70.0, 5.783089474360197)	(71.0, 5.347032893582771)	(72.0, 4.85217349127044)	(73.0, 4.264776044119843)	(74.0, 3.6631754371903322)	(75.0, 3.0847827498383116)	(76.0, 2.5131762582765216)	(77.0, 1.9695954502907354)	(78.0, 1.477008988555581)	(79.0, 1.0618438855234023)	(80.0, 0.725426929473699)	(81.0, 0.47669762832244916)	(82.0, 0.29639580138936483)	(83.0, 0.1720909650394551)	(84.0, 0.09638790591157044)	(85.0, 0.04992856550152543)	(86.0, 0.02384956308970709)	(87.0, 0.011005817531593057)	(88.0, 0.005024394960075092)	(89.0, 0.002338192459775205)	(90.0, 0.0012397857693691786)	(91.0, 0.0006307681984509855)	(92.0, 0.0006090175709181929)	(93.0, 0.0008047732187133265)	(94.0, 0.0014029154758651232)	(95.0, 0.0015986711236602564)	(96.0, 0.0015007932997626898)	(97.0, 0.0014572920446971045)	(98.0, 0.0014246661033979157)	(99.0, 0.001544294554828275)	(100.0, 0.0009026510426108931)
IDDLNTM10.B_R2	(0.0, 0.0)	(1.0, 0.0)	(2.0, 0.0)	(3.0, 0.0)	(4.0, 0.0)	(5.0, 0.0)	(6.0, 0.0)	(7.0, 0.0)	(8.0, 0.0)	(9.0, 0.0)	(10.0, 0.0)	(11.0, 0.0)	(12.0, 0.0)	(13.0, 0.0)	(14.0, 0.0)	(15.0, 0.0)	(16.0, 0.0)	(17.0, 0.0)	(18.0, 0.0)	(19.0, 1.0883136014821961e-05)	(20.0, 1.0883136014821961e-05)	(21.0, 0.0)	(22.0, 0.0)	(23.0, 0.0)	(24.0, 0.0)	(25.0, 1.0883136014821961e-05)	(26.0, 2.1766272029643922e-05)	(27.0, 1.0883136014821961e-05)	(28.0, 2.1766272029643922e-05)	(29.0, 3.2649408044465884e-05)	(30.0, 4.3532544059287845e-05)	(31.0, 6.529881608893177e-05)	(32.0, 7.618195210375373e-05)	(33.0, 7.618195210375373e-05)	(34.0, 8.706508811857569e-05)	(35.0, 0.00015236390420750746)	(36.0, 0.0003373772164594808)	(37.0, 0.0006312218888596738)	(38.0, 0.0011753786896007718)	(39.0, 0.00211132838687546)	(40.0, 0.0035696686128616033)	(41.0, 0.005213022151099719)	(42.0, 0.008292949643294334)	(43.0, 0.01265708718523794)	(44.0, 0.017848343064308016)	(45.0, 0.02519445987431284)	(46.0, 0.03766653374729881)	(47.0, 0.05555840935566611)	(48.0, 0.07642138109607981)	(49.0, 0.10705740897780362)	(50.0, 0.15394195892965665)	(51.0, 0.2307442497862552)	(52.0, 0.34914188649150335)	(53.0, 0.5147179178210046)	(54.0, 0.7531130122256797)	(55.0, 1.0879979905377661)	(56.0, 1.5131259326847564)	(57.0, 2.032686846032357)	(58.0, 2.6271346182979474)	(59.0, 3.2402034362848977)	(60.0, 3.820731677587531)	(61.0, 4.337375910483159)	(62.0, 4.77708725489001)	(63.0, 5.090554221524927)	(64.0, 5.326130583701763)	(65.0, 5.516019540888378)	(66.0, 5.630531898036334)	(67.0, 5.704341326488857)	(68.0, 5.731875660606356)	(69.0, 5.699400382738127)	(70.0, 5.514474135574273)	(71.0, 5.169010749055778)	(72.0, 4.750238558341445)	(73.0, 4.22789156217405)	(74.0, 3.655950115187111)	(75.0, 3.088710182958576)	(76.0, 2.523592462252931)	(77.0, 1.9823305756917757)	(78.0, 1.4870934713373023)	(79.0, 1.0714012081151627)	(80.0, 0.7392043643987373)	(81.0, 0.48601908814991907)	(82.0, 0.3009187108098272)	(83.0, 0.17677477828875313)	(84.0, 0.10051664423289562)	(85.0, 0.05254378067956043)	(86.0, 0.02614129270760235)	(87.0, 0.013473322386349589)	(88.0, 0.006725778057159972)	(89.0, 0.003896162693306262)	(90.0, 0.0028404984998685314)	(91.0, 0.0023398742431867212)	(92.0, 0.002198393474994036)	(93.0, 0.0023398742431867212)	(94.0, 0.002688134595661024)	(95.0, 0.0029057973159574636)	(96.0, 0.00327582394046141)	(97.0, 0.005191255879070075)	(98.0, 0.008467079819531485)	(99.0, 0.01631382088621812)	(100.0, 0.08332128932947692)
IDDLNTM100_R1	(0.0, 0.0)	(1.0, 0.0)	(2.0, 0.0)	(3.0, 0.0)	(4.0, 0.0)	(5.0, 0.0)	(6.0, 0.0)	(7.0, 0.0)	(8.0, 0.0)	(9.0, 0.0)	(10.0, 0.0)	(11.0, 0.0)	(12.0, 0.0)	(13.0, 0.0)	(14.0, 0.0)	(15.0, 0.0)	(16.0, 0.0)	(17.0, 0.0)	(18.0, 0.0)	(19.0, 0.0)	(20.0, 0.0)	(21.0, 0.0)	(22.0, 0.0)	(23.0, 0.0)	(24.0, 0.0)	(25.0, 0.0)	(26.0, 0.0)	(27.0, 0.0)	(28.0, 0.0)	(29.0, 0.0)	(30.0, 0.0)	(31.0, 0.0)	(32.0, 0.0)	(33.0, 1.03649251761234e-05)	(34.0, 2.07298503522468e-05)	(35.0, 4.14597007044936e-05)	(36.0, 0.00011401417693735741)	(37.0, 0.0002487582042269616)	(38.0, 0.0006115305853912806)	(39.0, 0.0013681701232482887)	(40.0, 0.00201079548416794)	(41.0, 0.002829624573081688)	(42.0, 0.004747135730664517)	(43.0, 0.007846248358325415)	(44.0, 0.011204484115389395)	(45.0, 0.015588847464889592)	(46.0, 0.024471588340827344)	(47.0, 0.03703387765428891)	(48.0, 0.054685345229227064)	(49.0, 0.08032817011495635)	(50.0, 0.11936247832823707)	(51.0, 0.18077465999676823)	(52.0, 0.267021202387291)	(53.0, 0.38419668150336606)	(54.0, 0.5469674664692079)	(55.0, 0.7777321605904194)	(56.0, 1.084782704007899)	(57.0, 1.464698671413526)	(58.0, 1.93288234161902)	(59.0, 2.4878100706234907)	(60.0, 3.096314097863343)	(61.0, 3.7445157885277482)	(62.0, 4.424278676353449)	(63.0, 5.022397048566826)	(64.0, 5.504500813283854)	(65.0, 5.88038482479597)	(66.0, 6.129215583499163)	(67.0, 6.252485638618799)	(68.0, 6.279206415722845)	(69.0, 6.22582705106581)	(70.0, 5.997581033762396)	(71.0, 5.603288915137486)	(72.0, 5.129435630860653)	(73.0, 4.56512764457179)	(74.0, 3.9323282327191045)	(75.0, 3.312744100465976)	(76.0, 2.70309993145675)	(77.0, 2.1050852084951344)	(78.0, 1.5711153581967852)	(79.0, 1.1266362718690852)	(80.0, 0.7678440219723975)	(81.0, 0.493971604043689)	(82.0, 0.2982299920925986)	(83.0, 0.1670411341384047)	(84.0, 0.08738668415989638)	(85.0, 0.04334611708654806)	(86.0, 0.02042926752213922)	(87.0, 0.009090039379460221)	(88.0, 0.0038453872403417817)	(89.0, 0.0016791178785319908)	(90.0, 0.0008913835651466123)	(91.0, 0.0008188290889137486)	(92.0, 0.0007670044630331315)	(93.0, 0.0009432081910272294)	(94.0, 0.0011505066945496974)	(95.0, 0.0014614544498333993)	(96.0, 0.001534008926066263)	(97.0, 0.0012230611707825612)	(98.0, 0.0011816014700780676)	(99.0, 0.0013267104225437951)	(100.0, 0.0008810186399704889)
IDDLNTM100_R2	(0.0, 0.0)	(1.0, 0.0)	(2.0, 0.0)	(3.0, 0.0)	(4.0, 0.0)	(5.0, 0.0)	(6.0, 0.0)	(7.0, 0.0)	(8.0, 0.0)	(9.0, 0.0)	(10.0, 0.0)	(11.0, 0.0)	(12.0, 0.0)	(13.0, 1.0372255047528266e-05)	(14.0, 1.0372255047528266e-05)	(15.0, 0.0)	(16.0, 0.0)	(17.0, 0.0)	(18.0, 0.0)	(19.0, 0.0)	(20.0, 0.0)	(21.0, 0.0)	(22.0, 0.0)	(23.0, 0.0)	(24.0, 0.0)	(25.0, 0.0)	(26.0, 0.0)	(27.0, 0.0)	(28.0, 1.0372255047528266e-05)	(29.0, 1.0372255047528266e-05)	(30.0, 0.0)	(31.0, 1.0372255047528266e-05)	(32.0, 3.11167651425848e-05)	(33.0, 5.186127523764133e-05)	(34.0, 6.22335302851696e-05)	(35.0, 0.00015558382571292397)	(36.0, 0.0003630289266634893)	(37.0, 0.0007260578533269786)	(38.0, 0.0013380209011311464)	(39.0, 0.0021574290498858795)	(40.0, 0.0033398661253041012)	(41.0, 0.00514463850357402)	(42.0, 0.008111103447167103)	(43.0, 0.012591917627699314)	(44.0, 0.017062359553183998)	(45.0, 0.023047150715607805)	(46.0, 0.0366244325728223)	(47.0, 0.05660139579436174)	(48.0, 0.08121475702214632)	(49.0, 0.11844078038772526)	(50.0, 0.17812273593120292)	(51.0, 0.27028022202849156)	(52.0, 0.4110939565537353)	(53.0, 0.6068287815556411)	(54.0, 0.8642681518352927)	(55.0, 1.204893007596121)	(56.0, 1.6182377434951698)	(57.0, 2.0585399702627445)	(58.0, 2.5227709894249677)	(59.0, 2.992914193964281)	(60.0, 3.4134054135910774)	(61.0, 3.819582921252284)	(62.0, 4.222876942010278)	(63.0, 4.585957729949005)	(64.0, 4.933863908753198)	(65.0, 5.244409224876194)	(66.0, 5.511401442054619)	(67.0, 5.728700185300337)	(68.0, 5.881701319506425)	(69.0, 5.941725559466472)	(70.0, 5.809707497221532)	(71.0, 5.4988925024673)	(72.0, 5.0696056105602)	(73.0, 4.518413605079501)	(74.0, 3.9032351582105997)	(75.0, 3.299227630027886)	(76.0, 2.693622774567853)	(77.0, 2.098348685135158)	(78.0, 1.5709713772435838)	(79.0, 1.1244769142126343)	(80.0, 0.7631282928668447)	(81.0, 0.49372971251739295)	(82.0, 0.30177038835278736)	(83.0, 0.17211720025868404)	(84.0, 0.09104765480720312)	(85.0, 0.04549271063845897)	(86.0, 0.021802480109904415)	(87.0, 0.01089086779990468)	(88.0, 0.0057980905715683)	(89.0, 0.0037755008373002888)	(90.0, 0.0027901366077851034)	(91.0, 0.0023130128755988032)	(92.0, 0.002136684539790823)	(93.0, 0.0021263122847432945)	(94.0, 0.0023648741508364448)	(95.0, 0.0025930637618820666)	(96.0, 0.0031116765142584794)	(97.0, 0.004273369079581646)	(98.0, 0.006721221270798316)	(99.0, 0.015091631094153627)	(100.0, 0.08173336977452274)
IDDLNTM101_R1	(0.0, 0.0)	(1.0, 0.0)	(2.0, 0.0)	(3.0, 0.0)	(4.0, 0.0)	(5.0, 0.0)	(6.0, 0.0)	(7.0, 0.0)	(8.0, 0.0)	(9.0, 0.0)	(10.0, 0.0)	(11.0, 0.0)	(12.0, 0.0)	(13.0, 0.0)	(14.0, 0.0)	(15.0, 0.0)	(16.0, 0.0)	(17.0, 0.0)	(18.0, 0.0)	(19.0, 0.0)	(20.0, 0.0)	(21.0, 0.0)	(22.0, 0.0)	(23.0, 0.0)	(24.0, 0.0)	(25.0, 0.0)	(26.0, 0.0)	(27.0, 0.0)	(28.0, 0.0)	(29.0, 0.0)	(30.0, 0.0)	(31.0, 2.042605690801585e-05)	(32.0, 0.00023489965444218225)	(33.0, 0.00031660388207424567)	(34.0, 0.00017362148371813472)	(35.0, 0.0003983081097063091)	(36.0, 0.0006944859348725389)	(37.0, 0.001644297581095276)	(38.0, 0.002971991280116306)	(39.0, 0.004207767723051265)	(40.0, 0.006209521300036817)	(41.0, 0.009528755547589394)	(42.0, 0.01594253741670637)	(43.0, 0.026441530667426515)	(44.0, 0.03803331796272551)	(45.0, 0.05183111940409022)	(46.0, 0.07446319045817178)	(47.0, 0.10730828996626125)	(48.0, 0.152112845793994)	(49.0, 0.21274759572543905)	(50.0, 0.2976076491497909)	(51.0, 0.4264041509832848)	(52.0, 0.6182558904918237)	(53.0, 0.8855104190763031)	(54.0, 1.2539658466115469)	(55.0, 1.746315522322361)	(56.0, 2.373824416593516)	(57.0, 3.11174636148095)	(58.0, 3.962215879931552)	(59.0, 4.890130793148896)	(60.0, 5.8052589947418225)	(61.0, 6.615223642343829)	(62.0, 7.264139044254585)	(63.0, 7.662784183899876)	(64.0, 7.722509974298913)	(65.0, 7.517177037231085)	(66.0, 7.06669056515325)	(67.0, 6.366281073777386)	(68.0, 5.516332419777938)	(69.0, 4.635029768424687)	(70.0, 3.7638788673547183)	(71.0, 2.9350916083119754)	(72.0, 2.2145215987679006)	(73.0, 1.603169715510986)	(74.0, 1.0988299443951666)	(75.0, 0.7226330412917847)	(76.0, 0.4676545729090228)	(77.0, 0.29751573189370484)	(78.0, 0.17963695747754538)	(79.0, 0.10696104699882499)	(80.0, 0.06636425889414349)	(81.0, 0.0407295574745836)	(82.0, 0.021682259407858822)	(83.0, 0.011346674612402805)	(84.0, 0.006720172722737214)	(85.0, 0.003206890934558488)	(86.0, 0.0012868415852049983)	(87.0, 0.000806829247866626)	(88.0, 0.0004902253657923804)	(89.0, 0.0005208644511544041)	(90.0, 0.0004391602235223408)	(91.0, 0.0003063908536202377)	(92.0, 0.0005719295934244438)	(93.0, 0.0009600246746767449)	(94.0, 0.0016953627233653155)	(95.0, 0.0024613398574159094)	(96.0, 0.0023489965444218226)	(97.0, 0.0017055757518193236)	(98.0, 0.0015523803250092044)	(99.0, 0.001470676097377141)	(100.0, 0.0007557641055965864)
IDDLNTM101_R2	(0.0, 0.0)	(1.0, 0.0)	(2.0, 0.0)	(3.0, 0.0)	(4.0, 0.0)	(5.0, 0.0)	(6.0, 1.0220280777685694e-05)	(7.0, 1.0220280777685694e-05)	(8.0, 0.0)	(9.0, 0.0)	(10.0, 0.0)	(11.0, 0.0)	(12.0, 0.0)	(13.0, 0.0)	(14.0, 0.0)	(15.0, 0.0)	(16.0, 0.0)	(17.0, 0.0)	(18.0, 0.0)	(19.0, 0.0)	(20.0, 0.0)	(21.0, 0.0)	(22.0, 0.0)	(23.0, 1.0220280777685694e-05)	(24.0, 2.0440561555371388e-05)	(25.0, 1.0220280777685694e-05)	(26.0, 0.0)	(27.0, 1.0220280777685694e-05)	(28.0, 1.0220280777685694e-05)	(29.0, 1.0220280777685694e-05)	(30.0, 2.0440561555371388e-05)	(31.0, 2.0440561555371388e-05)	(32.0, 0.00023506645788677093)	(33.0, 0.0004905734773289133)	(34.0, 0.00047013291577354186)	(35.0, 0.0006540979697718844)	(36.0, 0.0011242308855454262)	(37.0, 0.0024835282289776234)	(38.0, 0.004026790626408163)	(39.0, 0.00626503211672133)	(40.0, 0.009964773758243551)	(41.0, 0.014880728812310371)	(42.0, 0.023496425507899408)	(43.0, 0.03744710876944038)	(44.0, 0.05422880980640029)	(45.0, 0.07247201099456925)	(46.0, 0.09997478656732146)	(47.0, 0.1446476338465856)	(48.0, 0.2098939063313311)	(49.0, 0.31155503922697064)	(50.0, 0.46317290456393795)	(51.0, 0.6929656975694231)	(52.0, 1.031175229064598)	(53.0, 1.4760947121595893)	(54.0, 2.0277854685390633)	(55.0, 2.6632416461724486)	(56.0, 3.3232367179530575)	(57.0, 3.965366738934272)	(58.0, 4.585748002420571)	(59.0, 5.151317900096142)	(60.0, 5.649965399239427)	(61.0, 6.095579861427301)	(62.0, 6.465400721367858)	(63.0, 6.716349495583153)	(64.0, 6.773562627376636)	(65.0, 6.646483656186892)	(66.0, 6.329225700285973)	(67.0, 5.824251847341301)	(68.0, 5.1820094032715325)	(69.0, 4.430409954880527)	(70.0, 3.6466575031629214)	(71.0, 2.880698560279267)	(72.0, 2.1911668770511468)	(73.0, 1.5976751722909381)	(74.0, 1.1048225723486012)	(75.0, 0.7363201286283657)	(76.0, 0.47735865428336566)	(77.0, 0.3000674436328519)	(78.0, 0.18127712015381114)	(79.0, 0.10795682585469396)	(80.0, 0.06407094019531161)	(81.0, 0.03843847600487589)	(82.0, 0.021932722548913496)	(83.0, 0.013051298553104631)	(84.0, 0.008278427429925411)	(85.0, 0.004875073930956076)	(86.0, 0.003260269568081736)	(87.0, 0.0024835282289776234)	(88.0, 0.002115598120980938)	(89.0, 0.002166699524869367)	(90.0, 0.0021053778402032527)	(91.0, 0.0020236155939817673)	(92.0, 0.0020133953132040814)	(93.0, 0.0023302240173123383)	(94.0, 0.0024528673866445663)	(95.0, 0.0025039687905329946)	(96.0, 0.003086524794861079)	(97.0, 0.004619566911513933)	(98.0, 0.007563007775487413)	(99.0, 0.01618892475185414)	(100.0, 0.08265141064914419)
IDDLNTM102_R1	(0.0, 0.0)	(1.0, 0.0)	(2.0, 0.0)	(3.0, 0.0)	(4.0, 0.0)	(5.0, 0.0)	(6.0, 0.0)	(7.0, 0.0)	(8.0, 0.0)	(9.0, 0.0)	(10.0, 0.0)	(11.0, 0.0)	(12.0, 0.0)	(13.0, 0.0)	(14.0, 0.0)	(15.0, 0.0)	(16.0, 0.0)	(17.0, 0.0)	(18.0, 0.0)	(19.0, 0.0)	(20.0, 0.0)	(21.0, 0.0)	(22.0, 0.0)	(23.0, 0.0)	(24.0, 0.0)	(25.0, 0.0)	(26.0, 0.0)	(27.0, 0.0)	(28.0, 0.0)	(29.0, 0.0)	(30.0, 0.0)	(31.0, 1.8266111303818583e-05)	(32.0, 1.8266111303818583e-05)	(33.0, 3.6532222607637166e-05)	(34.0, 0.00020092722434200441)	(35.0, 0.0002557255582534602)	(36.0, 0.00014612889043054867)	(37.0, 0.00045665278259546466)	(38.0, 0.0008219750086718363)	(39.0, 0.0017170144625589469)	(40.0, 0.003397496702510257)	(41.0, 0.005498099502449394)	(42.0, 0.008238016198022181)	(43.0, 0.011580714566620983)	(44.0, 0.019051554089882787)	(45.0, 0.03152730811039088)	(46.0, 0.04961075830117128)	(47.0, 0.07226073631790632)	(48.0, 0.10254594885963754)	(49.0, 0.1494898549104513)	(50.0, 0.21422495337118436)	(51.0, 0.3241504111975646)	(52.0, 0.4820244111964686)	(53.0, 0.6795906710585705)	(54.0, 0.9515548022611253)	(55.0, 1.2962728547867897)	(56.0, 1.7155531736546417)	(57.0, 2.2162638167149162)	(58.0, 2.771206544236229)	(59.0, 3.331318581256522)	(60.0, 3.8950290422036673)	(61.0, 4.4465377407998625)	(62.0, 4.943869153268931)	(63.0, 5.3467282380746495)	(64.0, 5.6809980749345295)	(65.0, 5.967903885183609)	(66.0, 6.172630460676807)	(67.0, 6.2599607388203635)	(68.0, 6.204468292679363)	(69.0, 6.039360912604146)	(70.0, 5.724544484282833)	(71.0, 5.2138240122280655)	(72.0, 4.567276736518103)	(73.0, 3.8884715082455967)	(74.0, 3.201921448780271)	(75.0, 2.537235924545617)	(76.0, 1.9291205470188884)	(77.0, 1.37520072173059)	(78.0, 0.9132507668570178)	(79.0, 0.5701218660147856)	(80.0, 0.33567632743027415)	(81.0, 0.18324562859990803)	(82.0, 0.08813398704092468)	(83.0, 0.03801177762324648)	(84.0, 0.015818452389106893)	(85.0, 0.00606434895286777)	(86.0, 0.002502457248623146)	(87.0, 0.0010046361217100222)	(88.0, 0.000621047784329832)	(89.0, 0.0006027816730260133)	(90.0, 0.0004931850052031018)	(91.0, 0.0003835883373801903)	(92.0, 0.000529717227810739)	(93.0, 0.0007671766747603805)	(94.0, 0.0009315716764947479)	(95.0, 0.001187297234748208)	(96.0, 0.0011324989008367522)	(97.0, 0.0010229022330138409)	(98.0, 0.001406490570394031)	(99.0, 0.0018996755755971329)	(100.0, 0.0010777005669252964)
IDDLNTM102_R2	(0.0, 0.0)	(1.0, 0.0)	(2.0, 0.0)	(3.0, 0.0)	(4.0, 0.0)	(5.0, 0.0)	(6.0, 0.0)	(7.0, 0.0)	(8.0, 0.0)	(9.0, 0.0)	(10.0, 0.0)	(11.0, 0.0)	(12.0, 0.0)	(13.0, 0.0)	(14.0, 0.0)	(15.0, 0.0)	(16.0, 0.0)	(17.0, 0.0)	(18.0, 0.0)	(19.0, 0.0)	(20.0, 0.0)	(21.0, 0.0)	(22.0, 0.0)	(23.0, 0.0)	(24.0, 0.0)	(25.0, 0.0)	(26.0, 0.0)	(27.0, 0.0)	(28.0, 1.82774023497794e-05)	(29.0, 1.82774023497794e-05)	(30.0, 0.0)	(31.0, 0.0)	(32.0, 5.48322070493382e-05)	(33.0, 0.0001279418164484558)	(34.0, 0.00020105142584757343)	(35.0, 0.0002558836328969116)	(36.0, 0.0004934898634440439)	(37.0, 0.0011697537503858816)	(38.0, 0.0016632436138299255)	(39.0, 0.0030157713877136012)	(40.0, 0.005008008243839556)	(41.0, 0.007219573928162864)	(42.0, 0.009979461682979553)	(43.0, 0.014219819028128374)	(44.0, 0.023925119675861237)	(45.0, 0.037304178195899755)	(46.0, 0.051999209685122394)	(47.0, 0.07219573928162863)	(48.0, 0.09730889011022553)	(49.0, 0.1353076095954169)	(50.0, 0.1868681616241446)	(51.0, 0.2660275912010392)	(52.0, 0.38983871471844483)	(53.0, 0.5514292288928445)	(54.0, 0.7700635158009057)	(55.0, 1.0776356425429936)	(56.0, 1.5047237032502887)	(57.0, 2.0333610114129583)	(58.0, 2.619334530746886)	(59.0, 3.263795737600107)	(60.0, 3.9273933847135485)	(61.0, 4.551000075485671)	(62.0, 5.10376355475005)	(63.0, 5.530285015984502)	(64.0, 5.852460787204064)	(65.0, 6.108125091272778)	(66.0, 6.267759923395751)	(67.0, 6.333430630038508)	(68.0, 6.26123489075688)	(69.0, 6.048814920647744)	(70.0, 5.707630650984412)	(71.0, 5.2017669861495675)	(72.0, 4.5769539868223585)	(73.0, 3.916207614475483)	(74.0, 3.237677329642273)	(75.0, 2.566622502370122)	(76.0, 1.952940441073929)	(77.0, 1.3974353514570836)	(78.0, 0.9370093088637907)	(79.0, 0.5895193353897847)	(80.0, 0.34688681919646325)	(81.0, 0.191309570395141)	(82.0, 0.09376307405436833)	(83.0, 0.04222079942799042)	(84.0, 0.018368789361528297)	(85.0, 0.007713063791606908)	(86.0, 0.003600648262906542)	(87.0, 0.0023943397078211013)	(88.0, 0.0016997984185294843)	(89.0, 0.001407359980933014)	(90.0, 0.0013159729691841167)	(91.0, 0.0013525277738836755)	(92.0, 0.0014256373832827933)	(93.0, 0.0013342503715338962)	(94.0, 0.0014439147856325726)	(95.0, 0.001553579199731249)	(96.0, 0.0014987469926819109)	(97.0, 0.0026136685360184544)	(98.0, 0.0046790150015435265)	(99.0, 0.010875054398118743)	(100.0, 0.06994761879260576)
IDDLNTM105_R1	(0.0, 0.0)	(1.0, 0.0)	(2.0, 0.0)	(3.0, 0.0)	(4.0, 0.0)	(5.0, 0.0)	(6.0, 0.0)	(7.0, 0.0)	(8.0, 0.0)	(9.0, 0.0)	(10.0, 0.0)	(11.0, 0.0)	(12.0, 0.0)	(13.0, 0.0)	(14.0, 3.8267053521066395e-05)	(15.0, 3.8267053521066395e-05)	(16.0, 0.0)	(17.0, 0.0)	(18.0, 0.0)	(19.0, 0.0)	(20.0, 0.0)	(21.0, 0.0)	(22.0, 0.0)	(23.0, 0.0)	(24.0, 0.0)	(25.0, 1.2755684507022132e-05)	(26.0, 1.2755684507022132e-05)	(27.0, 0.0)	(28.0, 0.0)	(29.0, 3.8267053521066395e-05)	(30.0, 8.928979154915492e-05)	(31.0, 0.0002678693746474648)	(32.0, 0.0004081819042247082)	(33.0, 0.0005484944338019517)	(34.0, 0.0007143183323932394)	(35.0, 0.000867386546477505)	(36.0, 0.0010459661295758149)	(37.0, 0.0016837503549269215)	(38.0, 0.0032526995492906437)	(39.0, 0.005510455707033561)	(40.0, 0.01005147939153344)	(41.0, 0.016008384056312774)	(42.0, 0.021875998929542954)	(43.0, 0.031213159988683157)	(44.0, 0.04470867419711257)	(45.0, 0.06191609259708542)	(46.0, 0.0888178312223951)	(47.0, 0.12879414646740248)	(48.0, 0.18655188591519867)	(49.0, 0.2746936658587216)	(50.0, 0.39772224292895003)	(51.0, 0.5720286717174075)	(52.0, 0.824757048855037)	(53.0, 1.1707677467925193)	(54.0, 1.627765655625601)	(55.0, 2.2020520835007518)	(56.0, 2.903818822339081)	(57.0, 3.703919133042045)	(58.0, 4.54787348708015)	(59.0, 5.374594911349268)	(60.0, 6.119322795607248)	(61.0, 6.717730222885178)	(62.0, 7.139331107211273)	(63.0, 7.363346438523596)	(64.0, 7.301966084675805)	(65.0, 7.027782646197364)	(66.0, 6.5965257086994535)	(67.0, 5.953741255021594)	(68.0, 5.17934364860028)	(69.0, 4.341856426607235)	(70.0, 3.471969765966354)	(71.0, 2.668782579612692)	(72.0, 1.979197519478568)	(73.0, 1.4047452677048262)	(74.0, 0.956166110646379)	(75.0, 0.617834334782124)	(76.0, 0.38452010946418214)	(77.0, 0.23548269168413558)	(78.0, 0.14183045603357908)	(79.0, 0.08233794349282786)	(80.0, 0.04506583336330919)	(81.0, 0.024733272259115913)	(82.0, 0.014120542749273499)	(83.0, 0.008546308619704828)	(84.0, 0.004081819042247082)	(85.0, 0.001951619729574386)	(86.0, 0.0011862786591530583)	(87.0, 0.0005102273802808853)	(88.0, 0.00036991485070364186)	(89.0, 0.0002423580056334205)	(90.0, 0.00025511369014044263)	(91.0, 0.00030613642816853116)	(92.0, 0.0004592046422527968)	(93.0, 0.0006888069633791951)	(94.0, 0.001250057081688169)	(95.0, 0.002028153836616519)	(96.0, 0.001747528777462032)	(97.0, 0.001352102557744346)	(98.0, 0.0011862786591530583)	(99.0, 0.0009949433915477264)	(100.0, 0.0006505399098581287)
IDDLNTM105_R2	(0.0, 0.0)	(1.0, 0.0)	(2.0, 0.0)	(3.0, 0.0)	(4.0, 0.0)	(5.0, 0.0)	(6.0, 0.0)	(7.0, 0.0)	(8.0, 0.0)	(9.0, 0.0)	(10.0, 0.0)	(11.0, 0.0)	(12.0, 0.0)	(13.0, 0.0)	(14.0, 0.0)	(15.0, 0.0)	(16.0, 0.0)	(17.0, 0.0)	(18.0, 0.0)	(19.0, 0.0)	(20.0, 1.2764683694329226e-05)	(21.0, 1.2764683694329226e-05)	(22.0, 1.2764683694329226e-05)	(23.0, 1.2764683694329226e-05)	(24.0, 0.0)	(25.0, 0.0)	(26.0, 0.0)	(27.0, 1.2764683694329226e-05)	(28.0, 3.8294051082987676e-05)	(29.0, 0.00011488215324896303)	(30.0, 0.0001531762043319507)	(31.0, 0.0002935877249695722)	(32.0, 0.0005361167151618274)	(33.0, 0.0007658810216597536)	(34.0, 0.0008679984912143873)	(35.0, 0.0011232921651009719)	(36.0, 0.001927467237843713)	(37.0, 0.002897583198612734)	(38.0, 0.004812285752762119)	(39.0, 0.008143868196982046)	(40.0, 0.013849681808347208)	(41.0, 0.021253198351058163)	(42.0, 0.03029059440664325)	(43.0, 0.04259574948797663)	(44.0, 0.06111730552844833)	(45.0, 0.08611055620194495)	(46.0, 0.12556619350111659)	(47.0, 0.18644097003937268)	(48.0, 0.27612563767572984)	(49.0, 0.41855397833705527)	(50.0, 0.6312008440008858)	(51.0, 0.9339025531282092)	(52.0, 1.3406874930990929)	(53.0, 1.8303152302461732)	(54.0, 2.3685636475849536)	(55.0, 2.9327499021906114)	(56.0, 3.4960426289376656)	(57.0, 4.035771749584988)	(58.0, 4.5322413571922295)	(59.0, 5.009449057104727)	(60.0, 5.503825256586098)	(61.0, 5.979348018250945)	(62.0, 6.382660964256972)	(63.0, 6.661454420824815)	(64.0, 6.758529840320189)	(65.0, 6.646851622678502)	(66.0, 6.32283289178165)	(67.0, 5.786690647252433)	(68.0, 5.086228629526118)	(69.0, 4.296030885428666)	(70.0, 3.4687900292502722)	(71.0, 2.6741757045945844)	(72.0, 1.9802874989708472)	(73.0, 1.4082381992094832)	(74.0, 0.9556535741433461)	(75.0, 0.6239505036625068)	(76.0, 0.3918502600485186)	(77.0, 0.23347882945297585)	(78.0, 0.13700335009123557)	(79.0, 0.07985586119172364)	(80.0, 0.045250803696397106)	(81.0, 0.025899543215794)	(82.0, 0.015751619678802262)	(83.0, 0.010096864802214417)	(84.0, 0.005705813611365164)	(85.0, 0.0030890534540276723)	(86.0, 0.0021699962280359686)	(87.0, 0.0015955854617911533)	(88.0, 0.0012381743183499348)	(89.0, 0.0012381743183499348)	(90.0, 0.0013530564715988978)	(91.0, 0.0013402917879045686)	(92.0, 0.0014934679922365194)	(93.0, 0.001697702931345787)	(94.0, 0.002004055340009688)	(95.0, 0.002323172432367919)	(96.0, 0.002438054585616882)	(97.0, 0.0036506995365781585)	(98.0, 0.005820695764614126)	(99.0, 0.013147624205159102)	(100.0, 0.08039197790688546)
IDDLNTM107_R1	(0.0, 0.0)	(1.0, 0.0)	(2.0, 0.0)	(3.0, 0.0)	(4.0, 0.0)	(5.0, 0.0)	(6.0, 0.0)	(7.0, 0.0)	(8.0, 0.0)	(9.0, 0.0)	(10.0, 0.0)	(11.0, 0.0)	(12.0, 0.0)	(13.0, 0.0)	(14.0, 0.0)	(15.0, 0.0)	(16.0, 0.0)	(17.0, 0.0)	(18.0, 0.0)	(19.0, 0.0)	(20.0, 0.0)	(21.0, 0.0)	(22.0, 0.0)	(23.0, 0.0)	(24.0, 0.0)	(25.0, 0.0)	(26.0, 9.77459013188659e-06)	(27.0, 9.77459013188659e-06)	(28.0, 0.0)	(29.0, 0.0)	(30.0, 9.77459013188659e-06)	(31.0, 9.77459013188659e-06)	(32.0, 0.0)	(33.0, 0.0)	(34.0, 0.0)	(35.0, 9.77459013188659e-06)	(36.0, 9.77459013188659e-05)	(37.0, 0.00028346311382471107)	(38.0, 0.0004887295065943294)	(39.0, 0.000977459013188659)	(40.0, 0.0017594262237395862)	(41.0, 0.00298124999022541)	(42.0, 0.004682028673173677)	(43.0, 0.007008381124562686)	(44.0, 0.010742274554943362)	(45.0, 0.0162551433893274)	(46.0, 0.02522821713039929)	(47.0, 0.03884422118411731)	(48.0, 0.060612233407828744)	(49.0, 0.09275108576147185)	(50.0, 0.13886760200371276)	(51.0, 0.20815967144865682)	(52.0, 0.31273801126971146)	(53.0, 0.45362895343072474)	(54.0, 0.6414770265853212)	(55.0, 0.8995946281980505)	(56.0, 1.236270610700752)	(57.0, 1.661172043733862)	(58.0, 2.1403126774088106)	(59.0, 2.6404784544574476)	(60.0, 3.1817170592402717)	(61.0, 3.756805069649819)	(62.0, 4.337757834138499)	(63.0, 4.835782975948252)	(64.0, 5.229161355806029)	(65.0, 5.50584090407921)	(66.0, 5.717881087810226)	(67.0, 5.918817337151419)	(68.0, 6.060480471932851)	(69.0, 6.117065574206342)	(70.0, 5.9564592837493135)	(71.0, 5.610839551275936)	(72.0, 5.169037851904794)	(73.0, 4.6231660913994554)	(74.0, 4.03052291711304)	(75.0, 3.4123289642218726)	(76.0, 2.7995208104933744)	(77.0, 2.210093476360349)	(78.0, 1.6471064085340774)	(79.0, 1.1841622707076647)	(80.0, 0.8221016776324536)	(81.0, 0.5378272728267958)	(82.0, 0.3335676628407618)	(83.0, 0.19216844199289035)	(84.0, 0.10527233572041857)	(85.0, 0.05405348342933284)	(86.0, 0.02480790975472816)	(87.0, 0.011211454881273918)	(88.0, 0.005376024572537624)	(89.0, 0.0025511680244224002)	(90.0, 0.0011729508158263907)	(91.0, 0.0006548975388364015)	(92.0, 0.0006255737684407417)	(93.0, 0.0008308401612103602)	(94.0, 0.0010361065539799784)	(95.0, 0.0012218237664858237)	(96.0, 0.0011827254059582773)	(97.0, 0.0010556557342437517)	(98.0, 0.0014173155691235555)	(99.0, 0.0013195696678046896)	(100.0, 0.0005376024572537624)
IDDLNTM107_R2	(0.0, 0.0)	(1.0, 0.0)	(2.0, 0.0)	(3.0, 0.0)	(4.0, 0.0)	(5.0, 9.78271704987689e-06)	(6.0, 9.78271704987689e-06)	(7.0, 0.0)	(8.0, 0.0)	(9.0, 0.0)	(10.0, 0.0)	(11.0, 0.0)	(12.0, 0.0)	(13.0, 0.0)	(14.0, 0.0)	(15.0, 0.0)	(16.0, 0.0)	(17.0, 0.0)	(18.0, 0.0)	(19.0, 0.0)	(20.0, 0.0)	(21.0, 0.0)	(22.0, 0.0)	(23.0, 0.0)	(24.0, 0.0)	(25.0, 0.0)	(26.0, 9.78271704987689e-06)	(27.0, 9.78271704987689e-06)	(28.0, 0.0)	(29.0, 0.0)	(30.0, 9.78271704987689e-06)	(31.0, 1.956543409975378e-05)	(32.0, 2.934815114963067e-05)	(33.0, 2.934815114963067e-05)	(34.0, 5.869630229926134e-05)	(35.0, 0.00012717532164839955)	(36.0, 0.0003815259649451987)	(37.0, 0.0007239210616908898)	(38.0, 0.001154360611885473)	(39.0, 0.0019369779758756241)	(40.0, 0.002905466963813436)	(41.0, 0.0043728745212949695)	(42.0, 0.006437027818818992)	(43.0, 0.009772934332827013)	(44.0, 0.014488203950867673)	(45.0, 0.020837187316237776)	(46.0, 0.030610121649064785)	(47.0, 0.04428636008479268)	(48.0, 0.0633235274638531)	(49.0, 0.09069556976940864)	(50.0, 0.1313916726968965)	(51.0, 0.19292496294062214)	(52.0, 0.27999114468452646)	(53.0, 0.40361534004382066)	(54.0, 0.5880097737169502)	(55.0, 0.8468995977248922)	(56.0, 1.1878468523472014)	(57.0, 1.6314245915397694)	(58.0, 2.144870495902558)	(59.0, 2.6746926686068404)	(60.0, 3.225009633530615)	(61.0, 3.778926638328744)	(62.0, 4.3516949388819866)	(63.0, 4.850104807139114)	(64.0, 5.235543858904263)	(65.0, 5.52584598735936)	(66.0, 5.732564581340308)	(67.0, 5.930468947259318)	(68.0, 6.07815862656131)	(69.0, 6.107418733257491)	(70.0, 5.93747337266703)	(71.0, 5.608813210659366)	(72.0, 5.176172549128561)	(73.0, 4.62240228508618)	(74.0, 4.0217141100725895)	(75.0, 3.403710525880716)	(76.0, 2.791791791693867)	(77.0, 2.203596146352969)	(78.0, 1.6488769587567498)	(79.0, 1.1856750891621288)	(80.0, 0.815526424145937)	(81.0, 0.5344983114541236)	(82.0, 0.33226020188201866)	(83.0, 0.19343366422721575)	(84.0, 0.10636748248331143)	(85.0, 0.05551691925805135)	(86.0, 0.026530728639266126)	(87.0, 0.012981665525186632)	(88.0, 0.0064761586870185)	(89.0, 0.003267427494658881)	(90.0, 0.0022402422044218075)	(91.0, 0.0018195853712771014)	(92.0, 0.0015652347279803023)	(93.0, 0.0014282766892820258)	(94.0, 0.0015554520109304255)	(95.0, 0.0016532791814291943)	(96.0, 0.0019076298247259935)	(97.0, 0.002983728700212451)	(98.0, 0.00484244493968906)	(99.0, 0.011465344382455715)	(100.0, 0.09181079951309461)
IDDLNTM108.A_R1	(0.0, 0.0)	(1.0, 0.0)	(2.0, 0.0)	(3.0, 0.0)	(4.0, 0.0)	(5.0, 0.0)	(6.0, 0.0)	(7.0, 0.0)	(8.0, 0.0)	(9.0, 0.0)	(10.0, 0.0)	(11.0, 0.0)	(12.0, 0.0)	(13.0, 0.0)	(14.0, 0.0)	(15.0, 0.0)	(16.0, 0.0)	(17.0, 0.0)	(18.0, 0.0)	(19.0, 0.0)	(20.0, 0.0)	(21.0, 0.0)	(22.0, 0.0)	(23.0, 0.0)	(24.0, 0.0)	(25.0, 0.0)	(26.0, 0.0)	(27.0, 0.0)	(28.0, 0.0)	(29.0, 0.0)	(30.0, 0.0)	(31.0, 9.85744265013797e-05)	(32.0, 0.0002661509515537252)	(33.0, 0.00042387003395593265)	(34.0, 0.0005815891163581402)	(35.0, 0.0005618742310578642)	(36.0, 0.0006703061002093819)	(37.0, 0.0014589015122204196)	(38.0, 0.0022869266948320087)	(39.0, 0.003282528402495944)	(40.0, 0.006160901656336231)	(41.0, 0.012134511902319841)	(42.0, 0.019488164119322766)	(43.0, 0.027275543812931763)	(44.0, 0.04221942687054092)	(45.0, 0.06159915912071218)	(46.0, 0.08518801938249233)	(47.0, 0.1205368087258871)	(48.0, 0.1744570200221418)	(49.0, 0.25244910627003336)	(50.0, 0.3679191894737496)	(51.0, 0.5428592241857482)	(52.0, 0.7923806699886906)	(53.0, 1.1333693261422633)	(54.0, 1.585096493027486)	(55.0, 2.1395086399991956)	(56.0, 2.785614718502489)	(57.0, 3.514385311069839)	(58.0, 4.289002869402981)	(59.0, 5.05409813813609)	(60.0, 5.7802072211879025)	(61.0, 6.4176978948149745)	(62.0, 6.890618563397995)	(63.0, 7.137803795292855)	(64.0, 7.168647733345137)	(65.0, 7.019159615555794)	(66.0, 6.654246946090336)	(67.0, 6.078454006010477)	(68.0, 5.364824445353738)	(69.0, 4.579215838465693)	(70.0, 3.7669921364222745)	(71.0, 2.9837788880982123)	(72.0, 2.279050598154549)	(73.0, 1.6623098413060164)	(74.0, 1.149289096022236)	(75.0, 0.7688213820548608)	(76.0, 0.5047996381135654)	(77.0, 0.3238564208276329)	(78.0, 0.19469434978287506)	(79.0, 0.10941761341653146)	(80.0, 0.06181602285901521)	(81.0, 0.0340870366841771)	(82.0, 0.019113581298617524)	(83.0, 0.01106990809610494)	(84.0, 0.006239761197537335)	(85.0, 0.0035289644687493934)	(86.0, 0.0018433417755758003)	(87.0, 0.0006998784281597958)	(88.0, 0.0003548679354049669)	(89.0, 0.0002957232795041391)	(90.0, 0.00027600839420386313)	(91.0, 0.0002957232795041391)	(92.0, 0.0005421593457575883)	(93.0, 0.0008871698385124173)	(94.0, 0.0013800419710193158)	(95.0, 0.0017053375784738688)	(96.0, 0.0015870482666722131)	(97.0, 0.0014490440695702816)	(98.0, 0.0015771908240220752)	(99.0, 0.001350469643068902)	(100.0, 0.000640733772258968)
IDDLNTM108.A_R2	(0.0, 0.0)	(1.0, 0.0)	(2.0, 0.0)	(3.0, 0.0)	(4.0, 0.0)	(5.0, 0.0)	(6.0, 0.0)	(7.0, 0.0)	(8.0, 0.0)	(9.0, 0.0)	(10.0, 0.0)	(11.0, 0.0)	(12.0, 0.0)	(13.0, 0.0)	(14.0, 0.0)	(15.0, 0.0)	(16.0, 0.0)	(17.0, 0.0)	(18.0, 0.0)	(19.0, 0.0)	(20.0, 0.0)	(21.0, 0.0)	(22.0, 0.0)	(23.0, 9.863562274833368e-06)	(24.0, 9.863562274833368e-06)	(25.0, 0.0)	(26.0, 0.0)	(27.0, 0.0)	(28.0, 1.9727124549666736e-05)	(29.0, 2.9590686824500102e-05)	(30.0, 3.945424909933347e-05)	(31.0, 0.00013808987184766713)	(32.0, 0.0002663161814205009)	(33.0, 0.0003846789287185013)	(34.0, 0.0005918137364900021)	(35.0, 0.0007101764837880025)	(36.0, 0.0010849918502316704)	(37.0, 0.002229165074112341)	(38.0, 0.0035804731057645124)	(39.0, 0.005247415130211351)	(40.0, 0.009330929911992365)	(41.0, 0.015692927579259885)	(42.0, 0.023692276584149748)	(43.0, 0.03498605538883395)	(44.0, 0.051556840010554016)	(45.0, 0.07467702998276343)	(46.0, 0.10185114404992934)	(47.0, 0.14048671748045166)	(48.0, 0.2016999849580675)	(49.0, 0.2904819089938427)	(50.0, 0.4292030488270992)	(51.0, 0.6462408731225325)	(52.0, 0.9580872580036642)	(53.0, 1.3763812069547976)	(54.0, 1.9068337225330614)	(55.0, 2.503520058786831)	(56.0, 3.140459592684196)	(57.0, 3.8025117561332866)	(58.0, 4.418392584573882)	(59.0, 4.991080873812982)	(60.0, 5.56447933953587)	(61.0, 6.083549304248976)	(62.0, 6.511006502553429)	(63.0, 6.772479674896988)	(64.0, 6.867534824539556)	(65.0, 6.795501229246447)	(66.0, 6.5007681249121525)	(67.0, 5.992834122007333)	(68.0, 5.311587466371417)	(69.0, 4.55228057889247)	(70.0, 3.7483114814330767)	(71.0, 2.965479997928652)	(72.0, 2.2629477749036453)	(73.0, 1.6553917930230093)	(74.0, 1.1515708955867958)	(75.0, 0.7674344627934102)	(76.0, 0.4970840844025024)	(77.0, 0.31477586287675724)	(78.0, 0.19302005015621415)	(79.0, 0.1119415682570839)	(80.0, 0.06500087539115189)	(81.0, 0.03659381603963179)	(82.0, 0.020743071463974572)	(83.0, 0.012142045160319876)	(84.0, 0.007052447026505857)	(85.0, 0.004566829333247849)	(86.0, 0.00284070593515201)	(87.0, 0.001578169963973339)	(88.0, 0.0013315809071025046)	(89.0, 0.0011737639107051708)	(90.0, 0.0012132181598045043)	(91.0, 0.0011934910352548373)	(92.0, 0.0010060833520330035)	(93.0, 0.001104718974781337)	(94.0, 0.0014006258430263384)	(95.0, 0.0014499436544005051)	(96.0, 0.001824759020844173)	(97.0, 0.00295906868245001)	(98.0, 0.004290649589552515)	(99.0, 0.009646563904787034)	(100.0, 0.06940002416572758)
IDDLNTM108.B_R1	(0.0, 0.0)	(1.0, 0.0)	(2.0, 0.0)	(3.0, 0.0)	(4.0, 0.0)	(5.0, 0.0)	(6.0, 0.0)	(7.0, 0.0)	(8.0, 0.0)	(9.0, 0.0)	(10.0, 0.0)	(11.0, 0.0)	(12.0, 0.0)	(13.0, 0.0)	(14.0, 0.0)	(15.0, 0.0)	(16.0, 0.0)	(17.0, 0.0)	(18.0, 0.0)	(19.0, 0.0)	(20.0, 0.0)	(21.0, 0.0)	(22.0, 0.0)	(23.0, 0.0)	(24.0, 0.0)	(25.0, 0.0)	(26.0, 0.0)	(27.0, 0.0)	(28.0, 0.0)	(29.0, 0.0)	(30.0, 0.0)	(31.0, 6.172620035238254e-05)	(32.0, 0.00038270244218477166)	(33.0, 0.0006913334439466843)	(34.0, 0.0007654048843695433)	(35.0, 0.0010863811262019326)	(36.0, 0.0017653693300781403)	(37.0, 0.002851750456280073)	(38.0, 0.004110964943468677)	(39.0, 0.0059380604738992)	(40.0, 0.008481179928417359)	(41.0, 0.013863704599145118)	(42.0, 0.02064124139783672)	(43.0, 0.029764373809918858)	(44.0, 0.045294685818578304)	(45.0, 0.06619517725789503)	(46.0, 0.09373740785512812)	(47.0, 0.12798310381062994)	(48.0, 0.17733937361239502)	(49.0, 0.2533243262461779)	(50.0, 0.370715214076339)	(51.0, 0.5405610269659548)	(52.0, 0.785552316164561)	(53.0, 1.1367126699692653)	(54.0, 1.6048688639218753)	(55.0, 2.1950083750108638)	(56.0, 2.902353595328956)	(57.0, 3.6990783537572987)	(58.0, 4.5244193786690055)	(59.0, 5.34247671193913)	(60.0, 6.087734164513657)	(61.0, 6.661701411110322)	(62.0, 7.054687438273799)	(63.0, 7.2130274874177305)	(64.0, 7.140758452045162)	(65.0, 6.9012237589577055)	(66.0, 6.470461297178569)	(67.0, 5.858890449327234)	(68.0, 5.130706463770177)	(69.0, 4.354005684736148)	(70.0, 3.564712760830232)	(71.0, 2.819121986773804)	(72.0, 2.1581578334004914)	(73.0, 1.570635513206444)	(74.0, 1.0847145187924183)	(75.0, 0.7255791399021861)	(76.0, 0.47503249267186554)	(77.0, 0.30954454952712795)	(78.0, 0.19389434054690402)	(79.0, 0.11210712507999715)	(80.0, 0.0638989626047864)	(81.0, 0.03710979165185238)	(82.0, 0.02127084864143102)	(83.0, 0.011765013787164111)	(84.0, 0.005962750954040153)	(85.0, 0.002901131416561979)	(86.0, 0.0012098335269066975)	(87.0, 0.0007407144042285904)	(88.0, 0.0005308453230304898)	(89.0, 0.00035801196204381867)	(90.0, 0.00027159528155048314)	(91.0, 0.00024690480140953015)	(92.0, 0.0004691191226781072)	(93.0, 0.0009382382453562144)	(94.0, 0.0013456311676819392)	(95.0, 0.0017159883697962343)	(96.0, 0.0018517860105714758)	(97.0, 0.0016542621694438518)	(98.0, 0.0014073573680343217)	(99.0, 0.0010863811262019326)	(100.0, 0.0005431905631009663)
IDDLNTM108.B_R2	(0.0, 0.0)	(1.0, 0.0)	(2.0, 0.0)	(3.0, 0.0)	(4.0, 0.0)	(5.0, 0.0)	(6.0, 0.0)	(7.0, 0.0)	(8.0, 0.0)	(9.0, 0.0)	(10.0, 0.0)	(11.0, 0.0)	(12.0, 0.0)	(13.0, 0.0)	(14.0, 0.0)	(15.0, 0.0)	(16.0, 0.0)	(17.0, 0.0)	(18.0, 0.0)	(19.0, 0.0)	(20.0, 0.0)	(21.0, 0.0)	(22.0, 0.0)	(23.0, 0.0)	(24.0, 0.0)	(25.0, 0.0)	(26.0, 1.2352578155997252e-05)	(27.0, 2.4705156311994505e-05)	(28.0, 1.2352578155997252e-05)	(29.0, 1.2352578155997252e-05)	(30.0, 4.941031262398901e-05)	(31.0, 0.00018528867233995878)	(32.0, 0.00035822476652392027)	(33.0, 0.0005064557043958873)	(34.0, 0.0009140907835437966)	(35.0, 0.0016552454729036317)	(36.0, 0.0022234640680795052)	(37.0, 0.0031128496953113072)	(38.0, 0.005237493138142834)	(39.0, 0.00754742525331432)	(40.0, 0.010833211042809588)	(41.0, 0.017911238326196014)	(42.0, 0.026471574988302108)	(43.0, 0.036440105560191886)	(44.0, 0.053832535603836024)	(45.0, 0.07630187526959502)	(46.0, 0.10414458643321282)	(47.0, 0.13983118472588887)	(48.0, 0.18363342686705514)	(49.0, 0.2510908561769561)	(50.0, 0.3558654240961248)	(51.0, 0.5133360904287777)	(52.0, 0.7584235936219192)	(53.0, 1.1180936117900913)	(54.0, 1.6070457129389304)	(55.0, 2.2364219225651465)	(56.0, 2.997303679240109)	(57.0, 3.841515928155429)	(58.0, 4.69726548506845)	(59.0, 5.4809995113320085)	(60.0, 6.131300988354484)	(61.0, 6.629591638589257)	(62.0, 6.956366741128008)	(63.0, 7.057818465523214)	(64.0, 6.967212304748974)	(65.0, 6.751363354051078)	(66.0, 6.362047148308513)	(67.0, 5.790666293124704)	(68.0, 5.104739980700332)	(69.0, 4.355976103196403)	(70.0, 3.5789248217152396)	(71.0, 2.8382024725908646)	(72.0, 2.1706197387281487)	(73.0, 1.589986802505498)	(74.0, 1.108965056532809)	(75.0, 0.7339901940293566)	(76.0, 0.4766365807273099)	(77.0, 0.30802388889794746)	(78.0, 0.19085968508831352)	(79.0, 0.11305079528368685)	(80.0, 0.06677803751132114)	(81.0, 0.037774184001039594)	(82.0, 0.02143172310065523)	(83.0, 0.012636687453585187)	(84.0, 0.007386841737286356)	(85.0, 0.004261639463819051)	(86.0, 0.002482868209355447)	(87.0, 0.0019270021923355712)	(88.0, 0.0016923032073716236)	(89.0, 0.001519367113187662)	(90.0, 0.0014576042224076755)	(91.0, 0.0013834887534716921)	(92.0, 0.001185847502975736)	(93.0, 0.001284668128223714)	(94.0, 0.001519367113187662)	(95.0, 0.001432899066095681)	(96.0, 0.0017911238326196012)	(97.0, 0.0029646187574393404)	(98.0, 0.004854563215306919)	(99.0, 0.011389077059829465)	(100.0, 0.06788976954536088)
IDDLNTM109_R1	(0.0, 0.0)	(1.0, 0.0)	(2.0, 0.0)	(3.0, 0.0)	(4.0, 0.0)	(5.0, 0.0)	(6.0, 0.0)	(7.0, 0.0)	(8.0, 0.0)	(9.0, 0.0)	(10.0, 0.0)	(11.0, 0.0)	(12.0, 0.0)	(13.0, 0.0)	(14.0, 0.0)	(15.0, 0.0)	(16.0, 0.0)	(17.0, 0.0)	(18.0, 0.0)	(19.0, 1.2634125455096992e-05)	(20.0, 1.2634125455096992e-05)	(21.0, 0.0)	(22.0, 0.0)	(23.0, 0.0)	(24.0, 0.0)	(25.0, 0.0)	(26.0, 0.0)	(27.0, 0.0)	(28.0, 0.0)	(29.0, 0.0)	(30.0, 0.0)	(31.0, 0.0)	(32.0, 0.0)	(33.0, 0.0)	(34.0, 1.2634125455096992e-05)	(35.0, 5.053650182038797e-05)	(36.0, 0.0003537555127427158)	(37.0, 0.0007580475273058194)	(38.0, 0.0008717546564016923)	(39.0, 0.001339217298240281)	(40.0, 0.0020593624491808096)	(41.0, 0.002943751231037599)	(42.0, 0.004624089916565499)	(43.0, 0.008149010918537558)	(44.0, 0.012798369086013252)	(45.0, 0.017611970884405206)	(46.0, 0.025950493684769222)	(47.0, 0.03770023035800942)	(48.0, 0.055160591736953465)	(49.0, 0.07970869749620692)	(50.0, 0.1146546885050052)	(51.0, 0.16766747891459216)	(52.0, 0.25005461100727966)	(53.0, 0.36775412374696326)	(54.0, 0.5266914219720834)	(55.0, 0.7436951607888294)	(56.0, 1.0410898398763575)	(57.0, 1.4418695675629443)	(58.0, 1.9612458308965262)	(59.0, 2.549591785089483)	(60.0, 3.1900787750356248)	(61.0, 3.9002808692429927)	(62.0, 4.647450414531973)	(63.0, 5.323540370010579)	(64.0, 5.867363666099774)	(65.0, 6.2628117928443094)	(66.0, 6.482165478995704)	(67.0, 6.5702885040450045)	(68.0, 6.535772073301679)	(69.0, 6.379071015282111)	(70.0, 6.051455508105992)	(71.0, 5.584447694783787)	(72.0, 5.043530247549264)	(73.0, 4.420478350731156)	(74.0, 3.7644261182243346)	(75.0, 3.0879824072329862)	(76.0, 2.4301866654133613)	(77.0, 1.8266418582979231)	(78.0, 1.2841704136324235)	(79.0, 0.8521843960717472)	(80.0, 0.5283464924067011)	(81.0, 0.2953226825128922)	(82.0, 0.14562092999544793)	(83.0, 0.06199565360816094)	(84.0, 0.024131179619235256)	(85.0, 0.008755448940382216)	(86.0, 0.0034996527510618666)	(87.0, 0.0017435093128033846)	(88.0, 0.0011118030400485352)	(89.0, 0.0008970229073118865)	(90.0, 0.0005811697709344616)	(91.0, 0.0004169261400182007)	(92.0, 0.0005432673945691706)	(93.0, 0.0008591205309465954)	(94.0, 0.0010486324127730502)	(95.0, 0.0011118030400485352)	(96.0, 0.0012002419182342143)	(97.0, 0.0011623395418689233)	(98.0, 0.0012381442945995052)	(99.0, 0.0010739006636832442)	(100.0, 0.0005811697709344616)
IDDLNTM109_R2	(0.0, 0.0)	(1.0, 0.0)	(2.0, 0.0)	(3.0, 0.0)	(4.0, 0.0)	(5.0, 0.0)	(6.0, 0.0)	(7.0, 0.0)	(8.0, 0.0)	(9.0, 0.0)	(10.0, 0.0)	(11.0, 0.0)	(12.0, 1.2641501061949296e-05)	(13.0, 1.2641501061949296e-05)	(14.0, 0.0)	(15.0, 0.0)	(16.0, 0.0)	(17.0, 0.0)	(18.0, 0.0)	(19.0, 0.0)	(20.0, 0.0)	(21.0, 0.0)	(22.0, 0.0)	(23.0, 0.0)	(24.0, 0.0)	(25.0, 0.0)	(26.0, 1.2641501061949296e-05)	(27.0, 1.2641501061949296e-05)	(28.0, 0.0)	(29.0, 0.0)	(30.0, 0.0)	(31.0, 1.2641501061949296e-05)	(32.0, 2.5283002123898593e-05)	(33.0, 7.584900637169577e-05)	(34.0, 0.00012641501061949297)	(35.0, 0.00017698101486729014)	(36.0, 0.0004930185414160226)	(37.0, 0.001112452093451538)	(38.0, 0.0017192441444251045)	(39.0, 0.002755847231504947)	(40.0, 0.0037166013122130934)	(41.0, 0.004866977908850479)	(42.0, 0.008292824696638739)	(43.0, 0.013083953599117522)	(44.0, 0.017849799499472407)	(45.0, 0.02485319108779232)	(46.0, 0.037646390162485006)	(47.0, 0.05424468105682443)	(48.0, 0.07746711850762529)	(49.0, 0.1105246437846227)	(50.0, 0.16071140300056141)	(51.0, 0.2420468208331432)	(52.0, 0.3597012712167053)	(53.0, 0.533294363799393)	(54.0, 0.7842787258833344)	(55.0, 1.109734170723219)	(56.0, 1.5119993760155075)	(57.0, 1.9960803761807322)	(58.0, 2.530664173088444)	(59.0, 3.0483462830763295)	(60.0, 3.549594441683681)	(61.0, 4.036191100560234)	(62.0, 4.525189644638556)	(63.0, 4.984063491686254)	(64.0, 5.361829467920484)	(65.0, 5.662090401143905)	(66.0, 5.892115154467134)	(67.0, 6.068122773752654)	(68.0, 6.145425552746474)	(69.0, 6.092343889787348)	(70.0, 5.85357121772925)	(71.0, 5.463770532484044)	(72.0, 4.979120664771031)	(73.0, 4.384022002279768)	(74.0, 3.737687335984425)	(75.0, 3.067890043718103)	(76.0, 2.4140716087940857)	(77.0, 1.8224872835980443)	(78.0, 1.2897744288475008)	(79.0, 0.8501915124203381)	(80.0, 0.525570406650542)	(81.0, 0.300425272737225)	(82.0, 0.15145782422321452)	(83.0, 0.0673412761570039)	(84.0, 0.027217151786376834)	(85.0, 0.010555653386727664)	(86.0, 0.0050692419258416685)	(87.0, 0.002806413235752744)	(88.0, 0.0019467911635401918)	(89.0, 0.001656036639115358)	(90.0, 0.0015928291338056114)	(91.0, 0.0014537726221241691)	(92.0, 0.0013779236157524734)	(93.0, 0.0013905651168144226)	(94.0, 0.0013147161104427269)	(95.0, 0.0014284896200002705)	(96.0, 0.001656036639115358)	(97.0, 0.0023639606985845184)	(98.0, 0.0038556578238945352)	(99.0, 0.008899616747612304)	(100.0, 0.06511637197010083)
IDDLNTM111_R1	(0.0, 0.0)	(1.0, 0.0)	(2.0, 0.0)	(3.0, 0.0)	(4.0, 0.0)	(5.0, 0.0)	(6.0, 0.0)	(7.0, 0.0)	(8.0, 0.0)	(9.0, 0.0)	(10.0, 0.0)	(11.0, 0.0)	(12.0, 0.0)	(13.0, 0.0)	(14.0, 0.0)	(15.0, 0.0)	(16.0, 0.0)	(17.0, 0.0)	(18.0, 0.0)	(19.0, 0.0)	(20.0, 0.0)	(21.0, 0.0)	(22.0, 0.0)	(23.0, 0.0)	(24.0, 9.660566341041178e-06)	(25.0, 9.660566341041178e-06)	(26.0, 9.660566341041178e-06)	(27.0, 9.660566341041178e-06)	(28.0, 2.898169902312353e-05)	(29.0, 4.8302831705205885e-05)	(30.0, 7.728453072832942e-05)	(31.0, 8.69450970693706e-05)	(32.0, 5.796339804624706e-05)	(33.0, 0.0002608352912081118)	(34.0, 0.0004637071843699765)	(35.0, 0.0007535241746012118)	(36.0, 0.0009950383331272412)	(37.0, 0.0013428187214047235)	(38.0, 0.0023281964881909237)	(39.0, 0.0036903363422777294)	(40.0, 0.006443597749474466)	(41.0, 0.009950383331272412)	(42.0, 0.014481188945220724)	(43.0, 0.02248013787560282)	(44.0, 0.032324254977123774)	(45.0, 0.04326967664152343)	(46.0, 0.05678480895264004)	(47.0, 0.07305320267095337)	(48.0, 0.09975500803759119)	(49.0, 0.14129544330406826)	(50.0, 0.19828312414987018)	(51.0, 0.27595407753184126)	(52.0, 0.39309810498330655)	(53.0, 0.5640611475207122)	(54.0, 0.8024452825522443)	(55.0, 1.1360342988747374)	(56.0, 1.5698903332508964)	(57.0, 2.092913394954866)	(58.0, 2.7075476072709286)	(59.0, 3.4057263973043157)	(60.0, 4.158883470384568)	(61.0, 4.907007388401138)	(62.0, 5.600249629034253)	(63.0, 6.179593792506491)	(64.0, 6.577019831210585)	(65.0, 6.816592215902065)	(66.0, 6.8860323667614685)	(67.0, 6.7287486861629775)	(68.0, 6.415707694447879)	(69.0, 5.946204170273278)	(70.0, 5.3196294979596885)	(71.0, 4.630096914801533)	(72.0, 3.894241916038086)	(73.0, 3.157208328181031)	(74.0, 2.4835673766538893)	(75.0, 1.9094205978731298)	(76.0, 1.4356954062074936)	(77.0, 1.0498330654136268)	(78.0, 0.757301456040559)	(79.0, 0.5390499412637566)	(80.0, 0.3697195344379869)	(81.0, 0.24543634846049214)	(82.0, 0.15564138432051441)	(83.0, 0.08948582601706442)	(84.0, 0.045356358971188324)	(85.0, 0.020808859898602695)	(86.0, 0.00901330839619142)	(87.0, 0.0035164461481389884)	(88.0, 0.0012848553233584766)	(89.0, 0.0007438636082601706)	(90.0, 0.0005892945468035118)	(91.0, 0.0005699734141214294)	(92.0, 0.0005409917150983059)	(93.0, 0.0006955607765549648)	(94.0, 0.0010626622975145293)	(95.0, 0.0013814609867688883)	(96.0, 0.0013718004204278473)	(97.0, 0.0012848553233584766)	(98.0, 0.0013428187214047235)	(99.0, 0.0012945158896995176)	(100.0, 0.0008114875726474589)
IDDLNTM111_R2	(0.0, 0.0)	(1.0, 0.0)	(2.0, 9.669437701891816e-06)	(3.0, 9.669437701891816e-06)	(4.0, 0.0)	(5.0, 0.0)	(6.0, 9.669437701891816e-06)	(7.0, 9.669437701891816e-06)	(8.0, 0.0)	(9.0, 9.669437701891816e-06)	(10.0, 9.669437701891816e-06)	(11.0, 0.0)	(12.0, 0.0)	(13.0, 0.0)	(14.0, 0.0)	(15.0, 0.0)	(16.0, 0.0)	(17.0, 0.0)	(18.0, 0.0)	(19.0, 0.0)	(20.0, 0.0)	(21.0, 0.0)	(22.0, 0.0)	(23.0, 0.0)	(24.0, 1.9338875403783632e-05)	(25.0, 3.8677750807567264e-05)	(26.0, 2.9008313105675448e-05)	(27.0, 2.9008313105675448e-05)	(28.0, 4.8347188509459077e-05)	(29.0, 6.768606391324272e-05)	(30.0, 7.735550161513453e-05)	(31.0, 0.00012570269012459362)	(32.0, 0.00017404987863405268)	(33.0, 0.0003867775080756726)	(34.0, 0.0006188440129210762)	(35.0, 0.0008315716423626962)	(36.0, 0.001315043527457287)	(37.0, 0.0020692596682048486)	(38.0, 0.0033359560071526766)	(39.0, 0.005105463106598879)	(40.0, 0.008644477305491284)	(41.0, 0.013189113025380438)	(42.0, 0.01895209789570796)	(43.0, 0.027248475443931136)	(44.0, 0.03868742024526915)	(45.0, 0.051789508331332564)	(46.0, 0.06760870841162758)	(47.0, 0.08806923858883066)	(48.0, 0.11735796538786097)	(49.0, 0.16432242430594954)	(50.0, 0.22680633073557444)	(51.0, 0.31652904317142855)	(52.0, 0.45399943897922457)	(53.0, 0.6627722684007707)	(54.0, 0.9673402171349592)	(55.0, 1.3799061155615773)	(56.0, 1.9075963392669193)	(57.0, 2.525734483235757)	(58.0, 3.1780540894807827)	(59.0, 3.8282464194313928)	(60.0, 4.4623681439214575)	(61.0, 5.024887682229014)	(62.0, 5.488827303165784)	(63.0, 5.861874209704769)	(64.0, 6.125221345515794)	(65.0, 6.308002726394654)	(66.0, 6.40115808921468)	(67.0, 6.32985565560093)	(68.0, 6.123799938173615)	(69.0, 5.756109900121477)	(70.0, 5.201180870409906)	(71.0, 4.56199236056405)	(72.0, 3.8640716861169015)	(73.0, 3.1566652932841985)	(74.0, 2.493835008257216)	(75.0, 1.9139491598370622)	(76.0, 1.442854155000893)	(77.0, 1.0528760630458942)	(78.0, 0.7546609348818486)	(79.0, 0.5360446178797766)	(80.0, 0.3694208674007768)	(81.0, 0.24568107312966728)	(82.0, 0.15579398025288094)	(83.0, 0.09188866648107794)	(84.0, 0.04752528630479828)	(85.0, 0.021920615270188747)	(86.0, 0.010278612277111)	(87.0, 0.00479604110013834)	(88.0, 0.0021369457321180913)	(89.0, 0.0015954572208121496)	(90.0, 0.001518101719197015)	(91.0, 0.0014310767798799888)	(92.0, 0.0012957046520535034)	(93.0, 0.0012376880258421524)	(94.0, 0.0013923990290724214)	(95.0, 0.0016631432847253923)	(96.0, 0.002011243041993498)	(97.0, 0.0027557897450391673)	(98.0, 0.0043995941543607765)	(99.0, 0.012280185881402608)	(100.0, 0.10155810418296975)
IDDLNTM112_R1	(0.0, 0.0)	(1.0, 0.0)	(2.0, 0.0)	(3.0, 0.0)	(4.0, 0.0)	(5.0, 0.0)	(6.0, 0.0)	(7.0, 0.0)	(8.0, 0.0)	(9.0, 0.0)	(10.0, 0.0)	(11.0, 0.0)	(12.0, 0.0)	(13.0, 0.0)	(14.0, 0.0)	(15.0, 0.0)	(16.0, 0.0)	(17.0, 0.0)	(18.0, 0.0)	(19.0, 0.0)	(20.0, 0.0)	(21.0, 0.0)	(22.0, 0.0)	(23.0, 0.0)	(24.0, 0.0)	(25.0, 0.0)	(26.0, 0.0)	(27.0, 0.0)	(28.0, 0.0)	(29.0, 0.0)	(30.0, 0.0)	(31.0, 0.0)	(32.0, 0.0)	(33.0, 0.0)	(34.0, 2.0181779304372412e-05)	(35.0, 6.0545337913117244e-05)	(36.0, 0.0002018177930437241)	(37.0, 0.0007669076135661517)	(38.0, 0.0010494525238273654)	(39.0, 0.0012109067582623447)	(40.0, 0.0018365419166978896)	(41.0, 0.002825449102612138)	(42.0, 0.0046922636882665856)	(43.0, 0.0076085307977484)	(44.0, 0.011110069507057013)	(45.0, 0.016155514333150118)	(46.0, 0.024823588544378064)	(47.0, 0.03625656652030504)	(48.0, 0.05277535288093386)	(49.0, 0.0760146717499187)	(50.0, 0.10890088112639354)	(51.0, 0.15704451565697394)	(52.0, 0.2292751037873228)	(53.0, 0.3282465494959651)	(54.0, 0.4625865634355201)	(55.0, 0.6498835662697483)	(56.0, 0.9016008086435332)	(57.0, 1.243217786928645)	(58.0, 1.6725952325188203)	(59.0, 2.176392989293869)	(60.0, 2.7482638876625654)	(61.0, 3.4077035264329343)	(62.0, 4.155125632080714)	(63.0, 4.878904783273422)	(64.0, 5.490654877547558)	(65.0, 5.953806530803601)	(66.0, 6.283788713319742)	(67.0, 6.5046076515785325)	(68.0, 6.612711352422404)	(69.0, 6.57913896254958)	(70.0, 6.302325677610808)	(71.0, 5.863049069271838)	(72.0, 5.354841593718785)	(73.0, 4.749923031739178)	(74.0, 4.101603553365519)	(75.0, 3.4283595775509594)	(76.0, 2.777820103453819)	(77.0, 2.164657284628376)	(78.0, 1.5873171240681945)	(79.0, 1.1243874703845003)	(80.0, 0.763890437560148)	(81.0, 0.4707299113848344)	(82.0, 0.26338231081171215)	(83.0, 0.1374480079524283)	(84.0, 0.06635769035277649)	(85.0, 0.029314034439600928)	(86.0, 0.01154397776210102)	(87.0, 0.004823445253745007)	(88.0, 0.0020282688200894275)	(89.0, 0.0010393616341751793)	(90.0, 0.0007870893928705241)	(91.0, 0.0007164531653052206)	(92.0, 0.0008072711721748964)	(93.0, 0.0009384527376533172)	(94.0, 0.0013824518823495103)	(95.0, 0.0016851785719150965)	(96.0, 0.0018365419166978896)	(97.0, 0.0015539970064366757)	(98.0, 0.0014329063306104412)	(99.0, 0.0014329063306104412)	(100.0, 0.0007265440549574069)
IDDLNTM112_R2	(0.0, 0.0)	(1.0, 0.0)	(2.0, 0.0)	(3.0, 0.0)	(4.0, 0.0)	(5.0, 0.0)	(6.0, 0.0)	(7.0, 0.0)	(8.0, 0.0)	(9.0, 1.0098909731804264e-05)	(10.0, 1.0098909731804264e-05)	(11.0, 0.0)	(12.0, 0.0)	(13.0, 0.0)	(14.0, 0.0)	(15.0, 0.0)	(16.0, 0.0)	(17.0, 0.0)	(18.0, 0.0)	(19.0, 0.0)	(20.0, 0.0)	(21.0, 1.0098909731804264e-05)	(22.0, 2.019781946360853e-05)	(23.0, 1.0098909731804264e-05)	(24.0, 0.0)	(25.0, 1.0098909731804264e-05)	(26.0, 1.0098909731804264e-05)	(27.0, 0.0)	(28.0, 2.019781946360853e-05)	(29.0, 3.029672919541279e-05)	(30.0, 3.029672919541279e-05)	(31.0, 5.0494548659021313e-05)	(32.0, 5.0494548659021313e-05)	(33.0, 4.039563892721706e-05)	(34.0, 8.079127785443412e-05)	(35.0, 0.00018178037517247676)	(36.0, 0.0004140552990039748)	(37.0, 0.0009593964245214051)	(38.0, 0.0014643419111116183)	(39.0, 0.0022116612312651335)	(40.0, 0.0035750140450587094)	(41.0, 0.005009059226974915)	(42.0, 0.007220720458240049)	(43.0, 0.010664448676785303)	(44.0, 0.015289749333951655)	(45.0, 0.022914426181463877)	(46.0, 0.03446757891464795)	(47.0, 0.048030414684461085)	(48.0, 0.06837971779404667)	(49.0, 0.09387946486685243)	(50.0, 0.13299254225813034)	(51.0, 0.19344461591271067)	(52.0, 0.2799922723142732)	(53.0, 0.402229475708032)	(54.0, 0.5718507635634165)	(55.0, 0.8144669709602821)	(56.0, 1.134824585472577)	(57.0, 1.5370641600903407)	(58.0, 2.022326871613268)	(59.0, 2.53454357321038)	(60.0, 3.066826808444587)	(61.0, 3.6430604988316064)	(62.0, 4.237997370041928)	(63.0, 4.773936410599048)	(64.0, 5.225610148353994)	(65.0, 5.57653716262446)	(66.0, 5.8560446872716065)	(67.0, 6.104811130695141)	(68.0, 6.26678754388355)	(69.0, 6.303123421098582)	(70.0, 6.127543776501432)	(71.0, 5.767628732569661)	(72.0, 5.308916054731648)	(73.0, 4.728864976466006)	(74.0, 4.086483427335668)	(75.0, 3.437062938122263)	(76.0, 2.7871980968806587)	(77.0, 2.1634389372957687)	(78.0, 1.5927495483515095)	(79.0, 1.1238975651427647)	(80.0, 0.749773355218344)	(81.0, 0.4663575525049891)	(82.0, 0.2718424521607072)	(83.0, 0.14360649638625664)	(84.0, 0.0691674327531274)	(85.0, 0.03109454306422533)	(86.0, 0.013613330318472148)	(87.0, 0.006604686964599989)	(88.0, 0.003595211864522318)	(89.0, 0.002484331794023849)	(90.0, 0.0021914634118015254)	(91.0, 0.0021308699534107)	(92.0, 0.002080375404751678)	(93.0, 0.001959188487970027)	(94.0, 0.0017774081127975504)	(95.0, 0.0017572102933339421)	(96.0, 0.0023328481480467847)	(97.0, 0.0034134314893498412)	(98.0, 0.005150443963220174)	(99.0, 0.012633736074487133)	(100.0, 0.08913297729290444)
IDDLNTM113_R1	(0.0, 0.0)	(1.0, 0.0)	(2.0, 0.0)	(3.0, 0.0)	(4.0, 0.0)	(5.0, 0.0)	(6.0, 0.0)	(7.0, 0.0)	(8.0, 0.0)	(9.0, 0.0)	(10.0, 0.0)	(11.0, 0.0)	(12.0, 0.0)	(13.0, 0.0)	(14.0, 0.0)	(15.0, 0.0)	(16.0, 0.0)	(17.0, 0.0)	(18.0, 0.0)	(19.0, 0.0)	(20.0, 0.0)	(21.0, 0.0)	(22.0, 0.0)	(23.0, 0.0)	(24.0, 0.0)	(25.0, 0.0)	(26.0, 0.0)	(27.0, 0.0)	(28.0, 2.2932003399440184e-05)	(29.0, 2.2932003399440184e-05)	(30.0, 0.0)	(31.0, 0.0)	(32.0, 0.0)	(33.0, 0.0)	(34.0, 2.2932003399440184e-05)	(35.0, 4.586400679888037e-05)	(36.0, 6.879601019832055e-05)	(37.0, 0.0006879601019832056)	(38.0, 0.0012153961801703297)	(39.0, 0.0014447162141647317)	(40.0, 0.0023849283535417793)	(41.0, 0.003393936503117147)	(42.0, 0.004792788710482999)	(43.0, 0.007842745162608543)	(44.0, 0.012314485825499379)	(45.0, 0.017955758661761665)	(46.0, 0.026601123943350614)	(47.0, 0.038869745762051114)	(48.0, 0.06021944092692992)	(49.0, 0.08957240527821336)	(50.0, 0.13605557616887862)	(51.0, 0.21010301514567098)	(52.0, 0.31226509029017696)	(53.0, 0.45799797189361935)	(54.0, 0.6517504686154895)	(55.0, 0.9115700671311467)	(56.0, 1.2457352206677892)	(57.0, 1.669426915475846)	(58.0, 2.160492836271458)	(59.0, 2.6711656199735914)	(60.0, 3.198395310130121)	(61.0, 3.7659394622628657)	(62.0, 4.345270664142923)	(63.0, 4.870459405996903)	(64.0, 5.325040509384006)	(65.0, 5.656935394584103)	(66.0, 5.900496202689557)	(67.0, 6.09209309109188)	(68.0, 6.223355878550276)	(69.0, 6.220168330077754)	(70.0, 5.994746736661257)	(71.0, 5.628729030402792)	(72.0, 5.148532879218514)	(73.0, 4.563697996522591)	(74.0, 3.934489687248751)	(75.0, 3.285605719058192)	(76.0, 2.6637127188687737)	(77.0, 2.075460967666334)	(78.0, 1.5305736348922356)	(79.0, 1.082826268518166)	(80.0, 0.7329068286461082)	(81.0, 0.4651986209610436)	(82.0, 0.2788990253439915)	(83.0, 0.156602651214777)	(84.0, 0.0818901841394009)	(85.0, 0.04056671401360969)	(86.0, 0.01745125458697398)	(87.0, 0.0074758331082175)	(88.0, 0.003348072496318267)	(89.0, 0.0016511042447596932)	(90.0, 0.0009172801359776072)	(91.0, 0.000756756112181526)	(92.0, 0.0008255521223798466)	(93.0, 0.0010090081495753682)	(94.0, 0.0014676482175641718)	(95.0, 0.001995084295751296)	(96.0, 0.0019262882855529753)	(97.0, 0.0015364442277624926)	(98.0, 0.0013759202039664111)	(99.0, 0.0010778041597736886)	(100.0, 0.0005503680815865644)
IDDLNTM113_R2	(0.0, 0.0)	(1.0, 0.0)	(2.0, 0.0)	(3.0, 0.0)	(4.0, 0.0)	(5.0, 0.0)	(6.0, 0.0)	(7.0, 0.0)	(8.0, 0.0)	(9.0, 0.0)	(10.0, 0.0)	(11.0, 0.0)	(12.0, 0.0)	(13.0, 0.0)	(14.0, 0.0)	(15.0, 0.0)	(16.0, 0.0)	(17.0, 0.0)	(18.0, 0.0)	(19.0, 0.0)	(20.0, 0.0)	(21.0, 0.0)	(22.0, 0.0)	(23.0, 0.0)	(24.0, 0.0)	(25.0, 0.0)	(26.0, 0.0)	(27.0, 0.0)	(28.0, 0.0)	(29.0, 2.2954169475683156e-05)	(30.0, 2.2954169475683156e-05)	(31.0, 0.0)	(32.0, 2.2954169475683156e-05)	(33.0, 4.590833895136631e-05)	(34.0, 6.886250842704946e-05)	(35.0, 0.00022954169475683156)	(36.0, 0.0003902208810866136)	(37.0, 0.000596808406367762)	(38.0, 0.0010099834569300588)	(39.0, 0.0018133793885789693)	(40.0, 0.00348903376030384)	(41.0, 0.004866283928844829)	(42.0, 0.0069321591816563135)	(43.0, 0.011545947246268628)	(44.0, 0.01622859781930799)	(45.0, 0.02313780283148862)	(46.0, 0.03463784173880589)	(47.0, 0.04639037651035566)	(48.0, 0.0643175828708642)	(49.0, 0.09071487776789983)	(50.0, 0.13005832424922076)	(51.0, 0.1962811031865667)	(52.0, 0.2819690178392919)	(53.0, 0.40784968324393833)	(54.0, 0.5941457227085828)	(55.0, 0.846526816093719)	(56.0, 1.1992405842570666)	(57.0, 1.6482011850319536)	(58.0, 2.1698805947058046)	(59.0, 2.7233515291034767)	(60.0, 3.275307488315754)	(61.0, 3.835389223522423)	(62.0, 4.4135129359369785)	(63.0, 4.933057607849591)	(64.0, 5.345589941666569)	(65.0, 5.6562746255199405)	(66.0, 5.889029904003368)	(67.0, 6.059946649919304)	(68.0, 6.1644340293726145)	(69.0, 6.189936111660098)	(70.0, 5.979469331737559)	(71.0, 5.582499924825095)	(72.0, 5.116668009485581)	(73.0, 4.545935539642195)	(74.0, 3.9130202246891836)	(75.0, 3.267181712321362)	(76.0, 2.649875232611815)	(77.0, 2.0690888365380795)	(78.0, 1.5377227673454903)	(79.0, 1.0909887210097449)	(80.0, 0.7301262226825298)	(81.0, 0.4652810152720976)	(82.0, 0.2847005640068982)	(83.0, 0.1622859781930799)	(84.0, 0.08745538570235283)	(85.0, 0.042901342750051814)	(86.0, 0.019465135715379316)	(87.0, 0.009663705349262608)	(88.0, 0.005807404877347839)	(89.0, 0.004131750505622968)	(90.0, 0.0027315461676062957)	(91.0, 0.0024560961338980975)	(92.0, 0.0025479128118008304)	(93.0, 0.0031217670486929088)	(94.0, 0.0030299503707901768)	(95.0, 0.0029610878623631274)	(96.0, 0.004269475522477067)	(97.0, 0.005945129894201938)	(98.0, 0.009273484468175995)	(99.0, 0.02093420256182304)	(100.0, 0.11199339287185812)
IDDLNTM116_R1	(0.0, 0.0)	(1.0, 0.0)	(2.0, 0.0)	(3.0, 0.0)	(4.0, 0.0)	(5.0, 0.0)	(6.0, 0.0)	(7.0, 0.0)	(8.0, 0.0)	(9.0, 0.0)	(10.0, 0.0)	(11.0, 0.0)	(12.0, 0.0)	(13.0, 0.0)	(14.0, 1.1725795554188067e-05)	(15.0, 1.1725795554188067e-05)	(16.0, 0.0)	(17.0, 0.0)	(18.0, 0.0)	(19.0, 0.0)	(20.0, 0.0)	(21.0, 0.0)	(22.0, 0.0)	(23.0, 0.0)	(24.0, 0.0)	(25.0, 0.0)	(26.0, 0.0)	(27.0, 0.0)	(28.0, 0.0)	(29.0, 0.0)	(30.0, 0.0)	(31.0, 0.0)	(32.0, 1.1725795554188067e-05)	(33.0, 7.03547733251284e-05)	(34.0, 0.00015243534220444488)	(35.0, 0.000175886933312821)	(36.0, 0.00018761272886700907)	(37.0, 0.0003634996621798301)	(38.0, 0.0010787731909853021)	(39.0, 0.0018409499020075265)	(40.0, 0.002274804337512485)	(41.0, 0.004057125261749071)	(42.0, 0.007551412336897115)	(43.0, 0.011327118505345672)	(44.0, 0.017213467873548084)	(45.0, 0.0248586865748787)	(46.0, 0.03561124109806916)	(47.0, 0.05167558100730681)	(48.0, 0.07294617414260396)	(49.0, 0.10472308009445364)	(50.0, 0.1546632433597406)	(51.0, 0.22994285081762803)	(52.0, 0.33368096408552983)	(53.0, 0.4878282724408861)	(54.0, 0.7016481543715055)	(55.0, 0.9895867900001477)	(56.0, 1.3742749647463957)	(57.0, 1.8476218796778596)	(58.0, 2.4126996932297367)	(59.0, 3.0497738914843286)	(60.0, 3.7337395461601184)	(61.0, 4.4354463295093955)	(62.0, 5.043053603536312)	(63.0, 5.513902924014734)	(64.0, 5.8931034264416216)	(65.0, 6.172282892791285)	(66.0, 6.328587747528612)	(67.0, 6.343901636522382)	(68.0, 6.241500263947658)	(69.0, 6.039969015757827)	(70.0, 5.6868349568479)	(71.0, 5.212104398041042)	(72.0, 4.662152860754067)	(73.0, 4.007372711212652)	(74.0, 3.32581084462547)	(75.0, 2.701588118298268)	(76.0, 2.119683788126131)	(77.0, 1.5728161350699081)	(78.0, 1.1142085451500585)	(79.0, 0.7541210894764971)	(80.0, 0.48630391901884173)	(81.0, 0.30481205543111883)	(82.0, 0.1789356401569099)	(83.0, 0.10117016404153464)	(84.0, 0.05216806442058271)	(85.0, 0.024776606005999388)	(86.0, 0.01116295736758704)	(87.0, 0.00454960867502497)	(88.0, 0.0022161753597415446)	(89.0, 0.001196031146527183)	(90.0, 0.0006449187554803436)	(91.0, 0.0005511123910468392)	(92.0, 0.0006214671643719675)	(93.0, 0.0009028862576724812)	(94.0, 0.0014422728531651322)	(95.0, 0.0015829823998153888)	(96.0, 0.001559530808707013)	(97.0, 0.001559530808707013)	(98.0, 0.001559530808707013)	(99.0, 0.0014774502398276965)	(100.0, 0.0007621767110222243)
IDDLNTM116_R2	(0.0, 0.0)	(1.0, 0.0)	(2.0, 0.0)	(3.0, 1.1735286210135086e-05)	(4.0, 1.1735286210135086e-05)	(5.0, 1.1735286210135086e-05)	(6.0, 1.1735286210135086e-05)	(7.0, 0.0)	(8.0, 0.0)	(9.0, 0.0)	(10.0, 0.0)	(11.0, 0.0)	(12.0, 0.0)	(13.0, 0.0)	(14.0, 1.1735286210135086e-05)	(15.0, 1.1735286210135086e-05)	(16.0, 0.0)	(17.0, 0.0)	(18.0, 0.0)	(19.0, 1.1735286210135086e-05)	(20.0, 1.1735286210135086e-05)	(21.0, 0.0)	(22.0, 0.0)	(23.0, 0.0)	(24.0, 1.1735286210135086e-05)	(25.0, 1.1735286210135086e-05)	(26.0, 0.0)	(27.0, 1.1735286210135086e-05)	(28.0, 1.1735286210135086e-05)	(29.0, 1.1735286210135086e-05)	(30.0, 1.1735286210135086e-05)	(31.0, 5.8676431050675424e-05)	(32.0, 8.21470034709456e-05)	(33.0, 0.00012908814831148594)	(34.0, 0.0001760292931520263)	(35.0, 0.0002464410104128368)	(36.0, 0.0005280878794560789)	(37.0, 0.0009974993278614823)	(38.0, 0.001948057510882424)	(39.0, 0.002980762697374312)	(40.0, 0.004764526201314845)	(41.0, 0.007698347753848617)	(42.0, 0.01144190405488171)	(43.0, 0.016464606552819526)	(44.0, 0.024937483196537057)	(45.0, 0.03680185755498363)	(46.0, 0.05168220046943492)	(47.0, 0.07319298009261253)	(48.0, 0.10638036949487456)	(49.0, 0.15747580565380273)	(50.0, 0.23643081127559157)	(51.0, 0.3634652845003039)	(52.0, 0.5553606846084328)	(53.0, 0.8191816538984797)	(54.0, 1.1597866008614404)	(55.0, 1.5754856442830554)	(56.0, 2.0433128290500906)	(57.0, 2.520528242785234)	(58.0, 2.982077049429847)	(59.0, 3.4163413156358957)	(60.0, 3.8107994910171668)	(61.0, 4.206208224581458)	(62.0, 4.556928988257555)	(63.0, 4.849290173610651)	(64.0, 5.180143097732989)	(65.0, 5.4780316028910585)	(66.0, 5.728110552029037)	(67.0, 5.91165042835555)	(68.0, 5.9491094619383)	(69.0, 5.858337023102906)	(70.0, 5.585022207268859)	(71.0, 5.156191378578103)	(72.0, 4.6234915316414416)	(73.0, 3.9904315170357045)	(74.0, 3.3291011979497513)	(75.0, 2.6976723881272235)	(76.0, 2.119052366250303)	(77.0, 1.587338283355292)	(78.0, 1.1184197169707142)	(79.0, 0.7535227275527739)	(80.0, 0.4952290780677006)	(81.0, 0.3108677317064784)	(82.0, 0.18291790615737558)	(83.0, 0.10384554767348539)	(84.0, 0.05539055091183761)	(85.0, 0.026803393703948537)	(86.0, 0.01232205052064184)	(87.0, 0.005844172532647273)	(88.0, 0.00403693845628647)	(89.0, 0.003356291856098635)	(90.0, 0.002734321686961475)	(91.0, 0.0024996159627587735)	(92.0, 0.0025113512489689086)	(93.0, 0.0024996159627587735)	(94.0, 0.002311851383396612)	(95.0, 0.002429204245497963)	(96.0, 0.003004233269794582)	(97.0, 0.004623702766793224)	(98.0, 0.007991729909101993)	(99.0, 0.016898812142594526)	(100.0, 0.09290826092563947)
IDDLNTM117_R1	(0.0, 0.0)	(1.0, 0.0)	(2.0, 0.0)	(3.0, 0.0)	(4.0, 0.0)	(5.0, 0.0)	(6.0, 0.0)	(7.0, 0.0)	(8.0, 0.0)	(9.0, 0.0)	(10.0, 0.0)	(11.0, 0.0)	(12.0, 0.0)	(13.0, 0.0)	(14.0, 0.0)	(15.0, 0.0)	(16.0, 0.0)	(17.0, 0.0)	(18.0, 0.0)	(19.0, 0.0)	(20.0, 0.0)	(21.0, 0.0)	(22.0, 0.0)	(23.0, 0.0)	(24.0, 0.0)	(25.0, 0.0)	(26.0, 0.0)	(27.0, 0.0)	(28.0, 0.0)	(29.0, 2.594042806634991e-05)	(30.0, 2.594042806634991e-05)	(31.0, 0.0)	(32.0, 0.0)	(33.0, 0.0)	(34.0, 0.0)	(35.0, 1.2970214033174955e-05)	(36.0, 5.188085613269982e-05)	(37.0, 0.0003372255648625488)	(38.0, 0.0007133617718246225)	(39.0, 0.0017509788944786188)	(40.0, 0.003086910939895639)	(41.0, 0.004370962129179959)	(42.0, 0.007211439002445274)	(43.0, 0.011686162843890633)	(44.0, 0.01765246129915111)	(45.0, 0.02500657265596131)	(46.0, 0.03948133151698456)	(47.0, 0.0630222699871971)	(48.0, 0.09482523479654209)	(49.0, 0.13893693272337013)	(50.0, 0.20540927964339176)	(51.0, 0.31280265183808037)	(52.0, 0.4735165739231512)	(53.0, 0.6975770213462485)	(54.0, 0.9996533061788931)	(55.0, 1.4031955753930656)	(56.0, 1.9072829437924104)	(57.0, 2.5041981340271877)	(58.0, 3.1547451592891442)	(59.0, 3.849326061193729)	(60.0, 4.549393363634347)	(61.0, 5.140173642631433)	(62.0, 5.624014506924992)	(63.0, 5.968205076723356)	(64.0, 6.116389772052379)	(65.0, 6.072550448620248)	(66.0, 5.901849461729633)	(67.0, 5.672276673342436)	(68.0, 5.3945065696079615)	(69.0, 5.105115154099762)	(70.0, 4.761300720508359)	(71.0, 4.37259637614814)	(72.0, 3.953100743673162)	(73.0, 3.460984882826438)	(74.0, 2.9733696862492254)	(75.0, 2.494029486225179)	(76.0, 2.0041963830482934)	(77.0, 1.5418341931936725)	(78.0, 1.1234669693395813)	(79.0, 0.7730377265912605)	(80.0, 0.4980302784458519)	(81.0, 0.2955392969599245)	(82.0, 0.15708226215578186)	(83.0, 0.07310012629097404)	(84.0, 0.029753670992103347)	(85.0, 0.01141378834919396)	(86.0, 0.00426720041691456)	(87.0, 0.0020363236032084676)	(88.0, 0.0015693958980141697)	(89.0, 0.001141378834919396)	(90.0, 0.0006874213437582725)	(91.0, 0.0006744511297250976)	(92.0, 0.0005058383472938232)	(93.0, 0.0003761362069620737)	(94.0, 0.0003891064209952486)	(95.0, 0.0005058383472938232)	(96.0, 0.0007003915577914475)	(97.0, 0.0009079149823222468)	(98.0, 0.0010765277647535212)	(99.0, 0.0011673192629857458)	(100.0, 0.0007782128419904972)
IDDLNTM117_R2	(0.0, 0.0)	(1.0, 0.0)	(2.0, 1.2976926376057052e-05)	(3.0, 1.2976926376057052e-05)	(4.0, 0.0)	(5.0, 0.0)	(6.0, 0.0)	(7.0, 0.0)	(8.0, 0.0)	(9.0, 0.0)	(10.0, 0.0)	(11.0, 0.0)	(12.0, 0.0)	(13.0, 0.0)	(14.0, 0.0)	(15.0, 0.0)	(16.0, 0.0)	(17.0, 0.0)	(18.0, 0.0)	(19.0, 1.2976926376057052e-05)	(20.0, 1.2976926376057052e-05)	(21.0, 0.0)	(22.0, 0.0)	(23.0, 0.0)	(24.0, 0.0)	(25.0, 0.0)	(26.0, 0.0)	(27.0, 1.2976926376057052e-05)	(28.0, 2.5953852752114104e-05)	(29.0, 5.190770550422821e-05)	(30.0, 3.8930779128171155e-05)	(31.0, 1.2976926376057052e-05)	(32.0, 2.5953852752114104e-05)	(33.0, 2.5953852752114104e-05)	(34.0, 0.00010381541100845642)	(35.0, 0.00011679233738451346)	(36.0, 0.000246561601145084)	(37.0, 0.0006099155396746814)	(38.0, 0.0013755541958620475)	(39.0, 0.0026862237598438096)	(40.0, 0.004593831937124196)	(41.0, 0.007020517169446866)	(42.0, 0.011030387419648494)	(43.0, 0.01681809658336994)	(44.0, 0.024098152280337945)	(45.0, 0.03204003122248486)	(46.0, 0.04628869638339551)	(47.0, 0.07064638719125459)	(48.0, 0.10293298001488455)	(49.0, 0.15037662284574912)	(50.0, 0.23390909792842837)	(51.0, 0.375305687721946)	(52.0, 0.5898142807181691)	(53.0, 0.9014032599336749)	(54.0, 1.3339371929740325)	(55.0, 1.8952541433703802)	(56.0, 2.5456836471911117)	(57.0, 3.2316569523558636)	(58.0, 3.8833452180350725)	(59.0, 4.439795821040399)	(60.0, 4.854810903473079)	(61.0, 5.118099762716901)	(62.0, 5.285346389851524)	(63.0, 5.3710849424181335)	(64.0, 5.369073518829844)	(65.0, 5.31205290433345)	(66.0, 5.2386683856768474)	(67.0, 5.171785307134649)	(68.0, 5.074043097670187)	(69.0, 4.9149070495205995)	(70.0, 4.6622982006842735)	(71.0, 4.314308942983927)	(72.0, 3.916527218778651)	(73.0, 3.4540165858096015)	(74.0, 2.954703389638054)	(75.0, 2.4710403666760317)	(76.0, 2.0015221934639116)	(77.0, 1.5425023536900215)	(78.0, 1.1267994941594097)	(79.0, 0.7773827745576977)	(80.0, 0.5029856663359713)	(81.0, 0.30196009984447153)	(82.0, 0.16234134896447372)	(83.0, 0.07579822696254924)	(84.0, 0.03110569252340875)	(85.0, 0.01236701083638237)	(86.0, 0.005242678255927048)	(87.0, 0.0031533931093818634)	(88.0, 0.001998446661912786)	(89.0, 0.0012198310793493628)	(90.0, 0.0010511310364606213)	(91.0, 0.0009343386990761077)	(92.0, 0.0010381541100845642)	(93.0, 0.0009732694782042788)	(94.0, 0.0007915925089394802)	(95.0, 0.0008175463616915943)	(96.0, 0.0007656386561873661)	(97.0, 0.000999223330956393)	(98.0, 0.0015831850178789604)	(99.0, 0.004775508906388995)	(100.0, 0.05578780649066927)
IDDLNTM12.A_R1	(0.0, 0.0)	(1.0, 0.0)	(2.0, 0.0)	(3.0, 0.0)	(4.0, 0.0)	(5.0, 0.0)	(6.0, 0.0)	(7.0, 0.0)	(8.0, 0.0)	(9.0, 0.0)	(10.0, 0.0)	(11.0, 0.0)	(12.0, 0.0)	(13.0, 0.0)	(14.0, 0.0)	(15.0, 0.0)	(16.0, 0.0)	(17.0, 0.0)	(18.0, 0.0)	(19.0, 0.0)	(20.0, 0.0)	(21.0, 0.0)	(22.0, 0.0)	(23.0, 0.0)	(24.0, 0.0)	(25.0, 0.0)	(26.0, 0.0)	(27.0, 0.0)	(28.0, 1.9984923373806802e-05)	(29.0, 2.99773850607102e-05)	(30.0, 9.992461686903401e-06)	(31.0, 9.9924616869034e-05)	(32.0, 0.0002598040038594884)	(33.0, 0.000399698467476136)	(34.0, 0.0005296004694058802)	(35.0, 0.0005995477012142041)	(36.0, 0.0008293743200129822)	(37.0, 0.001568816484843834)	(38.0, 0.0021583717243711343)	(39.0, 0.003397436973547156)	(40.0, 0.006634994560103857)	(41.0, 0.011891029407415045)	(42.0, 0.017746611955940437)	(43.0, 0.02522097329774418)	(44.0, 0.038650841804942354)	(45.0, 0.05657731807124705)	(46.0, 0.07827095239351434)	(47.0, 0.10715915913035207)	(48.0, 0.15136580963321272)	(49.0, 0.2116103611435533)	(50.0, 0.3010728706263995)	(51.0, 0.43457215876342886)	(52.0, 0.6315935258441032)	(53.0, 0.912351721861028)	(54.0, 1.2989800494506942)	(55.0, 1.8118431455310113)	(56.0, 2.453039427056229)	(57.0, 3.225316820990245)	(58.0, 4.1100293938252985)	(59.0, 5.044874146943546)	(60.0, 5.9602435922340185)	(61.0, 6.774549280023151)	(62.0, 7.3925030956646305)	(63.0, 7.715599351848964)	(64.0, 7.764492466882983)	(65.0, 7.545537646399556)	(66.0, 7.030206412282575)	(67.0, 6.296649807385308)	(68.0, 5.408389910651405)	(69.0, 4.4732953459909846)	(70.0, 3.5765818266699605)	(71.0, 2.758169237127511)	(72.0, 2.054440130365652)	(73.0, 1.4761364026978048)	(74.0, 1.0149942883088998)	(75.0, 0.6737816990862093)	(76.0, 0.4364307566371929)	(77.0, 0.27710095503951815)	(78.0, 0.17322931580415735)	(79.0, 0.10066405903386484)	(80.0, 0.05875567471899199)	(81.0, 0.036932138394794964)	(82.0, 0.02218326494492555)	(83.0, 0.01214084094958763)	(84.0, 0.007234542261318062)	(85.0, 0.003927037442953037)	(86.0, 0.001748680795208095)	(87.0, 0.000979261245316533)	(88.0, 0.000549585392779687)	(89.0, 0.00040969092916303936)	(90.0, 0.000349736159041619)	(91.0, 0.00035972862072852237)	(92.0, 0.0005595778544665904)	(93.0, 0.0011191557089331808)	(94.0, 0.0017087109484604814)	(95.0, 0.0020584471075021002)	(96.0, 0.002048454645815197)	(97.0, 0.001618778793278351)	(98.0, 0.0014788843296617033)	(99.0, 0.0014189295595402828)	(100.0, 0.0007194572414570447)
IDDLNTM12.A_R2	(0.0, 0.0)	(1.0, 0.0)	(2.0, 0.0)	(3.0, 0.0)	(4.0, 0.0)	(5.0, 0.0)	(6.0, 0.0)	(7.0, 0.0)	(8.0, 0.0)	(9.0, 0.0)	(10.0, 0.0)	(11.0, 0.0)	(12.0, 0.0)	(13.0, 9.999451030138446e-06)	(14.0, 9.999451030138446e-06)	(15.0, 0.0)	(16.0, 0.0)	(17.0, 0.0)	(18.0, 9.999451030138446e-06)	(19.0, 9.999451030138446e-06)	(20.0, 0.0)	(21.0, 0.0)	(22.0, 9.999451030138446e-06)	(23.0, 9.999451030138446e-06)	(24.0, 0.0)	(25.0, 0.0)	(26.0, 9.999451030138446e-06)	(27.0, 9.999451030138446e-06)	(28.0, 9.999451030138446e-06)	(29.0, 1.9998902060276892e-05)	(30.0, 1.9998902060276892e-05)	(31.0, 0.00012999286339179978)	(32.0, 0.0002799846288438765)	(33.0, 0.000539970355627476)	(34.0, 0.0006699632190192759)	(35.0, 0.0006999615721096912)	(36.0, 0.0010899401622850905)	(37.0, 0.002039888010148243)	(38.0, 0.003349816095096379)	(39.0, 0.005529696419666561)	(40.0, 0.009499478478631524)	(41.0, 0.015819131529679023)	(42.0, 0.024048679727482963)	(43.0, 0.034718093976640683)	(44.0, 0.05103719805782663)	(45.0, 0.07114609407943505)	(46.0, 0.09759464205415123)	(47.0, 0.13204275085297817)	(48.0, 0.18318994287213633)	(49.0, 0.25808583108787325)	(50.0, 0.37043966286250885)	(51.0, 0.547039967505784)	(52.0, 0.8210649235356979)	(53.0, 1.2305324437688372)	(54.0, 1.7858519567275757)	(55.0, 2.490583266978643)	(56.0, 3.32675736102088)	(57.0, 4.219048374244254)	(58.0, 5.080041105743295)	(59.0, 5.830569901712396)	(60.0, 6.391839088034066)	(61.0, 6.751379349273725)	(62.0, 6.928849606156621)	(63.0, 6.90849072385926)	(64.0, 6.742339845542479)	(65.0, 6.482474112171242)	(66.0, 6.077576341058876)	(67.0, 5.519146998829765)	(68.0, 4.853103564614303)	(69.0, 4.130593230431649)	(70.0, 3.392953726840396)	(71.0, 2.6802828524713993)	(72.0, 2.0346682967105107)	(73.0, 1.4835685520864905)	(74.0, 1.0337332480446824)	(75.0, 0.6878722358142537)	(76.0, 0.44632549673022953)	(77.0, 0.2871642346835159)	(78.0, 0.17844020363282057)	(79.0, 0.10296434725733557)	(80.0, 0.060016705082890955)	(81.0, 0.03561804456935314)	(82.0, 0.02155881642097849)	(83.0, 0.013609252852018425)	(84.0, 0.009179496045667092)	(85.0, 0.006699632190192758)	(86.0, 0.004699741984165069)	(87.0, 0.002899840798740149)	(88.0, 0.0022098786776605962)	(89.0, 0.0023198726389921194)	(90.0, 0.002539860561655165)	(91.0, 0.002399868247233227)	(92.0, 0.0021898797756003197)	(93.0, 0.002309873187961981)	(94.0, 0.002559859463715442)	(95.0, 0.0028498435435894568)	(96.0, 0.0032998188399456867)	(97.0, 0.005009724966099361)	(98.0, 0.00906950208433557)	(99.0, 0.018748970681509585)	(100.0, 0.08287545013778744)
IDDLNTM12.B_R1	(0.0, 0.0)	(1.0, 0.0)	(2.0, 0.0)	(3.0, 0.0)	(4.0, 0.0)	(5.0, 0.0)	(6.0, 0.0)	(7.0, 0.0)	(8.0, 0.0)	(9.0, 0.0)	(10.0, 0.0)	(11.0, 0.0)	(12.0, 0.0)	(13.0, 0.0)	(14.0, 0.0)	(15.0, 0.0)	(16.0, 0.0)	(17.0, 0.0)	(18.0, 0.0)	(19.0, 0.0)	(20.0, 0.0)	(21.0, 1.0848440238383625e-05)	(22.0, 1.0848440238383625e-05)	(23.0, 0.0)	(24.0, 1.0848440238383625e-05)	(25.0, 1.0848440238383625e-05)	(26.0, 0.0)	(27.0, 1.0848440238383625e-05)	(28.0, 1.0848440238383625e-05)	(29.0, 0.0)	(30.0, 0.0)	(31.0, 0.00010848440238383627)	(32.0, 0.0003254532071515088)	(33.0, 0.00035799852786665967)	(34.0, 0.000347150087628276)	(35.0, 0.00039054384858181054)	(36.0, 0.0006834517350181685)	(37.0, 0.0013777519102747204)	(38.0, 0.0024517474938746996)	(39.0, 0.004447860497737287)	(40.0, 0.007127425236618043)	(41.0, 0.012421464072949251)	(42.0, 0.019809251875288498)	(43.0, 0.02845545874528025)	(44.0, 0.04441351433594257)	(45.0, 0.06711929975487949)	(46.0, 0.0965294212411375)	(47.0, 0.13790537231033265)	(48.0, 0.2054369127942707)	(49.0, 0.3075966745191293)	(50.0, 0.45758720925502133)	(51.0, 0.685957724713235)	(52.0, 1.0109878426954468)	(53.0, 1.4417143139202302)	(54.0, 1.9931296827970315)	(55.0, 2.6594842759995077)	(56.0, 3.412452816065238)	(57.0, 4.194560266611267)	(58.0, 4.952139393778311)	(59.0, 5.639333840678722)	(60.0, 6.191964234862222)	(61.0, 6.600440555158081)	(62.0, 6.849162744503502)	(63.0, 6.8841164189515744)	(64.0, 6.76334073377765)	(65.0, 6.512709218950273)	(66.0, 6.085204734476289)	(67.0, 5.518731730548611)	(68.0, 4.844078080563772)	(69.0, 4.109985826512828)	(70.0, 3.363721622514419)	(71.0, 2.643211615641932)	(72.0, 2.0082524084893385)	(73.0, 1.4619683518452926)	(74.0, 1.0073210698948731)	(75.0, 0.6694680955508919)	(76.0, 0.43266834202745413)	(77.0, 0.27206803273842295)	(78.0, 0.16628489197394422)	(79.0, 0.09557475850015974)	(80.0, 0.053482810375231275)	(81.0, 0.03001763413960749)	(82.0, 0.016728294847587553)	(83.0, 0.009622566491446275)	(84.0, 0.0056303404837211015)	(85.0, 0.003525743077474678)	(86.0, 0.001996113003862587)	(87.0, 0.000694300175256552)	(88.0, 0.00028205944619797427)	(89.0, 0.0003363016473898924)	(90.0, 0.0002495141254828234)	(91.0, 0.00030375632667474153)	(92.0, 0.0005858157728727158)	(93.0, 0.00098720806169291)	(94.0, 0.0015187816333737075)	(95.0, 0.0019418708026706691)	(96.0, 0.0019852645636242038)	(97.0, 0.0017357504381413803)	(98.0, 0.0016164175955191602)	(99.0, 0.0012692675078908842)	(100.0, 0.0004990282509656468)
IDDLNTM12.B_R2	(0.0, 0.0)	(1.0, 0.0)	(2.0, 0.0)	(3.0, 0.0)	(4.0, 0.0)	(5.0, 0.0)	(6.0, 0.0)	(7.0, 0.0)	(8.0, 0.0)	(9.0, 0.0)	(10.0, 0.0)	(11.0, 0.0)	(12.0, 0.0)	(13.0, 0.0)	(14.0, 0.0)	(15.0, 0.0)	(16.0, 0.0)	(17.0, 0.0)	(18.0, 0.0)	(19.0, 0.0)	(20.0, 0.0)	(21.0, 0.0)	(22.0, 1.0855892692540384e-05)	(23.0, 1.0855892692540384e-05)	(24.0, 0.0)	(25.0, 2.1711785385080768e-05)	(26.0, 4.3423570770161536e-05)	(27.0, 3.2567678077621154e-05)	(28.0, 2.1711785385080768e-05)	(29.0, 1.0855892692540384e-05)	(30.0, 4.3423570770161536e-05)	(31.0, 0.00013027071231048461)	(32.0, 0.00023882963923588845)	(33.0, 0.00037995624423891347)	(34.0, 0.0005970740980897212)	(35.0, 0.0007816242738629077)	(36.0, 0.0013895542646451692)	(37.0, 0.002366584606973804)	(38.0, 0.0033653267346875192)	(39.0, 0.0055147934878105155)	(40.0, 0.008869264329805494)	(41.0, 0.015556494228410371)	(42.0, 0.024773147124377153)	(43.0, 0.03527079535806371)	(44.0, 0.05166319332379969)	(45.0, 0.07327727567464759)	(46.0, 0.09868006457519209)	(47.0, 0.13146486050666406)	(48.0, 0.18143453457042744)	(49.0, 0.2539193300785196)	(50.0, 0.36513795071359584)	(51.0, 0.5375838061345999)	(52.0, 0.7995473526982919)	(53.0, 1.1965907720352638)	(54.0, 1.7423816330454243)	(55.0, 2.4288974310289855)	(56.0, 3.2592429512960144)	(57.0, 4.164483275248879)	(58.0, 5.026148045933888)	(59.0, 5.78945842882448)	(60.0, 6.395217241068233)	(61.0, 6.798035995317636)	(62.0, 7.013449474015715)	(63.0, 7.013883709723418)	(64.0, 6.84676809761445)	(65.0, 6.586259240671559)	(66.0, 6.170185441444563)	(67.0, 5.562689686370003)	(68.0, 4.8578817091995115)	(69.0, 4.1214288048302645)	(70.0, 3.368073275538732)	(71.0, 2.6567626186454083)	(72.0, 2.0198039708032938)	(73.0, 1.464362221189465)	(74.0, 1.0114435221639877)	(75.0, 0.6747697220902327)	(76.0, 0.4365480128451265)	(77.0, 0.27518602386320623)	(78.0, 0.1686788606566925)	(79.0, 0.09833267600903081)	(80.0, 0.056798030567371295)	(81.0, 0.032676237004546554)	(82.0, 0.01918236238771886)	(83.0, 0.01161580518101821)	(84.0, 0.0073385834601572995)	(85.0, 0.005493081702425435)	(86.0, 0.003452173876227842)	(87.0, 0.001997484255427431)	(88.0, 0.0018237899723467846)	(89.0, 0.0018780694358094866)	(90.0, 0.0016935192600362999)	(91.0, 0.001584960333110896)	(92.0, 0.0017152310454213806)	(93.0, 0.0019106371138871076)	(94.0, 0.002149466753122996)	(95.0, 0.002279737465433481)	(96.0, 0.002768252636597798)	(97.0, 0.004103527437780265)	(98.0, 0.006806644718222821)	(99.0, 0.0146228874568519)	(100.0, 0.07900918701630892)
IDDLNTM120_R1	(0.0, 0.0)	(1.0, 0.0)	(2.0, 0.0)	(3.0, 0.0)	(4.0, 0.0)	(5.0, 0.0)	(6.0, 0.0)	(7.0, 0.0)	(8.0, 0.0)	(9.0, 0.0)	(10.0, 0.0)	(11.0, 0.0)	(12.0, 0.0)	(13.0, 0.0)	(14.0, 0.0)	(15.0, 0.0)	(16.0, 0.0)	(17.0, 0.0)	(18.0, 0.0)	(19.0, 0.0)	(20.0, 4.904808698972516e-06)	(21.0, 4.904808698972516e-06)	(22.0, 0.0)	(23.0, 0.0)	(24.0, 0.0)	(25.0, 0.0)	(26.0, 0.0)	(27.0, 0.0)	(28.0, 0.0)	(29.0, 0.0)	(30.0, 0.0)	(31.0, 0.0)	(32.0, 0.0)	(33.0, 0.0)	(34.0, 4.4143278290752646e-05)	(35.0, 6.866732178561523e-05)	(36.0, 0.00016676349576506556)	(37.0, 0.00034824141762704867)	(38.0, 0.0006866732178561523)	(39.0, 0.0011918685138503215)	(40.0, 0.0018000647925229135)	(41.0, 0.0032813170196126134)	(42.0, 0.005346241481880043)	(43.0, 0.007926170857539586)	(44.0, 0.012095258251666224)	(45.0, 0.01869713076048323)	(46.0, 0.028977609793529625)	(47.0, 0.041847827819633504)	(48.0, 0.06191340020713007)	(49.0, 0.09232811894945864)	(50.0, 0.13623106161396165)	(51.0, 0.20401551783376182)	(52.0, 0.3026021726831094)	(53.0, 0.44506234134476613)	(54.0, 0.6370708874834432)	(55.0, 0.8895410104543545)	(56.0, 1.2282327655445036)	(57.0, 1.6473290496369093)	(58.0, 2.138030635925615)	(59.0, 2.689782376090431)	(60.0, 3.259858481554609)	(61.0, 3.8204192581427794)	(62.0, 4.385075549994593)	(63.0, 4.8939053092347)	(64.0, 5.287673161205611)	(65.0, 5.582202018770213)	(66.0, 5.780822247035104)	(67.0, 5.940159862429926)	(68.0, 6.035146387694228)	(69.0, 6.0242675219999064)	(70.0, 5.871340491574642)	(71.0, 5.541457772907847)	(72.0, 5.118261068743101)	(73.0, 4.608592587215469)	(74.0, 4.026048458038503)	(75.0, 3.4074343656892934)	(76.0, 2.790208334201893)	(77.0, 2.1987227387667003)	(78.0, 1.6388486353963858)	(79.0, 1.1727593791591246)	(80.0, 0.8050164421449612)	(81.0, 0.5229850371453425)	(82.0, 0.3201221493558392)	(83.0, 0.18030076777422968)	(84.0, 0.09604105913458083)	(85.0, 0.04789055213676765)	(86.0, 0.02167925444945852)	(87.0, 0.009907713571924484)	(88.0, 0.004478090342161907)	(89.0, 0.0020747340796653745)	(90.0, 0.0010349146354832008)	(91.0, 0.0007062924526520423)	(92.0, 0.0006621491743612897)	(93.0, 0.00077986458313663)	(94.0, 0.0010103905919883382)	(95.0, 0.0012311069834421017)	(96.0, 0.0013242983487225795)	(97.0, 0.0013144887313246343)	(98.0, 0.0014420137574979197)	(99.0, 0.001388060861809222)	(100.0, 0.00077986458313663)
IDDLNTM120_R2	(0.0, 0.0)	(1.0, 0.0)	(2.0, 0.0)	(3.0, 0.0)	(4.0, 0.0)	(5.0, 0.0)	(6.0, 0.0)	(7.0, 0.0)	(8.0, 0.0)	(9.0, 0.0)	(10.0, 0.0)	(11.0, 0.0)	(12.0, 0.0)	(13.0, 0.0)	(14.0, 0.0)	(15.0, 4.907833584589874e-06)	(16.0, 4.907833584589874e-06)	(17.0, 0.0)	(18.0, 0.0)	(19.0, 0.0)	(20.0, 0.0)	(21.0, 0.0)	(22.0, 0.0)	(23.0, 0.0)	(24.0, 0.0)	(25.0, 0.0)	(26.0, 0.0)	(27.0, 0.0)	(28.0, 4.907833584589874e-06)	(29.0, 4.907833584589874e-06)	(30.0, 4.907833584589874e-06)	(31.0, 1.9631334338359497e-05)	(32.0, 4.907833584589874e-05)	(33.0, 5.8894003015078485e-05)	(34.0, 5.398616943048861e-05)	(35.0, 0.00014232717395310635)	(36.0, 0.000426981521859319)	(37.0, 0.0007656220391960203)	(38.0, 0.0012269583961474686)	(39.0, 0.0020073039360972585)	(40.0, 0.003293156335259805)	(41.0, 0.005511497115494428)	(42.0, 0.008711404612647026)	(43.0, 0.012598408811642205)	(44.0, 0.0179332239180914)	(45.0, 0.026561195359800397)	(46.0, 0.03917432767219637)	(47.0, 0.0572891414329176)	(48.0, 0.08496932285000448)	(49.0, 0.12637180696960465)	(50.0, 0.18962396620779895)	(51.0, 0.289149923469697)	(52.0, 0.44065474622598644)	(53.0, 0.6503910144634347)	(54.0, 0.9228052254096801)	(55.0, 1.2631193139987265)	(56.0, 1.6632893409854312)	(57.0, 2.0890733514501103)	(58.0, 2.5123641824538177)	(59.0, 2.9340305205410258)	(60.0, 3.3195359407769756)	(61.0, 3.674524451783946)	(62.0, 4.064461645746781)	(63.0, 4.466899091849566)	(64.0, 4.821264307991293)	(65.0, 5.135498168911829)	(66.0, 5.417438484845763)	(67.0, 5.676056775585726)	(68.0, 5.850765835529957)	(69.0, 5.899476083857012)	(70.0, 5.793334366923086)	(71.0, 5.501107231795851)	(72.0, 5.091504348659566)	(73.0, 4.59225497726716)	(74.0, 4.0216457055548185)	(75.0, 3.3985520614888727)	(76.0, 2.7811711357153897)	(77.0, 2.1975315658359618)	(78.0, 1.6460383059355976)	(79.0, 1.1775561432849868)	(80.0, 0.8095962281139455)	(81.0, 0.5267185159653545)	(82.0, 0.3209870399329315)	(83.0, 0.18472104045679366)	(84.0, 0.1002277774644944)	(85.0, 0.050643934759382905)	(86.0, 0.023925688724875636)	(87.0, 0.011533408923786202)	(88.0, 0.005472234446817709)	(89.0, 0.0028514513126467167)	(90.0, 0.0018797002628979217)	(91.0, 0.0014870735761307317)	(92.0, 0.001398732571608114)	(93.0, 0.0013251150678392659)	(94.0, 0.0012613132312395976)	(95.0, 0.0014281795731156531)	(96.0, 0.0016441242508376075)	(97.0, 0.002404838456449038)	(98.0, 0.003656336020519456)	(99.0, 0.009418132648827968)	(100.0, 0.0691121125381946)
IDDLNTM121_R1	(0.0, 1.313671696628015e-05)	(1.0, 6.568358483140075e-06)	(2.0, 0.0)	(3.0, 0.0)	(4.0, 0.0)	(5.0, 6.568358483140075e-06)	(6.0, 6.568358483140075e-06)	(7.0, 0.0)	(8.0, 0.0)	(9.0, 0.0)	(10.0, 0.0)	(11.0, 0.0)	(12.0, 0.0)	(13.0, 0.0)	(14.0, 0.0)	(15.0, 6.568358483140075e-06)	(16.0, 6.568358483140075e-06)	(17.0, 0.0)	(18.0, 0.0)	(19.0, 0.0)	(20.0, 0.0)	(21.0, 0.0)	(22.0, 0.0)	(23.0, 0.0)	(24.0, 0.0)	(25.0, 0.0)	(26.0, 0.0)	(27.0, 0.0)	(28.0, 0.0)	(29.0, 0.0)	(30.0, 0.0)	(31.0, 0.0)	(32.0, 6.568358483140075e-06)	(33.0, 1.9705075449420222e-05)	(34.0, 9.195701876396105e-05)	(35.0, 0.00013136716966280149)	(36.0, 0.00015764060359536178)	(37.0, 0.00040723822595468463)	(38.0, 0.0008079080934262292)	(39.0, 0.0014713123002233768)	(40.0, 0.002476271148143808)	(41.0, 0.0033170210339857377)	(42.0, 0.005044499315051577)	(43.0, 0.008039670783363451)	(44.0, 0.01064074074268692)	(45.0, 0.01406942387088604)	(46.0, 0.021669014635879107)	(47.0, 0.032940317792947475)	(48.0, 0.04865183128461854)	(49.0, 0.07133237312690122)	(50.0, 0.10698542297338552)	(51.0, 0.15222170784677122)	(52.0, 0.21543558988851133)	(53.0, 0.30719555789797814)	(54.0, 0.43263806820898726)	(55.0, 0.6118360243460148)	(56.0, 0.8757592365570662)	(57.0, 1.215993637625239)	(58.0, 1.6125451443278545)	(59.0, 2.1109653227454896)	(60.0, 2.716817572513364)	(61.0, 3.3823630641760154)	(62.0, 4.087601146152282)	(63.0, 4.7828290498002435)	(64.0, 5.431776299576)	(65.0, 5.964076071049671)	(66.0, 6.332232564029672)	(67.0, 6.56309722799508)	(68.0, 6.657215236699994)	(69.0, 6.618179482234692)	(70.0, 6.378460671034011)	(71.0, 5.9602664231294495)	(72.0, 5.44976703346132)	(73.0, 4.847560222651588)	(74.0, 4.19371297744741)	(75.0, 3.5001140267032675)	(76.0, 2.8081374605044602)	(77.0, 2.170185642829481)	(78.0, 1.5898251923346731)	(79.0, 1.098492272720346)	(80.0, 0.7125026864586196)	(81.0, 0.4296428967406754)	(82.0, 0.23824749890045677)	(83.0, 0.12119935073090066)	(84.0, 0.05526616827714059)	(85.0, 0.022273303616327993)	(86.0, 0.00790830361370065)	(87.0, 0.0031790855058397957)	(88.0, 0.0017143415640995595)	(89.0, 0.0010246639233698518)	(90.0, 0.0005911522634826067)	(91.0, 0.0005057636032017858)	(92.0, 0.000532037037134346)	(93.0, 0.0006831092822465678)	(94.0, 0.0010837791497181122)	(95.0, 0.001484449017189657)	(96.0, 0.0014581755832570966)	(97.0, 0.0013465134890437154)	(98.0, 0.0014581755832570966)	(99.0, 0.001491017375672797)	(100.0, 0.0008013397349430891)
IDDLNTM121_R2	(0.0, 0.0)	(1.0, 0.0)	(2.0, 0.0)	(3.0, 0.0)	(4.0, 0.0)	(5.0, 0.0)	(6.0, 0.0)	(7.0, 6.573374271431846e-06)	(8.0, 6.573374271431846e-06)	(9.0, 0.0)	(10.0, 0.0)	(11.0, 0.0)	(12.0, 0.0)	(13.0, 0.0)	(14.0, 0.0)	(15.0, 0.0)	(16.0, 0.0)	(17.0, 0.0)	(18.0, 0.0)	(19.0, 0.0)	(20.0, 0.0)	(21.0, 6.573374271431846e-06)	(22.0, 1.3146748542863692e-05)	(23.0, 1.3146748542863692e-05)	(24.0, 6.573374271431846e-06)	(25.0, 0.0)	(26.0, 0.0)	(27.0, 6.573374271431846e-06)	(28.0, 6.573374271431846e-06)	(29.0, 0.0)	(30.0, 1.9720122814295535e-05)	(31.0, 3.286687135715923e-05)	(32.0, 2.6293497085727385e-05)	(33.0, 3.944024562859107e-05)	(34.0, 5.9160368442886616e-05)	(35.0, 0.00010517398834290954)	(36.0, 0.00030894859075729673)	(37.0, 0.0007427912926717986)	(38.0, 0.0013081014800149372)	(39.0, 0.002511028971686965)	(40.0, 0.004121505668187767)	(41.0, 0.005298139662774068)	(42.0, 0.0077368615174752825)	(43.0, 0.012127875530791756)	(44.0, 0.016788397889236934)	(45.0, 0.022908209335939983)	(46.0, 0.03534503345748904)	(47.0, 0.05281706227095489)	(48.0, 0.07536373602196611)	(49.0, 0.11002513855522625)	(50.0, 0.16710174735406896)	(51.0, 0.2517010742273968)	(52.0, 0.3746823334716152)	(53.0, 0.554917682620005)	(54.0, 0.79435284045691)	(55.0, 1.0945785635560166)	(56.0, 1.4629504577270573)	(57.0, 1.8698554718772316)	(58.0, 2.2638043653384137)	(59.0, 2.6636495755210694)	(60.0, 3.0811837358681493)	(61.0, 3.4914608910195675)	(62.0, 3.9322056359190736)	(63.0, 4.381561501114154)	(64.0, 4.822201072025316)	(65.0, 5.258508789291605)	(66.0, 5.640329807221995)	(67.0, 5.9550169537182525)	(68.0, 6.176362185560177)	(69.0, 6.249359506844428)	(70.0, 6.111068858922044)	(71.0, 5.7951064778171295)	(72.0, 5.3578259011586695)	(73.0, 4.803177726883793)	(74.0, 4.169642487977463)	(75.0, 3.4876943475620377)	(76.0, 2.814515088424702)	(77.0, 2.181223064366415)	(78.0, 1.5910852424000783)	(79.0, 1.0929286466138872)	(80.0, 0.7109170008296256)	(81.0, 0.4329552963878585)	(82.0, 0.24471357737686478)	(83.0, 0.12734597976044915)	(84.0, 0.05987029286420126)	(85.0, 0.025623012910041335)	(86.0, 0.010701453313891045)	(87.0, 0.0053244331598597955)	(88.0, 0.0034378747439588555)	(89.0, 0.002767390568272807)	(90.0, 0.002557042591586988)	(91.0, 0.0024978822231441016)	(92.0, 0.0024124283576154875)	(93.0, 0.002392708234801192)	(94.0, 0.0026162029600298744)	(95.0, 0.0028199775624442617)	(96.0, 0.0033655676269731052)	(97.0, 0.005008911194831067)	(98.0, 0.007986649739789693)	(99.0, 0.01766265666733737)	(100.0, 0.08922040898614444)
IDDLNTM124_R1	(0.0, 0.0)	(1.0, 0.0)	(2.0, 0.0)	(3.0, 0.0)	(4.0, 0.0)	(5.0, 0.0)	(6.0, 0.0)	(7.0, 0.0)	(8.0, 0.0)	(9.0, 0.0)	(10.0, 0.0)	(11.0, 0.0)	(12.0, 0.0)	(13.0, 0.0)	(14.0, 0.0)	(15.0, 0.0)	(16.0, 0.0)	(17.0, 0.0)	(18.0, 0.0)	(19.0, 0.0)	(20.0, 0.0)	(21.0, 0.0)	(22.0, 0.0)	(23.0, 0.0)	(24.0, 0.0)	(25.0, 0.0)	(26.0, 0.0)	(27.0, 0.0)	(28.0, 0.0)	(29.0, 0.0)	(30.0, 0.0)	(31.0, 0.0)	(32.0, 0.0)	(33.0, 7.147272569022006e-05)	(34.0, 0.00015882827931160013)	(35.0, 0.00015882827931160013)	(36.0, 0.0002620666608641402)	(37.0, 0.0006591373591431404)	(38.0, 0.0011515050250091008)	(39.0, 0.0014929858255290412)	(40.0, 0.0025968423667446622)	(41.0, 0.004709258481588943)	(42.0, 0.007306100848333606)	(43.0, 0.010847971476982288)	(44.0, 0.016851680434960773)	(45.0, 0.02492809843795564)	(46.0, 0.034608682061997666)	(47.0, 0.047402299960547054)	(48.0, 0.06559607935569085)	(49.0, 0.09405016559436401)	(50.0, 0.13466255661434015)	(51.0, 0.19300812501945647)	(52.0, 0.27785419182771326)	(53.0, 0.40150200727179397)	(54.0, 0.572035930768659)	(55.0, 0.8019875135559936)	(56.0, 1.1103129107696375)	(57.0, 1.516508293695089)	(58.0, 2.0242267127565157)	(59.0, 2.6247802610755726)	(60.0, 3.311029607497203)	(61.0, 4.065876887753514)	(62.0, 4.817841434740319)	(63.0, 5.494481670263598)	(64.0, 6.081916002711516)	(65.0, 6.540858257196351)	(66.0, 6.82612178825395)	(67.0, 6.8959426998393285)	(68.0, 6.771048082402653)	(69.0, 6.483950084719005)	(70.0, 6.009434717447667)	(71.0, 5.384794860571007)	(72.0, 4.71338007543708)	(73.0, 4.0059986264530405)	(74.0, 3.295766209855358)	(75.0, 2.6604689754368893)	(76.0, 2.0874244850946013)	(77.0, 1.5551194483957391)	(78.0, 1.0984246140631642)	(79.0, 0.747525296580046)	(80.0, 0.4881269508083407)	(81.0, 0.3083809871114028)	(82.0, 0.1823110404078202)	(83.0, 0.10012534727803271)	(84.0, 0.05213538268403274)	(85.0, 0.024467496427951995)	(86.0, 0.010474725020600028)	(87.0, 0.004089828192273702)	(88.0, 0.0017629939003587613)	(89.0, 0.0010085595736286609)	(90.0, 0.0005479575636250204)	(91.0, 0.0004367777681069003)	(92.0, 0.0006194302893152404)	(93.0, 0.0007623757406956806)	(94.0, 0.0008020828105235806)	(95.0, 0.0009926767456975008)	(96.0, 0.0009529696758696006)	(97.0, 0.0010403252294909808)	(98.0, 0.0014771029975978811)	(99.0, 0.0014929858255290412)	(100.0, 0.0008576727082826406)
IDDLNTM124_R2	(0.0, 0.0)	(1.0, 0.0)	(2.0, 0.0)	(3.0, 0.0)	(4.0, 0.0)	(5.0, 0.0)	(6.0, 0.0)	(7.0, 0.0)	(8.0, 0.0)	(9.0, 0.0)	(10.0, 0.0)	(11.0, 0.0)	(12.0, 0.0)	(13.0, 0.0)	(14.0, 0.0)	(15.0, 0.0)	(16.0, 0.0)	(17.0, 0.0)	(18.0, 0.0)	(19.0, 0.0)	(20.0, 0.0)	(21.0, 0.0)	(22.0, 0.0)	(23.0, 0.0)	(24.0, 0.0)	(25.0, 0.0)	(26.0, 0.0)	(27.0, 0.0)	(28.0, 7.947536088966627e-06)	(29.0, 7.947536088966627e-06)	(30.0, 1.5895072177933253e-05)	(31.0, 5.563275262276638e-05)	(32.0, 7.152782480069964e-05)	(33.0, 0.00021458347440209892)	(34.0, 0.00027816376311383194)	(35.0, 0.00030200637138073184)	(36.0, 0.0006040127427614637)	(37.0, 0.001001389547209795)	(38.0, 0.0016848776508609248)	(39.0, 0.002630634445447953)	(40.0, 0.004402934993287511)	(41.0, 0.007486578995806562)	(42.0, 0.011746458339492675)	(43.0, 0.01765147765359488)	(44.0, 0.025734121856073936)	(45.0, 0.03589902051386225)	(46.0, 0.04904424520501305)	(47.0, 0.06849186601471438)	(48.0, 0.09477436786092701)	(49.0, 0.1359584998739521)	(50.0, 0.20386224821808294)	(51.0, 0.30957242573742805)	(52.0, 0.4718849552823934)	(53.0, 0.7109388933024205)	(54.0, 1.0408172737471584)	(55.0, 1.4582854494283972)	(56.0, 1.9531387840079042)	(57.0, 2.4929592777787843)	(58.0, 3.0480946735931034)	(59.0, 3.580778279956091)	(60.0, 4.053211615228624)	(61.0, 4.468963123114646)	(62.0, 4.806685721679194)	(63.0, 5.078141764333938)	(64.0, 5.341713851188427)	(65.0, 5.589851822958143)	(66.0, 5.773265060819314)	(67.0, 5.871647610064633)	(68.0, 5.884323930126534)	(69.0, 5.7743300306552365)	(70.0, 5.476305374855077)	(71.0, 5.040430705591791)	(72.0, 4.527830522925622)	(73.0, 3.910791768514341)	(74.0, 3.2623125613351096)	(75.0, 2.652712700703103)	(76.0, 2.0809669544628435)	(77.0, 1.5549354358063203)	(78.0, 1.10017742079565)	(79.0, 0.7455822031142262)	(80.0, 0.48690579849054033)	(81.0, 0.30287265281442916)	(82.0, 0.17778638231018343)	(83.0, 0.1006396494945844)	(84.0, 0.05262063644504803)	(85.0, 0.02511421404113454)	(86.0, 0.011794143556026473)	(87.0, 0.005261268890895906)	(88.0, 0.002559106620647254)	(89.0, 0.0018756185169961238)	(90.0, 0.0014464515681919259)	(91.0, 0.00131929099076846)	(92.0, 0.0011921304133449939)	(93.0, 0.0010093370832987615)	(94.0, 0.000953704330675995)	(95.0, 0.0010490747637435947)	(96.0, 0.0014782417125477924)	(97.0, 0.002487578795846554)	(98.0, 0.0037353419618143145)	(99.0, 0.010125160977343483)	(100.0, 0.08519758687372224)
IDDLNTM126_R1	(0.0, 0.0)	(1.0, 0.0)	(2.0, 0.0)	(3.0, 0.0)	(4.0, 0.0)	(5.0, 0.0)	(6.0, 0.0)	(7.0, 0.0)	(8.0, 0.0)	(9.0, 0.0)	(10.0, 0.0)	(11.0, 0.0)	(12.0, 0.0)	(13.0, 0.0)	(14.0, 1.4826054062020052e-05)	(15.0, 1.4826054062020052e-05)	(16.0, 0.0)	(17.0, 0.0)	(18.0, 0.0)	(19.0, 0.0)	(20.0, 0.0)	(21.0, 0.0)	(22.0, 0.0)	(23.0, 0.0)	(24.0, 0.0)	(25.0, 0.0)	(26.0, 0.0)	(27.0, 0.0)	(28.0, 1.4826054062020052e-05)	(29.0, 5.9304216248080207e-05)	(30.0, 0.00017791264874424063)	(31.0, 0.00013343448655818047)	(32.0, 0.00025204291905434094)	(33.0, 0.0005189118921707018)	(34.0, 0.00037065135155050133)	(35.0, 0.0006671724327909023)	(36.0, 0.001186084324961604)	(37.0, 0.0014974314602640253)	(38.0, 0.0030096889745900705)	(39.0, 0.0047591633539084376)	(40.0, 0.007413027031010027)	(41.0, 0.012290798817414624)	(42.0, 0.018147090171912544)	(43.0, 0.027294765528178916)	(44.0, 0.04072717050836908)	(45.0, 0.06342585927732178)	(46.0, 0.09797056524182851)	(47.0, 0.13880151812863173)	(48.0, 0.19512569751024592)	(49.0, 0.29314074091426046)	(50.0, 0.43732411666740545)	(51.0, 0.6438807018594689)	(52.0, 0.9455315978053288)	(53.0, 1.3580962041891609)	(54.0, 1.8782831370091964)	(55.0, 2.5104364301056075)	(56.0, 3.2485811836914)	(57.0, 4.032419835896338)	(58.0, 4.820217044535836)	(59.0, 5.557546365148217)	(60.0, 6.187030968513464)	(61.0, 6.658662574280385)	(62.0, 6.924775418639582)	(63.0, 7.030855835453336)	(64.0, 6.937229304051678)	(65.0, 6.645674950922055)	(66.0, 6.1948294729500875)	(67.0, 5.6058051711200925)	(68.0, 4.9310121465413115)	(69.0, 4.187841360628494)	(70.0, 3.421334365622058)	(71.0, 2.6886455999310885)	(72.0, 2.049494409317404)	(73.0, 1.4833467089051062)	(74.0, 1.012115406597861)	(75.0, 0.6719909003610589)	(76.0, 0.4323722146106908)	(77.0, 0.26274733008711937)	(78.0, 0.1531827905687912)	(79.0, 0.08651002545188702)	(80.0, 0.04427059742919188)	(81.0, 0.021868429741479577)	(82.0, 0.010704411032778478)	(83.0, 0.005026032327024798)	(84.0, 0.0019866912443106868)	(85.0, 0.0010674758924654438)	(86.0, 0.0006375203246668623)	(87.0, 0.000548564000294742)	(88.0, 0.00045960767592262164)	(89.0, 0.00037065135155050133)	(90.0, 0.000281695027178381)	(91.0, 0.00025204291905434094)	(92.0, 0.0003409992434264612)	(93.0, 0.0006226942706048423)	(94.0, 0.0009933456221553434)	(95.0, 0.001126780108713524)	(96.0, 0.0007857808652870628)	(97.0, 0.000830259027473123)	(98.0, 0.0012453885412096845)	(99.0, 0.001186084324961604)	(100.0, 0.0006078682165428221)
IDDLNTM126_R2	(0.0, 0.0)	(1.0, 0.0)	(2.0, 0.0)	(3.0, 0.0)	(4.0, 0.0)	(5.0, 0.0)	(6.0, 0.0)	(7.0, 0.0)	(8.0, 0.0)	(9.0, 0.0)	(10.0, 0.0)	(11.0, 0.0)	(12.0, 0.0)	(13.0, 0.0)	(14.0, 0.0)	(15.0, 0.0)	(16.0, 0.0)	(17.0, 0.0)	(18.0, 0.0)	(19.0, 0.0)	(20.0, 0.0)	(21.0, 1.4832992372282003e-05)	(22.0, 1.4832992372282003e-05)	(23.0, 0.0)	(24.0, 1.4832992372282003e-05)	(25.0, 1.4832992372282003e-05)	(26.0, 1.4832992372282003e-05)	(27.0, 2.9665984744564007e-05)	(28.0, 2.9665984744564007e-05)	(29.0, 7.416496186141002e-05)	(30.0, 0.00028182685507335803)	(31.0, 0.00032632583219020404)	(32.0, 0.00040049079405161405)	(33.0, 0.0006674846567526901)	(34.0, 0.0005784867025189981)	(35.0, 0.0008158145804755101)	(36.0, 0.0016464621533233022)	(37.0, 0.0026996046117553243)	(38.0, 0.0046278936201519846)	(39.0, 0.007223667285301335)	(40.0, 0.011095078294466938)	(41.0, 0.016776114373050946)	(42.0, 0.025438581918463633)	(43.0, 0.037957627480669644)	(44.0, 0.0547337418537206)	(45.0, 0.07946034013831468)	(46.0, 0.11403604535810404)	(47.0, 0.16032981455199616)	(48.0, 0.22810175670095265)	(49.0, 0.3482341619240646)	(50.0, 0.5320297704090109)	(51.0, 0.8082794203503909)	(52.0, 1.2116626479146)	(53.0, 1.7389903597415972)	(54.0, 2.3542480503514827)	(55.0, 3.038137996667917)	(56.0, 3.7303492517052006)	(57.0, 4.350546328775056)	(58.0, 4.906234722017857)	(59.0, 5.404667764703649)	(60.0, 5.829277004352593)	(61.0, 6.165348112531387)	(62.0, 6.400169214776982)	(63.0, 6.552504046440319)	(64.0, 6.5611813469781035)	(65.0, 6.365267183725004)	(66.0, 6.014303751204439)	(67.0, 5.516820020030473)	(68.0, 4.879920993549428)	(69.0, 4.151517237123776)	(70.0, 3.393239834060348)	(71.0, 2.6809743733357383)	(72.0, 2.0523224906136823)	(73.0, 1.484975365366268)	(74.0, 1.0114617498659098)	(75.0, 0.6722757132889372)	(76.0, 0.43250039159099857)	(77.0, 0.2639086002876414)	(78.0, 0.15613207771064036)	(79.0, 0.08807830870661053)	(80.0, 0.04562628453713944)	(81.0, 0.02244231745926267)	(82.0, 0.011213742233445194)	(83.0, 0.005028384414203599)	(84.0, 0.0024771097261710945)	(85.0, 0.0016316291609510202)	(86.0, 0.0012756373440162522)	(87.0, 0.0010086434813151761)	(88.0, 0.0007861485957309461)	(89.0, 0.0008009815881032281)	(90.0, 0.0008158145804755101)	(91.0, 0.0006674846567526901)	(92.0, 0.0004894887482853061)	(93.0, 0.0004746557559130241)	(94.0, 0.0005339877254021521)	(95.0, 0.0007416496186141001)	(96.0, 0.0009196455270814842)	(97.0, 0.0014091342753667902)	(98.0, 0.0021062849168640443)	(99.0, 0.005443708200627495)	(100.0, 0.05114415769962834)
IDDLNTM127_R1	(0.0, 0.0)	(1.0, 0.0)	(2.0, 0.0)	(3.0, 0.0)	(4.0, 0.0)	(5.0, 0.0)	(6.0, 0.0)	(7.0, 0.0)	(8.0, 0.0)	(9.0, 0.0)	(10.0, 0.0)	(11.0, 0.0)	(12.0, 0.0)	(13.0, 0.0)	(14.0, 1.1019530244037414e-05)	(15.0, 1.1019530244037414e-05)	(16.0, 0.0)	(17.0, 0.0)	(18.0, 0.0)	(19.0, 0.0)	(20.0, 0.0)	(21.0, 0.0)	(22.0, 0.0)	(23.0, 0.0)	(24.0, 0.0)	(25.0, 0.0)	(26.0, 0.0)	(27.0, 1.1019530244037414e-05)	(28.0, 1.1019530244037414e-05)	(29.0, 0.0)	(30.0, 1.1019530244037414e-05)	(31.0, 8.815624195229932e-05)	(32.0, 0.0002865077863449728)	(33.0, 0.0004628202702495714)	(34.0, 0.00045180074000553404)	(35.0, 0.00045180074000553404)	(36.0, 0.0009586991312312551)	(37.0, 0.0015537537644092756)	(38.0, 0.002920175514669915)	(39.0, 0.004573105051275527)	(40.0, 0.007294929021552769)	(41.0, 0.0128708113250357)	(42.0, 0.01906378732218473)	(43.0, 0.026997849097891668)	(44.0, 0.041157945461479745)	(45.0, 0.06016663513244429)	(46.0, 0.0863490389922772)	(47.0, 0.12265839114638047)	(48.0, 0.17536480430361143)	(49.0, 0.2531847268870036)	(50.0, 0.3696942201572112)	(51.0, 0.541907438811028)	(52.0, 0.790221533330167)	(53.0, 1.129810396860668)	(54.0, 1.6000357914342327)	(55.0, 2.205547958813845)	(56.0, 2.922897338640192)	(57.0, 3.7298354993505636)	(58.0, 4.581612128623924)	(59.0, 5.434094007832903)	(60.0, 6.205108499947713)	(61.0, 6.82995994290561)	(62.0, 7.247952764122437)	(63.0, 7.381983310480663)	(64.0, 7.268438070846103)	(65.0, 6.973599519636638)	(66.0, 6.466403601094327)	(67.0, 5.784702401607441)	(68.0, 5.017798194273658)	(69.0, 4.222265247365864)	(70.0, 3.4286276596600453)	(71.0, 2.679839560047459)	(72.0, 2.0314614200185415)	(73.0, 1.4789642126429936)	(74.0, 1.0245738830301108)	(75.0, 0.684191613322039)	(76.0, 0.44607058427863455)	(77.0, 0.286871430843026)	(78.0, 0.17802051109242445)	(79.0, 0.10188657663636994)	(80.0, 0.05636489719825137)	(81.0, 0.03214396972185714)	(82.0, 0.018479752219250745)	(83.0, 0.010843217760132815)	(84.0, 0.005961565862024241)	(85.0, 0.003173624710282775)	(86.0, 0.0013994803409927517)	(87.0, 0.0005509765122018708)	(88.0, 0.0004187421492734218)	(89.0, 0.00040772261902938435)	(90.0, 0.00026446872585689793)	(91.0, 0.00019835154439267345)	(92.0, 0.0003305859073211224)	(93.0, 0.0006832108751303197)	(94.0, 0.0009586991312312551)	(95.0, 0.0011019530244037415)	(96.0, 0.0010909334941597041)	(97.0, 0.001112972554647779)	(98.0, 0.0013113240990404523)	(99.0, 0.0012562264478202653)	(100.0, 0.0006611718146422448)
IDDLNTM127_R2	(0.0, 0.0)	(1.0, 1.1025904148948499e-05)	(2.0, 1.1025904148948499e-05)	(3.0, 0.0)	(4.0, 0.0)	(5.0, 0.0)	(6.0, 0.0)	(7.0, 0.0)	(8.0, 0.0)	(9.0, 0.0)	(10.0, 0.0)	(11.0, 0.0)	(12.0, 0.0)	(13.0, 0.0)	(14.0, 0.0)	(15.0, 0.0)	(16.0, 0.0)	(17.0, 0.0)	(18.0, 0.0)	(19.0, 0.0)	(20.0, 0.0)	(21.0, 0.0)	(22.0, 0.0)	(23.0, 0.0)	(24.0, 1.1025904148948499e-05)	(25.0, 1.1025904148948499e-05)	(26.0, 0.0)	(27.0, 1.1025904148948499e-05)	(28.0, 1.1025904148948499e-05)	(29.0, 2.2051808297896998e-05)	(30.0, 6.6155424893691e-05)	(31.0, 0.00014333675393633048)	(32.0, 0.0003197512203195064)	(33.0, 0.0005071915908516309)	(34.0, 0.0006615542489369099)	(35.0, 0.0008600205236179828)	(36.0, 0.0015326006767038412)	(37.0, 0.0027013465164923817)	(38.0, 0.004255999001494121)	(39.0, 0.006395024406390129)	(40.0, 0.01005562458384103)	(41.0, 0.016494752606826955)	(42.0, 0.024543662635559356)	(43.0, 0.03478672758993251)	(44.0, 0.050399407864843586)	(45.0, 0.06937498890518395)	(46.0, 0.09551740764234085)	(47.0, 0.13216751303344565)	(48.0, 0.17900555385817885)	(49.0, 0.24714564149868057)	(50.0, 0.34699622947155817)	(51.0, 0.492615345566721)	(52.0, 0.7150629617717569)	(53.0, 1.0425433408996763)	(54.0, 1.5117396660540305)	(55.0, 2.146203268496974)	(56.0, 2.925734691827633)	(57.0, 3.8137169083673492)	(58.0, 4.7445237366215816)	(59.0, 5.623784462979479)	(60.0, 6.378816327291174)	(61.0, 6.924763971226359)	(62.0, 7.2278991539934)	(63.0, 7.279952447480587)	(64.0, 7.109822746462312)	(65.0, 6.804294942494948)	(66.0, 6.342033911050282)	(67.0, 5.723657102760655)	(68.0, 5.000412920110378)	(69.0, 4.233914115483777)	(70.0, 3.4616818406997214)	(71.0, 2.7170694558087827)	(72.0, 2.06424772295784)	(73.0, 1.503944351820724)	(74.0, 1.0433702837108474)	(75.0, 0.698788727247909)	(76.0, 0.4542121214159334)	(77.0, 0.2877650723834069)	(78.0, 0.176623958562006)	(79.0, 0.10384196527479694)	(80.0, 0.05940757155453451)	(81.0, 0.03370618898333556)	(82.0, 0.01952687624778779)	(83.0, 0.011312577656821159)	(84.0, 0.006527335256177511)	(85.0, 0.00403548091851515)	(86.0, 0.0021831290214918025)	(87.0, 0.001234901264682232)	(88.0, 0.0009702795651074678)	(89.0, 0.0009041241402137769)	(90.0, 0.0009592536609585194)	(91.0, 0.0008379687153200858)	(92.0, 0.0006725801530858584)	(93.0, 0.0008930982360648282)	(94.0, 0.0010805386065969528)	(95.0, 0.0009372018526606223)	(96.0, 0.0010033572775543134)	(97.0, 0.0016097820057464807)	(98.0, 0.0028667350787266095)	(99.0, 0.008081987741179249)	(100.0, 0.06419281395517815)
IDDLNTM128_R1	(0.0, 0.0)	(1.0, 0.0)	(2.0, 0.0)	(3.0, 0.0)	(4.0, 0.0)	(5.0, 0.0)	(6.0, 0.0)	(7.0, 0.0)	(8.0, 0.0)	(9.0, 0.0)	(10.0, 0.0)	(11.0, 0.0)	(12.0, 0.0)	(13.0, 0.0)	(14.0, 0.0)	(15.0, 0.0)	(16.0, 0.0)	(17.0, 0.0)	(18.0, 0.0)	(19.0, 0.0)	(20.0, 0.0)	(21.0, 0.0)	(22.0, 0.0)	(23.0, 0.0)	(24.0, 0.0)	(25.0, 0.0)	(26.0, 0.0)	(27.0, 0.0)	(28.0, 2.2360167061752184e-05)	(29.0, 3.354025059262827e-05)	(30.0, 0.0001453410859013892)	(31.0, 0.0001677012529631414)	(32.0, 0.00020124150355576968)	(33.0, 0.00038012284004978715)	(34.0, 0.00024596183767927404)	(35.0, 0.000368942756518911)	(36.0, 0.0007602456800995743)	(37.0, 0.001185088854272866)	(38.0, 0.0019788747849650685)	(39.0, 0.003510546228695093)	(40.0, 0.005489421013660161)	(41.0, 0.008742825321145105)	(42.0, 0.014612369174855054)	(43.0, 0.023310474161876656)	(44.0, 0.03409925476917208)	(45.0, 0.049997333550077884)	(46.0, 0.07353140938257205)	(47.0, 0.1021300630545531)	(48.0, 0.1380069511051345)	(49.0, 0.19703779214816025)	(50.0, 0.2799716517801991)	(51.0, 0.40091779541721667)	(52.0, 0.5887208385688734)	(53.0, 0.8531745344082164)	(54.0, 1.2126254000094137)	(55.0, 1.6944646400231116)	(56.0, 2.3009170910719545)	(57.0, 3.0350125557928096)	(58.0, 3.8933522887922907)	(59.0, 4.823233376305848)	(60.0, 5.758816306420152)	(61.0, 6.5866344113803414)	(62.0, 7.22685071469243)	(63.0, 7.667547247312504)	(64.0, 7.806996429193121)	(65.0, 7.613323842187754)	(66.0, 7.167171428804613)	(67.0, 6.482055910032527)	(68.0, 5.621468980243339)	(69.0, 4.705954300066958)	(70.0, 3.793883085618086)	(71.0, 2.9457619489658255)	(72.0, 2.2238304151265638)	(73.0, 1.6106587338756644)	(74.0, 1.1000307787699604)	(75.0, 0.727789897609441)	(76.0, 0.46983183030153686)	(77.0, 0.2886250364330972)	(78.0, 0.17748382605265797)	(79.0, 0.10986668085791937)	(80.0, 0.06803080828538102)	(81.0, 0.04501101629530715)	(82.0, 0.02552413070099012)	(83.0, 0.012096850380407932)	(84.0, 0.0064732683643772574)	(85.0, 0.0030968831380526777)	(86.0, 0.0017105527802240422)	(87.0, 0.000961487183655344)	(88.0, 0.0004583834247659198)	(89.0, 0.00035776267298803495)	(90.0, 0.0004248431741732915)	(91.0, 0.0005142838424203002)	(92.0, 0.0006596249283216894)	(93.0, 0.000849686348346583)	(94.0, 0.0013863303578286355)	(95.0, 0.002113035787335582)	(96.0, 0.002090675620273829)	(97.0, 0.0015093112766682724)	(98.0, 0.0014310506919521398)	(99.0, 0.0015652116943226531)	(100.0, 0.0008049660142230787)
IDDLNTM128_R2	(0.0, 0.0)	(1.0, 0.0)	(2.0, 0.0)	(3.0, 0.0)	(4.0, 0.0)	(5.0, 0.0)	(6.0, 0.0)	(7.0, 0.0)	(8.0, 0.0)	(9.0, 0.0)	(10.0, 0.0)	(11.0, 0.0)	(12.0, 0.0)	(13.0, 0.0)	(14.0, 0.0)	(15.0, 0.0)	(16.0, 0.0)	(17.0, 0.0)	(18.0, 0.0)	(19.0, 0.0)	(20.0, 0.0)	(21.0, 0.0)	(22.0, 0.0)	(23.0, 0.0)	(24.0, 0.0)	(25.0, 0.0)	(26.0, 1.11895473514789e-05)	(27.0, 1.11895473514789e-05)	(28.0, 0.0)	(29.0, 3.35686420544367e-05)	(30.0, 0.0001790327576236624)	(31.0, 0.0002126013996780991)	(32.0, 0.0002909282311384514)	(33.0, 0.0005370982728709872)	(34.0, 0.0005818564622769028)	(35.0, 0.0007161310304946496)	(36.0, 0.0010741965457419743)	(37.0, 0.0018015171235881027)	(38.0, 0.0030883150690081767)	(39.0, 0.005012917213462547)	(40.0, 0.008190748661282556)	(41.0, 0.012968685380364045)	(42.0, 0.020599956674072658)	(43.0, 0.031062183447705425)	(44.0, 0.04536242496289546)	(45.0, 0.06573859068993854)	(46.0, 0.09130670638806783)	(47.0, 0.12312977905567382)	(48.0, 0.16697042557876815)	(49.0, 0.23791215578714436)	(50.0, 0.3413371419568639)	(51.0, 0.4971963470156135)	(52.0, 0.7383087133452808)	(53.0, 1.0880044471736994)	(54.0, 1.5651043671460567)	(55.0, 2.1901748612943712)	(56.0, 2.936081277291306)	(57.0, 3.751250991393895)	(58.0, 4.582824581913752)	(59.0, 5.36657404705339)	(60.0, 6.0557158893362715)	(61.0, 6.5779544433244945)	(62.0, 6.892638083490136)	(63.0, 7.058310521576133)	(64.0, 7.047904242539257)	(65.0, 6.84567555325598)	(66.0, 6.4773716021820515)	(67.0, 5.914962573202018)	(68.0, 5.217652361352557)	(69.0, 4.452690146216053)	(70.0, 3.658500833397487)	(71.0, 2.8940645269865026)	(72.0, 2.209241849981291)	(73.0, 1.6078484380287064)	(74.0, 1.1083918024480939)	(75.0, 0.7371114317786726)	(76.0, 0.4762942725630509)	(77.0, 0.29710486127646774)	(78.0, 0.18108044478898302)	(79.0, 0.10720705317451935)	(80.0, 0.06230339965303452)	(81.0, 0.037619258195672065)	(82.0, 0.023330206227833505)	(83.0, 0.014300241515190033)	(84.0, 0.00843691870301509)	(85.0, 0.005136002234328815)	(86.0, 0.0036813610786365584)	(87.0, 0.0028533345746271197)	(88.0, 0.0023162363017561324)	(89.0, 0.0021931512808898643)	(90.0, 0.0021819617335383855)	(91.0, 0.002047687165320639)	(92.0, 0.0020812558073750754)	(93.0, 0.002159582638835428)	(94.0, 0.002551216796137189)	(95.0, 0.0029876091428448666)	(96.0, 0.003502328321012896)	(97.0, 0.005303845444600999)	(98.0, 0.008257885945391428)	(99.0, 0.017769001194148492)	(100.0, 0.09761761109430192)
IDDLNTM129_R1	(0.0, 0.0)	(1.0, 0.0)	(2.0, 0.0)	(3.0, 0.0)	(4.0, 0.0)	(5.0, 0.0)	(6.0, 0.0)	(7.0, 0.0)	(8.0, 0.0)	(9.0, 0.0)	(10.0, 0.0)	(11.0, 0.0)	(12.0, 0.0)	(13.0, 0.0)	(14.0, 0.0)	(15.0, 0.0)	(16.0, 0.0)	(17.0, 0.0)	(18.0, 0.0)	(19.0, 0.0)	(20.0, 0.0)	(21.0, 1.0176172959120176e-05)	(22.0, 1.0176172959120176e-05)	(23.0, 0.0)	(24.0, 0.0)	(25.0, 0.0)	(26.0, 0.0)	(27.0, 0.0)	(28.0, 0.0)	(29.0, 0.0)	(30.0, 0.0)	(31.0, 5.088086479560089e-05)	(32.0, 0.0002136996321415237)	(33.0, 0.00033581370765096584)	(34.0, 0.00044775161020128775)	(35.0, 0.000518984820915129)	(36.0, 0.0006716274153019317)	(37.0, 0.0012821977928491421)	(38.0, 0.0026966858341668466)	(39.0, 0.003978883627015989)	(40.0, 0.006472046002000432)	(41.0, 0.012364050145331014)	(42.0, 0.018561339477435202)	(43.0, 0.025552370300350763)	(44.0, 0.03896456626047115)	(45.0, 0.05671181190117674)	(46.0, 0.08024929995562172)	(47.0, 0.11489916888142591)	(48.0, 0.16562739108264)	(49.0, 0.2371048299475001)	(50.0, 0.3440360554019349)	(51.0, 0.49846965622954276)	(52.0, 0.7220605284873313)	(53.0, 1.0455712430307207)	(54.0, 1.4872375018024546)	(55.0, 2.0311132417755915)	(56.0, 2.688270139129654)	(57.0, 3.452083505268256)	(58.0, 4.263806293698394)	(59.0, 5.089673962541711)	(60.0, 5.8708071750567346)	(61.0, 6.526529232023562)	(62.0, 7.023045063044952)	(63.0, 7.2741523069842025)	(64.0, 7.279250569636722)	(65.0, 7.109084605414314)	(66.0, 6.7238248733549835)	(67.0, 6.126381758925039)	(68.0, 5.382350873018966)	(69.0, 4.579257479258161)	(70.0, 3.7499909686464985)	(71.0, 2.944536702759178)	(72.0, 2.232866046863108)	(73.0, 1.630100793975543)	(74.0, 1.1367701050903558)	(75.0, 0.7568325114886448)	(76.0, 0.49065435539693847)	(77.0, 0.3145251538204864)	(78.0, 0.19243143065696253)	(79.0, 0.10867135103044437)	(80.0, 0.061138447138394024)	(81.0, 0.035413081897738216)	(82.0, 0.02022005566977179)	(83.0, 0.011855241497375005)	(84.0, 0.00752019181678981)	(85.0, 0.004691215734154401)	(86.0, 0.0020962916295787564)	(87.0, 0.0007937414908113738)	(88.0, 0.0003968707454056869)	(89.0, 0.00028493284285536493)	(90.0, 0.0003561660535692062)	(91.0, 0.0005291609938742492)	(92.0, 0.000691979761220172)	(93.0, 0.0011092028525440992)	(94.0, 0.001841887305600752)	(95.0, 0.0025033385479435633)	(96.0, 0.002187877186210838)	(97.0, 0.0015773068086636273)	(98.0, 0.001618011500500108)	(99.0, 0.0014144880413177045)	(100.0, 0.0006512750693836913)
IDDLNTM129_R2	(0.0, 0.0)	(1.0, 0.0)	(2.0, 1.018354827409224e-05)	(3.0, 1.018354827409224e-05)	(4.0, 0.0)	(5.0, 0.0)	(6.0, 0.0)	(7.0, 0.0)	(8.0, 0.0)	(9.0, 0.0)	(10.0, 0.0)	(11.0, 0.0)	(12.0, 0.0)	(13.0, 0.0)	(14.0, 0.0)	(15.0, 0.0)	(16.0, 0.0)	(17.0, 0.0)	(18.0, 0.0)	(19.0, 0.0)	(20.0, 0.0)	(21.0, 1.018354827409224e-05)	(22.0, 1.018354827409224e-05)	(23.0, 1.018354827409224e-05)	(24.0, 1.018354827409224e-05)	(25.0, 0.0)	(26.0, 0.0)	(27.0, 0.0)	(28.0, 0.0)	(29.0, 1.018354827409224e-05)	(30.0, 3.0550644822276714e-05)	(31.0, 0.00015275322411138358)	(32.0, 0.00035642418959322837)	(33.0, 0.0005193609619787042)	(34.0, 0.0005397280585268887)	(35.0, 0.0005804622516232576)	(36.0, 0.0011609245032465152)	(37.0, 0.0021283615892852777)	(38.0, 0.0037780964096882203)	(39.0, 0.005784255419684392)	(40.0, 0.009032807319119816)	(41.0, 0.015672480793827954)	(42.0, 0.023350876192493503)	(43.0, 0.03236331641506513)	(44.0, 0.04925782300178416)	(45.0, 0.06981840696717638)	(46.0, 0.09545039797306655)	(47.0, 0.12926996179132688)	(48.0, 0.1754116190212388)	(49.0, 0.24757224209145642)	(50.0, 0.3505075480459808)	(51.0, 0.503881968602084)	(52.0, 0.7319832663934761)	(53.0, 1.056451481502603)	(54.0, 1.5164830912364458)	(55.0, 2.117872534562963)	(56.0, 2.829193381508306)	(57.0, 3.6099354770381358)	(58.0, 4.419547931925017)	(59.0, 5.2062168525503685)	(60.0, 5.905480378339186)	(61.0, 6.462174228290713)	(62.0, 6.863721720286444)	(63.0, 7.076130170187459)	(64.0, 7.098676546066299)	(65.0, 6.949314443530189)	(66.0, 6.59356236812305)	(67.0, 6.048212990948863)	(68.0, 5.3490716677393335)	(69.0, 4.568747097688742)	(70.0, 3.7508859686998464)	(71.0, 2.9523837649799995)	(72.0, 2.2491181047194635)	(73.0, 1.646893610434471)	(74.0, 1.1449974337458348)	(75.0, 0.7582160867475376)	(76.0, 0.4869365442739945)	(77.0, 0.3073394869121037)	(78.0, 0.19013702982557618)	(79.0, 0.11224306907704465)	(80.0, 0.06475718347495255)	(81.0, 0.03730233732799987)	(82.0, 0.023075920389093015)	(83.0, 0.014379170163018241)	(84.0, 0.008798585708815693)	(85.0, 0.005896274450699407)	(86.0, 0.0035642418959322838)	(87.0, 0.002209829975478016)	(88.0, 0.001659918368677035)	(89.0, 0.001629367723854758)	(90.0, 0.0014766144997433747)	(91.0, 0.0013340448239060833)	(92.0, 0.0013340448239060833)	(93.0, 0.001496981596291559)	(94.0, 0.0017821209479661419)	(95.0, 0.0020265261065443557)	(96.0, 0.0024746022306044143)	(97.0, 0.0037882799579623126)	(98.0, 0.006079578319633066)	(99.0, 0.013747790170024523)	(100.0, 0.08256820940633987)
IDDLNTM13.A_R1	(0.0, 0.0)	(1.0, 0.0)	(2.0, 0.0)	(3.0, 0.0)	(4.0, 0.0)	(5.0, 0.0)	(6.0, 0.0)	(7.0, 0.0)	(8.0, 0.0)	(9.0, 0.0)	(10.0, 0.0)	(11.0, 0.0)	(12.0, 0.0)	(13.0, 0.0)	(14.0, 0.0)	(15.0, 0.0)	(16.0, 0.0)	(17.0, 0.0)	(18.0, 0.0)	(19.0, 0.0)	(20.0, 0.0)	(21.0, 0.0)	(22.0, 0.0)	(23.0, 0.0)	(24.0, 0.0)	(25.0, 1.1606517245137421e-05)	(26.0, 1.1606517245137421e-05)	(27.0, 0.0)	(28.0, 1.1606517245137421e-05)	(29.0, 1.1606517245137421e-05)	(30.0, 0.0)	(31.0, 0.0)	(32.0, 0.0)	(33.0, 1.1606517245137421e-05)	(34.0, 4.6426068980549685e-05)	(35.0, 3.481955173541226e-05)	(36.0, 0.00018570427592219874)	(37.0, 0.00031337596561871033)	(38.0, 0.0005687193450117337)	(39.0, 0.0012999299314553911)	(40.0, 0.0020311405178990486)	(41.0, 0.0028784162767940802)	(42.0, 0.004398870035907083)	(43.0, 0.006592501795238055)	(44.0, 0.010561930693075053)	(45.0, 0.016585713143301376)	(46.0, 0.02578968131869535)	(47.0, 0.03679265966708563)	(48.0, 0.05387745305192791)	(49.0, 0.07935375840500455)	(50.0, 0.11470720993369313)	(51.0, 0.1673311591231462)	(52.0, 0.24481626825168362)	(53.0, 0.3530818611143255)	(54.0, 0.49678215112637186)	(55.0, 0.6981436188122611)	(56.0, 0.9767580652817848)	(57.0, 1.3340066660871146)	(58.0, 1.7842234700259954)	(59.0, 2.35303566717569)	(60.0, 3.0144214458726006)	(61.0, 3.748243498696414)	(62.0, 4.544462188230086)	(63.0, 5.326312009414278)	(64.0, 6.007510113048639)	(65.0, 6.533807637529394)	(66.0, 6.861668536670036)	(67.0, 7.010591759442394)	(68.0, 7.0013877912670015)	(69.0, 6.791530352957671)	(70.0, 6.38093819889369)	(71.0, 5.806636119087045)	(72.0, 5.1423951371478305)	(73.0, 4.417777052499412)	(74.0, 3.669284361877744)	(75.0, 2.9255619498438286)	(76.0, 2.2148368663378384)	(77.0, 1.5815504658914057)	(78.0, 1.0361254009906626)	(79.0, 0.6206352966492333)	(80.0, 0.3347551703842535)	(81.0, 0.15881197546521533)	(82.0, 0.06332515808946976)	(83.0, 0.020369437765216172)	(84.0, 0.0072656797954560245)	(85.0, 0.002646285931891332)	(86.0, 0.001462421172887315)	(87.0, 0.0010097670003269554)	(88.0, 0.0007544236209339324)	(89.0, 0.000661571482972833)	(90.0, 0.0004758672070506342)	(91.0, 0.0004294411380700845)	(92.0, 0.00046426068980549677)	(93.0, 0.0004874737242957717)	(94.0, 0.0006847845174631079)	(95.0, 0.0009169148623658563)	(96.0, 0.0009169148623658563)	(97.0, 0.0010329800348172304)	(98.0, 0.0014159951039067653)	(99.0, 0.0014508146556421776)	(100.0, 0.0007312105864436575)
IDDLNTM13.A_R2	(0.0, 0.0)	(1.0, 0.0)	(2.0, 0.0)	(3.0, 0.0)	(4.0, 0.0)	(5.0, 0.0)	(6.0, 0.0)	(7.0, 0.0)	(8.0, 0.0)	(9.0, 0.0)	(10.0, 0.0)	(11.0, 1.1611724823022799e-05)	(12.0, 1.1611724823022799e-05)	(13.0, 0.0)	(14.0, 0.0)	(15.0, 0.0)	(16.0, 0.0)	(17.0, 0.0)	(18.0, 0.0)	(19.0, 0.0)	(20.0, 0.0)	(21.0, 0.0)	(22.0, 0.0)	(23.0, 0.0)	(24.0, 0.0)	(25.0, 1.1611724823022799e-05)	(26.0, 1.1611724823022799e-05)	(27.0, 0.0)	(28.0, 1.1611724823022799e-05)	(29.0, 3.483517446906839e-05)	(30.0, 4.6446899292091195e-05)	(31.0, 2.3223449646045598e-05)	(32.0, 0.0)	(33.0, 1.1611724823022799e-05)	(34.0, 5.8058624115114e-05)	(35.0, 0.000116117248230228)	(36.0, 0.00031351657022161554)	(37.0, 0.00058058624115114)	(38.0, 0.0013934069787627358)	(39.0, 0.00232234496460456)	(40.0, 0.0032861181249154523)	(41.0, 0.005120770646953055)	(42.0, 0.007861137705186434)	(43.0, 0.011565277923730709)	(44.0, 0.017684656905463725)	(45.0, 0.026486344321315004)	(46.0, 0.03841158571455942)	(47.0, 0.055329868781703644)	(48.0, 0.0795519267625292)	(49.0, 0.11251761353509092)	(50.0, 0.16600121806993393)	(51.0, 0.2527524142227373)	(52.0, 0.3800749769071823)	(53.0, 0.5670818051819644)	(54.0, 0.8256865287155052)	(55.0, 1.1821200338830131)	(56.0, 1.6312499383127117)	(57.0, 2.133027403089996)	(58.0, 2.674435684688257)	(59.0, 3.223298693622899)	(60.0, 3.7523985469087555)	(61.0, 4.229547543336409)	(62.0, 4.670955650758797)	(63.0, 5.087828183630139)	(64.0, 5.427784651273777)	(65.0, 5.701345276379372)	(66.0, 5.921468743849415)	(67.0, 6.091371501459884)	(68.0, 6.1898621514087635)	(69.0, 6.139409207052729)	(70.0, 5.908289436175283)	(71.0, 5.502517712234752)	(72.0, 4.959704411932905)	(73.0, 4.328479438828563)	(74.0, 3.639567416803443)	(75.0, 2.919396631554746)	(76.0, 2.2229718235691305)	(77.0, 1.5887626371852714)	(78.0, 1.037496001212264)	(79.0, 0.6189862151408763)	(80.0, 0.33408093488318896)	(81.0, 0.15888323075342095)	(82.0, 0.06471214243870606)	(83.0, 0.022120335787858433)	(84.0, 0.008139819100938982)	(85.0, 0.0036693050440752043)	(86.0, 0.0020668870184980584)	(87.0, 0.0015095242269929639)	(88.0, 0.0013005131801785534)	(89.0, 0.0010798904085411202)	(90.0, 0.001045055234072052)	(91.0, 0.000986996609956938)	(92.0, 0.000801209012788573)	(93.0, 0.0008476559120806644)	(94.0, 0.0008824910865497327)	(95.0, 0.0008941028113727556)	(96.0, 0.0009405497106648467)	(97.0, 0.0012889014553555307)	(98.0, 0.002217839441197355)	(99.0, 0.0061774376058481295)	(100.0, 0.0497097939673606)
IDDLNTM13.B_R1	(0.0, 0.0)	(1.0, 0.0)	(2.0, 1.2024002795340169e-05)	(3.0, 1.2024002795340169e-05)	(4.0, 0.0)	(5.0, 0.0)	(6.0, 0.0)	(7.0, 0.0)	(8.0, 0.0)	(9.0, 0.0)	(10.0, 0.0)	(11.0, 0.0)	(12.0, 0.0)	(13.0, 0.0)	(14.0, 0.0)	(15.0, 0.0)	(16.0, 0.0)	(17.0, 0.0)	(18.0, 0.0)	(19.0, 0.0)	(20.0, 0.0)	(21.0, 0.0)	(22.0, 0.0)	(23.0, 0.0)	(24.0, 0.0)	(25.0, 0.0)	(26.0, 0.0)	(27.0, 0.0)	(28.0, 0.0)	(29.0, 1.2024002795340169e-05)	(30.0, 1.2024002795340169e-05)	(31.0, 0.0)	(32.0, 0.0)	(33.0, 0.0)	(34.0, 3.607200838602051e-05)	(35.0, 3.607200838602051e-05)	(36.0, 0.00016833603913476238)	(37.0, 0.0003246480754741846)	(38.0, 0.0006973921621297298)	(39.0, 0.001274544296306058)	(40.0, 0.0018637204332777261)	(41.0, 0.0031382647295837844)	(42.0, 0.005158297199200933)	(43.0, 0.007875721830947811)	(44.0, 0.011891738764591429)	(45.0, 0.018589108321595903)	(46.0, 0.02906201475633719)	(47.0, 0.042180201806053315)	(48.0, 0.06222421446588537)	(49.0, 0.09179123733962685)	(50.0, 0.137181847892036)	(51.0, 0.2082677524180871)	(52.0, 0.3102433201253671)	(53.0, 0.45307644933121294)	(54.0, 0.6521458396108648)	(55.0, 0.9183692855024915)	(56.0, 1.2707567354255258)	(57.0, 1.7158251988950421)	(58.0, 2.2483081626866817)	(59.0, 2.8555203038513604)	(60.0, 3.505189198886385)	(61.0, 4.168373073063372)	(62.0, 4.83000585087976)	(63.0, 5.417895419552328)	(64.0, 5.8635771071644065)	(65.0, 6.155435727015698)	(66.0, 6.306036362027334)	(67.0, 6.377975970751853)	(68.0, 6.35734278195505)	(69.0, 6.219102821817025)	(70.0, 5.934723131704434)	(71.0, 5.4903881324054336)	(72.0, 4.951484351121082)	(73.0, 4.33269309526449)	(74.0, 3.657148546213894)	(75.0, 2.9618485605705533)	(76.0, 2.280484394167012)	(77.0, 1.652146080090921)	(78.0, 1.1097553379959209)	(79.0, 0.6858611434489986)	(80.0, 0.3821588808442966)	(81.0, 0.18584298720477765)	(82.0, 0.07694159388738175)	(83.0, 0.02675340621963188)	(84.0, 0.008212393909217335)	(85.0, 0.0030300487044257226)	(86.0, 0.0013346643102827589)	(87.0, 0.0008777522040598324)	(88.0, 0.0005891761369716683)	(89.0, 0.0006012001397670085)	(90.0, 0.0005891761369716683)	(91.0, 0.0004208400978369059)	(92.0, 0.0005290561229949675)	(93.0, 0.0009258482152411931)	(94.0, 0.0012144242823293571)	(95.0, 0.0011543042683526564)	(96.0, 0.0010701362487852751)	(97.0, 0.001058112245989935)	(98.0, 0.0011783522739433367)	(99.0, 0.0012504962907153776)	(100.0, 0.0007454881733110905)
IDDLNTM13.B_R2	(0.0, 0.0)	(1.0, 0.0)	(2.0, 0.0)	(3.0, 0.0)	(4.0, 0.0)	(5.0, 0.0)	(6.0, 0.0)	(7.0, 0.0)	(8.0, 0.0)	(9.0, 0.0)	(10.0, 0.0)	(11.0, 0.0)	(12.0, 0.0)	(13.0, 0.0)	(14.0, 0.0)	(15.0, 0.0)	(16.0, 0.0)	(17.0, 0.0)	(18.0, 0.0)	(19.0, 1.202871494832464e-05)	(20.0, 1.202871494832464e-05)	(21.0, 0.0)	(22.0, 0.0)	(23.0, 0.0)	(24.0, 0.0)	(25.0, 2.405742989664928e-05)	(26.0, 2.405742989664928e-05)	(27.0, 0.0)	(28.0, 0.0)	(29.0, 2.405742989664928e-05)	(30.0, 2.405742989664928e-05)	(31.0, 1.202871494832464e-05)	(32.0, 1.202871494832464e-05)	(33.0, 1.202871494832464e-05)	(34.0, 7.217228968994784e-05)	(35.0, 0.00018043072422486961)	(36.0, 0.00043303373813968705)	(37.0, 0.0007217228968994785)	(38.0, 0.0014554745087472815)	(39.0, 0.0023816855597682787)	(40.0, 0.003752959063877288)	(41.0, 0.0058579841798341)	(42.0, 0.008768933197328663)	(43.0, 0.013291730017898728)	(44.0, 0.01858436459516157)	(45.0, 0.027389383937335206)	(46.0, 0.04201630131449797)	(47.0, 0.060757039203987756)	(48.0, 0.09117765930830077)	(49.0, 0.1377047287284205)	(50.0, 0.21163321080082373)	(51.0, 0.32562934236609636)	(52.0, 0.49589580245963166)	(53.0, 0.7459968436651976)	(54.0, 1.071265324582844)	(55.0, 1.480434092265055)	(56.0, 1.9469196866760332)	(57.0, 2.425794857483785)	(58.0, 2.8985955272426334)	(59.0, 3.33443195596528)	(60.0, 3.7144792047575974)	(61.0, 4.056924690621452)	(62.0, 4.416234434842857)	(63.0, 4.781666794972959)	(64.0, 5.126385707962047)	(65.0, 5.4193089743836484)	(66.0, 5.658139109682635)	(67.0, 5.873236590388576)	(68.0, 5.9913345137512275)	(69.0, 5.990203814546084)	(70.0, 5.798742758713601)	(71.0, 5.400207375045709)	(72.0, 4.918625743374584)	(73.0, 4.31892213091091)	(74.0, 3.64854981812583)	(75.0, 2.968638734386728)	(76.0, 2.290940934198118)	(77.0, 1.6694894051078737)	(78.0, 1.1203424815720087)	(79.0, 0.6967392559518082)	(80.0, 0.39366375411382054)	(81.0, 0.19104005080929193)	(82.0, 0.08042398814449854)	(83.0, 0.029157605034738927)	(84.0, 0.01052512557978406)	(85.0, 0.004318308666448546)	(86.0, 0.0025019727092515254)	(87.0, 0.0019727092515252407)	(88.0, 0.0017561923824553976)	(89.0, 0.001671991377817125)	(90.0, 0.0016359052329721513)	(91.0, 0.0013472160742123596)	(92.0, 0.0012028714948324642)	(93.0, 0.0012028714948324642)	(94.0, 0.0013472160742123596)	(95.0, 0.0016238765180238265)	(96.0, 0.0020809676860601626)	(97.0, 0.002971092592236186)	(98.0, 0.00435439481129352)	(99.0, 0.009033564926191805)	(100.0, 0.045757231663426934)
IDDLNTM131_R1	(0.0, 0.0)	(1.0, 0.0)	(2.0, 0.0)	(3.0, 0.0)	(4.0, 0.0)	(5.0, 0.0)	(6.0, 0.0)	(7.0, 0.0)	(8.0, 0.0)	(9.0, 0.0)	(10.0, 0.0)	(11.0, 0.0)	(12.0, 0.0)	(13.0, 0.0)	(14.0, 1.0172748529147723e-05)	(15.0, 1.0172748529147723e-05)	(16.0, 0.0)	(17.0, 0.0)	(18.0, 0.0)	(19.0, 0.0)	(20.0, 0.0)	(21.0, 0.0)	(22.0, 0.0)	(23.0, 0.0)	(24.0, 0.0)	(25.0, 0.0)	(26.0, 0.0)	(27.0, 0.0)	(28.0, 0.0)	(29.0, 0.0)	(30.0, 0.0)	(31.0, 1.0172748529147723e-05)	(32.0, 0.000183109473524659)	(33.0, 0.00034587344999102254)	(34.0, 0.00030518245587443166)	(35.0, 0.0004781191808699429)	(36.0, 0.0007833016367443746)	(37.0, 0.0009867566073273291)	(38.0, 0.0016378125131927832)	(39.0, 0.0029907880675694304)	(40.0, 0.0048320555513451675)	(41.0, 0.007955089349793517)	(42.0, 0.014007874724636412)	(43.0, 0.022430910506770728)	(44.0, 0.03436354453146101)	(45.0, 0.05136220732366685)	(46.0, 0.07593956777008774)	(47.0, 0.11431117522203295)	(48.0, 0.1647985261721931)	(49.0, 0.2393851183879042)	(50.0, 0.3502172136129686)	(51.0, 0.5216381990776369)	(52.0, 0.7716945306726171)	(53.0, 1.111342258563801)	(54.0, 1.5655453076417178)	(55.0, 2.140081799070923)	(56.0, 2.821126967600305)	(57.0, 3.5960564323051907)	(58.0, 4.405522378266533)	(59.0, 5.198284671143015)	(60.0, 5.943580919382494)	(61.0, 6.541209549972864)	(62.0, 6.95890260457967)	(63.0, 7.1901088331501395)	(64.0, 7.205754520387968)	(65.0, 6.994934479869911)	(66.0, 6.598980588869894)	(67.0, 6.032622987258124)	(68.0, 5.325098154307371)	(69.0, 4.535875977919032)	(70.0, 3.7151386265873936)	(71.0, 2.922325469968266)	(72.0, 2.205980864042742)	(73.0, 1.5989424410629098)	(74.0, 1.0981176854759092)	(75.0, 0.7190302115372192)	(76.0, 0.4637654326953155)	(77.0, 0.2934024130776786)	(78.0, 0.17631407750718833)	(79.0, 0.1041282539443561)	(80.0, 0.06114839140870696)	(81.0, 0.03667275844757754)	(82.0, 0.02005048735095016)	(83.0, 0.011810561042340505)	(84.0, 0.007070060227757667)	(85.0, 0.0029907880675694304)	(86.0, 0.0012919390632017609)	(87.0, 0.0007120923970403406)	(88.0, 0.00043742818675335205)	(89.0, 0.00030518245587443166)	(90.0, 0.000366218947049318)	(91.0, 0.0004679464323407952)	(92.0, 0.0007426106426277837)	(93.0, 0.001241075320556022)	(94.0, 0.0018616129808340333)	(95.0, 0.0025838781264035217)	(96.0, 0.002522841635228635)	(97.0, 0.0017700582440717035)	(98.0, 0.0013224573087892038)	(99.0, 0.0011393478352645448)	(100.0, 0.0006408831573363065)
IDDLNTM131_R2	(0.0, 2.0362076406451884e-05)	(1.0, 1.0181038203225942e-05)	(2.0, 0.0)	(3.0, 0.0)	(4.0, 0.0)	(5.0, 0.0)	(6.0, 0.0)	(7.0, 0.0)	(8.0, 0.0)	(9.0, 0.0)	(10.0, 0.0)	(11.0, 0.0)	(12.0, 0.0)	(13.0, 0.0)	(14.0, 0.0)	(15.0, 0.0)	(16.0, 0.0)	(17.0, 0.0)	(18.0, 0.0)	(19.0, 0.0)	(20.0, 0.0)	(21.0, 0.0)	(22.0, 0.0)	(23.0, 0.0)	(24.0, 1.0181038203225942e-05)	(25.0, 1.0181038203225942e-05)	(26.0, 1.0181038203225942e-05)	(27.0, 1.0181038203225942e-05)	(28.0, 2.0362076406451884e-05)	(29.0, 2.0362076406451884e-05)	(30.0, 1.0181038203225942e-05)	(31.0, 6.108622921935566e-05)	(32.0, 0.0002850690696903264)	(33.0, 0.0003766984135193599)	(34.0, 0.000356336337112908)	(35.0, 0.0008246640944613014)	(36.0, 0.00140498327204518)	(37.0, 0.0019853024496290592)	(38.0, 0.003074673537374235)	(39.0, 0.004815631070125871)	(40.0, 0.007707045919842039)	(41.0, 0.012665211524813074)	(42.0, 0.020535154055906727)	(43.0, 0.03143904597156171)	(44.0, 0.04618118928983288)	(45.0, 0.0685998354133364)	(46.0, 0.09813502724089487)	(47.0, 0.13880827486278252)	(48.0, 0.19953816774502525)	(49.0, 0.29528065100816203)	(50.0, 0.44049279890077364)	(51.0, 0.6660129761404315)	(52.0, 0.9891285855962132)	(53.0, 1.4159075260372416)	(54.0, 1.9514912217561458)	(55.0, 2.5604700218821055)	(56.0, 3.2196413403499693)	(57.0, 3.8801565558606588)	(58.0, 4.499082230311171)	(59.0, 5.076805243153226)	(60.0, 5.6227634168012175)	(61.0, 6.130237266041014)	(62.0, 6.5249052119890685)	(63.0, 6.778677770242678)	(64.0, 6.854954108461247)	(65.0, 6.73263911548769)	(66.0, 6.438162766497584)	(67.0, 5.938945739240602)	(68.0, 5.26961374464592)	(69.0, 4.504732706513961)	(70.0, 3.693029073685366)	(71.0, 2.907633243573907)	(72.0, 2.2000001832586875)	(73.0, 1.5946458327330764)	(74.0, 1.1039096102993826)	(75.0, 0.7232914970717808)	(76.0, 0.4629521691770901)	(77.0, 0.29191072736289425)	(78.0, 0.1766308317877669)	(79.0, 0.10566899551128206)	(80.0, 0.06185998812280084)	(81.0, 0.03691644452489727)	(82.0, 0.02245937027631643)	(83.0, 0.014426531133971162)	(84.0, 0.00885750323680657)	(85.0, 0.005161786369035554)	(86.0, 0.0031663028812032685)	(87.0, 0.0022398284047097077)	(88.0, 0.002178742175490352)	(89.0, 0.002168561137287126)	(90.0, 0.0020871128316613183)	(91.0, 0.0022601904811161595)	(92.0, 0.0023925439777580967)	(93.0, 0.0025350785126032603)	(94.0, 0.0026368888946355193)	(95.0, 0.003003406269951653)	(96.0, 0.004347303312777478)	(97.0, 0.0067500283287388)	(98.0, 0.010608641807761433)	(99.0, 0.021084930118880928)	(100.0, 0.09617008686767226)
IDDLNTM132_R1	(0.0, 0.0)	(1.0, 0.0)	(2.0, 0.0)	(3.0, 0.0)	(4.0, 0.0)	(5.0, 0.0)	(6.0, 0.0)	(7.0, 0.0)	(8.0, 0.0)	(9.0, 0.0)	(10.0, 0.0)	(11.0, 0.0)	(12.0, 0.0)	(13.0, 0.0)	(14.0, 0.0)	(15.0, 0.0)	(16.0, 0.0)	(17.0, 0.0)	(18.0, 0.0)	(19.0, 0.0)	(20.0, 0.0)	(21.0, 0.0)	(22.0, 0.0)	(23.0, 0.0)	(24.0, 0.0)	(25.0, 0.0)	(26.0, 0.0)	(27.0, 0.0)	(28.0, 0.0)	(29.0, 1.813653948660172e-05)	(30.0, 0.00018136539486601723)	(31.0, 0.00019950193435261894)	(32.0, 0.00021763847383922066)	(33.0, 0.00038993559896193707)	(34.0, 0.0003808673292186362)	(35.0, 0.0004262086779351405)	(36.0, 0.0006166423425444585)	(37.0, 0.001106328908682705)	(38.0, 0.0019315414553230834)	(39.0, 0.0034187376932244243)	(40.0, 0.005858102254172356)	(41.0, 0.008868767808948241)	(42.0, 0.013928862325710122)	(43.0, 0.02254371858184594)	(44.0, 0.03391532883994522)	(45.0, 0.05000243936456095)	(46.0, 0.07176628674848301)	(47.0, 0.10073034030858596)	(48.0, 0.14469331202410854)	(49.0, 0.20723716844365456)	(50.0, 0.2944195137557491)	(51.0, 0.427822829949448)	(52.0, 0.6291474865204705)	(53.0, 0.9195497567799372)	(54.0, 1.3115982625920632)	(55.0, 1.8376123173219732)	(56.0, 2.4848510019803287)	(57.0, 3.2386962657409293)	(58.0, 4.104344227166687)	(59.0, 5.0215453020831085)	(60.0, 5.905964581877498)	(61.0, 6.644946951528828)	(62.0, 7.203860688887434)	(63.0, 7.562401937998063)	(64.0, 7.614308714008717)	(65.0, 7.392099832218873)	(66.0, 6.955870716217386)	(67.0, 6.2727035468360715)	(68.0, 5.459379501829161)	(69.0, 4.601775095665712)	(70.0, 3.7282105347540533)	(71.0, 2.918541002453692)	(72.0, 2.2055210890774326)	(73.0, 1.5936758612271797)	(74.0, 1.094331587812318)	(75.0, 0.7229587370149179)	(76.0, 0.46428634258726076)	(77.0, 0.29095543471380814)	(78.0, 0.17776529177792677)	(79.0, 0.107332040681709)	(80.0, 0.06441191998666602)	(81.0, 0.03522115968298054)	(82.0, 0.01643170477486116)	(83.0, 0.008478832209986305)	(84.0, 0.004080721384485388)	(85.0, 0.0014146500799549343)	(86.0, 0.0006982567702341663)	(87.0, 0.00046248175690834394)	(88.0, 0.0003717990594753353)	(89.0, 0.00046248175690834394)	(90.0, 0.0004443452174217422)	(91.0, 0.0004352769476784413)	(92.0, 0.0006438471517743611)	(93.0, 0.0011516702573992094)	(94.0, 0.0018317904881467741)	(95.0, 0.002022224152756092)	(96.0, 0.001822722218403473)	(97.0, 0.0014418548891848369)	(98.0, 0.001233284685088917)	(99.0, 0.0012876943035487222)	(100.0, 0.0007435981189506706)
IDDLNTM132_R2	(0.0, 0.0)	(1.0, 9.074690968205097e-06)	(2.0, 9.074690968205097e-06)	(3.0, 0.0)	(4.0, 0.0)	(5.0, 0.0)	(6.0, 0.0)	(7.0, 0.0)	(8.0, 0.0)	(9.0, 0.0)	(10.0, 0.0)	(11.0, 0.0)	(12.0, 0.0)	(13.0, 0.0)	(14.0, 0.0)	(15.0, 9.074690968205097e-06)	(16.0, 9.074690968205097e-06)	(17.0, 0.0)	(18.0, 0.0)	(19.0, 0.0)	(20.0, 0.0)	(21.0, 0.0)	(22.0, 0.0)	(23.0, 0.0)	(24.0, 0.0)	(25.0, 0.0)	(26.0, 0.0)	(27.0, 2.7224072904615286e-05)	(28.0, 2.7224072904615286e-05)	(29.0, 4.537345484102548e-05)	(30.0, 0.00018149381936410192)	(31.0, 0.00020871789226871722)	(32.0, 0.00028131542001435796)	(33.0, 0.00040836109356922934)	(34.0, 0.00039021171163281914)	(35.0, 0.0006352283677743567)	(36.0, 0.0011797098258666625)	(37.0, 0.0018784610304184548)	(38.0, 0.003176141838871784)	(39.0, 0.005408515817050237)	(40.0, 0.008103699034607151)	(41.0, 0.012722716737423544)	(42.0, 0.020381755914588646)	(43.0, 0.03154362580548091)	(44.0, 0.04511936349391574)	(45.0, 0.06368618121486337)	(46.0, 0.08953090109231147)	(47.0, 0.1219638466126765)	(48.0, 0.16709228479756041)	(49.0, 0.23389108501451814)	(50.0, 0.33430254057770753)	(51.0, 0.4902874036301849)	(52.0, 0.7256848873454251)	(53.0, 1.069824392932667)	(54.0, 1.5483963705228991)	(55.0, 2.176600927487865)	(56.0, 2.918856200541233)	(57.0, 3.717347333524567)	(58.0, 4.56276369350449)	(59.0, 5.367833977439774)	(60.0, 6.036112369720334)	(61.0, 6.549576534083314)	(62.0, 6.902917776312316)	(63.0, 7.090727580590289)	(64.0, 7.074982991760454)	(65.0, 6.88469579684816)	(66.0, 6.514956588039612)	(67.0, 5.95624601450916)	(68.0, 5.260217217247829)	(69.0, 4.483351072841728)	(70.0, 3.6767471661328175)	(71.0, 2.8970406434536677)	(72.0, 2.209169993372753)	(73.0, 1.601483312686899)	(74.0, 1.1007237156794054)	(75.0, 0.7353040597717225)	(76.0, 0.47287307166219933)	(77.0, 0.2917785387006985)	(78.0, 0.17779134544907424)	(79.0, 0.10464026155437296)	(80.0, 0.05793282714102134)	(81.0, 0.03293205352361629)	(82.0, 0.01848514550223378)	(83.0, 0.010063832283739452)	(84.0, 0.005245171379622546)	(85.0, 0.0027224072904615286)	(86.0, 0.0023503449607651197)	(87.0, 0.0020871789226871718)	(88.0, 0.002177925832369223)	(89.0, 0.0023503449607651197)	(90.0, 0.002096253613655377)	(91.0, 0.0019147597942912751)	(92.0, 0.001969207940100506)	(93.0, 0.0019419838671958906)	(94.0, 0.0020418054678461466)	(95.0, 0.002277747433019479)	(96.0, 0.00279500481820717)	(97.0, 0.004183432536342549)	(98.0, 0.0069330638997086936)	(99.0, 0.014882493187856359)	(100.0, 0.08146350082157715)
IDDLNTM135_R1	(0.0, 0.0)	(1.0, 0.0)	(2.0, 0.0)	(3.0, 0.0)	(4.0, 0.0)	(5.0, 0.0)	(6.0, 0.0)	(7.0, 0.0)	(8.0, 0.0)	(9.0, 0.0)	(10.0, 0.0)	(11.0, 0.0)	(12.0, 0.0)	(13.0, 0.0)	(14.0, 1.0836910778196396e-05)	(15.0, 1.0836910778196396e-05)	(16.0, 0.0)	(17.0, 0.0)	(18.0, 0.0)	(19.0, 0.0)	(20.0, 0.0)	(21.0, 0.0)	(22.0, 0.0)	(23.0, 0.0)	(24.0, 0.0)	(25.0, 0.0)	(26.0, 0.0)	(27.0, 0.0)	(28.0, 1.0836910778196396e-05)	(29.0, 2.1673821556392792e-05)	(30.0, 0.00014087984011655315)	(31.0, 0.00019506439400753515)	(32.0, 0.00022757512634212433)	(33.0, 0.00044431334190605224)	(34.0, 0.0004334764311278558)	(35.0, 0.0004009656987932666)	(36.0, 0.0005960300928008018)	(37.0, 0.0011162018101542287)	(38.0, 0.00186394865384978)	(39.0, 0.00279592298077467)	(40.0, 0.004768240742406414)	(41.0, 0.007835086492635994)	(42.0, 0.012516631948816836)	(43.0, 0.0207418472294679)	(44.0, 0.030939380271750708)	(45.0, 0.04672875927558286)	(46.0, 0.0703315509504946)	(47.0, 0.10079410714800467)	(48.0, 0.1422669646961623)	(49.0, 0.20397233466721257)	(50.0, 0.3019921926559989)	(51.0, 0.4422001443043039)	(52.0, 0.6449804187859149)	(53.0, 0.9181464287719114)	(54.0, 1.2969831557561011)	(55.0, 1.813351117426381)	(56.0, 2.45115750127713)	(57.0, 3.218389110551878)	(58.0, 4.091670728702057)	(59.0, 5.007194625065645)	(60.0, 5.899202425040547)	(61.0, 6.686341439414842)	(62.0, 7.2761944930720714)	(63.0, 7.5949297128803845)	(64.0, 7.617026173957127)	(65.0, 7.386449223329442)	(66.0, 6.927939528303952)	(67.0, 6.271417799539258)	(68.0, 5.474547239286142)	(69.0, 4.599347487928223)	(70.0, 3.7161500964159955)	(71.0, 2.8900740616156404)	(72.0, 2.1824671354425282)	(73.0, 1.5877157981135541)	(74.0, 1.1004124311503967)	(75.0, 0.7328352544647531)	(76.0, 0.4727927434311523)	(77.0, 0.29713725662736695)	(78.0, 0.1824502298617145)	(79.0, 0.10976706927235129)	(80.0, 0.06424120709314823)	(81.0, 0.03735483145244298)	(82.0, 0.020004937296550545)	(83.0, 0.010869421510530984)	(84.0, 0.006697210860925372)	(85.0, 0.0036520389322521854)	(86.0, 0.0018206010107369947)	(87.0, 0.0008561159514775152)	(88.0, 0.000520171717353427)	(89.0, 0.0004334764311278558)	(90.0, 0.0003359442341240883)	(91.0, 0.0003901287880150703)	(92.0, 0.0006827253790263729)	(93.0, 0.001040343434706854)	(94.0, 0.0014304722227219241)	(95.0, 0.0019614808508535476)	(96.0, 0.002199892887973868)	(97.0, 0.0016472104382858521)	(98.0, 0.001289592382605371)	(99.0, 0.0013871245796091387)	(100.0, 0.0007585837544737476)
IDDLNTM135_R2	(0.0, 0.0)	(1.0, 0.0)	(2.0, 0.0)	(3.0, 0.0)	(4.0, 0.0)	(5.0, 0.0)	(6.0, 0.0)	(7.0, 0.0)	(8.0, 0.0)	(9.0, 0.0)	(10.0, 0.0)	(11.0, 0.0)	(12.0, 0.0)	(13.0, 0.0)	(14.0, 0.0)	(15.0, 0.0)	(16.0, 0.0)	(17.0, 1.0843987551102291e-05)	(18.0, 1.0843987551102291e-05)	(19.0, 0.0)	(20.0, 0.0)	(21.0, 0.0)	(22.0, 0.0)	(23.0, 0.0)	(24.0, 0.0)	(25.0, 0.0)	(26.0, 0.0)	(27.0, 0.0)	(28.0, 1.0843987551102291e-05)	(29.0, 6.506392530661374e-05)	(30.0, 0.00031447563898196645)	(31.0, 0.0003253196265330688)	(32.0, 0.00031447563898196645)	(33.0, 0.0005421993775551146)	(34.0, 0.0004771354522485008)	(35.0, 0.0007265471659238536)	(36.0, 0.0012904345185811726)	(37.0, 0.0022555494106292766)	(38.0, 0.003307416203086199)	(39.0, 0.004630382684320679)	(40.0, 0.00799201882516239)	(41.0, 0.012579025559278657)	(42.0, 0.01936736176626869)	(43.0, 0.02966914993981587)	(44.0, 0.04525196005074986)	(45.0, 0.06690740319030114)	(46.0, 0.09624038951603284)	(47.0, 0.14178513723066247)	(48.0, 0.20360671025949661)	(49.0, 0.30111584631900845)	(50.0, 0.45600052051140244)	(51.0, 0.6867497316113081)	(52.0, 1.019508333604433)	(53.0, 1.4466530032423521)	(54.0, 1.9816628170510862)	(55.0, 2.60915015669562)	(56.0, 3.2506479282561784)	(57.0, 3.8879057006842555)	(58.0, 4.517735341639828)	(59.0, 5.094440287582549)	(60.0, 5.622878644935316)	(61.0, 6.097270568333387)	(62.0, 6.484856371384885)	(63.0, 6.739115347495581)	(64.0, 6.806261318412006)	(65.0, 6.709988396933321)	(66.0, 6.430538837741414)	(67.0, 5.941811162800785)	(68.0, 5.268779075441621)	(69.0, 4.483771972629776)	(70.0, 3.668651116388518)	(71.0, 2.8872008414934336)	(72.0, 2.1938037455133)	(73.0, 1.5985013609204377)	(74.0, 1.107800080245508)	(75.0, 0.7344632768361582)	(76.0, 0.47521606645195574)	(77.0, 0.2980144658793932)	(78.0, 0.1817343873689233)	(79.0, 0.10836396759816519)	(80.0, 0.06328551134823297)	(81.0, 0.03823590010518668)	(82.0, 0.022392834293026232)	(83.0, 0.013522452476224557)	(84.0, 0.008642658078228527)	(85.0, 0.004608694709218474)	(86.0, 0.003079692464513051)	(87.0, 0.0022013294728737655)	(88.0, 0.0019302297840962078)	(89.0, 0.001984449721851719)	(90.0, 0.0018109459210340828)	(91.0, 0.0016265981326653435)	(92.0, 0.0016265981326653435)	(93.0, 0.001680818070420855)	(94.0, 0.001680818070420855)	(95.0, 0.0017892579459318782)	(96.0, 0.002342301311038095)	(97.0, 0.003827927605539109)	(98.0, 0.006343732717394841)	(99.0, 0.013804396152553217)	(100.0, 0.0753114935424054)
IDDLNTM136_R1	(0.0, 0.0)	(1.0, 0.0)	(2.0, 0.0)	(3.0, 0.0)	(4.0, 0.0)	(5.0, 0.0)	(6.0, 0.0)	(7.0, 0.0)	(8.0, 0.0)	(9.0, 0.0)	(10.0, 0.0)	(11.0, 0.0)	(12.0, 0.0)	(13.0, 0.0)	(14.0, 1.2204867984824956e-05)	(15.0, 1.2204867984824956e-05)	(16.0, 0.0)	(17.0, 0.0)	(18.0, 0.0)	(19.0, 0.0)	(20.0, 0.0)	(21.0, 0.0)	(22.0, 0.0)	(23.0, 0.0)	(24.0, 0.0)	(25.0, 0.0)	(26.0, 0.0)	(27.0, 0.0)	(28.0, 0.0)	(29.0, 0.0)	(30.0, 0.0)	(31.0, 1.2204867984824956e-05)	(32.0, 0.00010984381186342459)	(33.0, 0.0002929168316357989)	(34.0, 0.0005003995873778231)	(35.0, 0.0009031602308770467)	(36.0, 0.0010374137787101212)	(37.0, 0.0012082819304976705)	(38.0, 0.0020504178214505926)	(39.0, 0.003551616583584062)	(40.0, 0.005931565840624929)	(41.0, 0.00940995321630004)	(42.0, 0.01578089430437867)	(43.0, 0.025325101068511786)	(44.0, 0.03910439702337916)	(45.0, 0.05710657730099597)	(46.0, 0.0829931022968097)	(47.0, 0.123830590574034)	(48.0, 0.17941155937692682)	(49.0, 0.2655535176138214)	(50.0, 0.391080584837746)	(51.0, 0.5684173166572526)	(52.0, 0.8348373798979967)	(53.0, 1.1921226852857623)	(54.0, 1.654980098742264)	(55.0, 2.2295242591278988)	(56.0, 2.9043924343487943)	(57.0, 3.655931590250361)	(58.0, 4.444744412977583)	(59.0, 5.2317753249790195)	(60.0, 5.945979789715007)	(61.0, 6.54224861511363)	(62.0, 6.945082487820763)	(63.0, 7.140006434406401)	(64.0, 7.160095647109424)	(65.0, 6.942751358035661)	(66.0, 6.5230015383015605)	(67.0, 5.9512400878164655)	(68.0, 5.247141253771915)	(69.0, 4.455728794163925)	(70.0, 3.628641505436293)	(71.0, 2.8630545464841926)	(72.0, 2.1731499739059923)	(73.0, 1.5671782784594332)	(74.0, 1.082889116821579)	(75.0, 0.7167674870128)	(76.0, 0.46346765685574287)	(77.0, 0.2948452007774013)	(78.0, 0.1782643017863533)	(79.0, 0.10258191541245375)	(80.0, 0.05979164825765746)	(81.0, 0.03591892647933984)	(82.0, 0.01984511534332538)	(83.0, 0.011680058661477482)	(84.0, 0.00682252120351715)	(85.0, 0.003295314355902738)	(86.0, 0.0017086815178754939)	(87.0, 0.0007322920790894974)	(88.0, 0.0003539411715599237)	(89.0, 0.00037835090752957363)	(90.0, 0.0003295314355902738)	(91.0, 0.0003295314355902738)	(92.0, 0.00048819471939299825)	(93.0, 0.0010618235146797712)	(94.0, 0.0018063204617540934)	(95.0, 0.0023189249171167415)	(96.0, 0.002148056765329192)	(97.0, 0.001586632838027244)	(98.0, 0.0014035598182548699)	(99.0, 0.0012693062704217954)	(100.0, 0.0006712677391653726)
IDDLNTM136_R2	(0.0, 2.4426982680170065e-05)	(1.0, 1.2213491340085032e-05)	(2.0, 0.0)	(3.0, 0.0)	(4.0, 0.0)	(5.0, 0.0)	(6.0, 1.2213491340085032e-05)	(7.0, 1.2213491340085032e-05)	(8.0, 0.0)	(9.0, 0.0)	(10.0, 0.0)	(11.0, 0.0)	(12.0, 0.0)	(13.0, 0.0)	(14.0, 0.0)	(15.0, 0.0)	(16.0, 0.0)	(17.0, 0.0)	(18.0, 0.0)	(19.0, 0.0)	(20.0, 0.0)	(21.0, 0.0)	(22.0, 0.0)	(23.0, 0.0)	(24.0, 0.0)	(25.0, 0.0)	(26.0, 0.0)	(27.0, 0.0)	(28.0, 1.2213491340085032e-05)	(29.0, 1.2213491340085032e-05)	(30.0, 6.106745670042516e-05)	(31.0, 9.770793072068026e-05)	(32.0, 0.00020762935278144555)	(33.0, 0.00046411267092323123)	(34.0, 0.0005984610756641667)	(35.0, 0.0010381467639072278)	(36.0, 0.0016121808568912244)	(37.0, 0.001954158614413605)	(38.0, 0.0031877212397621937)	(39.0, 0.005276228258916734)	(40.0, 0.008244106654557397)	(41.0, 0.013080649225231071)	(42.0, 0.02082400273484498)	(43.0, 0.03137645925267845)	(44.0, 0.04550746873315683)	(45.0, 0.06738183172324912)	(46.0, 0.09528965943534343)	(47.0, 0.13466595551577756)	(48.0, 0.18823432853339053)	(49.0, 0.2699303721072193)	(50.0, 0.3956926924360749)	(51.0, 0.5843789201490486)	(52.0, 0.8649594567048221)	(53.0, 1.2637421624499383)	(54.0, 1.7886169527900928)	(55.0, 2.4218376248081412)	(56.0, 3.1442045701174703)	(57.0, 3.9010868419538802)	(58.0, 4.636742065841222)	(59.0, 5.285266242508397)	(60.0, 5.857969064936324)	(61.0, 6.3365547230975565)	(62.0, 6.669140305779411)	(63.0, 6.875255185634686)	(64.0, 6.898485246163529)	(65.0, 6.7316123139839465)	(66.0, 6.413035605869169)	(67.0, 5.895647685720486)	(68.0, 5.208651011332044)	(69.0, 4.4411185750470805)	(70.0, 3.6548506430464256)	(71.0, 2.895867650699522)	(72.0, 2.194874315235341)	(73.0, 1.6004436917134026)	(74.0, 1.1081544962685952)	(75.0, 0.719032662173486)	(76.0, 0.4590074315430758)	(77.0, 0.2951390182331548)	(78.0, 0.18074745834191838)	(79.0, 0.10661156590760226)	(80.0, 0.06441395332760846)	(81.0, 0.03865570009136913)	(82.0, 0.022289621695655185)	(83.0, 0.013605829352854728)	(84.0, 0.00887920820424182)	(85.0, 0.005202947310876224)	(86.0, 0.0032365752051225338)	(87.0, 0.0024182712853368367)	(88.0, 0.0017221022789519894)	(89.0, 0.0015633268915308841)	(90.0, 0.0017098887876119046)	(91.0, 0.0016366078395713944)	(92.0, 0.0016243943482313092)	(93.0, 0.0016488213309114796)	(94.0, 0.0017953832269924997)	(95.0, 0.0021129340018347107)	(96.0, 0.0024060577939967512)	(97.0, 0.004262508477689677)	(98.0, 0.0067662742024071085)	(99.0, 0.0146073356427417)	(100.0, 0.0815983356431081)
IDDLNTM137_R1	(0.0, 0.0)	(1.0, 0.0)	(2.0, 0.0)	(3.0, 0.0)	(4.0, 0.0)	(5.0, 0.0)	(6.0, 0.0)	(7.0, 0.0)	(8.0, 0.0)	(9.0, 0.0)	(10.0, 0.0)	(11.0, 0.0)	(12.0, 0.0)	(13.0, 8.850929807878178e-06)	(14.0, 8.850929807878178e-06)	(15.0, 0.0)	(16.0, 0.0)	(17.0, 0.0)	(18.0, 0.0)	(19.0, 0.0)	(20.0, 0.0)	(21.0, 0.0)	(22.0, 0.0)	(23.0, 0.0)	(24.0, 8.850929807878178e-06)	(25.0, 8.850929807878178e-06)	(26.0, 0.0)	(27.0, 0.0)	(28.0, 0.0)	(29.0, 0.0)	(30.0, 0.0)	(31.0, 0.0)	(32.0, 0.0)	(33.0, 0.0)	(34.0, 3.540371923151271e-05)	(35.0, 3.540371923151271e-05)	(36.0, 2.6552789423634534e-05)	(37.0, 0.00014161487692605085)	(38.0, 0.00043369556058603067)	(39.0, 0.0011683227346399193)	(40.0, 0.0020711175750434936)	(41.0, 0.003177483801028266)	(42.0, 0.0050184772010669265)	(43.0, 0.008027793335745506)	(44.0, 0.011019407610808331)	(45.0, 0.014657139761846261)	(46.0, 0.02257872193989723)	(47.0, 0.035235551565163024)	(48.0, 0.05279579630399333)	(49.0, 0.07263073000344832)	(50.0, 0.1043613133646916)	(51.0, 0.154900122567676)	(52.0, 0.22553939336435172)	(53.0, 0.3236962049337207)	(54.0, 0.4563362390345831)	(55.0, 0.6349037479085252)	(56.0, 0.8774900320828503)	(57.0, 1.2044345282560625)	(58.0, 1.6086033870030114)	(59.0, 2.098546606518108)	(60.0, 2.670130802581073)	(61.0, 3.313717312631127)	(62.0, 4.022915765346982)	(63.0, 4.70527819888535)	(64.0, 5.310690648674025)	(65.0, 5.821743335780911)	(66.0, 6.21631778661612)	(67.0, 6.467551429212742)	(68.0, 6.572983705084187)	(69.0, 6.555910261484789)	(70.0, 6.339195245138892)	(71.0, 5.937221416984297)	(72.0, 5.4414631365854245)	(73.0, 4.838298822967951)	(74.0, 4.177780484195425)	(75.0, 3.5278124537538917)	(76.0, 2.88450917345769)	(77.0, 2.262067534718657)	(78.0, 1.6929173443528591)	(79.0, 1.2187287798957855)	(80.0, 0.8365367798617981)	(81.0, 0.5417919663296469)	(82.0, 0.33190986779543163)	(83.0, 0.18793179261067736)	(84.0, 0.1004226496001858)	(85.0, 0.05034408874721107)	(86.0, 0.023977168849541982)	(87.0, 0.011435401311778606)	(88.0, 0.004868011394332997)	(89.0, 0.002195030592353788)	(90.0, 0.0010267078577138686)	(91.0, 0.0006372669461672287)	(92.0, 0.0007169253144381324)	(93.0, 0.0010090059980981123)	(94.0, 0.0012656829625265792)	(95.0, 0.0015931673654180718)	(96.0, 0.0017701859615756356)	(97.0, 0.0016285710846495847)	(98.0, 0.0015223599269550464)	(99.0, 0.001442701558684143)	(100.0, 0.0008408383317484268)
IDDLNTM137_R2	(0.0, 0.0)	(1.0, 0.0)	(2.0, 0.0)	(3.0, 0.0)	(4.0, 0.0)	(5.0, 0.0)	(6.0, 0.0)	(7.0, 0.0)	(8.0, 0.0)	(9.0, 0.0)	(10.0, 0.0)	(11.0, 0.0)	(12.0, 0.0)	(13.0, 0.0)	(14.0, 0.0)	(15.0, 0.0)	(16.0, 0.0)	(17.0, 0.0)	(18.0, 0.0)	(19.0, 0.0)	(20.0, 0.0)	(21.0, 0.0)	(22.0, 0.0)	(23.0, 0.0)	(24.0, 8.858270768105088e-06)	(25.0, 8.858270768105088e-06)	(26.0, 8.858270768105088e-06)	(27.0, 8.858270768105088e-06)	(28.0, 0.0)	(29.0, 8.858270768105088e-06)	(30.0, 8.858270768105088e-06)	(31.0, 8.858270768105088e-06)	(32.0, 4.4291353840525436e-05)	(33.0, 5.314962460863052e-05)	(34.0, 8.858270768105087e-05)	(35.0, 0.00012401579075347122)	(36.0, 0.000203740227666417)	(37.0, 0.0005935041414630408)	(38.0, 0.001098425575245031)	(39.0, 0.0017362210705485972)	(40.0, 0.0032066940180540417)	(41.0, 0.0051555135870371615)	(42.0, 0.0072992151129185915)	(43.0, 0.011196854250884831)	(44.0, 0.015927170841052947)	(45.0, 0.021516739695727257)	(46.0, 0.0315177273929179)	(47.0, 0.046904543717116436)	(48.0, 0.0665256134684692)	(49.0, 0.0915945197422066)	(50.0, 0.13188193519554853)	(51.0, 0.18996561662201358)	(52.0, 0.27705127654325473)	(53.0, 0.40334364288412894)	(54.0, 0.5760267732375696)	(55.0, 0.819593786277387)	(56.0, 1.145294685879075)	(57.0, 1.5505605735198826)	(58.0, 2.0155489226792547)	(59.0, 2.5269280358511934)	(60.0, 3.061622117684785)	(61.0, 3.598840806687286)	(62.0, 4.133933510705442)	(63.0, 4.604334263304126)	(64.0, 5.0325607887758625)	(65.0, 5.411358163361572)	(66.0, 5.7161801187628365)	(67.0, 5.983620171522697)	(68.0, 6.1656487775364885)	(69.0, 6.230836792118974)	(70.0, 6.108743246122182)	(71.0, 5.794035460543712)	(72.0, 5.364958541078237)	(73.0, 4.806400277795371)	(74.0, 4.174566398718739)	(75.0, 3.538834880504142)	(76.0, 2.8994891878161573)	(77.0, 2.270144482825363)	(78.0, 1.6913716456496812)	(79.0, 1.216612623833089)	(80.0, 0.8389402496349285)	(81.0, 0.5464578654136347)	(82.0, 0.3337885008129678)	(83.0, 0.1917018376925622)	(84.0, 0.10395180746371321)	(85.0, 0.05269785279945717)	(86.0, 0.02641536343048937)	(87.0, 0.013393705401374892)	(88.0, 0.00699803390680302)	(89.0, 0.003755906805676557)	(90.0, 0.0025777567935185808)	(91.0, 0.002214567692026272)	(92.0, 0.002250000775098692)	(93.0, 0.002241142504330587)	(94.0, 0.0021348432551133263)	(95.0, 0.0024803158150694246)	(96.0, 0.0030029537903876248)	(97.0, 0.0039950801164153945)	(98.0, 0.00656397863916587)	(99.0, 0.015183076096532121)	(100.0, 0.09411912691111655)
IDDLNTM139_R1	(0.0, 0.0)	(1.0, 0.0)	(2.0, 0.0)	(3.0, 0.0)	(4.0, 0.0)	(5.0, 0.0)	(6.0, 0.0)	(7.0, 0.0)	(8.0, 0.0)	(9.0, 0.0)	(10.0, 0.0)	(11.0, 0.0)	(12.0, 0.0)	(13.0, 0.0)	(14.0, 0.0)	(15.0, 0.0)	(16.0, 0.0)	(17.0, 0.0)	(18.0, 0.0)	(19.0, 0.0)	(20.0, 0.0)	(21.0, 0.0)	(22.0, 0.0)	(23.0, 0.0)	(24.0, 0.0)	(25.0, 0.0)	(26.0, 0.0)	(27.0, 0.0)	(28.0, 0.0)	(29.0, 0.0)	(30.0, 0.0)	(31.0, 0.0)	(32.0, 0.0)	(33.0, 0.0)	(34.0, 3.124193079506184e-05)	(35.0, 4.686289619259276e-05)	(36.0, 3.124193079506184e-05)	(37.0, 7.81048269876546e-05)	(38.0, 0.00040614510033580386)	(39.0, 0.0012496772318024735)	(40.0, 0.0020463464670765503)	(41.0, 0.003202297906493838)	(42.0, 0.0050768137541975485)	(43.0, 0.00832597455688398)	(44.0, 0.012496772318024735)	(45.0, 0.01838587627289389)	(46.0, 0.02777407647680997)	(47.0, 0.043457525735931014)	(48.0, 0.06696707865921504)	(49.0, 0.09947430765147688)	(50.0, 0.14702452632156102)	(51.0, 0.22195829733351685)	(52.0, 0.33499160295005054)	(53.0, 0.4885925557039721)	(54.0, 0.691368307529321)	(55.0, 0.9646570971591243)	(56.0, 1.3043506106938318)	(57.0, 1.700623260898396)	(58.0, 2.1407127190430346)	(59.0, 2.639255829705234)	(60.0, 3.168181718065631)	(61.0, 3.685735543616625)	(62.0, 4.226408397955965)	(63.0, 4.701691891141241)	(64.0, 5.087357905840882)	(65.0, 5.425536185732029)	(66.0, 5.718476149831926)	(67.0, 5.950056961850322)	(68.0, 6.096191093144224)	(69.0, 6.132259902247123)	(70.0, 5.963615959815379)	(71.0, 5.6535554176397875)	(72.0, 5.263702984213609)	(73.0, 4.7253576537185005)	(74.0, 4.095895232059594)	(75.0, 3.4543265622176023)	(76.0, 2.809649320261501)	(77.0, 2.184826325325662)	(78.0, 1.6294385215818477)	(79.0, 1.1629808738461769)	(80.0, 0.7844067774370151)	(81.0, 0.5040416904821302)	(82.0, 0.3049524864905986)	(83.0, 0.1697998938711611)	(84.0, 0.08797727711889414)	(85.0, 0.04401988049024213)	(86.0, 0.02021352922440501)	(87.0, 0.0088414664150025)	(88.0, 0.0035147172144444567)	(89.0, 0.0014996126781629683)	(90.0, 0.0008279111660691388)	(91.0, 0.000577975719708644)	(92.0, 0.000593596685106175)	(93.0, 0.0007810482698765459)	(94.0, 0.0011715724048148189)	(95.0, 0.0015933384705481535)	(96.0, 0.0016870642629333394)	(97.0, 0.0014058868857777828)	(98.0, 0.0016714432975358084)	(99.0, 0.001733927159125932)	(100.0, 0.0008591530968642006)
IDDLNTM139_R2	(0.0, 3.1268815032295214e-05)	(1.0, 1.5634407516147607e-05)	(2.0, 0.0)	(3.0, 0.0)	(4.0, 0.0)	(5.0, 1.5634407516147607e-05)	(6.0, 3.1268815032295214e-05)	(7.0, 1.5634407516147607e-05)	(8.0, 0.0)	(9.0, 0.0)	(10.0, 0.0)	(11.0, 0.0)	(12.0, 0.0)	(13.0, 0.0)	(14.0, 0.0)	(15.0, 0.0)	(16.0, 0.0)	(17.0, 0.0)	(18.0, 0.0)	(19.0, 0.0)	(20.0, 0.0)	(21.0, 0.0)	(22.0, 0.0)	(23.0, 0.0)	(24.0, 0.0)	(25.0, 0.0)	(26.0, 0.0)	(27.0, 1.5634407516147607e-05)	(28.0, 3.1268815032295214e-05)	(29.0, 3.1268815032295214e-05)	(30.0, 1.5634407516147607e-05)	(31.0, 1.5634407516147607e-05)	(32.0, 3.1268815032295214e-05)	(33.0, 1.5634407516147607e-05)	(34.0, 6.253763006459043e-05)	(35.0, 9.380644509688563e-05)	(36.0, 0.00012507526012918085)	(37.0, 0.000359591372871395)	(38.0, 0.0010787741186141849)	(39.0, 0.0022200858672929602)	(40.0, 0.0032519567633587025)	(41.0, 0.005049913627715677)	(42.0, 0.007832838165589951)	(43.0, 0.01300782705343481)	(44.0, 0.01877692342689328)	(45.0, 0.024749267098061665)	(46.0, 0.03567771795184884)	(47.0, 0.05396997474574154)	(48.0, 0.0816116072342905)	(49.0, 0.11985336801878756)	(50.0, 0.17974878321314905)	(51.0, 0.2721168628185491)	(52.0, 0.4113725305648758)	(53.0, 0.606067807363462)	(54.0, 0.8610024563217649)	(55.0, 1.1892781109383161)	(56.0, 1.5636752677275028)	(57.0, 1.9549575846341292)	(58.0, 2.33976725682907)	(59.0, 2.738319573230705)	(60.0, 3.128710728908911)	(61.0, 3.510940723863688)	(62.0, 3.961196025921222)	(63.0, 4.395863823685158)	(64.0, 4.798715602153734)	(65.0, 5.21118254124474)	(66.0, 5.559939269707445)	(67.0, 5.840764497512488)	(68.0, 6.045340719861279)	(69.0, 6.092431555299916)	(70.0, 5.9318349212940475)	(71.0, 5.624634448009263)	(72.0, 5.227145271318726)	(73.0, 4.713898941378632)	(74.0, 4.104594811659328)	(75.0, 3.456986383525462)	(76.0, 2.8098938908396285)	(77.0, 2.19086515964528)	(78.0, 1.6337955854374249)	(79.0, 1.1618084569324447)	(80.0, 0.7909134074268751)	(81.0, 0.5118705020786727)	(82.0, 0.3063249464638801)	(83.0, 0.17308852561127014)	(84.0, 0.09350939135407883)	(85.0, 0.046699975250732904)	(86.0, 0.02266989089841403)	(87.0, 0.011475655116852343)	(88.0, 0.006378838266588224)	(89.0, 0.004236924436876002)	(90.0, 0.003111247095713374)	(91.0, 0.002517139610099765)	(92.0, 0.0024389675725190268)	(93.0, 0.002517139610099765)	(94.0, 0.0026422148702289457)	(95.0, 0.002689118092777388)	(96.0, 0.003455204061068621)	(97.0, 0.0050186448126833825)	(98.0, 0.007645225275396179)	(99.0, 0.017229117082794662)	(100.0, 0.09873128346447213)
IDDLNTM14.A_R1	(0.0, 0.0)	(1.0, 0.0)	(2.0, 0.0)	(3.0, 0.0)	(4.0, 0.0)	(5.0, 0.0)	(6.0, 0.0)	(7.0, 0.0)	(8.0, 0.0)	(9.0, 0.0)	(10.0, 0.0)	(11.0, 0.0)	(12.0, 0.0)	(13.0, 0.0)	(14.0, 0.0)	(15.0, 0.0)	(16.0, 0.0)	(17.0, 0.0)	(18.0, 0.0)	(19.0, 0.0)	(20.0, 0.0)	(21.0, 0.0)	(22.0, 0.0)	(23.0, 0.0)	(24.0, 0.0)	(25.0, 0.0)	(26.0, 0.0)	(27.0, 0.0)	(28.0, 0.0)	(29.0, 1.2176294726726809e-05)	(30.0, 1.2176294726726809e-05)	(31.0, 0.0)	(32.0, 1.2176294726726809e-05)	(33.0, 1.2176294726726809e-05)	(34.0, 0.0)	(35.0, 3.6528884180180426e-05)	(36.0, 0.0001339392419939949)	(37.0, 0.0002922310734414434)	(38.0, 0.0005966384416096136)	(39.0, 0.0011202191148588663)	(40.0, 0.001899501977369382)	(41.0, 0.003202365513129151)	(42.0, 0.004967928248504538)	(43.0, 0.0076710656778378895)	(44.0, 0.01198147401109918)	(45.0, 0.019323779731315445)	(46.0, 0.030075447975015216)	(47.0, 0.04516187714142973)	(48.0, 0.07118261897244492)	(49.0, 0.10947706588800073)	(50.0, 0.16599942600946657)	(51.0, 0.2548376723356654)	(52.0, 0.3897510179077984)	(53.0, 0.5814180732012051)	(54.0, 0.8338448391809786)	(55.0, 1.148455942330146)	(56.0, 1.5441368157698603)	(57.0, 2.0046808112188486)	(58.0, 2.510252744567272)	(59.0, 3.033614244511444)	(60.0, 3.5324039816970805)	(61.0, 4.0061836095140215)	(62.0, 4.4447859218654475)	(63.0, 4.820059325343168)	(64.0, 5.122287136755254)	(65.0, 5.363389948639171)	(66.0, 5.548213926296158)	(67.0, 5.713641066453468)	(68.0, 5.830204735872424)	(69.0, 5.831422365345096)	(70.0, 5.662731978201023)	(71.0, 5.341691791436144)	(72.0, 4.9318133583450665)	(73.0, 4.423599169040942)	(74.0, 3.859203555867702)	(75.0, 3.2632956919416913)	(76.0, 2.6733542124317777)	(77.0, 2.102334694927197)	(78.0, 1.5707054908635782)	(79.0, 1.135926535056344)	(80.0, 0.7867956363569063)	(81.0, 0.517236823696628)	(82.0, 0.32308580427896916)	(83.0, 0.19077818577835562)	(84.0, 0.10716356988992265)	(85.0, 0.05808092584648688)	(86.0, 0.029308341407231427)	(87.0, 0.014209735946090185)	(88.0, 0.0061490288369970385)	(89.0, 0.0029588396185946148)	(90.0, 0.0013272161252132222)	(91.0, 0.0006575199152432477)	(92.0, 0.0007914591572372425)	(93.0, 0.0009375746939579643)	(94.0, 0.0012541583568528613)	(95.0, 0.0016194471986546656)	(96.0, 0.0017899153248288407)	(97.0, 0.0014611553672072171)	(98.0, 0.0012054531779459542)	(99.0, 0.00114457170431232)	(100.0, 0.000633167325789794)
IDDLNTM14.A_R2	(0.0, 0.0)	(1.0, 0.0)	(2.0, 0.0)	(3.0, 0.0)	(4.0, 0.0)	(5.0, 0.0)	(6.0, 0.0)	(7.0, 0.0)	(8.0, 0.0)	(9.0, 0.0)	(10.0, 0.0)	(11.0, 0.0)	(12.0, 0.0)	(13.0, 0.0)	(14.0, 0.0)	(15.0, 0.0)	(16.0, 0.0)	(17.0, 0.0)	(18.0, 0.0)	(19.0, 0.0)	(20.0, 0.0)	(21.0, 0.0)	(22.0, 0.0)	(23.0, 0.0)	(24.0, 0.0)	(25.0, 0.0)	(26.0, 0.0)	(27.0, 1.2184730753395304e-05)	(28.0, 1.2184730753395304e-05)	(29.0, 0.0)	(30.0, 0.0)	(31.0, 1.2184730753395304e-05)	(32.0, 2.4369461506790608e-05)	(33.0, 7.310838452037183e-05)	(34.0, 0.00012184730753395306)	(35.0, 0.0001705862305475343)	(36.0, 0.00038991138410864973)	(37.0, 0.0006214212684231606)	(38.0, 0.0010722563062987868)	(39.0, 0.001961741651296644)	(40.0, 0.0029730743038284546)	(41.0, 0.0044230572634824964)	(42.0, 0.006896557606421744)	(43.0, 0.010661639409220892)	(44.0, 0.015084696672703388)	(45.0, 0.022200579432686246)	(46.0, 0.03298406614944109)	(47.0, 0.047374233169200954)	(48.0, 0.06647989099052479)	(49.0, 0.09382242680114386)	(50.0, 0.13583537843885085)	(51.0, 0.20092621012348857)	(52.0, 0.29942757353393623)	(53.0, 0.44403595811523167)	(54.0, 0.6537108049196582)	(55.0, 0.9460224956936115)	(56.0, 1.3327658498063786)	(57.0, 1.8101514159936531)	(58.0, 2.366969241962312)	(59.0, 2.9747070577494092)	(60.0, 3.566324474749765)	(61.0, 4.094800616986027)	(62.0, 4.57598781916836)	(63.0, 5.004780679111095)	(64.0, 5.327773521922097)	(65.0, 5.551704503707996)	(66.0, 5.713383696074799)	(67.0, 5.8384965114506615)	(68.0, 5.906121767132006)	(69.0, 5.865668461030733)	(70.0, 5.686869721955411)	(71.0, 5.345246425822467)	(72.0, 4.908326350467218)	(73.0, 4.403646987392337)	(74.0, 3.838933455895478)	(75.0, 3.2497408003150485)	(76.0, 2.6646543989985125)	(77.0, 2.1029626807284956)	(78.0, 1.575181068145178)	(79.0, 1.1341425537952816)	(80.0, 0.7833563401357843)	(81.0, 0.5180094585190946)	(82.0, 0.3262583506529127)	(83.0, 0.19137338121282668)	(84.0, 0.10946762108850341)	(85.0, 0.059181237269240995)	(86.0, 0.029998807114859246)	(87.0, 0.0158401499794139)	(88.0, 0.008066291758747693)	(89.0, 0.004496165648002867)	(90.0, 0.0030461826883488264)	(91.0, 0.0023760224969120846)	(92.0, 0.0024125766891722705)	(93.0, 0.0024125766891722705)	(94.0, 0.002168882074104364)	(95.0, 0.002168882074104364)	(96.0, 0.002705010227253758)	(97.0, 0.0044474267249892865)	(98.0, 0.007846966605186577)	(99.0, 0.016632157478384594)	(100.0, 0.08106501370233897)
IDDLNTM14.B_R1	(0.0, 0.0)	(1.0, 0.0)	(2.0, 0.0)	(3.0, 0.0)	(4.0, 0.0)	(5.0, 0.0)	(6.0, 0.0)	(7.0, 0.0)	(8.0, 0.0)	(9.0, 0.0)	(10.0, 0.0)	(11.0, 0.0)	(12.0, 0.0)	(13.0, 0.0)	(14.0, 0.0)	(15.0, 0.0)	(16.0, 0.0)	(17.0, 0.0)	(18.0, 0.0)	(19.0, 0.0)	(20.0, 0.0)	(21.0, 0.0)	(22.0, 0.0)	(23.0, 0.0)	(24.0, 0.0)	(25.0, 9.133835627311374e-06)	(26.0, 1.8267671254622748e-05)	(27.0, 9.133835627311374e-06)	(28.0, 0.0)	(29.0, 0.0)	(30.0, 9.133835627311374e-06)	(31.0, 9.133835627311374e-06)	(32.0, 0.0)	(33.0, 9.133835627311374e-06)	(34.0, 4.566917813655687e-05)	(35.0, 4.566917813655687e-05)	(36.0, 0.00013700753440967062)	(37.0, 0.0003562195894651436)	(38.0, 0.0005936993157752392)	(39.0, 0.0009955880833769398)	(40.0, 0.0016258227416614246)	(41.0, 0.0026488123319202985)	(42.0, 0.004338571922972903)	(43.0, 0.006804707542346974)	(44.0, 0.010330368094489164)	(45.0, 0.015518386730802025)	(46.0, 0.02379364180914613)	(47.0, 0.03528400702830384)	(48.0, 0.052647428555822766)	(49.0, 0.07771067351716517)	(50.0, 0.11513199808225988)	(51.0, 0.17285783924686776)	(52.0, 0.2546970064675777)	(53.0, 0.37304411469065113)	(54.0, 0.5380377214624038)	(55.0, 0.7665023520083432)	(56.0, 1.076705677583092)	(57.0, 1.473762646137945)	(58.0, 1.9686795296038118)	(59.0, 2.5624062468859328)	(60.0, 3.2155851002662237)	(61.0, 3.8890045333966365)	(62.0, 4.5778510149015785)	(63.0, 5.213949595658797)	(64.0, 5.707998764740069)	(65.0, 6.034487719238315)	(66.0, 6.210231850543413)	(67.0, 6.272789490754868)	(68.0, 6.237934774001048)	(69.0, 6.093437494376983)	(70.0, 5.815613616101052)	(71.0, 5.406993211642024)	(72.0, 4.937130439301872)	(73.0, 4.408016475247352)	(74.0, 3.8149930633085325)	(75.0, 3.215548564923715)	(76.0, 2.642053293556088)	(77.0, 2.0814001950804615)	(78.0, 1.5538572507538384)	(79.0, 1.1190866748938169)	(80.0, 0.7724850143442321)	(81.0, 0.5066447284113347)	(82.0, 0.316660947363258)	(83.0, 0.1866956002222445)	(84.0, 0.10622650834563127)	(85.0, 0.059680481988852514)	(86.0, 0.030242129762027958)	(87.0, 0.015061694949436457)	(88.0, 0.0073162023374764105)	(89.0, 0.003078102606403933)	(90.0, 0.0013152723303328378)	(91.0, 0.0008859820558492033)	(92.0, 0.0007672421926941555)	(93.0, 0.000876848220221892)	(94.0, 0.0013335400015874607)	(95.0, 0.0015436182210156223)	(96.0, 0.001689759591052604)	(97.0, 0.0016075550704068018)	(98.0, 0.0013518076728420835)	(99.0, 0.0011873986315504785)	(100.0, 0.0006211008226571735)
IDDLNTM14.B_R2	(0.0, 0.0)	(1.0, 0.0)	(2.0, 0.0)	(3.0, 0.0)	(4.0, 0.0)	(5.0, 0.0)	(6.0, 0.0)	(7.0, 0.0)	(8.0, 0.0)	(9.0, 0.0)	(10.0, 0.0)	(11.0, 0.0)	(12.0, 0.0)	(13.0, 0.0)	(14.0, 0.0)	(15.0, 0.0)	(16.0, 0.0)	(17.0, 0.0)	(18.0, 0.0)	(19.0, 0.0)	(20.0, 9.139589034723217e-06)	(21.0, 9.139589034723217e-06)	(22.0, 9.139589034723217e-06)	(23.0, 9.139589034723217e-06)	(24.0, 0.0)	(25.0, 0.0)	(26.0, 9.139589034723217e-06)	(27.0, 1.8279178069446435e-05)	(28.0, 9.139589034723217e-06)	(29.0, 0.0)	(30.0, 0.0)	(31.0, 9.139589034723217e-06)	(32.0, 3.655835613889287e-05)	(33.0, 3.655835613889287e-05)	(34.0, 9.139589034723218e-05)	(35.0, 0.00019193136972918756)	(36.0, 0.0003655835613889287)	(37.0, 0.0006763295885695181)	(38.0, 0.0011881465745140183)	(39.0, 0.0022757576696460814)	(40.0, 0.003226274929257296)	(41.0, 0.004569794517361609)	(42.0, 0.006955227255424369)	(43.0, 0.011333090403056792)	(44.0, 0.017429196289217175)	(45.0, 0.025983851625718108)	(46.0, 0.03931851202737928)	(47.0, 0.05563267845436023)	(48.0, 0.0844315235027731)	(49.0, 0.12813703826681952)	(50.0, 0.19333886644053497)	(51.0, 0.30093924814633144)	(52.0, 0.4665486014555161)	(53.0, 0.7006957329360902)	(54.0, 1.0095407255974571)	(55.0, 1.3991705457367427)	(56.0, 1.849734005970528)	(57.0, 2.322451830024482)	(58.0, 2.784686545455609)	(59.0, 3.2138176694029683)	(60.0, 3.591492907084836)	(61.0, 3.9158295031600585)	(62.0, 4.252422288130845)	(63.0, 4.592433279400619)	(64.0, 4.8976498552152)	(65.0, 5.167861805026792)	(66.0, 5.394368240074337)	(67.0, 5.59075972925247)	(68.0, 5.725861134363749)	(69.0, 5.735878123945805)	(70.0, 5.576264341043399)	(71.0, 5.261844199070851)	(72.0, 4.845956339634806)	(73.0, 4.350755126555432)	(74.0, 3.7870709728388783)	(75.0, 3.192988545992834)	(76.0, 2.6219744418704316)	(77.0, 2.0725114886919065)	(78.0, 1.5499554856316065)	(79.0, 1.1141524616888991)	(80.0, 0.7695076987785213)	(81.0, 0.5097148804665138)	(82.0, 0.32222535100820177)	(83.0, 0.18982012466216652)	(84.0, 0.10920894937590774)	(85.0, 0.06119868817650667)	(86.0, 0.03197028244346182)	(87.0, 0.01710931067300186)	(88.0, 0.008984216021132923)	(89.0, 0.004633771640604672)	(90.0, 0.002842412189798921)	(91.0, 0.002348874381923867)	(92.0, 0.0021295242450905098)	(93.0, 0.0019010345192224294)	(94.0, 0.001965011642465492)	(95.0, 0.0024219910942016526)	(96.0, 0.003107460271805894)	(97.0, 0.004396142325701868)	(98.0, 0.006617062461139611)	(99.0, 0.013937873277952907)	(100.0, 0.07304359556550796)
IDDLNTM140_R1	(0.0, 0.0)	(1.0, 0.0)	(2.0, 0.0)	(3.0, 0.0)	(4.0, 0.0)	(5.0, 0.0)	(6.0, 0.0)	(7.0, 0.0)	(8.0, 0.0)	(9.0, 0.0)	(10.0, 0.0)	(11.0, 0.0)	(12.0, 0.0)	(13.0, 0.0)	(14.0, 0.0)	(15.0, 0.0)	(16.0, 0.0)	(17.0, 0.0)	(18.0, 0.0)	(19.0, 0.0)	(20.0, 0.0)	(21.0, 0.0)	(22.0, 0.0)	(23.0, 0.0)	(24.0, 0.0)	(25.0, 0.0)	(26.0, 0.0)	(27.0, 0.0)	(28.0, 0.0)	(29.0, 2.543574612581792e-05)	(30.0, 0.00012717873062908957)	(31.0, 0.00016533234981781647)	(32.0, 0.00033066469963563295)	(33.0, 0.0004451255572018136)	(34.0, 0.00035610044576145085)	(35.0, 0.00047056130332763144)	(36.0, 0.0006486115262083569)	(37.0, 0.0011191728295359884)	(38.0, 0.0019076809594363437)	(39.0, 0.0029251108044690607)	(40.0, 0.004896381129219949)	(41.0, 0.007605288091619557)	(42.0, 0.013353766716054408)	(43.0, 0.021951048906580863)	(44.0, 0.033435288282387655)	(45.0, 0.05182533273135401)	(46.0, 0.08031336839227007)	(47.0, 0.1185178590732486)	(48.0, 0.17363712092789602)	(49.0, 0.26046204032837544)	(50.0, 0.3884801505796171)	(51.0, 0.575534627588882)	(52.0, 0.8416561214302519)	(53.0, 1.1903038935768382)	(54.0, 1.6450695985603367)	(55.0, 2.2213545806599306)	(56.0, 2.883040080376958)	(57.0, 3.614317781494223)	(58.0, 4.390642189000311)	(59.0, 5.151984942038293)	(60.0, 5.875377561856555)	(61.0, 6.472812366859766)	(62.0, 6.908272340533769)	(63.0, 7.1381733318919744)	(64.0, 7.114403627137397)	(65.0, 6.935704792730464)	(66.0, 6.587527581887205)	(67.0, 6.054788597155012)	(68.0, 5.342765755854991)	(69.0, 4.527893475095225)	(70.0, 3.7106811056918843)	(71.0, 2.9070641425927928)	(72.0, 2.1910224534048925)	(73.0, 1.5856262598643003)	(74.0, 1.0947417953821403)	(75.0, 0.7263558842419194)	(76.0, 0.46584297242129225)	(77.0, 0.29036175989927443)	(78.0, 0.17213641190647277)	(79.0, 0.09755880426557462)	(80.0, 0.05364398857934999)	(81.0, 0.029619926363514966)	(82.0, 0.015464933644497292)	(83.0, 0.0074272378687388315)	(84.0, 0.003624593822929053)	(85.0, 0.0014371196561087124)	(86.0, 0.00061045790701963)	(87.0, 0.00036881831882435985)	(88.0, 0.0004196898110759957)	(89.0, 0.0004196898110759957)	(90.0, 0.0003815361918872688)	(91.0, 0.00043240768413890465)	(92.0, 0.0005850221608938121)	(93.0, 0.0008902511144036272)	(94.0, 0.0014116839099828945)	(95.0, 0.0018059379749330723)	(96.0, 0.0014879911483603482)	(97.0, 0.0009792762258439898)	(98.0, 0.0009792762258439898)	(99.0, 0.0012081979409763511)	(100.0, 0.0007885081299003555)
IDDLNTM140_R2	(0.0, 0.0)	(1.0, 0.0)	(2.0, 0.0)	(3.0, 1.2725316036405094e-05)	(4.0, 1.2725316036405094e-05)	(5.0, 0.0)	(6.0, 0.0)	(7.0, 0.0)	(8.0, 0.0)	(9.0, 0.0)	(10.0, 0.0)	(11.0, 0.0)	(12.0, 0.0)	(13.0, 0.0)	(14.0, 0.0)	(15.0, 0.0)	(16.0, 1.2725316036405094e-05)	(17.0, 1.2725316036405094e-05)	(18.0, 0.0)	(19.0, 0.0)	(20.0, 0.0)	(21.0, 0.0)	(22.0, 0.0)	(23.0, 0.0)	(24.0, 0.0)	(25.0, 0.0)	(26.0, 0.0)	(27.0, 0.0)	(28.0, 0.0)	(29.0, 3.817594810921528e-05)	(30.0, 0.00015270379243686113)	(31.0, 0.0001654291084732662)	(32.0, 0.0004199354292013681)	(33.0, 0.0006362658018202547)	(34.0, 0.00043266074523777315)	(35.0, 0.0007635189621843056)	(36.0, 0.0011961797074220787)	(37.0, 0.0019469733535699791)	(38.0, 0.003461285961902185)	(39.0, 0.00484834540987034)	(40.0, 0.007406133933187764)	(41.0, 0.011847269229893142)	(42.0, 0.018680763941442677)	(43.0, 0.029331853463913742)	(44.0, 0.04444952891516299)	(45.0, 0.0664516003421074)	(46.0, 0.09793403221617361)	(47.0, 0.14174729532951635)	(48.0, 0.1996983845593051)	(49.0, 0.29770876867169715)	(50.0, 0.4555026875231203)	(51.0, 0.6853218951405963)	(52.0, 1.0140677096250856)	(53.0, 1.4360519147083148)	(54.0, 1.958807897483836)	(55.0, 2.582208404791285)	(56.0, 3.230359651789542)	(57.0, 3.8542691717384474)	(58.0, 4.478484099272227)	(59.0, 5.067729858337964)	(60.0, 5.611139029040571)	(61.0, 6.102348953361844)	(62.0, 6.507739346333601)	(63.0, 6.775772678008401)	(64.0, 6.828455486399118)	(65.0, 6.734504478102339)	(66.0, 6.4484648242360265)	(67.0, 5.958031144192974)	(68.0, 5.302639192370003)	(69.0, 4.511837152603644)	(70.0, 3.70137449956104)	(71.0, 2.9094780826155513)	(72.0, 2.2097256790896713)	(73.0, 1.605349519256648)	(74.0, 1.1008416396773317)	(75.0, 0.7338817011355182)	(76.0, 0.47527782864369383)	(77.0, 0.29497282572387)	(78.0, 0.17432410438271337)	(79.0, 0.09983010430559797)	(80.0, 0.05648767788560221)	(81.0, 0.032220500204177695)	(82.0, 0.017548210814202624)	(83.0, 0.008691390852864678)	(84.0, 0.004441135296705378)	(85.0, 0.0024687113110625877)	(86.0, 0.0017306429809510926)	(87.0, 0.0016670164007690674)	(88.0, 0.001514312608332206)	(89.0, 0.001221630339494889)	(90.0, 0.00137433413193175)	(91.0, 0.0012470809715676991)	(92.0, 0.0009543987027303821)	(93.0, 0.001221630339494889)	(94.0, 0.00137433413193175)	(95.0, 0.0013997847640045602)	(96.0, 0.0017433682969874977)	(97.0, 0.0026850416836814747)	(98.0, 0.004402959348596162)	(99.0, 0.010752892050762304)	(100.0, 0.0666933813467991)
IDDLNTM141_R1	(0.0, 0.0)	(1.0, 0.0)	(2.0, 0.0)	(3.0, 0.0)	(4.0, 0.0)	(5.0, 0.0)	(6.0, 0.0)	(7.0, 0.0)	(8.0, 0.0)	(9.0, 0.0)	(10.0, 0.0)	(11.0, 0.0)	(12.0, 0.0)	(13.0, 0.0)	(14.0, 0.0)	(15.0, 0.0)	(16.0, 0.0)	(17.0, 0.0)	(18.0, 0.0)	(19.0, 0.0)	(20.0, 0.0)	(21.0, 0.0)	(22.0, 0.0)	(23.0, 0.0)	(24.0, 0.0)	(25.0, 0.0)	(26.0, 0.0)	(27.0, 0.0)	(28.0, 0.0)	(29.0, 0.0)	(30.0, 0.0)	(31.0, 0.0)	(32.0, 0.0)	(33.0, 0.0)	(34.0, 0.00012175390147694585)	(35.0, 0.00013190005993335798)	(36.0, 3.0438475369236463e-05)	(37.0, 0.00019277701067183092)	(38.0, 0.0006290618242975536)	(39.0, 0.0016030930361131204)	(40.0, 0.0025974165648415116)	(41.0, 0.00329750149833395)	(42.0, 0.005103517703575314)	(43.0, 0.008745988589427276)	(44.0, 0.012266705573802295)	(45.0, 0.017025253889859593)	(46.0, 0.02755696636761541)	(47.0, 0.042634157833843875)	(48.0, 0.06546301436077122)	(49.0, 0.09732195191390539)	(50.0, 0.1418432952206419)	(51.0, 0.21155754997464982)	(52.0, 0.30565302349941614)	(53.0, 0.4381821452570717)	(54.0, 0.6240394758616296)	(55.0, 0.880392315421339)	(56.0, 1.2052012860864614)	(57.0, 1.5938194472839597)	(58.0, 2.0528620943274145)	(59.0, 2.5820045501462214)	(60.0, 3.16278080634971)	(61.0, 3.7569195532402926)	(62.0, 4.348004306435495)	(63.0, 4.871667836687839)	(64.0, 5.32331393421657)	(65.0, 5.702212075612826)	(66.0, 6.014419517475083)	(67.0, 6.254853034416683)	(68.0, 6.371959995320592)	(69.0, 6.38081759165304)	(70.0, 6.199282524550913)	(71.0, 5.826056085731792)	(72.0, 5.317195800667354)	(73.0, 4.683821859025825)	(74.0, 4.007722444124345)	(75.0, 3.3180474692081843)	(76.0, 2.6206817061820646)	(77.0, 1.9729408041662562)	(78.0, 1.4066735545554374)	(79.0, 0.9340147628634773)	(80.0, 0.5793862324949596)	(81.0, 0.331373535186421)	(82.0, 0.16722898367858513)	(83.0, 0.07241313290341354)	(84.0, 0.027242435455466636)	(85.0, 0.009760604435068492)	(86.0, 0.003693201678134024)	(87.0, 0.0017451392545028905)	(88.0, 0.0010856389548361005)	(89.0, 0.0008218388349693845)	(90.0, 0.0005783310320154928)	(91.0, 0.0004667232889949591)	(92.0, 0.00045657713053854693)	(93.0, 0.0006696464581232021)	(94.0, 0.001187100539400222)	(95.0, 0.0015726545607438838)	(96.0, 0.0014509006592669381)	(97.0, 0.0013392929162464042)	(98.0, 0.0014509006592669381)	(99.0, 0.0015016314515489987)	(100.0, 0.0009131542610770939)
IDDLNTM141_R2	(0.0, 0.0)	(1.0, 0.0)	(2.0, 0.0)	(3.0, 0.0)	(4.0, 0.0)	(5.0, 0.0)	(6.0, 0.0)	(7.0, 0.0)	(8.0, 0.0)	(9.0, 0.0)	(10.0, 0.0)	(11.0, 0.0)	(12.0, 0.0)	(13.0, 1.0152600695270401e-05)	(14.0, 1.0152600695270401e-05)	(15.0, 0.0)	(16.0, 0.0)	(17.0, 0.0)	(18.0, 1.0152600695270401e-05)	(19.0, 1.0152600695270401e-05)	(20.0, 0.0)	(21.0, 0.0)	(22.0, 0.0)	(23.0, 0.0)	(24.0, 0.0)	(25.0, 0.0)	(26.0, 1.0152600695270401e-05)	(27.0, 1.0152600695270401e-05)	(28.0, 0.0)	(29.0, 0.0)	(30.0, 2.0305201390540803e-05)	(31.0, 5.076300347635201e-05)	(32.0, 4.0610402781081606e-05)	(33.0, 6.091560417162241e-05)	(34.0, 0.00010152600695270401)	(35.0, 0.00012183120834324482)	(36.0, 0.00021320461460067844)	(37.0, 0.0006396138438020353)	(38.0, 0.0011980068820419073)	(39.0, 0.0019391467327966466)	(40.0, 0.0032386796217912578)	(41.0, 0.004893553535120334)	(42.0, 0.007756586931186586)	(43.0, 0.012284646841277183)	(44.0, 0.017096979570835353)	(45.0, 0.023147929585216515)	(46.0, 0.03315839387075313)	(47.0, 0.04990003241725403)	(48.0, 0.07179919211695228)	(49.0, 0.09889648337262898)	(50.0, 0.1376794180285619)	(51.0, 0.1978437297487343)	(52.0, 0.2854809789503084)	(53.0, 0.40456083250513497)	(54.0, 0.5696015094074506)	(55.0, 0.8048372675168657)	(56.0, 1.1199130774938872)	(57.0, 1.5168594594775695)	(58.0, 1.9881736415541074)	(59.0, 2.5397644373281483)	(60.0, 3.139976037831839)	(61.0, 3.750096576614114)	(62.0, 4.360024215983178)	(63.0, 4.9017060734786355)	(64.0, 5.354501911887)	(65.0, 5.7314375179003045)	(66.0, 6.04064512467546)	(67.0, 6.268459331676632)	(68.0, 6.399326354638668)	(69.0, 6.394767836926491)	(70.0, 6.201513082692019)	(71.0, 5.84882188713902)	(72.0, 5.346146321514792)	(73.0, 4.706958886941958)	(74.0, 4.017698825740051)	(75.0, 3.3280631183124187)	(76.0, 2.64288440259001)	(77.0, 1.9867421248560742)	(78.0, 1.4110389024307661)	(79.0, 0.9443035432677953)	(80.0, 0.5879980218672806)	(81.0, 0.3348733813327989)	(82.0, 0.16843164553453593)	(83.0, 0.07634755722843342)	(84.0, 0.031239552339347026)	(85.0, 0.011990221421114344)	(86.0, 0.005340267965712231)	(87.0, 0.003005169805800039)	(88.0, 0.0023858611633885444)	(89.0, 0.002304640357826381)	(90.0, 0.0021117409446162437)	(91.0, 0.001949299333491917)	(92.0, 0.0016244161112432642)	(93.0, 0.001644721312633805)	(94.0, 0.002071130541835162)	(95.0, 0.0023147929585216514)	(96.0, 0.002426471566169626)	(97.0, 0.0037767674586405894)	(98.0, 0.006050950014381159)	(99.0, 0.012782124275345435)	(100.0, 0.07288552039134621)
IDDLNTM143_R1	(0.0, 0.0)	(1.0, 0.0)	(2.0, 0.0)	(3.0, 0.0)	(4.0, 0.0)	(5.0, 0.0)	(6.0, 0.0)	(7.0, 0.0)	(8.0, 0.0)	(9.0, 0.0)	(10.0, 0.0)	(11.0, 0.0)	(12.0, 0.0)	(13.0, 0.0)	(14.0, 0.0)	(15.0, 0.0)	(16.0, 0.0)	(17.0, 0.0)	(18.0, 0.0)	(19.0, 0.0)	(20.0, 0.0)	(21.0, 0.0)	(22.0, 0.0)	(23.0, 0.0)	(24.0, 0.0)	(25.0, 0.0)	(26.0, 0.0)	(27.0, 0.0)	(28.0, 0.0)	(29.0, 0.0)	(30.0, 0.0)	(31.0, 0.0)	(32.0, 0.0)	(33.0, 0.0)	(34.0, 1.801368824142089e-05)	(35.0, 7.205475296568356e-05)	(36.0, 0.000162123194172788)	(37.0, 0.0002972258559834447)	(38.0, 0.000567431179604758)	(39.0, 0.0011798965798130684)	(40.0, 0.0019724988624355874)	(41.0, 0.0028191422097823696)	(42.0, 0.004350305710303145)	(43.0, 0.00748468746431038)	(44.0, 0.011222527774405215)	(45.0, 0.015293621316966337)	(46.0, 0.02361594528450279)	(47.0, 0.03673891716837791)	(48.0, 0.054203187918435466)	(49.0, 0.07731474993217846)	(50.0, 0.11286476367662258)	(51.0, 0.16643747250660834)	(52.0, 0.2404917448670896)	(53.0, 0.34046771460697556)	(54.0, 0.4766511977121175)	(55.0, 0.6687311554303884)	(56.0, 0.926552068385725)	(57.0, 1.253662633161687)	(58.0, 1.6572503113666013)	(59.0, 2.1475378710774744)	(60.0, 2.7167343921298914)	(61.0, 3.3464028646087587)	(62.0, 4.0295449706322835)	(63.0, 4.677155076599607)	(64.0, 5.256898612117376)	(65.0, 5.75658931709027)	(66.0, 6.158789941300595)	(67.0, 6.44448703680953)	(68.0, 6.575140317624556)	(69.0, 6.582787128283039)	(70.0, 6.379998032905244)	(71.0, 5.979769907557355)	(72.0, 5.479133483951785)	(73.0, 4.867334590208407)	(74.0, 4.207547230989885)	(75.0, 3.5437067919170415)	(76.0, 2.8772183406727105)	(77.0, 2.235768916083954)	(78.0, 1.6480993577399592)	(79.0, 1.1606849813035929)	(80.0, 0.7843880407844314)	(81.0, 0.4943406395651928)	(82.0, 0.28114863922797656)	(83.0, 0.14800046259151403)	(84.0, 0.07282934156006467)	(85.0, 0.03150594073424514)	(86.0, 0.012870780248495226)	(87.0, 0.005106880616442823)	(88.0, 0.002125615212487665)	(89.0, 0.0012789718651408833)	(90.0, 0.0009367117885538864)	(91.0, 0.000648492776691152)	(92.0, 0.0006124654002083103)	(93.0, 0.0009367117885538864)	(94.0, 0.0012609581768994623)	(95.0, 0.001558184032882907)	(96.0, 0.001855409888866352)	(97.0, 0.0018644167329870621)	(98.0, 0.0019364714859527459)	(99.0, 0.0019544851741941666)	(100.0, 0.0010898281386059639)
IDDLNTM143_R2	(0.0, 0.0)	(1.0, 0.0)	(2.0, 9.013262294405234e-06)	(3.0, 9.013262294405234e-06)	(4.0, 0.0)	(5.0, 0.0)	(6.0, 0.0)	(7.0, 0.0)	(8.0, 0.0)	(9.0, 0.0)	(10.0, 0.0)	(11.0, 0.0)	(12.0, 0.0)	(13.0, 0.0)	(14.0, 0.0)	(15.0, 0.0)	(16.0, 0.0)	(17.0, 0.0)	(18.0, 0.0)	(19.0, 0.0)	(20.0, 0.0)	(21.0, 0.0)	(22.0, 0.0)	(23.0, 0.0)	(24.0, 0.0)	(25.0, 0.0)	(26.0, 0.0)	(27.0, 0.0)	(28.0, 0.0)	(29.0, 1.8026524588810467e-05)	(30.0, 1.8026524588810467e-05)	(31.0, 2.70397868832157e-05)	(32.0, 3.6053049177620935e-05)	(33.0, 4.506631147202617e-05)	(34.0, 8.11193606496471e-05)	(35.0, 0.00018026524588810467)	(36.0, 0.0003515172294818041)	(37.0, 0.0007120477212580134)	(38.0, 0.00115369757368387)	(39.0, 0.0019108116064139094)	(40.0, 0.0036413579669397145)	(41.0, 0.005425983901231951)	(42.0, 0.007688312737127664)	(43.0, 0.012077771474503013)	(44.0, 0.01813468373634333)	(45.0, 0.026057341293125532)	(46.0, 0.03872097481676488)	(47.0, 0.05809948874973613)	(48.0, 0.08854628878023701)	(49.0, 0.13591098213733652)	(50.0, 0.209765653377693)	(51.0, 0.3165457717795118)	(52.0, 0.45982058921137736)	(53.0, 0.651604784311732)	(54.0, 0.895557741572104)	(55.0, 1.1861543312060232)	(56.0, 1.5081351001490613)	(57.0, 1.8394355823045143)	(58.0, 2.172187199689367)	(59.0, 2.5162594745159925)	(60.0, 2.8875968677831936)	(61.0, 3.3007557980964353)	(62.0, 3.7670298831106064)	(63.0, 4.233700551665732)	(64.0, 4.710177649597171)	(65.0, 5.187583113544933)	(66.0, 5.5834906598266825)	(67.0, 5.918576712145786)	(68.0, 6.168658687766353)	(69.0, 6.269904663119408)	(70.0, 6.161934794094727)	(71.0, 5.852563579101561)	(72.0, 5.4056770212826555)	(73.0, 4.822879481326414)	(74.0, 4.189057863521542)	(75.0, 3.5355963471771634)	(76.0, 2.866613993161818)	(77.0, 2.234441802356824)	(78.0, 1.6493548937778026)	(79.0, 1.1583754568146662)	(80.0, 0.7744014698107089)	(81.0, 0.484345675914454)	(82.0, 0.2815653008149251)	(83.0, 0.151224514775531)	(84.0, 0.07550409824023263)	(85.0, 0.034601913948221694)	(86.0, 0.014475299244814804)	(87.0, 0.006282243819200448)	(88.0, 0.0033078672620467206)	(89.0, 0.002397527770311792)	(90.0, 0.0019378513932971253)	(91.0, 0.0016854800490537787)	(92.0, 0.0016764667867593735)	(93.0, 0.001694493311348184)	(94.0, 0.001694493311348184)	(95.0, 0.001811665721175452)	(96.0, 0.0020730503277132037)	(97.0, 0.0031726683276306427)	(98.0, 0.005380917589759925)	(99.0, 0.012221983671213498)	(100.0, 0.0802540874693842)
IDDLNTM144_R1	(0.0, 0.0)	(1.0, 0.0)	(2.0, 0.0)	(3.0, 0.0)	(4.0, 0.0)	(5.0, 0.0)	(6.0, 0.0)	(7.0, 0.0)	(8.0, 0.0)	(9.0, 0.0)	(10.0, 0.0)	(11.0, 0.0)	(12.0, 0.0)	(13.0, 0.0)	(14.0, 9.747908366931937e-06)	(15.0, 1.9495816733863875e-05)	(16.0, 9.747908366931937e-06)	(17.0, 0.0)	(18.0, 0.0)	(19.0, 0.0)	(20.0, 0.0)	(21.0, 0.0)	(22.0, 0.0)	(23.0, 0.0)	(24.0, 0.0)	(25.0, 0.0)	(26.0, 0.0)	(27.0, 0.0)	(28.0, 0.0)	(29.0, 0.0)	(30.0, 0.0)	(31.0, 0.0)	(32.0, 9.747908366931937e-06)	(33.0, 2.924372510079581e-05)	(34.0, 0.00012672280877011518)	(35.0, 0.00012672280877011518)	(36.0, 8.773117530238742e-05)	(37.0, 0.0002144539840725026)	(38.0, 0.0006043703187497801)	(39.0, 0.001247732270967288)	(40.0, 0.0018813463148178637)	(41.0, 0.0030315995021158323)	(42.0, 0.005059164442437676)	(43.0, 0.008120007669654303)	(44.0, 0.011317321614007978)	(45.0, 0.015469930578320981)	(46.0, 0.02380439223204779)	(47.0, 0.03730524532024852)	(48.0, 0.05508543018153238)	(49.0, 0.08147301813081712)	(50.0, 0.11968481892919032)	(51.0, 0.17612520837372625)	(52.0, 0.2580173865643214)	(53.0, 0.3678568180429105)	(54.0, 0.5223416698420479)	(55.0, 0.7416696080980164)	(56.0, 1.0275270209582954)	(57.0, 1.3899737498575588)	(58.0, 1.8368081214893517)	(59.0, 2.358467437745714)	(60.0, 2.946451522530682)	(61.0, 3.6015109647885084)	(62.0, 4.277908578461548)	(63.0, 4.8790815832669745)	(64.0, 5.387659206494915)	(65.0, 5.795940600535491)	(66.0, 6.093982898854436)	(67.0, 6.293581070575733)	(68.0, 6.3659008027500015)	(69.0, 6.333732705139126)	(70.0, 6.144204122760869)	(71.0, 5.763753007107883)	(72.0, 5.271220441051913)	(73.0, 4.68268072549003)	(74.0, 4.0596529101259415)	(75.0, 3.4252785294227457)	(76.0, 2.7777249766074568)	(77.0, 2.165722045606369)	(78.0, 1.6140099278547555)	(79.0, 1.1534505012423222)	(80.0, 0.7836538494343922)	(81.0, 0.4976209742235085)	(82.0, 0.29675557441450895)	(83.0, 0.167137636859415)	(84.0, 0.08878394940601608)	(85.0, 0.04299802380653677)	(86.0, 0.019047412948985005)	(87.0, 0.008227234661690555)	(88.0, 0.0036652135459664084)	(89.0, 0.001705883964213089)	(90.0, 0.0008968075697577382)	(91.0, 0.0006336140438505758)	(92.0, 0.0005946224103828481)	(93.0, 0.0007408410358868273)	(94.0, 0.0012087406374995601)	(95.0, 0.0017643714144146808)	(96.0, 0.0018715984064509319)	(97.0, 0.0016376486056445651)	(98.0, 0.0016668923307453611)	(99.0, 0.0016084048805437695)	(100.0, 0.0008285722111892145)
IDDLNTM144_R2	(0.0, 0.0)	(1.0, 0.0)	(2.0, 9.755575994571216e-06)	(3.0, 9.755575994571216e-06)	(4.0, 0.0)	(5.0, 0.0)	(6.0, 0.0)	(7.0, 0.0)	(8.0, 0.0)	(9.0, 0.0)	(10.0, 0.0)	(11.0, 0.0)	(12.0, 0.0)	(13.0, 9.755575994571216e-06)	(14.0, 9.755575994571216e-06)	(15.0, 0.0)	(16.0, 0.0)	(17.0, 0.0)	(18.0, 0.0)	(19.0, 0.0)	(20.0, 0.0)	(21.0, 0.0)	(22.0, 0.0)	(23.0, 0.0)	(24.0, 9.755575994571216e-06)	(25.0, 9.755575994571216e-06)	(26.0, 0.0)	(27.0, 0.0)	(28.0, 9.755575994571216e-06)	(29.0, 9.755575994571216e-06)	(30.0, 9.755575994571216e-06)	(31.0, 3.9022303978284865e-05)	(32.0, 4.877787997285609e-05)	(33.0, 4.877787997285609e-05)	(34.0, 8.780018395114095e-05)	(35.0, 0.00010731133594028338)	(36.0, 0.0003121784318262789)	(37.0, 0.0007316681995928413)	(38.0, 0.001209691423326831)	(39.0, 0.002019404230876242)	(40.0, 0.0034827406300619243)	(41.0, 0.005414344676987025)	(42.0, 0.008204439411434393)	(43.0, 0.01242860381708373)	(44.0, 0.017608814670201044)	(45.0, 0.025549853529782018)	(46.0, 0.03769554564302318)	(47.0, 0.055665316625023366)	(48.0, 0.08320530765769792)	(49.0, 0.12524208461830527)	(50.0, 0.18813628305530591)	(51.0, 0.2833019268823481)	(52.0, 0.42779176293794247)	(53.0, 0.6263372455794559)	(54.0, 0.8841283412360003)	(55.0, 1.210579180742337)	(56.0, 1.597378013351091)	(57.0, 2.015306888958522)	(58.0, 2.426611728465639)	(59.0, 2.827292745714668)	(60.0, 3.223593509342135)	(61.0, 3.608685116151839)	(62.0, 4.007005284010182)	(63.0, 4.39519916398616)	(64.0, 4.77923716858845)	(65.0, 5.147744296207383)	(66.0, 5.481872774021448)	(67.0, 5.775964367953791)	(68.0, 5.972519713092412)	(69.0, 6.055481131350246)	(70.0, 5.949281931073344)	(71.0, 5.655775671700674)	(72.0, 5.2190087788477255)	(73.0, 4.658053403583887)	(74.0, 4.045452009004786)	(75.0, 3.4056325574008337)	(76.0, 2.7699104477146004)	(77.0, 2.162928264908374)	(78.0, 1.6073482120175429)	(79.0, 1.146367979546069)	(80.0, 0.7795095442702185)	(81.0, 0.49994400299379116)	(82.0, 0.3023448112237512)	(83.0, 0.17204933824025798)	(84.0, 0.09157559186104001)	(85.0, 0.04515856127887016)	(86.0, 0.021511045068029536)	(87.0, 0.010448221890185773)	(88.0, 0.005160699701128174)	(89.0, 0.003004717406327935)	(90.0, 0.002507183030604803)	(91.0, 0.0022632936307405223)	(92.0, 0.0021364711428110967)	(93.0, 0.002360849390686234)	(94.0, 0.0023218270867079497)	(95.0, 0.0024096272706590907)	(96.0, 0.003004717406327935)	(97.0, 0.004516831685486473)	(98.0, 0.007345948723912126)	(99.0, 0.01651619015880907)	(100.0, 0.09079514578147432)
IDDLNTM145_R1	(0.0, 0.0)	(1.0, 0.0)	(2.0, 0.0)	(3.0, 0.0)	(4.0, 0.0)	(5.0, 0.0)	(6.0, 0.0)	(7.0, 0.0)	(8.0, 0.0)	(9.0, 0.0)	(10.0, 0.0)	(11.0, 0.0)	(12.0, 0.0)	(13.0, 0.0)	(14.0, 0.0)	(15.0, 0.0)	(16.0, 0.0)	(17.0, 0.0)	(18.0, 0.0)	(19.0, 0.0)	(20.0, 0.0)	(21.0, 0.0)	(22.0, 0.0)	(23.0, 0.0)	(24.0, 0.0)	(25.0, 0.0)	(26.0, 0.0)	(27.0, 0.0)	(28.0, 0.0)	(29.0, 0.0)	(30.0, 0.0)	(31.0, 1.05307231742464e-05)	(32.0, 6.31843390454784e-05)	(33.0, 5.2653615871232e-05)	(34.0, 0.0001263686780909568)	(35.0, 0.0002316759098334208)	(36.0, 0.0002843295257046528)	(37.0, 0.000473882542841088)	(38.0, 0.0008108656844169729)	(39.0, 0.002085083188500787)	(40.0, 0.003654160941463501)	(41.0, 0.004991562784592793)	(42.0, 0.007045053803570843)	(43.0, 0.010751868360905576)	(44.0, 0.019229100516173925)	(45.0, 0.0301389297246932)	(46.0, 0.04269155174839491)	(47.0, 0.06133093176681104)	(48.0, 0.08687846618753281)	(49.0, 0.12374652802056944)	(50.0, 0.1799068747088255)	(51.0, 0.2671117933147599)	(52.0, 0.39027913156074584)	(53.0, 0.559528914417234)	(54.0, 0.7969756605501418)	(55.0, 1.109190541220199)	(56.0, 1.5104321556053355)	(57.0, 2.010483545534426)	(58.0, 2.5985507197538675)	(59.0, 3.240672096026716)	(60.0, 3.898989724541555)	(61.0, 4.555654029518038)	(62.0, 5.162392175925419)	(63.0, 5.68114613021197)	(64.0, 6.0726994792768005)	(65.0, 6.31885513347481)	(66.0, 6.433882222707103)	(67.0, 6.408260973224163)	(68.0, 6.246024652001722)	(69.0, 5.9675923312746475)	(70.0, 5.559684769120213)	(71.0, 5.020311658858486)	(72.0, 4.383434582726413)	(73.0, 3.7294766736057112)	(74.0, 3.0781514452785714)	(75.0, 2.4533847007968808)	(76.0, 1.9028490239704532)	(77.0, 1.4015444779836277)	(78.0, 0.9815897685178555)	(79.0, 0.6617611749928181)	(80.0, 0.4232718872656598)	(81.0, 0.2592769352731206)	(82.0, 0.15611797105820288)	(83.0, 0.08819480658431361)	(84.0, 0.04606138316415376)	(85.0, 0.022272479513531136)	(86.0, 0.009298628562859571)	(87.0, 0.004159635653827328)	(88.0, 0.0019060608945385986)	(89.0, 0.0011373181028186113)	(90.0, 0.0008529885771139585)	(91.0, 0.0005897204977577985)	(92.0, 0.0006950277295002625)	(93.0, 0.0009161729161594369)	(94.0, 0.0013795247358262784)	(95.0, 0.0017796922164476417)	(96.0, 0.0018323458323188737)	(97.0, 0.0015690777529627135)	(98.0, 0.001421647628523264)	(99.0, 0.0012426253345610753)	(100.0, 0.0006107819441062912)
IDDLNTM145_R2	(0.0, 2.107677669060251e-05)	(1.0, 1.0538388345301254e-05)	(2.0, 0.0)	(3.0, 0.0)	(4.0, 0.0)	(5.0, 0.0)	(6.0, 0.0)	(7.0, 0.0)	(8.0, 0.0)	(9.0, 0.0)	(10.0, 0.0)	(11.0, 0.0)	(12.0, 0.0)	(13.0, 0.0)	(14.0, 0.0)	(15.0, 1.0538388345301254e-05)	(16.0, 2.107677669060251e-05)	(17.0, 1.0538388345301254e-05)	(18.0, 0.0)	(19.0, 0.0)	(20.0, 0.0)	(21.0, 0.0)	(22.0, 0.0)	(23.0, 0.0)	(24.0, 0.0)	(25.0, 0.0)	(26.0, 0.0)	(27.0, 1.0538388345301254e-05)	(28.0, 1.0538388345301254e-05)	(29.0, 0.0)	(30.0, 1.0538388345301254e-05)	(31.0, 2.107677669060251e-05)	(32.0, 0.00010538388345301253)	(33.0, 0.00020022937856072385)	(34.0, 0.00026345970863253136)	(35.0, 0.0003477668153949414)	(36.0, 0.0005479961939556653)	(37.0, 0.0011065307762566316)	(38.0, 0.0017493724653200083)	(39.0, 0.0029191335716484473)	(40.0, 0.0051743486775429155)	(41.0, 0.007671946715379313)	(42.0, 0.011528996849759571)	(43.0, 0.017599108536653096)	(44.0, 0.027610577464689288)	(45.0, 0.04168986429401176)	(46.0, 0.0596683548110957)	(47.0, 0.08469702713118618)	(48.0, 0.12029570296161382)	(49.0, 0.1798481355009112)	(50.0, 0.27092088758100463)	(51.0, 0.4093320801081913)	(52.0, 0.6097827648241665)	(53.0, 0.879333661920282)	(54.0, 1.2303673777022668)	(55.0, 1.6480142462149006)	(56.0, 2.1042526928480276)	(57.0, 2.5937819082639617)	(58.0, 3.0920474476181505)	(59.0, 3.5339009941599415)	(60.0, 3.9240532074796843)	(61.0, 4.3052161755408855)	(62.0, 4.7013120398873784)	(63.0, 5.085425756685264)	(64.0, 5.416099306184127)	(65.0, 5.7005725611771885)	(66.0, 5.9097174162780375)	(67.0, 5.996005740049364)	(68.0, 5.956982088006713)	(69.0, 5.79736765812878)	(70.0, 5.464586430960858)	(71.0, 4.963675756131999)	(72.0, 4.374316387921025)	(73.0, 3.739199337514755)	(74.0, 3.085471493290682)	(75.0, 2.468343471789841)	(76.0, 1.918787596359071)	(77.0, 1.4184565328892034)	(78.0, 0.9939175583987424)	(79.0, 0.6686080485676381)	(80.0, 0.43142054207994274)	(81.0, 0.2695508970961155)	(82.0, 0.16094226680944076)	(83.0, 0.09178936248757391)	(84.0, 0.04983603848492963)	(85.0, 0.024891673271601564)	(86.0, 0.012076993043715237)	(87.0, 0.0064600320556696695)	(88.0, 0.0034882065422947154)	(89.0, 0.002539751591217602)	(90.0, 0.0023079070476209745)	(91.0, 0.0020128321739525394)	(92.0, 0.001896909902154226)	(93.0, 0.001823141183737117)	(94.0, 0.0020444473389884432)	(95.0, 0.0023500606010021796)	(96.0, 0.002518674814527)	(97.0, 0.0038675885227255607)	(98.0, 0.006786722094374007)	(99.0, 0.014859127566874767)	(100.0, 0.08353780441320303)
IDDLNTM146_R1	(0.0, 0.0)	(1.0, 0.0)	(2.0, 0.0)	(3.0, 0.0)	(4.0, 0.0)	(5.0, 0.0)	(6.0, 0.0)	(7.0, 0.0)	(8.0, 0.0)	(9.0, 0.0)	(10.0, 0.0)	(11.0, 0.0)	(12.0, 0.0)	(13.0, 0.0)	(14.0, 0.0)	(15.0, 0.0)	(16.0, 0.0)	(17.0, 0.0)	(18.0, 0.0)	(19.0, 0.0)	(20.0, 0.0)	(21.0, 0.0)	(22.0, 0.0)	(23.0, 0.0)	(24.0, 0.0)	(25.0, 0.0)	(26.0, 0.0)	(27.0, 0.0)	(28.0, 0.0)	(29.0, 0.0)	(30.0, 0.0)	(31.0, 0.0)	(32.0, 0.0)	(33.0, 0.0)	(34.0, 0.0)	(35.0, 2.147674530233781e-05)	(36.0, 0.00011812209916285794)	(37.0, 0.00034362792483740495)	(38.0, 0.0008590698120935124)	(39.0, 0.0015033721711636466)	(40.0, 0.002330226865303652)	(41.0, 0.0031248664414901513)	(42.0, 0.00508998863665406)	(43.0, 0.00823633182344655)	(44.0, 0.01175851805302995)	(45.0, 0.01656930900075362)	(46.0, 0.025718402499549525)	(47.0, 0.039613856710162085)	(48.0, 0.05827714837789365)	(49.0, 0.08585328934609539)	(50.0, 0.1299450474517949)	(51.0, 0.1896289226469917)	(52.0, 0.27373185725094656)	(53.0, 0.3983936253583663)	(54.0, 0.5648598781967866)	(55.0, 0.796046303003802)	(56.0, 1.1185840639543112)	(57.0, 1.51203803789314)	(58.0, 1.973798800266054)	(59.0, 2.531345846687395)	(60.0, 3.1601956875124966)	(61.0, 3.8092980991577035)	(62.0, 4.477525552494642)	(63.0, 5.0940262647709)	(64.0, 5.596957947888396)	(65.0, 5.989509898524526)	(66.0, 6.25320137734663)	(67.0, 6.4075976993251365)	(68.0, 6.453579411017442)	(69.0, 6.369970441555441)	(70.0, 6.118445538947111)	(71.0, 5.71899955306893)	(72.0, 5.206671793881662)	(73.0, 4.5969255180029895)	(74.0, 3.933863221911263)	(75.0, 3.244749633767801)	(76.0, 2.56355022626825)	(77.0, 1.933884269121659)	(78.0, 1.36753175712636)	(79.0, 0.8906191509426465)	(80.0, 0.5359199639018865)	(81.0, 0.2901508290345838)	(82.0, 0.1367102222220313)	(83.0, 0.05694559016914869)	(84.0, 0.02204587905284976)	(85.0, 0.007978610879818496)	(86.0, 0.0029530524790714486)	(87.0, 0.0013745116993496198)	(88.0, 0.0008268546941400056)	(89.0, 0.0006228256137677964)	(90.0, 0.0005154418872561074)	(91.0, 0.00036510467013974274)	(92.0, 0.0003865814154420806)	(93.0, 0.0007087325949771476)	(94.0, 0.000902023302698188)	(95.0, 0.001009407029209877)	(96.0, 0.0010523605198145525)	(97.0, 0.001009407029209877)	(98.0, 0.0012993430907914374)	(99.0, 0.001449680307907802)	(100.0, 0.0008805465573958501)
IDDLNTM146_R2	(0.0, 2.149000290437389e-05)	(1.0, 1.0745001452186945e-05)	(2.0, 0.0)	(3.0, 0.0)	(4.0, 0.0)	(5.0, 0.0)	(6.0, 0.0)	(7.0, 0.0)	(8.0, 0.0)	(9.0, 0.0)	(10.0, 0.0)	(11.0, 0.0)	(12.0, 0.0)	(13.0, 0.0)	(14.0, 0.0)	(15.0, 0.0)	(16.0, 0.0)	(17.0, 0.0)	(18.0, 0.0)	(19.0, 0.0)	(20.0, 0.0)	(21.0, 0.0)	(22.0, 0.0)	(23.0, 0.0)	(24.0, 0.0)	(25.0, 0.0)	(26.0, 0.0)	(27.0, 1.0745001452186945e-05)	(28.0, 3.223500435656084e-05)	(29.0, 3.223500435656084e-05)	(30.0, 3.223500435656084e-05)	(31.0, 2.149000290437389e-05)	(32.0, 3.223500435656084e-05)	(33.0, 6.447000871312168e-05)	(34.0, 6.447000871312168e-05)	(35.0, 0.00019341002613936504)	(36.0, 0.0003653300493743562)	(37.0, 0.0006984250943921515)	(38.0, 0.0012786551728102467)	(39.0, 0.0021812352947939502)	(40.0, 0.003459890467604197)	(41.0, 0.0052435607086672295)	(42.0, 0.008187691106566454)	(43.0, 0.011744286587240332)	(44.0, 0.016128247179732606)	(45.0, 0.02312324312510631)	(46.0, 0.03434102464118948)	(47.0, 0.04863187657259812)	(48.0, 0.06990697944792827)	(49.0, 0.09813409826282338)	(50.0, 0.13959905886681281)	(51.0, 0.2000289470339122)	(52.0, 0.28530127855846776)	(53.0, 0.4085894252208608)	(54.0, 0.5829378187840463)	(55.0, 0.8312440573426344)	(56.0, 1.1777918441785677)	(57.0, 1.613813258106862)	(58.0, 2.1179902162463775)	(59.0, 2.691268278724908)	(60.0, 3.324073649248554)	(61.0, 3.9507866039488095)	(62.0, 4.5444371891806865)	(63.0, 5.0720919754932305)	(64.0, 5.49231823728681)	(65.0, 5.821373161758583)	(66.0, 6.057139983622468)	(67.0, 6.209600809227549)	(68.0, 6.289017114960663)	(69.0, 6.248744849517866)	(70.0, 6.028902119806121)	(71.0, 5.653160164024596)	(72.0, 5.177264049707237)	(73.0, 4.593627805828798)	(74.0, 3.9441676830542622)	(75.0, 3.2596466205412407)	(76.0, 2.5726327176913117)	(77.0, 1.9386776320122818)	(78.0, 1.3669361047414146)	(79.0, 0.8926409956404306)	(80.0, 0.5383353177560182)	(81.0, 0.30010789055958137)	(82.0, 0.1470131098688218)	(83.0, 0.06219206840525804)	(84.0, 0.02438040829501218)	(85.0, 0.009380386267759203)	(86.0, 0.004416195596848835)	(87.0, 0.002439115329646437)	(88.0, 0.001858885251228342)	(89.0, 0.0017084552308977243)	(90.0, 0.0017192002323499114)	(91.0, 0.0017406902352542855)	(92.0, 0.0014720651989496116)	(93.0, 0.001203440162644938)	(94.0, 0.0013216351786189944)	(95.0, 0.0014290851931408638)	(96.0, 0.0018266502468717808)	(97.0, 0.002804445379020793)	(98.0, 0.004319490583779152)	(99.0, 0.010648296439117263)	(100.0, 0.06993921445228483)
IDDLNTM147_R1	(0.0, 0.0)	(1.0, 0.0)	(2.0, 0.0)	(3.0, 0.0)	(4.0, 0.0)	(5.0, 0.0)	(6.0, 0.0)	(7.0, 0.0)	(8.0, 0.0)	(9.0, 0.0)	(10.0, 0.0)	(11.0, 0.0)	(12.0, 0.0)	(13.0, 0.0)	(14.0, 1.9667712038341025e-05)	(15.0, 1.9667712038341025e-05)	(16.0, 0.0)	(17.0, 0.0)	(18.0, 0.0)	(19.0, 0.0)	(20.0, 0.0)	(21.0, 0.0)	(22.0, 0.0)	(23.0, 0.0)	(24.0, 0.0)	(25.0, 0.0)	(26.0, 0.0)	(27.0, 0.0)	(28.0, 0.0)	(29.0, 0.0)	(30.0, 0.0)	(31.0, 2.9501568057511536e-05)	(32.0, 0.00010817241621087564)	(33.0, 0.00020651097640258075)	(34.0, 0.0005211943690160371)	(35.0, 0.0008063761935719819)	(36.0, 0.0009932194579362218)	(37.0, 0.0012784012824921666)	(38.0, 0.0017602602274315216)	(39.0, 0.0028518182455594485)	(40.0, 0.005192275978122031)	(41.0, 0.008417780752409959)	(42.0, 0.013000357657343416)	(43.0, 0.019097348389229135)	(44.0, 0.02568603192207338)	(45.0, 0.034152981954579185)	(46.0, 0.049562634336619386)	(47.0, 0.0740391019683348)	(48.0, 0.10678584251217259)	(49.0, 0.15404735454030608)	(50.0, 0.22305152222682556)	(51.0, 0.31909879396606394)	(52.0, 0.4620043896366498)	(53.0, 0.6506374157963786)	(54.0, 0.895244750417226)	(55.0, 1.2180509081025173)	(56.0, 1.6416934254083828)	(57.0, 2.1530834399733068)	(58.0, 2.707506408478121)	(59.0, 3.299711051808589)	(60.0, 3.9261768495098464)	(61.0, 4.558631465526779)	(62.0, 5.127588873227927)	(63.0, 5.639883602546615)	(64.0, 6.086094819416477)	(65.0, 6.450980047007798)	(66.0, 6.669645669450073)	(67.0, 6.709158102935101)	(68.0, 6.591751695922224)	(69.0, 6.269624074302256)	(70.0, 5.774223909624503)	(71.0, 5.1341578890487325)	(72.0, 4.385260583908803)	(73.0, 3.582050891974993)	(74.0, 2.7990891095846564)	(75.0, 2.0898517457700407)	(76.0, 1.494460933089362)	(77.0, 1.0396155906346682)	(78.0, 0.6773756703125032)	(79.0, 0.4061677551597997)	(80.0, 0.23813665736023312)	(81.0, 0.132589880706476)	(82.0, 0.06984987930416814)	(83.0, 0.036601612103352645)	(84.0, 0.01713057718539503)	(85.0, 0.007935921807470603)	(86.0, 0.004081050247955763)	(87.0, 0.0016717555232589872)	(88.0, 0.0006392006412460833)	(89.0, 0.0004130219528051615)	(90.0, 0.0003736865287284795)	(91.0, 0.0003343511046517974)	(92.0, 0.0004818589449393551)	(93.0, 0.0007178714893994473)	(94.0, 0.0010817241621087564)	(95.0, 0.0015045799709330883)	(96.0, 0.0015439153950097704)	(97.0, 0.0012390658584154847)	(98.0, 0.001209564290357973)	(99.0, 0.0012882351385113372)	(100.0, 0.0007277053454186179)
IDDLNTM147_R2	(0.0, 0.0)	(1.0, 0.0)	(2.0, 9.840070321078542e-06)	(3.0, 9.840070321078542e-06)	(4.0, 0.0)	(5.0, 0.0)	(6.0, 0.0)	(7.0, 0.0)	(8.0, 0.0)	(9.0, 0.0)	(10.0, 0.0)	(11.0, 0.0)	(12.0, 0.0)	(13.0, 0.0)	(14.0, 0.0)	(15.0, 0.0)	(16.0, 0.0)	(17.0, 0.0)	(18.0, 0.0)	(19.0, 0.0)	(20.0, 0.0)	(21.0, 0.0)	(22.0, 0.0)	(23.0, 0.0)	(24.0, 0.0)	(25.0, 0.0)	(26.0, 0.0)	(27.0, 9.840070321078542e-06)	(28.0, 1.9680140642157084e-05)	(29.0, 9.840070321078542e-06)	(30.0, 0.0)	(31.0, 7.872056256862834e-05)	(32.0, 0.00019680140642157085)	(33.0, 0.000344402461237749)	(34.0, 0.0006100843599068696)	(35.0, 0.0008560861179338332)	(36.0, 0.0012595290010980534)	(37.0, 0.0019876942048578654)	(38.0, 0.00283394025247062)	(39.0, 0.004221390167742695)	(40.0, 0.0070258102092500795)	(41.0, 0.011247200376992774)	(42.0, 0.016314836592348225)	(43.0, 0.02384249038797331)	(44.0, 0.03163582608226751)	(45.0, 0.04220406160710587)	(46.0, 0.06163820049123599)	(47.0, 0.08889519528062355)	(48.0, 0.1272616294625088)	(49.0, 0.1813229758065143)	(50.0, 0.2629069988385765)	(51.0, 0.3870493260093034)	(52.0, 0.5672997341508201)	(53.0, 0.8171587997436465)	(54.0, 1.137954932281128)	(55.0, 1.5312330228036741)	(56.0, 1.9971505124364222)	(57.0, 2.4834369476338027)	(58.0, 2.950131802821916)	(59.0, 3.4173678618776884)	(60.0, 3.884279198612865)	(61.0, 4.3433283191614995)	(62.0, 4.796955560963221)	(63.0, 5.256378604184056)	(64.0, 5.719717995392682)	(65.0, 6.168454722244827)	(66.0, 6.463519070892689)	(67.0, 6.550879215203223)	(68.0, 6.493875687833215)	(69.0, 6.235288479865592)	(70.0, 5.744554332883085)	(71.0, 5.0970088252638694)	(72.0, 4.360971565247194)	(73.0, 3.568727823556518)	(74.0, 2.8013892998484926)	(75.0, 2.1053617657573227)	(76.0, 1.5074495728376274)	(77.0, 1.0378420568344748)	(78.0, 0.6728738486256718)	(79.0, 0.40552897807228894)	(80.0, 0.23958603217762034)	(81.0, 0.1367966576036339)	(82.0, 0.07230483671928513)	(83.0, 0.037165945602713656)	(84.0, 0.01891261515711296)	(85.0, 0.010076232008784427)	(86.0, 0.005087316355997607)	(87.0, 0.002686339197654442)	(88.0, 0.001938493853252473)	(89.0, 0.0015744112513725668)	(90.0, 0.001377609844950996)	(91.0, 0.00141697012623531)	(92.0, 0.0016728119545833522)	(93.0, 0.0017908927984362948)	(94.0, 0.0017613725874730591)	(95.0, 0.0017220123061887451)	(96.0, 0.0020565746971054153)	(97.0, 0.0034538646826985683)	(98.0, 0.005480919168840748)	(99.0, 0.011591602838230523)	(100.0, 0.07163571193745179)
IDDLNTM148_R1	(0.0, 0.0)	(1.0, 0.0)	(2.0, 0.0)	(3.0, 0.0)	(4.0, 0.0)	(5.0, 0.0)	(6.0, 0.0)	(7.0, 0.0)	(8.0, 0.0)	(9.0, 0.0)	(10.0, 0.0)	(11.0, 0.0)	(12.0, 0.0)	(13.0, 0.0)	(14.0, 0.0)	(15.0, 0.0)	(16.0, 0.0)	(17.0, 0.0)	(18.0, 0.0)	(19.0, 0.0)	(20.0, 0.0)	(21.0, 0.0)	(22.0, 0.0)	(23.0, 0.0)	(24.0, 0.0)	(25.0, 0.0)	(26.0, 0.0)	(27.0, 0.0)	(28.0, 0.0)	(29.0, 0.0)	(30.0, 0.0)	(31.0, 0.0)	(32.0, 0.0)	(33.0, 0.0)	(34.0, 4.320029514441643e-05)	(35.0, 4.320029514441643e-05)	(36.0, 2.8800196762944285e-05)	(37.0, 0.0002736018692479707)	(38.0, 0.000705604820692135)	(39.0, 0.0015552106251989913)	(40.0, 0.002635218003809402)	(41.0, 0.0037152253824198128)	(42.0, 0.006235242599177438)	(43.0, 0.010396871031422887)	(44.0, 0.015091303103782804)	(45.0, 0.020937743046660493)	(46.0, 0.0332354270644377)	(47.0, 0.05088994768012255)	(48.0, 0.07084848403684293)	(49.0, 0.10208229742625602)	(50.0, 0.1533178474675339)	(51.0, 0.2294511676103771)	(52.0, 0.341959136264819)	(53.0, 0.49357777212333914)	(54.0, 0.6979007680580473)	(55.0, 0.9722658425202362)	(56.0, 1.3338523128790016)	(57.0, 1.760642428709073)	(58.0, 2.2506921767289514)	(59.0, 2.821353675488311)	(60.0, 3.4133849202457753)	(61.0, 3.9866816370089437)	(62.0, 4.55935914954171)	(63.0, 5.082903526396892)	(64.0, 5.5194425088312205)	(65.0, 5.888632231135403)	(66.0, 6.1626805034332)	(67.0, 6.363461075166066)	(68.0, 6.464175363246081)	(69.0, 6.4243734913196935)	(70.0, 6.1998039570606345)	(71.0, 5.7601977536710525)	(72.0, 5.181097797260151)	(73.0, 4.49861953456866)	(74.0, 3.759736086516943)	(75.0, 3.0110749716642062)	(76.0, 2.2982701017813354)	(77.0, 1.6484512622190233)	(78.0, 1.084471409108667)	(79.0, 0.6539804679945573)	(80.0, 0.358216847337501)	(81.0, 0.17748121255164417)	(82.0, 0.07668052388133915)	(83.0, 0.026942584071734377)	(84.0, 0.008726459619172117)	(85.0, 0.0035136240050792026)	(86.0, 0.0014832101332916306)	(87.0, 0.0008928060996512728)	(88.0, 0.0006480044271662464)	(89.0, 0.0005616038368774135)	(90.0, 0.0004464030498256364)	(91.0, 0.00041760285306269214)	(92.0, 0.00043200295144416425)	(93.0, 0.0006336043287847743)	(94.0, 0.0008928060996512728)	(95.0, 0.0010512071818474663)	(96.0, 0.0012528085591880763)	(97.0, 0.001310408952713965)	(98.0, 0.00161281101872488)	(99.0, 0.0015840108219619356)	(100.0, 0.0006912047223106628)
IDDLNTM148_R2	(0.0, 0.0)	(1.0, 0.0)	(2.0, 0.0)	(3.0, 0.0)	(4.0, 0.0)	(5.0, 0.0)	(6.0, 0.0)	(7.0, 1.4406988196066431e-05)	(8.0, 1.4406988196066431e-05)	(9.0, 0.0)	(10.0, 0.0)	(11.0, 0.0)	(12.0, 0.0)	(13.0, 0.0)	(14.0, 0.0)	(15.0, 0.0)	(16.0, 0.0)	(17.0, 0.0)	(18.0, 0.0)	(19.0, 0.0)	(20.0, 0.0)	(21.0, 0.0)	(22.0, 0.0)	(23.0, 0.0)	(24.0, 0.0)	(25.0, 0.0)	(26.0, 0.0)	(27.0, 0.0)	(28.0, 0.0)	(29.0, 0.0)	(30.0, 0.0)	(31.0, 2.8813976392132863e-05)	(32.0, 5.7627952784265725e-05)	(33.0, 7.203494098033216e-05)	(34.0, 0.00011525590556853145)	(35.0, 0.0001440698819606643)	(36.0, 0.0002161048229409965)	(37.0, 0.0005186515750583915)	(38.0, 0.001267814961253846)	(39.0, 0.0023483390759588283)	(40.0, 0.0036305610254087407)	(41.0, 0.005561097443681643)	(42.0, 0.008399274118306729)	(43.0, 0.013167987211204718)	(44.0, 0.018570607784729628)	(45.0, 0.025774101882762846)	(46.0, 0.038092076790399644)	(47.0, 0.05378128693591599)	(48.0, 0.07343241883535061)	(49.0, 0.1006472195377201)	(50.0, 0.14353682339740986)	(51.0, 0.21135051683629455)	(52.0, 0.3053128938510398)	(53.0, 0.4432165848637877)	(54.0, 0.6407075790554664)	(55.0, 0.9192090678736266)	(56.0, 1.2922203992579824)	(57.0, 1.7366327641420438)	(58.0, 2.2719820385196763)	(59.0, 2.863360089991811)	(60.0, 3.444221040080817)	(61.0, 4.022992976881394)	(62.0, 4.593408860528252)	(63.0, 5.072570880941226)	(64.0, 5.4872040012240175)	(65.0, 5.852493186935282)	(66.0, 6.119238573385452)	(67.0, 6.330344171422414)	(68.0, 6.454906991365604)	(69.0, 6.427562527769471)	(70.0, 6.183320856881556)	(71.0, 5.752263770055248)	(72.0, 5.187682716627797)	(73.0, 4.5150204377534555)	(74.0, 3.787856522533394)	(75.0, 3.0403931609450754)	(76.0, 2.328918455870531)	(77.0, 1.6713114796610786)	(78.0, 1.1089491024158213)	(79.0, 0.6810471460044524)	(80.0, 0.3763393456576473)	(81.0, 0.18573489182368844)	(82.0, 0.0801316683465215)	(83.0, 0.029577546766524385)	(84.0, 0.010545915359520628)	(85.0, 0.004567015258153059)	(86.0, 0.0024491879933312933)	(87.0, 0.0016135826779594402)	(88.0, 0.0014262918314105766)	(89.0, 0.0014406988196066432)	(90.0, 0.0011813730320774474)	(91.0, 0.0010084891737246503)	(92.0, 0.0009508612209403845)	(93.0, 0.0009508612209403845)	(94.0, 0.0010228961619207166)	(95.0, 0.0009652682091364508)	(96.0, 0.0007635703743915209)	(97.0, 0.0015127337605869754)	(98.0, 0.0027661417336447545)	(99.0, 0.006828912404935487)	(100.0, 0.053132972467093004)
IDDLNTM149_R1	(0.0, 0.0)	(1.0, 0.0)	(2.0, 0.0)	(3.0, 0.0)	(4.0, 0.0)	(5.0, 0.0)	(6.0, 0.0)	(7.0, 0.0)	(8.0, 0.0)	(9.0, 0.0)	(10.0, 0.0)	(11.0, 0.0)	(12.0, 0.0)	(13.0, 0.0)	(14.0, 0.0)	(15.0, 0.0)	(16.0, 0.0)	(17.0, 0.0)	(18.0, 0.0)	(19.0, 0.0)	(20.0, 0.0)	(21.0, 0.0)	(22.0, 0.0)	(23.0, 0.0)	(24.0, 0.0)	(25.0, 0.0)	(26.0, 0.0)	(27.0, 0.0)	(28.0, 0.0)	(29.0, 0.0)	(30.0, 0.0)	(31.0, 0.0)	(32.0, 0.0)	(33.0, 0.0)	(34.0, 6.0724445673102396e-05)	(35.0, 0.00015181111418275598)	(36.0, 0.00022771667127413398)	(37.0, 0.00037952778545688996)	(38.0, 0.0008045989051686067)	(39.0, 0.001472567807572733)	(40.0, 0.002307528935577891)	(41.0, 0.0035371989604582143)	(42.0, 0.005844727896036106)	(43.0, 0.008880950179691226)	(44.0, 0.012979850262625638)	(45.0, 0.018156609256257616)	(46.0, 0.027842158341117446)	(47.0, 0.04425293978427337)	(48.0, 0.06746485914281676)	(49.0, 0.10062040648033067)	(50.0, 0.1500045619239812)	(51.0, 0.2232837867399975)	(52.0, 0.3300525433447298)	(53.0, 0.48237981531570717)	(54.0, 0.6831955571566567)	(55.0, 0.9505804725667449)	(56.0, 1.3189197789083658)	(57.0, 1.7725617503092772)	(58.0, 2.2813415183813657)	(59.0, 2.8548839077638175)	(60.0, 3.488437230582713)	(61.0, 4.141725998245367)	(62.0, 4.783294947893112)	(63.0, 5.370712873111868)	(64.0, 5.844257281582139)	(65.0, 6.189156951893943)	(66.0, 6.4255875811221665)	(67.0, 6.5555834381968605)	(68.0, 6.568077492894102)	(69.0, 6.476747926601756)	(70.0, 6.202804771058972)	(71.0, 5.722717303567425)	(72.0, 5.102128649899736)	(73.0, 4.36918459062539)	(74.0, 3.5815278057995794)	(75.0, 2.7783103817700354)	(76.0, 2.029137714389553)	(77.0, 1.3814204146174065)	(78.0, 0.846088882674754)	(79.0, 0.45186578136497324)	(80.0, 0.2076016986449188)	(81.0, 0.08443734170844888)	(82.0, 0.030119325053858788)	(83.0, 0.009336383522239493)	(84.0, 0.00341575006911201)	(85.0, 0.0017458278131016938)	(86.0, 0.000834961128005158)	(87.0, 0.0005768822338944727)	(88.0, 0.0005768822338944727)	(89.0, 0.00047061445396654356)	(90.0, 0.0003339844512020632)	(91.0, 0.00022771667127413398)	(92.0, 0.00047061445396654356)	(93.0, 0.0007742366823320555)	(94.0, 0.0010323155764427408)	(95.0, 0.0013359378048082527)	(96.0, 0.0013511189162265284)	(97.0, 0.001168945579207221)	(98.0, 0.0012600322477168747)	(99.0, 0.0012600322477168747)	(100.0, 0.0007135122366589531)
IDDLNTM149_R2	(0.0, 0.0)	(1.0, 0.0)	(2.0, 1.518943119377537e-05)	(3.0, 1.518943119377537e-05)	(4.0, 0.0)	(5.0, 0.0)	(6.0, 0.0)	(7.0, 0.0)	(8.0, 0.0)	(9.0, 0.0)	(10.0, 0.0)	(11.0, 0.0)	(12.0, 0.0)	(13.0, 0.0)	(14.0, 0.0)	(15.0, 0.0)	(16.0, 0.0)	(17.0, 0.0)	(18.0, 0.0)	(19.0, 0.0)	(20.0, 0.0)	(21.0, 0.0)	(22.0, 0.0)	(23.0, 0.0)	(24.0, 0.0)	(25.0, 0.0)	(26.0, 0.0)	(27.0, 0.0)	(28.0, 0.0)	(29.0, 1.518943119377537e-05)	(30.0, 3.037886238755074e-05)	(31.0, 7.594715596887686e-05)	(32.0, 6.075772477510148e-05)	(33.0, 4.5568293581326114e-05)	(34.0, 9.113658716265223e-05)	(35.0, 0.00016708374313152908)	(36.0, 0.00028859919268173207)	(37.0, 0.0006227666789447902)	(38.0, 0.0017923528808654937)	(39.0, 0.0031290228259177265)	(40.0, 0.004040388697544249)	(41.0, 0.0060909619087039235)	(42.0, 0.009508583927303381)	(43.0, 0.014247686459761297)	(44.0, 0.021310771964866845)	(45.0, 0.030348483525163193)	(46.0, 0.046540417177727736)	(47.0, 0.07280294371176535)	(48.0, 0.1115663721182801)	(49.0, 0.17109375296668577)	(50.0, 0.2629442433954454)	(51.0, 0.40516288766276426)	(52.0, 0.6142454080450822)	(53.0, 0.8868956979733502)	(54.0, 1.2175848044930337)	(55.0, 1.5950573590895454)	(56.0, 2.0028632077800266)	(57.0, 2.4021933538643814)	(58.0, 2.7459757500730992)	(59.0, 3.077333191565309)	(60.0, 3.4291963651691155)	(61.0, 3.800258979801854)	(62.0, 4.234524817631892)	(63.0, 4.706414876528911)	(64.0, 5.147455200671373)	(65.0, 5.56293171211471)	(66.0, 5.907519148176698)	(67.0, 6.149866522873385)	(68.0, 6.297705256682401)	(69.0, 6.287133412571533)	(70.0, 6.062557672371564)	(71.0, 5.647324191827327)	(72.0, 5.078510372482826)	(73.0, 4.3770168716606985)	(74.0, 3.6064266483380862)	(75.0, 2.804424681306747)	(76.0, 2.0448619850308156)	(77.0, 1.3889975355147888)	(78.0, 0.8512764818239469)	(79.0, 0.4623662855385223)	(80.0, 0.21701140346546874)	(81.0, 0.08814426921747848)	(82.0, 0.032854739672136125)	(83.0, 0.011756619743982137)	(84.0, 0.004739102532457916)	(85.0, 0.00265815045891069)	(86.0, 0.0021417097983223274)	(87.0, 0.0017771634496717183)	(88.0, 0.0014885642569899863)	(89.0, 0.001351859376246008)	(90.0, 0.0012455333578895804)	(91.0, 0.0010328813211767252)	(92.0, 0.0009417447340140729)	(93.0, 0.0010328813211767252)	(94.0, 0.0010025024587891746)	(95.0, 0.0011695862019207037)	(96.0, 0.001549321981765088)	(97.0, 0.002415119559810284)	(98.0, 0.003797357798443843)	(99.0, 0.009128848147458998)	(100.0, 0.06183617438985954)
IDDLNTM15.A_R1	(0.0, 0.0)	(1.0, 0.0)	(2.0, 0.0)	(3.0, 0.0)	(4.0, 0.0)	(5.0, 0.0)	(6.0, 0.0)	(7.0, 0.0)	(8.0, 0.0)	(9.0, 0.0)	(10.0, 0.0)	(11.0, 0.0)	(12.0, 0.0)	(13.0, 0.0)	(14.0, 0.0)	(15.0, 0.0)	(16.0, 0.0)	(17.0, 0.0)	(18.0, 0.0)	(19.0, 1.1393136819952207e-05)	(20.0, 1.1393136819952207e-05)	(21.0, 0.0)	(22.0, 0.0)	(23.0, 0.0)	(24.0, 0.0)	(25.0, 0.0)	(26.0, 1.1393136819952207e-05)	(27.0, 2.2786273639904415e-05)	(28.0, 1.1393136819952207e-05)	(29.0, 0.0)	(30.0, 0.0)	(31.0, 1.1393136819952207e-05)	(32.0, 2.2786273639904415e-05)	(33.0, 1.1393136819952207e-05)	(34.0, 9.114509455961766e-05)	(35.0, 0.00011393136819952208)	(36.0, 0.00010253823137956988)	(37.0, 0.00023925587321899636)	(38.0, 0.0005582637041776582)	(39.0, 0.0011051342715353643)	(40.0, 0.0017659362070925923)	(41.0, 0.0029394292995476696)	(42.0, 0.004317998854761886)	(43.0, 0.006596626218752329)	(44.0, 0.010139891769757464)	(45.0, 0.01491361609731744)	(46.0, 0.023344537344082074)	(47.0, 0.033359104608820064)	(48.0, 0.04948039320905244)	(49.0, 0.07379334718283045)	(50.0, 0.10668533318203247)	(51.0, 0.15910515569063258)	(52.0, 0.23272760582116375)	(53.0, 0.33393284019279923)	(54.0, 0.48367283741743106)	(55.0, 0.6845224464163685)	(56.0, 0.9543461057232966)	(57.0, 1.3079548932041534)	(58.0, 1.762449907225687)	(59.0, 2.3224567613367975)	(60.0, 2.959709083087185)	(61.0, 3.6567411937318606)	(62.0, 4.38881859323471)	(63.0, 5.093757540832432)	(64.0, 5.69277449541506)	(65.0, 6.1202905614469465)	(66.0, 6.363773288426146)	(67.0, 6.497118561766865)	(68.0, 6.503339214470561)	(69.0, 6.343026386277012)	(70.0, 6.013069750834377)	(71.0, 5.557218953531269)	(72.0, 5.046920355365609)	(73.0, 4.479450996637429)	(74.0, 3.87378045015195)	(75.0, 3.2563635796051003)	(76.0, 2.6615051199617556)	(77.0, 2.1000855168849704)	(78.0, 1.5778013387847214)	(79.0, 1.1409884731077538)	(80.0, 0.7982601312899514)	(81.0, 0.5279009945524856)	(82.0, 0.32927304723343875)	(83.0, 0.1962126023132169)	(84.0, 0.11240468786564849)	(85.0, 0.062115381942379436)	(86.0, 0.032743875220542645)	(87.0, 0.017055525819468457)	(88.0, 0.00783847813212712)	(89.0, 0.003315402814606092)	(90.0, 0.001538073470693548)	(91.0, 0.0010025960401557944)	(92.0, 0.0007975195773966546)	(93.0, 0.0008203058510365591)	(94.0, 0.0012190656397348862)	(95.0, 0.0019482263962118276)	(96.0, 0.0021533028589709674)	(97.0, 0.0018001156175524488)	(98.0, 0.0018001156175524488)	(99.0, 0.0016633979757130226)	(100.0, 0.0007747333037567502)
IDDLNTM15.A_R2	(0.0, 0.0)	(1.0, 0.0)	(2.0, 0.0)	(3.0, 0.0)	(4.0, 1.1401387913753516e-05)	(5.0, 1.1401387913753516e-05)	(6.0, 0.0)	(7.0, 0.0)	(8.0, 0.0)	(9.0, 0.0)	(10.0, 0.0)	(11.0, 0.0)	(12.0, 0.0)	(13.0, 0.0)	(14.0, 0.0)	(15.0, 1.1401387913753516e-05)	(16.0, 1.1401387913753516e-05)	(17.0, 0.0)	(18.0, 0.0)	(19.0, 0.0)	(20.0, 1.1401387913753516e-05)	(21.0, 1.1401387913753516e-05)	(22.0, 0.0)	(23.0, 0.0)	(24.0, 0.0)	(25.0, 1.1401387913753516e-05)	(26.0, 1.1401387913753516e-05)	(27.0, 0.0)	(28.0, 0.0)	(29.0, 2.280277582750703e-05)	(30.0, 4.560555165501406e-05)	(31.0, 4.560555165501406e-05)	(32.0, 5.7006939568767586e-05)	(33.0, 6.84083274825211e-05)	(34.0, 0.00010261249122378165)	(35.0, 0.0001368166549650422)	(36.0, 0.0002166263703613168)	(37.0, 0.00046745690446389423)	(38.0, 0.0010717304638928307)	(39.0, 0.0017102081870630278)	(40.0, 0.0028959525300933935)	(41.0, 0.005005209294137794)	(42.0, 0.007160071609837209)	(43.0, 0.011241768482960967)	(44.0, 0.01695386382775148)	(45.0, 0.02402272433427866)	(46.0, 0.0348540428523445)	(47.0, 0.04990387489849915)	(48.0, 0.07134988556426951)	(49.0, 0.10464193827242978)	(50.0, 0.15634723246130197)	(51.0, 0.24028425028235537)	(52.0, 0.3646049840939237)	(53.0, 0.5414063064724994)	(54.0, 0.7984391956001587)	(55.0, 1.1450071840145244)	(56.0, 1.5764699068346988)	(57.0, 2.0743001087008324)	(58.0, 2.5957425849363496)	(59.0, 3.1145969461154444)	(60.0, 3.595678509136274)	(61.0, 4.003403542320013)	(62.0, 4.394539556089242)	(63.0, 4.762906998194704)	(64.0, 5.067438069371061)	(65.0, 5.312602113680502)	(66.0, 5.507121192877051)	(67.0, 5.683740093049007)	(68.0, 5.8031126245060065)	(69.0, 5.805472711804153)	(70.0, 5.637655683101615)	(71.0, 5.321871442054384)	(72.0, 4.914682274102591)	(73.0, 4.411003160236702)	(74.0, 3.841424024229317)	(75.0, 3.2581974268891702)	(76.0, 2.681332804004897)	(77.0, 2.1070790989528736)	(78.0, 1.577199595661179)	(79.0, 1.1381093443267036)	(80.0, 0.7882577561931768)	(81.0, 0.5227194316818575)	(82.0, 0.33315995622779154)	(83.0, 0.20170195358221346)	(84.0, 0.1162599525565446)	(85.0, 0.06554657911616897)	(86.0, 0.035686344170048505)	(87.0, 0.019051719203882128)	(88.0, 0.009976214424534327)	(89.0, 0.005848911999755554)	(90.0, 0.0038308663390211814)	(91.0, 0.0026337206080770626)	(92.0, 0.002417094237715746)	(93.0, 0.002439897013543253)	(94.0, 0.0024741011772845133)	(95.0, 0.002952959469662161)	(96.0, 0.0036712469082286325)	(97.0, 0.005529673138170456)	(98.0, 0.00845982983200511)	(99.0, 0.018036995679558063)	(100.0, 0.08551040935315138)
IDDLNTM15.B_R1	(0.0, 0.0)	(1.0, 0.0)	(2.0, 0.0)	(3.0, 0.0)	(4.0, 0.0)	(5.0, 0.0)	(6.0, 0.0)	(7.0, 0.0)	(8.0, 0.0)	(9.0, 0.0)	(10.0, 0.0)	(11.0, 0.0)	(12.0, 0.0)	(13.0, 0.0)	(14.0, 0.0)	(15.0, 0.0)	(16.0, 0.0)	(17.0, 0.0)	(18.0, 0.0)	(19.0, 0.0)	(20.0, 0.0)	(21.0, 0.0)	(22.0, 0.0)	(23.0, 0.0)	(24.0, 0.0)	(25.0, 0.0)	(26.0, 8.75011211081142e-06)	(27.0, 8.75011211081142e-06)	(28.0, 8.75011211081142e-06)	(29.0, 8.75011211081142e-06)	(30.0, 8.75011211081142e-06)	(31.0, 1.750022422162284e-05)	(32.0, 1.750022422162284e-05)	(33.0, 8.75011211081142e-06)	(34.0, 3.500044844324568e-05)	(35.0, 6.125078477567994e-05)	(36.0, 6.125078477567994e-05)	(37.0, 0.0001312516816621713)	(38.0, 0.0004900062782054396)	(39.0, 0.0009012615474135763)	(40.0, 0.0015487698436136212)	(41.0, 0.002397530718362329)	(42.0, 0.003841299216646213)	(43.0, 0.006492583186222073)	(44.0, 0.009966377694214207)	(45.0, 0.014560186552390204)	(46.0, 0.02205903263135559)	(47.0, 0.0332504260210834)	(48.0, 0.04870312400877636)	(49.0, 0.07005339755915622)	(50.0, 0.10240256203282604)	(51.0, 0.1511056860416024)	(52.0, 0.22206909526028304)	(53.0, 0.318302828254987)	(54.0, 0.45159328603897736)	(55.0, 0.6390469377888904)	(56.0, 0.8927214379934243)	(57.0, 1.2246131903565014)	(58.0, 1.6519511656243095)	(59.0, 2.179259171758138)	(60.0, 2.7915832671606107)	(61.0, 3.472306988933296)	(62.0, 4.222751604004927)	(63.0, 4.964761111001734)	(64.0, 5.614308183323599)	(65.0, 6.126355993936173)	(66.0, 6.463970319619721)	(67.0, 6.649280193902484)	(68.0, 6.671024222497851)	(69.0, 6.516838496993242)	(70.0, 6.1709728155892)	(71.0, 5.685096590300063)	(72.0, 5.1373570723874895)	(73.0, 4.539689414770627)	(74.0, 3.918527706136235)	(75.0, 3.297838503555827)	(76.0, 2.6931270056897603)	(77.0, 2.1208871738669153)	(78.0, 1.600430505515852)	(79.0, 1.158978599413305)	(80.0, 0.807031590092248)	(81.0, 0.5396981648827376)	(82.0, 0.33941684877837497)	(83.0, 0.19809378807665973)	(84.0, 0.11423271360664307)	(85.0, 0.06286955551618005)	(86.0, 0.03189415864390763)	(87.0, 0.01651146155310115)	(88.0, 0.007691348545403237)	(89.0, 0.0035525455169894368)	(90.0, 0.0015662700678352442)	(91.0, 0.0007875100899730277)	(92.0, 0.0007525096415297822)	(93.0, 0.0009450121079676334)	(94.0, 0.0016800215252757926)	(95.0, 0.002178777915592044)	(96.0, 0.0018637738796028324)	(97.0, 0.001373767601397393)	(98.0, 0.0016800215252757926)	(99.0, 0.0016625213010541698)	(100.0, 0.0007262593051973478)
IDDLNTM15.B_R2	(0.0, 0.0)	(1.0, 8.75693242555469e-06)	(2.0, 8.75693242555469e-06)	(3.0, 0.0)	(4.0, 0.0)	(5.0, 8.75693242555469e-06)	(6.0, 2.6270797276664072e-05)	(7.0, 1.751386485110938e-05)	(8.0, 0.0)	(9.0, 0.0)	(10.0, 0.0)	(11.0, 0.0)	(12.0, 0.0)	(13.0, 0.0)	(14.0, 0.0)	(15.0, 0.0)	(16.0, 0.0)	(17.0, 0.0)	(18.0, 0.0)	(19.0, 0.0)	(20.0, 8.75693242555469e-06)	(21.0, 8.75693242555469e-06)	(22.0, 0.0)	(23.0, 0.0)	(24.0, 0.0)	(25.0, 8.75693242555469e-06)	(26.0, 8.75693242555469e-06)	(27.0, 0.0)	(28.0, 8.75693242555469e-06)	(29.0, 2.6270797276664072e-05)	(30.0, 1.751386485110938e-05)	(31.0, 2.6270797276664072e-05)	(32.0, 5.2541594553328144e-05)	(33.0, 9.63262566811016e-05)	(34.0, 0.00013135398638332036)	(35.0, 0.00014886785123442974)	(36.0, 0.00024519410791553134)	(37.0, 0.0005079020806821721)	(38.0, 0.0010158041613643441)	(39.0, 0.0016725740932809457)	(40.0, 0.0027847045113263916)	(41.0, 0.004378466212777345)	(42.0, 0.006558942386740463)	(43.0, 0.010429506518835636)	(44.0, 0.015753721433572888)	(45.0, 0.023214627860145484)	(46.0, 0.03316250309557561)	(47.0, 0.04595638136931102)	(48.0, 0.06501146632731802)	(49.0, 0.09417205130441514)	(50.0, 0.13739626975695307)	(51.0, 0.20367749128597656)	(52.0, 0.3027534247487023)	(53.0, 0.4504566039705333)	(54.0, 0.6622692854798501)	(55.0, 0.9648825993097435)	(56.0, 1.368515885600836)	(57.0, 1.8512242716946872)	(58.0, 2.40350648590957)	(59.0, 2.997489212334945)	(60.0, 3.5748950656787444)	(61.0, 4.088646777221188)	(62.0, 4.564130694063956)	(63.0, 4.97103031614978)	(64.0, 5.260954834895045)	(65.0, 5.483993903773922)	(66.0, 5.640515313948287)	(67.0, 5.76615102345772)	(68.0, 5.850778018418281)	(69.0, 5.825015123222299)	(70.0, 5.6492372186441395)	(71.0, 5.329048741436158)	(72.0, 4.924338352456722)	(73.0, 4.4262440360911715)	(74.0, 3.8605637152651897)	(75.0, 3.2656264832054296)	(76.0, 2.6902347243195077)	(77.0, 2.133915564256444)	(78.0, 1.6020457595255284)	(79.0, 1.1619836343441285)	(80.0, 0.8085713555135923)	(81.0, 0.5362745417409692)	(82.0, 0.34002292915186305)	(83.0, 0.20294190896222994)	(84.0, 0.11534631390940638)	(85.0, 0.0636453848689315)	(86.0, 0.03454609841881325)	(87.0, 0.019151411214688108)	(88.0, 0.010105500019090113)	(89.0, 0.005350485712013916)	(90.0, 0.0035027729702218763)	(91.0, 0.002863516903156384)	(92.0, 0.0026095658628152974)	(93.0, 0.0026708643897941807)	(94.0, 0.002740919849198618)	(95.0, 0.003143738740774134)	(96.0, 0.003782994807839626)	(97.0, 0.00524540252290726)	(98.0, 0.008853258682235791)	(99.0, 0.019598014768391396)	(100.0, 0.09203535979257979)
IDDLNTM152_R1	(0.0, 0.0)	(1.0, 0.0)	(2.0, 0.0)	(3.0, 0.0)	(4.0, 0.0)	(5.0, 0.0)	(6.0, 0.0)	(7.0, 0.0)	(8.0, 0.0)	(9.0, 0.0)	(10.0, 0.0)	(11.0, 0.0)	(12.0, 0.0)	(13.0, 0.0)	(14.0, 0.0)	(15.0, 0.0)	(16.0, 0.0)	(17.0, 0.0)	(18.0, 0.0)	(19.0, 0.0)	(20.0, 0.0)	(21.0, 0.0)	(22.0, 0.0)	(23.0, 0.0)	(24.0, 0.0)	(25.0, 0.0)	(26.0, 0.0)	(27.0, 0.0)	(28.0, 0.0)	(29.0, 0.0)	(30.0, 0.0)	(31.0, 0.0)	(32.0, 0.0)	(33.0, 0.0)	(34.0, 1.3601839077457984e-05)	(35.0, 5.4407356309831936e-05)	(36.0, 0.00021762942523932775)	(37.0, 0.00040805517232373953)	(38.0, 0.000924925057267143)	(39.0, 0.0020402758616186976)	(40.0, 0.0032508395395124583)	(41.0, 0.004611023447258257)	(42.0, 0.007140965515665443)	(43.0, 0.011983220227240486)	(44.0, 0.01985868505308866)	(45.0, 0.03136584091261811)	(46.0, 0.04627345654151207)	(47.0, 0.06535683676718562)	(48.0, 0.08667091860156229)	(49.0, 0.1213012008927703)	(50.0, 0.17723196317927756)	(51.0, 0.2605160238505528)	(52.0, 0.37908325508875407)	(53.0, 0.5345522757440988)	(54.0, 0.7504406655815119)	(55.0, 1.0457637956312797)	(56.0, 1.435755725660155)	(57.0, 1.9248914607246217)	(58.0, 2.4964407387594063)	(59.0, 3.1381347009166416)	(60.0, 3.811901799618523)	(61.0, 4.481139485907611)	(62.0, 5.139726932199048)	(63.0, 5.7108953587396645)	(64.0, 6.126404338877851)	(65.0, 6.44077004363606)	(66.0, 6.625265388882701)	(67.0, 6.635480370029871)	(68.0, 6.4637571516769645)	(69.0, 6.164217451513184)	(70.0, 5.748994109995624)	(71.0, 5.1844225754075755)	(72.0, 4.5104106436023)	(73.0, 3.812445873181621)	(74.0, 3.1080066273600724)	(75.0, 2.4290028206133694)	(76.0, 1.8314876317797177)	(77.0, 1.2858362553484133)	(78.0, 0.8447694195836831)	(79.0, 0.5242964890796955)	(80.0, 0.29737700775046394)	(81.0, 0.1515380891619594)	(82.0, 0.06980463814551438)	(83.0, 0.028468649189119562)	(84.0, 0.011289526434290128)	(85.0, 0.004284579309399265)	(86.0, 0.001795442758224454)	(87.0, 0.0008433140228023951)	(88.0, 0.0006936937929503573)	(89.0, 0.00047606436771102943)	(90.0, 0.00032644413785899164)	(91.0, 0.0003536478160139076)	(92.0, 0.00038085149416882357)	(93.0, 0.0005984809194081514)	(94.0, 0.000897721379112227)	(95.0, 0.0012513691951261347)	(96.0, 0.0012921747123585087)	(97.0, 0.001047341608964265)	(98.0, 0.0013465820686683406)	(99.0, 0.0015914151720625843)	(100.0, 0.0008297121837249371)
IDDLNTM152_R2	(0.0, 2.7218235128806896e-05)	(1.0, 1.3609117564403448e-05)	(2.0, 0.0)	(3.0, 0.0)	(4.0, 0.0)	(5.0, 0.0)	(6.0, 0.0)	(7.0, 0.0)	(8.0, 0.0)	(9.0, 0.0)	(10.0, 0.0)	(11.0, 0.0)	(12.0, 0.0)	(13.0, 0.0)	(14.0, 0.0)	(15.0, 0.0)	(16.0, 0.0)	(17.0, 0.0)	(18.0, 0.0)	(19.0, 0.0)	(20.0, 0.0)	(21.0, 0.0)	(22.0, 0.0)	(23.0, 0.0)	(24.0, 0.0)	(25.0, 0.0)	(26.0, 0.0)	(27.0, 1.3609117564403448e-05)	(28.0, 1.3609117564403448e-05)	(29.0, 0.0)	(30.0, 0.0)	(31.0, 4.0827352693210345e-05)	(32.0, 4.0827352693210345e-05)	(33.0, 8.165470538642069e-05)	(34.0, 0.00019052764590164826)	(35.0, 0.0002857914688524724)	(36.0, 0.00044910087962531374)	(37.0, 0.0007757197011709965)	(38.0, 0.0017419670482436414)	(39.0, 0.0028034782182671104)	(40.0, 0.004436572325995525)	(41.0, 0.006614031136300076)	(42.0, 0.010125183467916165)	(43.0, 0.01563687608149956)	(44.0, 0.025244913081968395)	(45.0, 0.039303131525997154)	(46.0, 0.056355355834194674)	(47.0, 0.07691873247400828)	(48.0, 0.10127905291429046)	(49.0, 0.1397112009161658)	(50.0, 0.19844815232413107)	(51.0, 0.28912570265575127)	(52.0, 0.4198684950969752)	(53.0, 0.5944326460955782)	(54.0, 0.8543804006932485)	(55.0, 1.2085712944244125)	(56.0, 1.6464854794117867)	(57.0, 2.182535011156074)	(58.0, 2.7849834274970857)	(59.0, 3.39856410200578)	(60.0, 4.0075448947777055)	(61.0, 4.555570449978668)	(62.0, 5.038898260278456)	(63.0, 5.466905007678944)	(64.0, 5.809133487070998)	(65.0, 6.102954335286468)	(66.0, 6.29889840997875)	(67.0, 6.3807980794813295)	(68.0, 6.292202724137062)	(69.0, 6.060235315251806)	(70.0, 5.699879491263967)	(71.0, 5.1557869710391175)	(72.0, 4.498425765325738)	(73.0, 3.813002559194558)	(74.0, 3.118692599293823)	(75.0, 2.445816999557023)	(76.0, 1.843014746159337)	(77.0, 1.2995074179897563)	(78.0, 0.8612530050632722)	(79.0, 0.5269722503288302)	(80.0, 0.29900592200750814)	(81.0, 0.15937637579672875)	(82.0, 0.07169283132927735)	(83.0, 0.02945013040936906)	(84.0, 0.012561215511944382)	(85.0, 0.004953718793442855)	(86.0, 0.002436032044028217)	(87.0, 0.001728357930679238)	(88.0, 0.0013609117564403448)	(89.0, 0.0011976023456675034)	(90.0, 0.0012384296983607138)	(91.0, 0.0012248205807963103)	(92.0, 0.001034292934894662)	(93.0, 0.001034292934894662)	(94.0, 0.0011703841105386965)	(95.0, 0.001061511170023469)	(96.0, 0.0012520388159251172)	(97.0, 0.0020005402819673066)	(98.0, 0.0033342338032788447)	(99.0, 0.00816547053864207)	(100.0, 0.05973041699016673)
IDDLNTM18.A_R1	(0.0, 0.0)	(1.0, 0.0)	(2.0, 0.0)	(3.0, 0.0)	(4.0, 0.0)	(5.0, 0.0)	(6.0, 0.0)	(7.0, 0.0)	(8.0, 0.0)	(9.0, 0.0)	(10.0, 0.0)	(11.0, 0.0)	(12.0, 0.0)	(13.0, 0.0)	(14.0, 0.0)	(15.0, 0.0)	(16.0, 0.0)	(17.0, 0.0)	(18.0, 0.0)	(19.0, 0.0)	(20.0, 0.0)	(21.0, 0.0)	(22.0, 0.0)	(23.0, 0.0)	(24.0, 0.0)	(25.0, 0.0)	(26.0, 0.0)	(27.0, 0.0)	(28.0, 0.0)	(29.0, 0.0)	(30.0, 0.0)	(31.0, 0.0)	(32.0, 0.0)	(33.0, 1.3516328197534109e-05)	(34.0, 0.0001621959383704093)	(35.0, 0.0001892285947654775)	(36.0, 0.00013516328197534107)	(37.0, 0.00025681023575314807)	(38.0, 0.0005947184406915007)	(39.0, 0.0011624042249879334)	(40.0, 0.0020544818860251846)	(41.0, 0.0033115004083958564)	(42.0, 0.005257851668840768)	(43.0, 0.008312541841483476)	(44.0, 0.012813479131262335)	(45.0, 0.019260767681486105)	(46.0, 0.029141203593883537)	(47.0, 0.042914342027170795)	(48.0, 0.06304015471329907)	(49.0, 0.0930464033118248)	(50.0, 0.1394479580139594)	(51.0, 0.21213877106029783)	(52.0, 0.31463308778219895)	(53.0, 0.45358094165284957)	(54.0, 0.6501353863013906)	(55.0, 0.9257468345773087)	(56.0, 1.2794691435067762)	(57.0, 1.70309790187389)	(58.0, 2.2158127793909514)	(59.0, 2.8042596437987966)	(60.0, 3.4352423930442813)	(61.0, 4.079079170405621)	(62.0, 4.718009520631256)	(63.0, 5.295575740840086)	(64.0, 5.751292262348145)	(65.0, 6.0840912952278305)	(66.0, 6.291877808608523)	(67.0, 6.390776782029879)	(68.0, 6.395453431586226)	(69.0, 6.292702304628572)	(70.0, 6.02325430201073)	(71.0, 5.59033982617191)	(72.0, 5.062621824355586)	(73.0, 4.426556935707828)	(74.0, 3.7227887591186217)	(75.0, 3.0116136346771674)	(76.0, 2.3152388896120124)	(77.0, 1.6758625005558592)	(78.0, 1.1156377294244653)	(79.0, 0.6739106076008531)	(80.0, 0.3656437103996927)	(81.0, 0.17706389938769682)	(82.0, 0.07400189688149923)	(83.0, 0.025816186857290147)	(84.0, 0.00940736442548374)	(85.0, 0.0033925983775810607)	(86.0, 0.00151382875812382)	(87.0, 0.00098669195841999)	(88.0, 0.0006623000816791712)	(89.0, 0.0006352674252841031)	(90.0, 0.0005541694560988984)	(91.0, 0.00033790820493835274)	(92.0, 0.000378457189530955)	(93.0, 0.0005136204715062961)	(94.0, 0.0008515286764446487)	(95.0, 0.00098669195841999)	(96.0, 0.00098669195841999)	(97.0, 0.001257018522370672)	(98.0, 0.0012975675069632744)	(99.0, 0.0011624042249879334)	(100.0, 0.0006352674252841031)
IDDLNTM18.A_R2	(0.0, 0.0)	(1.0, 0.0)	(2.0, 0.0)	(3.0, 0.0)	(4.0, 0.0)	(5.0, 0.0)	(6.0, 1.3522893650419947e-05)	(7.0, 1.3522893650419947e-05)	(8.0, 0.0)	(9.0, 0.0)	(10.0, 0.0)	(11.0, 0.0)	(12.0, 0.0)	(13.0, 0.0)	(14.0, 0.0)	(15.0, 0.0)	(16.0, 0.0)	(17.0, 0.0)	(18.0, 0.0)	(19.0, 0.0)	(20.0, 0.0)	(21.0, 0.0)	(22.0, 0.0)	(23.0, 0.0)	(24.0, 0.0)	(25.0, 0.0)	(26.0, 0.0)	(27.0, 0.0)	(28.0, 0.0)	(29.0, 0.0)	(30.0, 2.7045787300839895e-05)	(31.0, 4.056868095125984e-05)	(32.0, 5.409157460167979e-05)	(33.0, 8.113736190251968e-05)	(34.0, 0.00013522893650419945)	(35.0, 0.0001757976174554593)	(36.0, 0.00024341208570755903)	(37.0, 0.0005273928523663779)	(38.0, 0.0010953543856840157)	(39.0, 0.0017038845999529134)	(40.0, 0.002947990815791548)	(41.0, 0.00517926826811084)	(42.0, 0.00787032410454441)	(43.0, 0.011589119858409894)	(44.0, 0.016335655529707293)	(45.0, 0.023894953080292047)	(46.0, 0.03607908025932042)	(47.0, 0.05007527518750506)	(48.0, 0.06984574570441902)	(49.0, 0.09948792858613954)	(50.0, 0.14335619558810186)	(51.0, 0.2112005530322587)	(52.0, 0.31087780212950417)	(53.0, 0.45743892351275556)	(54.0, 0.6661647870069874)	(55.0, 0.9632627605067137)	(56.0, 1.3585910334830904)	(57.0, 1.8415611802078389)	(58.0, 2.4219367298965624)	(59.0, 3.046775553907866)	(60.0, 3.6369146328121924)	(61.0, 4.197073456493538)	(62.0, 4.732539476369216)	(63.0, 5.194075836658049)	(64.0, 5.561073647436796)	(65.0, 5.842011763024271)	(66.0, 6.037999060699807)	(67.0, 6.178569540195922)	(68.0, 6.258530410350856)	(69.0, 6.219692659786849)	(70.0, 5.9831907727346545)	(71.0, 5.563007421228806)	(72.0, 5.053424219800032)	(73.0, 4.432723401245756)	(74.0, 3.737470869996715)	(75.0, 3.0358625787319773)	(76.0, 2.328425920303908)	(77.0, 1.6781505333361642)	(78.0, 1.1331373505432891)	(79.0, 0.6905330413650441)	(80.0, 0.37216355615320734)	(81.0, 0.18097688572357015)	(82.0, 0.07560649839949793)	(83.0, 0.02773545487701131)	(84.0, 0.010439673898124198)	(85.0, 0.004760058564947821)	(86.0, 0.002758670304685669)	(87.0, 0.001960819579310892)	(88.0, 0.0017850219618554331)	(89.0, 0.0014604725142453544)	(90.0, 0.0011629688539361153)	(91.0, 0.0011629688539361153)	(92.0, 0.0011224001729848556)	(93.0, 0.0010412628110823359)	(94.0, 0.001027739917431916)	(95.0, 0.0011900146412369553)	(96.0, 0.0013658122586924146)	(97.0, 0.0021636629840671912)	(98.0, 0.0036511812856133852)	(99.0, 0.008505900106114146)	(100.0, 0.05497056268895708)
IDDLNTM18.B_R1	(0.0, 0.0)	(1.0, 0.0)	(2.0, 0.0)	(3.0, 0.0)	(4.0, 0.0)	(5.0, 0.0)	(6.0, 0.0)	(7.0, 0.0)	(8.0, 0.0)	(9.0, 0.0)	(10.0, 0.0)	(11.0, 0.0)	(12.0, 0.0)	(13.0, 0.0)	(14.0, 0.0)	(15.0, 0.0)	(16.0, 0.0)	(17.0, 0.0)	(18.0, 0.0)	(19.0, 0.0)	(20.0, 0.0)	(21.0, 0.0)	(22.0, 0.0)	(23.0, 8.710695165738397e-06)	(24.0, 8.710695165738397e-06)	(25.0, 0.0)	(26.0, 0.0)	(27.0, 0.0)	(28.0, 0.0)	(29.0, 0.0)	(30.0, 8.710695165738397e-06)	(31.0, 8.710695165738397e-06)	(32.0, 8.710695165738397e-06)	(33.0, 8.710695165738397e-06)	(34.0, 5.2264170994430386e-05)	(35.0, 5.2264170994430386e-05)	(36.0, 9.581764682312236e-05)	(37.0, 0.0002961636356351055)	(38.0, 0.0006097486616016878)	(39.0, 0.0012194973232033757)	(40.0, 0.0019076422412967087)	(41.0, 0.003074875393505654)	(42.0, 0.0049128320734764565)	(43.0, 0.007978996771816372)	(44.0, 0.012081734194879156)	(45.0, 0.017621736320288777)	(46.0, 0.026053689240723547)	(47.0, 0.03736017156585199)	(48.0, 0.05472929772633435)	(49.0, 0.07932830087437959)	(50.0, 0.116740736611226)	(51.0, 0.17060767551615225)	(52.0, 0.24676528335020304)	(53.0, 0.3535409846918243)	(54.0, 0.5022412618661445)	(55.0, 0.708266623926189)	(56.0, 0.9879409136125518)	(57.0, 1.3492257063067175)	(58.0, 1.8065981773741433)	(59.0, 2.3669920401667577)	(60.0, 3.0216182032623293)	(61.0, 3.7412087309039785)	(62.0, 4.511573900666717)	(63.0, 5.272130827672833)	(64.0, 5.9333771190943665)	(65.0, 6.44332734618219)	(66.0, 6.783671627697919)	(67.0, 6.980062960904658)	(68.0, 6.991047147508654)	(69.0, 6.791032165112969)	(70.0, 6.368615713745651)	(71.0, 5.78973775581134)	(72.0, 5.1469145846653435)	(73.0, 4.430224718513886)	(74.0, 3.6850160363898)	(75.0, 2.9508350943455395)	(76.0, 2.2493541019534606)	(77.0, 1.6165046767722346)	(78.0, 1.073967739069384)	(79.0, 0.6601574545258159)	(80.0, 0.37403725041680674)	(81.0, 0.1899715508695887)	(82.0, 0.08177600621595207)	(83.0, 0.028396866240307173)	(84.0, 0.009869217622781604)	(85.0, 0.00342330320013519)	(86.0, 0.001559214434667173)	(87.0, 0.0009059122972367933)	(88.0, 0.0007404090890877638)	(89.0, 0.0007491197842535021)	(90.0, 0.0006620128325961182)	(91.0, 0.0005574844906072574)	(92.0, 0.0005661951857729959)	(93.0, 0.0007839625649164557)	(94.0, 0.0012194973232033757)	(95.0, 0.0014459753975125738)	(96.0, 0.00135886844585519)	(97.0, 0.00135886844585519)	(98.0, 0.0015069502636727427)	(99.0, 0.0015069502636727427)	(100.0, 0.0008797802117395781)
IDDLNTM18.B_R2	(0.0, 0.0)	(1.0, 0.0)	(2.0, 0.0)	(3.0, 0.0)	(4.0, 0.0)	(5.0, 0.0)	(6.0, 0.0)	(7.0, 0.0)	(8.0, 0.0)	(9.0, 0.0)	(10.0, 0.0)	(11.0, 0.0)	(12.0, 0.0)	(13.0, 0.0)	(14.0, 0.0)	(15.0, 8.714224839200765e-06)	(16.0, 8.714224839200765e-06)	(17.0, 0.0)	(18.0, 0.0)	(19.0, 0.0)	(20.0, 0.0)	(21.0, 0.0)	(22.0, 0.0)	(23.0, 0.0)	(24.0, 0.0)	(25.0, 0.0)	(26.0, 0.0)	(27.0, 0.0)	(28.0, 8.714224839200765e-06)	(29.0, 2.61426745176023e-05)	(30.0, 3.485689935680306e-05)	(31.0, 5.22853490352046e-05)	(32.0, 4.357112419600383e-05)	(33.0, 4.357112419600383e-05)	(34.0, 6.971379871360612e-05)	(35.0, 0.00011328492290960996)	(36.0, 0.0003311405438896291)	(37.0, 0.0007581375610104667)	(38.0, 0.001490132447503331)	(39.0, 0.002718838149830639)	(40.0, 0.004287398620886777)	(41.0, 0.006518240179722173)	(42.0, 0.009655361121834448)	(43.0, 0.01387304594400762)	(44.0, 0.020443571472764998)	(45.0, 0.02992464809781543)	(46.0, 0.043161555628561395)	(47.0, 0.06074686135406854)	(48.0, 0.09165621685871365)	(49.0, 0.14083930185116278)	(50.0, 0.21323708181524276)	(51.0, 0.3309662593928451)	(52.0, 0.5057126100933381)	(53.0, 0.7486739128350947)	(54.0, 1.077269903071677)	(55.0, 1.4807210846769943)	(56.0, 1.9289808104054815)	(57.0, 2.4087250304780015)	(58.0, 2.880426021023939)	(59.0, 3.310647301335281)	(60.0, 3.6951537581401754)	(61.0, 4.045491739350564)	(62.0, 4.41308388574257)	(63.0, 4.78007475062067)	(64.0, 5.120461087064692)	(65.0, 5.422034266074912)	(66.0, 5.670337388643099)	(67.0, 5.907233590896772)	(68.0, 6.055096557968331)	(69.0, 6.032944998427083)	(70.0, 5.829127993663016)	(71.0, 5.439480144202992)	(72.0, 4.933235966394464)	(73.0, 4.326691060686733)	(74.0, 3.6453083920599467)	(75.0, 2.9408155991596003)	(76.0, 2.2594590732073314)	(77.0, 1.6321220270332684)	(78.0, 1.0892258195510607)	(79.0, 0.6748208573228681)	(80.0, 0.3796352051197814)	(81.0, 0.18889825183935502)	(82.0, 0.08214899755914562)	(83.0, 0.031536779693067576)	(84.0, 0.011555062136780215)	(85.0, 0.00477539521188202)	(86.0, 0.002710123924991438)	(87.0, 0.0019171294646241684)	(88.0, 0.0015075608971817326)	(89.0, 0.0014029901991113234)	(90.0, 0.0016034173704129408)	(91.0, 0.0015075608971817326)	(92.0, 0.0012635626016841111)	(93.0, 0.0013245621755585163)	(94.0, 0.0013507048500761188)	(95.0, 0.0013681332997545204)	(96.0, 0.001455275548146528)	(97.0, 0.00216112776012179)	(98.0, 0.0035031183853587084)	(99.0, 0.007694660533014276)	(100.0, 0.046307390795512875)
IDDLNTM19.A_R1	(0.0, 1.6679281763440414e-05)	(1.0, 8.339640881720207e-06)	(2.0, 0.0)	(3.0, 0.0)	(4.0, 0.0)	(5.0, 0.0)	(6.0, 0.0)	(7.0, 0.0)	(8.0, 0.0)	(9.0, 0.0)	(10.0, 0.0)	(11.0, 0.0)	(12.0, 0.0)	(13.0, 0.0)	(14.0, 0.0)	(15.0, 0.0)	(16.0, 0.0)	(17.0, 0.0)	(18.0, 0.0)	(19.0, 0.0)	(20.0, 0.0)	(21.0, 0.0)	(22.0, 0.0)	(23.0, 0.0)	(24.0, 0.0)	(25.0, 0.0)	(26.0, 0.0)	(27.0, 0.0)	(28.0, 0.0)	(29.0, 0.0)	(30.0, 8.339640881720207e-06)	(31.0, 3.335856352688083e-05)	(32.0, 0.0001084153314623627)	(33.0, 0.0002168306629247254)	(34.0, 0.00017513245851612436)	(35.0, 0.00035860455791396893)	(36.0, 0.0006254730661290155)	(37.0, 0.0014260785907741554)	(38.0, 0.002543590468924663)	(39.0, 0.0038195555238278553)	(40.0, 0.00604623963924715)	(41.0, 0.009857455522193284)	(42.0, 0.01647079074139741)	(43.0, 0.026445001235934774)	(44.0, 0.03942982208877314)	(45.0, 0.05532517760933186)	(46.0, 0.08061930840358925)	(47.0, 0.11834784375249147)	(48.0, 0.17097097771614597)	(49.0, 0.2522991555946814)	(50.0, 0.37357421329665674)	(51.0, 0.5444951531675124)	(52.0, 0.8035660971581506)	(53.0, 1.1660902862865279)	(54.0, 1.650840252177397)	(55.0, 2.266922882673595)	(56.0, 2.993680887311103)	(57.0, 3.807771611261984)	(58.0, 4.6650533353392944)	(59.0, 5.5003934642568)	(60.0, 6.240686706045339)	(61.0, 6.815488114177022)	(62.0, 7.199044877609098)	(63.0, 7.346831653674061)	(64.0, 7.2275664494245815)	(65.0, 6.89459794758102)	(66.0, 6.382994338051012)	(67.0, 5.734578919856385)	(68.0, 4.986888416605759)	(69.0, 4.191253317926124)	(70.0, 3.41355678678307)	(71.0, 2.678567556595305)	(72.0, 2.0252567692031076)	(73.0, 1.4717047660380467)	(74.0, 1.0207470249999082)	(75.0, 0.6778460108662185)	(76.0, 0.4376560138317948)	(77.0, 0.2789609874935409)	(78.0, 0.16869425575543637)	(79.0, 0.09920836792894358)	(80.0, 0.05815231586823501)	(81.0, 0.03425090510122489)	(82.0, 0.019956760629956456)	(83.0, 0.012659574858451275)	(84.0, 0.007097034390343896)	(85.0, 0.0033441959935698036)	(86.0, 0.0015928714084085598)	(87.0, 0.0008923415743440623)	(88.0, 0.0005587559390752539)	(89.0, 0.00040030276232257)	(90.0, 0.00035026491703224873)	(91.0, 0.00030022707174192747)	(92.0, 0.0004336613258494508)	(93.0, 0.0008256244472903006)	(94.0, 0.0014177389498924353)	(95.0, 0.001759664226042964)	(96.0, 0.0016262299719354404)	(97.0, 0.0013093236184300726)	(98.0, 0.0013176632593117927)	(99.0, 0.0013677011046021141)	(100.0, 0.0007172091158279379)
IDDLNTM19.A_R2	(0.0, 0.0)	(1.0, 0.0)	(2.0, 0.0)	(3.0, 0.0)	(4.0, 0.0)	(5.0, 0.0)	(6.0, 8.346232435562496e-06)	(7.0, 8.346232435562496e-06)	(8.0, 0.0)	(9.0, 0.0)	(10.0, 0.0)	(11.0, 0.0)	(12.0, 0.0)	(13.0, 0.0)	(14.0, 0.0)	(15.0, 0.0)	(16.0, 0.0)	(17.0, 0.0)	(18.0, 0.0)	(19.0, 0.0)	(20.0, 0.0)	(21.0, 0.0)	(22.0, 0.0)	(23.0, 0.0)	(24.0, 0.0)	(25.0, 0.0)	(26.0, 8.346232435562496e-06)	(27.0, 8.346232435562496e-06)	(28.0, 8.346232435562496e-06)	(29.0, 4.173116217781248e-05)	(30.0, 4.173116217781248e-05)	(31.0, 8.346232435562495e-05)	(32.0, 0.00025873320550243736)	(33.0, 0.0003839266920358748)	(34.0, 0.0003839266920358748)	(35.0, 0.0006259674326671872)	(36.0, 0.001059971519316437)	(37.0, 0.002245136525166311)	(38.0, 0.004072961428554497)	(39.0, 0.006101095910396184)	(40.0, 0.009122432052069807)	(41.0, 0.013938208167389365)	(42.0, 0.0222093245110318)	(43.0, 0.03393578108299711)	(44.0, 0.04828295463972904)	(45.0, 0.06661962730065983)	(46.0, 0.09281845091589051)	(47.0, 0.1281146678858843)	(48.0, 0.17629746773638658)	(49.0, 0.2499028915856122)	(50.0, 0.36068243470283323)	(51.0, 0.5286754011658351)	(52.0, 0.7931007371893262)	(53.0, 1.1775448956362058)	(54.0, 1.7115952704905433)	(55.0, 2.4127288724724063)	(56.0, 3.2265282661019272)	(57.0, 4.101363657532716)	(58.0, 4.975598120228146)	(59.0, 5.755653696120688)	(60.0, 6.365646439906208)	(61.0, 6.778167324266319)	(62.0, 6.999734756733197)	(63.0, 7.024472989672205)	(64.0, 6.894288456142301)	(65.0, 6.612302647074387)	(66.0, 6.1577918673309595)	(67.0, 5.593294436551691)	(68.0, 4.912458871853116)	(69.0, 4.166706311270736)	(70.0, 3.4234910053487666)	(71.0, 2.686218216920918)	(72.0, 2.024821027564768)	(73.0, 1.4779007622947933)	(74.0, 1.028339298385655)	(75.0, 0.6809273732553662)	(76.0, 0.4434102906041287)	(77.0, 0.2787057397207384)	(78.0, 0.16849374040913564)	(79.0, 0.1017405733895068)	(80.0, 0.06111111389318859)	(81.0, 0.03684026997057285)	(82.0, 0.02184209028386705)	(83.0, 0.013545935242917929)	(84.0, 0.008237731413900183)	(85.0, 0.004799083650448435)	(86.0, 0.0030714135362869986)	(87.0, 0.0021700204332462487)	(88.0, 0.0018445173682593114)	(89.0, 0.0016275153249346867)	(90.0, 0.0015774379303213114)	(91.0, 0.0016609002546769365)	(92.0, 0.0016942851844191865)	(93.0, 0.0015941303951924365)	(94.0, 0.0015273605357079365)	(95.0, 0.001802786206081499)	(96.0, 0.0022534827576018734)	(97.0, 0.003638957341905248)	(98.0, 0.006009287353604996)	(99.0, 0.01435551978916749)	(100.0, 0.08983049970395914)
IDDLNTM19.B_R1	(0.0, 0.0)	(1.0, 0.0)	(2.0, 0.0)	(3.0, 0.0)	(4.0, 8.083279114738672e-06)	(5.0, 8.083279114738672e-06)	(6.0, 0.0)	(7.0, 0.0)	(8.0, 0.0)	(9.0, 0.0)	(10.0, 0.0)	(11.0, 0.0)	(12.0, 0.0)	(13.0, 0.0)	(14.0, 0.0)	(15.0, 0.0)	(16.0, 0.0)	(17.0, 0.0)	(18.0, 0.0)	(19.0, 0.0)	(20.0, 0.0)	(21.0, 0.0)	(22.0, 0.0)	(23.0, 0.0)	(24.0, 0.0)	(25.0, 0.0)	(26.0, 8.083279114738672e-06)	(27.0, 8.083279114738672e-06)	(28.0, 0.0)	(29.0, 0.0)	(30.0, 0.0)	(31.0, 0.0)	(32.0, 8.083279114738672e-06)	(33.0, 8.083279114738672e-06)	(34.0, 4.8499674688432026e-05)	(35.0, 4.8499674688432026e-05)	(36.0, 2.4249837344216013e-05)	(37.0, 9.699934937686405e-05)	(38.0, 0.000541579700687491)	(39.0, 0.0010912426804897206)	(40.0, 0.0015358230318003477)	(41.0, 0.0023441509432742145)	(42.0, 0.00401738972002512)	(43.0, 0.007283034482379543)	(44.0, 0.010645678594110829)	(45.0, 0.015657311645248806)	(46.0, 0.024791417044903504)	(47.0, 0.03838749251589395)	(48.0, 0.05743978138933299)	(49.0, 0.08426010149203592)	(50.0, 0.12398133506186175)	(51.0, 0.18518792451866295)	(52.0, 0.27759597135835545)	(53.0, 0.40559469614024235)	(54.0, 0.5925609420641478)	(55.0, 0.8540550214259437)	(56.0, 1.1873043694892749)	(57.0, 1.6168902380420618)	(58.0, 2.1290791358683627)	(59.0, 2.7199102562019566)	(60.0, 3.3792633335911897)	(61.0, 4.06301983062782)	(62.0, 4.727812954861272)	(63.0, 5.297684132450349)	(64.0, 5.73562002832866)	(65.0, 6.004300142823459)	(66.0, 6.134570269036587)	(67.0, 6.18491293136318)	(68.0, 6.122453433643594)	(69.0, 5.941872978220332)	(70.0, 5.632719885198037)	(71.0, 5.2511971942614855)	(72.0, 4.842110521543677)	(73.0, 4.3218868442773255)	(74.0, 3.728218492974458)	(75.0, 3.1391656940461075)	(76.0, 2.5657782900421195)	(77.0, 2.0140459907865167)	(78.0, 1.5126806036948506)	(79.0, 1.0949933219989594)	(80.0, 0.757912499635242)	(81.0, 0.49721866490580513)	(82.0, 0.3080699336209203)	(83.0, 0.18017629146752498)	(84.0, 0.10115415484183975)	(85.0, 0.05577462589169683)	(86.0, 0.028364226413617997)	(87.0, 0.013531409238072537)	(88.0, 0.006013959661365571)	(89.0, 0.0027240650616669323)	(90.0, 0.0014954066362266542)	(91.0, 0.0007113285620970031)	(92.0, 0.0007355783994412191)	(93.0, 0.0009376603773096859)	(94.0, 0.001374157449505574)	(95.0, 0.001964236824881497)	(96.0, 0.001842987638160417)	(97.0, 0.0016409056602919503)	(98.0, 0.0015196564735708703)	(99.0, 0.0013660741703908354)	(100.0, 0.0007436616785559577)
IDDLNTM19.B_R2	(0.0, 0.0)	(1.0, 0.0)	(2.0, 0.0)	(3.0, 0.0)	(4.0, 0.0)	(5.0, 0.0)	(6.0, 0.0)	(7.0, 0.0)	(8.0, 0.0)	(9.0, 0.0)	(10.0, 0.0)	(11.0, 0.0)	(12.0, 0.0)	(13.0, 0.0)	(14.0, 0.0)	(15.0, 0.0)	(16.0, 0.0)	(17.0, 0.0)	(18.0, 0.0)	(19.0, 0.0)	(20.0, 0.0)	(21.0, 0.0)	(22.0, 0.0)	(23.0, 0.0)	(24.0, 0.0)	(25.0, 0.0)	(26.0, 0.0)	(27.0, 8.088195626275862e-06)	(28.0, 8.088195626275862e-06)	(29.0, 0.0)	(30.0, 0.0)	(31.0, 0.0)	(32.0, 1.6176391252551725e-05)	(33.0, 7.279376063648276e-05)	(34.0, 8.088195626275862e-05)	(35.0, 0.00014558752127296552)	(36.0, 0.0003639688031824138)	(37.0, 0.0006794084326071725)	(38.0, 0.001286023104577862)	(39.0, 0.002240430188478414)	(40.0, 0.0035102769018037243)	(41.0, 0.00543526746085738)	(42.0, 0.008856574210772069)	(43.0, 0.014340370845387104)	(44.0, 0.02068151621638738)	(45.0, 0.029942500208473243)	(46.0, 0.04585198100535787)	(47.0, 0.07213052859512814)	(48.0, 0.11256341853088118)	(49.0, 0.17537634576453953)	(50.0, 0.2753060027271778)	(51.0, 0.43188538185625225)	(52.0, 0.6617195487725072)	(53.0, 0.9602710257296019)	(54.0, 1.3281464273995067)	(55.0, 1.7552921266187613)	(56.0, 2.19663260916213)	(57.0, 2.5985269616361513)	(58.0, 2.938805439829203)	(59.0, 3.243010565529065)	(60.0, 3.518389362016879)	(61.0, 3.7757557468449767)	(62.0, 4.088000538997356)	(63.0, 4.410549692377612)	(64.0, 4.70703059125438)	(65.0, 5.006932796881062)	(66.0, 5.264938149163636)	(67.0, 5.472117280130692)	(68.0, 5.614178348110602)	(69.0, 5.6039144278608575)	(70.0, 5.412426396408777)	(71.0, 5.130973365005629)	(72.0, 4.7644567802009385)	(73.0, 4.267105542945609)	(74.0, 3.702379636123402)	(75.0, 3.129047889154838)	(76.0, 2.5590565669799252)	(77.0, 2.0112835181903925)	(78.0, 1.5154124207346718)	(79.0, 1.0917284692434632)	(80.0, 0.7494360303394688)	(81.0, 0.4935497853109794)	(82.0, 0.3106595058096296)	(83.0, 0.18414394982342255)	(84.0, 0.10385243184138208)	(85.0, 0.056673986753314975)	(86.0, 0.029376326514633934)	(87.0, 0.015594041167459863)	(88.0, 0.00801540186563938)	(89.0, 0.004254390899421103)	(90.0, 0.0027985156866914486)	(91.0, 0.0025558698179031724)	(92.0, 0.0023941059053776553)	(93.0, 0.0020948426672054484)	(94.0, 0.0022485183841046896)	(95.0, 0.002531605231024345)	(96.0, 0.00295219140359069)	(97.0, 0.004222038116916)	(98.0, 0.006858789891081931)	(99.0, 0.015157278603640967)	(100.0, 0.07176655979194572)
IDDLNTM19.C_R1	(0.0, 0.0)	(1.0, 0.0)	(2.0, 0.0)	(3.0, 0.0)	(4.0, 0.0)	(5.0, 0.0)	(6.0, 0.0)	(7.0, 0.0)	(8.0, 0.0)	(9.0, 0.0)	(10.0, 0.0)	(11.0, 0.0)	(12.0, 0.0)	(13.0, 0.0)	(14.0, 0.0)	(15.0, 0.0)	(16.0, 0.0)	(17.0, 0.0)	(18.0, 0.0)	(19.0, 0.0)	(20.0, 0.0)	(21.0, 0.0)	(22.0, 0.0)	(23.0, 0.0)	(24.0, 0.0)	(25.0, 0.0)	(26.0, 0.0)	(27.0, 0.0)	(28.0, 0.0)	(29.0, 0.0)	(30.0, 0.0)	(31.0, 1.0198918690242623e-05)	(32.0, 2.0397837380485246e-05)	(33.0, 1.0198918690242623e-05)	(34.0, 1.0198918690242623e-05)	(35.0, 5.099459345121311e-05)	(36.0, 7.139243083169836e-05)	(37.0, 0.00012238702428291146)	(38.0, 0.00045895134106091804)	(39.0, 0.001081085381165718)	(40.0, 0.0017950096894827016)	(41.0, 0.002753708046365508)	(42.0, 0.004915878808696944)	(43.0, 0.008658881968015987)	(44.0, 0.012820040793634977)	(45.0, 0.01913317146289516)	(46.0, 0.03033158418478156)	(47.0, 0.04751676217784038)	(48.0, 0.07295286539130548)	(49.0, 0.10780257055586452)	(50.0, 0.16140808719177974)	(51.0, 0.24562055881711312)	(52.0, 0.3735659937862068)	(53.0, 0.5554025151145425)	(54.0, 0.7925375735813738)	(55.0, 1.1054811946727785)	(56.0, 1.5008218798626531)	(57.0, 1.9672184315674481)	(58.0, 2.478276048216816)	(59.0, 3.0237244186896817)	(60.0, 3.5812381099731048)	(61.0, 4.123861379968773)	(62.0, 4.632899610717472)	(63.0, 5.044915527965894)	(64.0, 5.350281352470448)	(65.0, 5.557839546735576)	(66.0, 5.6975647327919)	(67.0, 5.805744663339303)	(68.0, 5.855229816824361)	(69.0, 5.780522737418334)	(70.0, 5.549863992319806)	(71.0, 5.231637331346856)	(72.0, 4.842161024403871)	(73.0, 4.338263048675054)	(74.0, 3.7570674681928873)	(75.0, 3.158329747563504)	(76.0, 2.5788577843399887)	(77.0, 2.028289556684621)	(78.0, 1.5208729540076702)	(79.0, 1.0909579344578728)	(80.0, 0.7512727485606522)	(81.0, 0.49719728614932784)	(82.0, 0.3115667670682219)	(83.0, 0.17989872677718963)	(84.0, 0.09944965614855582)	(85.0, 0.05500276849647847)	(86.0, 0.02795523612995503)	(87.0, 0.013860330500039725)	(88.0, 0.006578302555206491)	(89.0, 0.0028047026398167214)	(90.0, 0.0014482464540144526)	(91.0, 0.0009586983568828065)	(92.0, 0.0007751178204584394)	(93.0, 0.0009790961942632917)	(94.0, 0.0012238702428291148)	(95.0, 0.0015298378035363937)	(96.0, 0.0015298378035363937)	(97.0, 0.0014380475353242097)	(98.0, 0.001540036722226636)	(99.0, 0.0013462572671120263)	(100.0, 0.0006731286335560132)
IDDLNTM19.C_R2	(0.0, 0.0)	(1.0, 0.0)	(2.0, 0.0)	(3.0, 0.0)	(4.0, 0.0)	(5.0, 0.0)	(6.0, 0.0)	(7.0, 0.0)	(8.0, 0.0)	(9.0, 0.0)	(10.0, 0.0)	(11.0, 0.0)	(12.0, 0.0)	(13.0, 0.0)	(14.0, 0.0)	(15.0, 0.0)	(16.0, 0.0)	(17.0, 0.0)	(18.0, 0.0)	(19.0, 0.0)	(20.0, 0.0)	(21.0, 0.0)	(22.0, 1.0207544906817875e-05)	(23.0, 1.0207544906817875e-05)	(24.0, 0.0)	(25.0, 0.0)	(26.0, 0.0)	(27.0, 0.0)	(28.0, 0.0)	(29.0, 1.0207544906817875e-05)	(30.0, 1.0207544906817875e-05)	(31.0, 3.0622634720453625e-05)	(32.0, 8.1660359254543e-05)	(33.0, 7.145281434772512e-05)	(34.0, 9.186790416136086e-05)	(35.0, 0.000163320718509086)	(36.0, 0.00021435844304317536)	(37.0, 0.0004695470657136222)	(38.0, 0.0010309620355886053)	(39.0, 0.0019904712568294854)	(40.0, 0.003052055927138544)	(41.0, 0.004787338561297583)	(42.0, 0.007808771853715674)	(43.0, 0.01234092179234281)	(44.0, 0.01773050550314265)	(45.0, 0.02416125879443791)	(46.0, 0.035828482622930743)	(47.0, 0.05247698836595069)	(48.0, 0.07694447350759315)	(49.0, 0.1127933712203375)	(50.0, 0.16753643455560177)	(51.0, 0.2530348306951083)	(52.0, 0.38127221735946126)	(53.0, 0.5738885897511146)	(54.0, 0.8487879816366266)	(55.0, 1.2184440128921292)	(56.0, 1.6688213092707473)	(57.0, 2.1716653864704094)	(58.0, 2.6827673674996872)	(59.0, 3.192583197870706)	(60.0, 3.6791972786685276)	(61.0, 4.100095185356256)	(62.0, 4.491340174089679)	(63.0, 4.823422232543184)	(64.0, 5.099536322272607)	(65.0, 5.337739590218109)	(66.0, 5.543554318174278)	(67.0, 5.721584108894089)	(68.0, 5.7974261675517464)	(69.0, 5.732740955477241)	(70.0, 5.530498868238459)	(71.0, 5.221016314208647)	(72.0, 4.83007755182243)	(73.0, 4.32809090839494)	(74.0, 3.7525180737342003)	(75.0, 3.158765601594418)	(76.0, 2.5760474854989064)	(77.0, 2.0282493805296187)	(78.0, 1.5280898876404496)	(79.0, 1.1012205671822328)	(80.0, 0.7560116059785591)	(81.0, 0.499261228937369)	(82.0, 0.31148323283154744)	(83.0, 0.1822761294010468)	(84.0, 0.10274914703202873)	(85.0, 0.05690706285550965)	(86.0, 0.029887691487162735)	(87.0, 0.015505260713456353)	(88.0, 0.007910847302783852)	(89.0, 0.0043177914955839615)	(90.0, 0.0031030936516726337)	(91.0, 0.0023171126938476574)	(92.0, 0.0020721316160840285)	(93.0, 0.0019904712568294854)	(94.0, 0.0020721316160840285)	(95.0, 0.0025620937716112862)	(96.0, 0.0030112257475112727)	(97.0, 0.004327999040490779)	(98.0, 0.007563790775952045)	(99.0, 0.016362694485629055)	(100.0, 0.09618569565694483)
IDDLNTM1_R1	(0.0, 0.0)	(1.0, 0.0)	(2.0, 0.0)	(3.0, 0.0)	(4.0, 0.0)	(5.0, 0.0)	(6.0, 0.0)	(7.0, 0.0)	(8.0, 0.0)	(9.0, 0.0)	(10.0, 0.0)	(11.0, 0.0)	(12.0, 0.0)	(13.0, 0.0)	(14.0, 0.0)	(15.0, 0.0)	(16.0, 0.0)	(17.0, 0.0)	(18.0, 0.0)	(19.0, 0.0)	(20.0, 0.0)	(21.0, 0.0)	(22.0, 0.0)	(23.0, 0.0)	(24.0, 0.0)	(25.0, 0.0)	(26.0, 0.0)	(27.0, 0.0)	(28.0, 0.0)	(29.0, 0.0)	(30.0, 0.0)	(31.0, 0.0)	(32.0, 1.5948322332180587e-05)	(33.0, 1.5948322332180587e-05)	(34.0, 0.0)	(35.0, 1.5948322332180587e-05)	(36.0, 6.379328932872235e-05)	(37.0, 0.00035086309130797293)	(38.0, 0.0010366409515917383)	(39.0, 0.0018021604235364064)	(40.0, 0.003205612788768298)	(41.0, 0.005183204757958691)	(42.0, 0.0076551947194466825)	(43.0, 0.01245563974143304)	(44.0, 0.018260829070346773)	(45.0, 0.02476774458187645)	(46.0, 0.03886606152352409)	(47.0, 0.0629320799227846)	(48.0, 0.09404725679286893)	(49.0, 0.13465168545060072)	(50.0, 0.20032687681452035)	(51.0, 0.29847285244675975)	(52.0, 0.4436025856696031)	(53.0, 0.6483630960924697)	(54.0, 0.9278414966416022)	(55.0, 1.3083684674874312)	(56.0, 1.800597487947853)	(57.0, 2.4167768695739817)	(58.0, 3.1493949525473615)	(59.0, 3.961196455900018)	(60.0, 4.804432102569402)	(61.0, 5.642675924348814)	(62.0, 6.432979089197691)	(63.0, 7.032396784052699)	(64.0, 7.400500011801759)	(65.0, 7.4977050364163995)	(66.0, 7.350087364909736)	(67.0, 7.020164420823916)	(68.0, 6.5190043398574735)	(69.0, 5.896828389034444)	(70.0, 5.115025679988619)	(71.0, 4.23145672614115)	(72.0, 3.3391480916556464)	(73.0, 2.4735688453988773)	(74.0, 1.6832656805500001)	(75.0, 1.0350620676808524)	(76.0, 0.5560861030784727)	(77.0, 0.2490330532169999)	(78.0, 0.09428648162785164)	(79.0, 0.037255280967973856)	(80.0, 0.014162110230976363)	(81.0, 0.003333199367425743)	(82.0, 0.0014353490098962531)	(83.0, 0.0008612094059377518)	(84.0, 0.0005900879262906817)	(85.0, 0.00039870805830451465)	(86.0, 0.0004146563806366953)	(87.0, 0.0003668114136401535)	(88.0, 0.00030301812431143116)	(89.0, 0.0003349147689757924)	(90.0, 0.0002551731573148894)	(91.0, 0.00017543154565398647)	(92.0, 0.00020732819031834765)	(93.0, 0.0003349147689757924)	(94.0, 0.00046250134763323707)	(95.0, 0.00054224295929414)	(96.0, 0.0006060362486228623)	(97.0, 0.0006379328932872235)	(98.0, 0.0010206926292595576)	(99.0, 0.0014194006875640724)	(100.0, 0.0009090543729342935)
IDDLNTM1_R2	(0.0, 0.0)	(1.0, 0.0)	(2.0, 0.0)	(3.0, 0.0)	(4.0, 1.5952596540328483e-05)	(5.0, 1.5952596540328483e-05)	(6.0, 0.0)	(7.0, 0.0)	(8.0, 0.0)	(9.0, 0.0)	(10.0, 0.0)	(11.0, 0.0)	(12.0, 0.0)	(13.0, 0.0)	(14.0, 0.0)	(15.0, 0.0)	(16.0, 0.0)	(17.0, 1.5952596540328483e-05)	(18.0, 1.5952596540328483e-05)	(19.0, 0.0)	(20.0, 0.0)	(21.0, 0.0)	(22.0, 0.0)	(23.0, 0.0)	(24.0, 0.0)	(25.0, 0.0)	(26.0, 0.0)	(27.0, 1.5952596540328483e-05)	(28.0, 3.1905193080656966e-05)	(29.0, 4.7857789620985445e-05)	(30.0, 6.381038616131393e-05)	(31.0, 3.1905193080656966e-05)	(32.0, 4.7857789620985445e-05)	(33.0, 7.976298270164242e-05)	(34.0, 0.00015952596540328484)	(35.0, 0.0002552415446452557)	(36.0, 0.00038286231696788356)	(37.0, 0.0011007291612826653)	(38.0, 0.001978121971000732)	(39.0, 0.0038126705731385073)	(40.0, 0.006875569108881576)	(41.0, 0.009507747538035776)	(42.0, 0.013767090814303481)	(43.0, 0.021839104663709693)	(44.0, 0.032192339818382876)	(45.0, 0.0467092026700818)	(46.0, 0.07250455127579296)	(47.0, 0.11396534968410668)	(48.0, 0.17771192545925932)	(49.0, 0.2751025273379647)	(50.0, 0.42708291457767417)	(51.0, 0.6696900027629897)	(52.0, 1.019466634506232)	(53.0, 1.4640974052782676)	(54.0, 1.9939788519618185)	(55.0, 2.5956629356733876)	(56.0, 3.209518850545228)	(57.0, 3.7621486998952873)	(58.0, 4.204306818203571)	(59.0, 4.556540149814025)	(60.0, 4.857469930950781)	(61.0, 5.1523217728056725)	(62.0, 5.481902417328859)	(63.0, 5.770149884216055)	(64.0, 5.9793681878424625)	(65.0, 6.103591057102)	(66.0, 6.149662155910469)	(67.0, 6.071159428335513)	(68.0, 5.828983060256785)	(69.0, 5.436070607468495)	(70.0, 4.860660450258846)	(71.0, 4.116679205407547)	(72.0, 3.2854532100771916)	(73.0, 2.4571465399137153)	(74.0, 1.7061301999881313)	(75.0, 1.0692706409051376)	(76.0, 0.5699862743859367)	(77.0, 0.25059933905202014)	(78.0, 0.08979716592550903)	(79.0, 0.02849133742102667)	(80.0, 0.008901548869503294)	(81.0, 0.0030788511322833974)	(82.0, 0.00157930705749252)	(83.0, 0.0012921603197666072)	(84.0, 0.0008454876166374097)	(85.0, 0.0007178668443147818)	(86.0, 0.0006859616512341248)	(87.0, 0.000494530492750183)	(88.0, 0.0003669097204275551)	(89.0, 0.0004307201065888691)	(90.0, 0.00035095712388722664)	(91.0, 0.0004307201065888691)	(92.0, 0.0005104830892905115)	(93.0, 0.0004147675100485406)	(94.0, 0.00038286231696788356)	(95.0, 0.0002552415446452557)	(96.0, 0.0003350045273468981)	(97.0, 0.0005583408789114969)	(98.0, 0.0008295350200970812)	(99.0, 0.0027119414118558422)	(100.0, 0.029193251668801122)
IDDLNTM2.A_R1	(0.0, 0.0)	(1.0, 0.0)	(2.0, 0.0)	(3.0, 0.0)	(4.0, 0.0)	(5.0, 0.0)	(6.0, 0.0)	(7.0, 0.0)	(8.0, 0.0)	(9.0, 0.0)	(10.0, 0.0)	(11.0, 0.0)	(12.0, 0.0)	(13.0, 0.0)	(14.0, 2.3003719931550132e-05)	(15.0, 2.3003719931550132e-05)	(16.0, 0.0)	(17.0, 0.0)	(18.0, 0.0)	(19.0, 0.0)	(20.0, 0.0)	(21.0, 0.0)	(22.0, 0.0)	(23.0, 0.0)	(24.0, 0.0)	(25.0, 0.0)	(26.0, 0.0)	(27.0, 0.0)	(28.0, 0.0)	(29.0, 0.0)	(30.0, 0.0)	(31.0, 0.0)	(32.0, 0.0)	(33.0, 0.0)	(34.0, 0.0002070334793839512)	(35.0, 0.0002070334793839512)	(36.0, 9.201487972620053e-05)	(37.0, 0.00027604463917860157)	(38.0, 0.0006901115979465039)	(39.0, 0.0011731897165090568)	(40.0, 0.0022543645532919127)	(41.0, 0.0034965654295956205)	(42.0, 0.005497889063640481)	(43.0, 0.00883342845371525)	(44.0, 0.011570871125569716)	(45.0, 0.015780551873043388)	(46.0, 0.025971199802720096)	(47.0, 0.04078559543863838)	(48.0, 0.06123590245778645)	(49.0, 0.09146279044784332)	(50.0, 0.13924151674567295)	(51.0, 0.20765457982210306)	(52.0, 0.30381012913598254)	(53.0, 0.4495156911824211)	(54.0, 0.6548468952914376)	(55.0, 0.9396789554838914)	(56.0, 1.3421520394062925)	(57.0, 1.8668208836050877)	(58.0, 2.494891448896201)	(59.0, 3.253025046680299)	(60.0, 4.118724038864325)	(61.0, 5.015892119914711)	(62.0, 5.9051009138687816)	(63.0, 6.704871244728985)	(64.0, 7.34676704569896)	(65.0, 7.732286388031809)	(66.0, 7.817032092259639)	(67.0, 7.627481440023666)	(68.0, 7.212356310138912)	(69.0, 6.597397865208783)	(70.0, 5.764134118128243)	(71.0, 4.802808662188762)	(72.0, 3.8375955775808506)	(73.0, 2.9082452923462254)	(74.0, 2.040199920729181)	(75.0, 1.2842286726186491)	(76.0, 0.7023955843899518)	(77.0, 0.34305447533920713)	(78.0, 0.15175554038843622)	(79.0, 0.06362828933066766)	(80.0, 0.03604682913273906)	(81.0, 0.03363143853992629)	(82.0, 0.019737191701270012)	(83.0, 0.0031055021907592678)	(84.0, 0.001403226915824558)	(85.0, 0.0007821264776727045)	(86.0, 0.0005980967182203034)	(87.0, 0.0003680595189048021)	(88.0, 0.0003680595189048021)	(89.0, 0.0003220520790417018)	(90.0, 0.0002530409192470514)	(91.0, 0.0001610260395208509)	(92.0, 0.00018402975945240105)	(93.0, 0.00027604463917860157)	(94.0, 0.00039106323883635226)	(95.0, 0.0004140669587679024)	(96.0, 0.00048307811856255275)	(97.0, 0.0008511376374673549)	(98.0, 0.0013342157560299077)	(99.0, 0.0013802231958930078)	(100.0, 0.0007361190378096042)
IDDLNTM2.A_R2	(0.0, 0.0)	(1.0, 0.0)	(2.0, 0.0)	(3.0, 0.0)	(4.0, 0.0)	(5.0, 0.0)	(6.0, 0.0)	(7.0, 0.0)	(8.0, 0.0)	(9.0, 2.301659127965803e-05)	(10.0, 2.301659127965803e-05)	(11.0, 0.0)	(12.0, 0.0)	(13.0, 0.0)	(14.0, 0.0)	(15.0, 0.0)	(16.0, 0.0)	(17.0, 0.0)	(18.0, 0.0)	(19.0, 0.0)	(20.0, 0.0)	(21.0, 0.0)	(22.0, 0.0)	(23.0, 0.0)	(24.0, 0.0)	(25.0, 0.0)	(26.0, 0.0)	(27.0, 0.0)	(28.0, 0.0)	(29.0, 2.301659127965803e-05)	(30.0, 2.301659127965803e-05)	(31.0, 4.603318255931606e-05)	(32.0, 9.206636511863212e-05)	(33.0, 9.206636511863212e-05)	(34.0, 0.00016111613895760618)	(35.0, 0.00032223227791521237)	(36.0, 0.0005984313732711088)	(37.0, 0.0011278129727032434)	(38.0, 0.0017952941198133262)	(39.0, 0.002554841632042041)	(40.0, 0.003958853700101181)	(41.0, 0.006974027157736382)	(42.0, 0.0100352337979309)	(43.0, 0.01482268478409977)	(44.0, 0.021428446481361624)	(45.0, 0.02837945704781835)	(46.0, 0.042350527954570776)	(47.0, 0.06338769238417821)	(48.0, 0.09179016602327622)	(49.0, 0.1344168930732029)	(50.0, 0.2022928207569144)	(51.0, 0.30499285104674856)	(52.0, 0.46811143344568495)	(53.0, 0.7255980400912193)	(54.0, 1.0991573165600692)	(55.0, 1.6297357787387459)	(56.0, 2.322857408534368)	(57.0, 3.1448719494960744)	(58.0, 3.9907777122060666)	(59.0, 4.803263384377995)	(60.0, 5.512611711025776)	(61.0, 5.985211379770994)	(62.0, 6.273033853723117)	(63.0, 6.432009449691716)	(64.0, 6.4474305658490865)	(65.0, 6.346686945818024)	(66.0, 6.20287928350272)	(67.0, 6.032740640763488)	(68.0, 5.785128151776927)	(69.0, 5.460110866316876)	(70.0, 4.971698799362533)	(71.0, 4.323551588927362)	(72.0, 3.610543624266116)	(73.0, 2.8145608480417024)	(74.0, 2.0073920084553754)	(75.0, 1.284786125230511)	(76.0, 0.7210867882004064)	(77.0, 0.3541102568375388)	(78.0, 0.15013722491720932)	(79.0, 0.05825499252881448)	(80.0, 0.020737948742971885)	(81.0, 0.007733574669965098)	(82.0, 0.00361360483090631)	(83.0, 0.0021405429890081966)	(84.0, 0.0014270286593387976)	(85.0, 0.0010127300163049534)	(86.0, 0.0008976470599066631)	(87.0, 0.000759547512228715)	(88.0, 0.0006214479645507667)	(89.0, 0.0006674811471100828)	(90.0, 0.0005523981907117927)	(91.0, 0.00036826546047452846)	(92.0, 0.00032223227791521237)	(93.0, 0.0005523981907117927)	(94.0, 0.0005984313732711088)	(95.0, 0.0004603318255931606)	(96.0, 0.0005293815994321347)	(97.0, 0.0009436802424659792)	(98.0, 0.0015881447982964041)	(99.0, 0.004649351438490922)	(100.0, 0.059774087553271904)
IDDLNTM2.B_R1	(0.0, 0.0)	(1.0, 0.0)	(2.0, 0.0)	(3.0, 0.0)	(4.0, 0.0)	(5.0, 0.0)	(6.0, 0.0)	(7.0, 0.0)	(8.0, 0.0)	(9.0, 0.0)	(10.0, 0.0)	(11.0, 0.0)	(12.0, 0.0)	(13.0, 0.0)	(14.0, 0.0)	(15.0, 0.0)	(16.0, 0.0)	(17.0, 0.0)	(18.0, 0.0)	(19.0, 0.0)	(20.0, 0.0)	(21.0, 0.0)	(22.0, 0.0)	(23.0, 0.0)	(24.0, 0.0)	(25.0, 0.0)	(26.0, 0.0)	(27.0, 0.0)	(28.0, 0.0)	(29.0, 0.0)	(30.0, 0.0)	(31.0, 1.964107892374744e-05)	(32.0, 1.964107892374744e-05)	(33.0, 1.964107892374744e-05)	(34.0, 7.856431569498976e-05)	(35.0, 7.856431569498976e-05)	(36.0, 5.892323677124232e-05)	(37.0, 0.00043210373632244364)	(38.0, 0.0009820539461873718)	(39.0, 0.0015909273928235428)	(40.0, 0.0020033900502222386)	(41.0, 0.002631904575782157)	(42.0, 0.0051263215990980816)	(43.0, 0.008504587173982642)	(44.0, 0.012472085116579625)	(45.0, 0.017009174347965283)	(46.0, 0.02574945446903289)	(47.0, 0.037848359086061316)	(48.0, 0.057862618509359955)	(49.0, 0.08807059789408352)	(50.0, 0.12912045284471568)	(51.0, 0.19275754855765737)	(52.0, 0.28613123776115273)	(53.0, 0.41923882962738906)	(54.0, 0.6014098366451466)	(55.0, 0.8649931158018372)	(56.0, 1.239312797930616)	(57.0, 1.710502281311317)	(58.0, 2.2818809082820537)	(59.0, 2.9845797889369656)	(60.0, 3.806519659737949)	(61.0, 4.657587250582849)	(62.0, 5.516177374655545)	(63.0, 6.291489324091551)	(64.0, 6.871942129525059)	(65.0, 7.221455128973145)	(66.0, 7.3156537434914375)	(67.0, 7.140082138992058)	(68.0, 6.7512280584597075)	(69.0, 6.259238672498759)	(70.0, 5.6252442859191145)	(71.0, 4.909719780726995)	(72.0, 4.207138746545625)	(73.0, 3.5163816418763516)	(74.0, 2.856186056012429)	(75.0, 2.2066752170830246)	(76.0, 1.5891989778782527)	(77.0, 1.0594790793047844)	(78.0, 0.6311464301357002)	(79.0, 0.3303236653395844)	(80.0, 0.15465385544558735)	(81.0, 0.06666182186719881)	(82.0, 0.02517986318024422)	(83.0, 0.006952941939006594)	(84.0, 0.0026122634968584095)	(85.0, 0.0013945166035860682)	(86.0, 0.0009231307094161297)	(87.0, 0.00047138589416993856)	(88.0, 0.00039282157847494884)	(89.0, 0.00033389834170370646)	(90.0, 0.00019641078923747442)	(91.0, 0.00021605186816122182)	(92.0, 0.00031425726277995906)	(93.0, 0.0004910269730936859)	(94.0, 0.0005106680520174334)	(95.0, 0.00043210373632244364)	(96.0, 0.0004910269730936859)	(97.0, 0.0009034896304923822)	(98.0, 0.0014534398403573106)	(99.0, 0.0013748755246623208)	(100.0, 0.0006874377623311604)
IDDLNTM2.B_R2	(0.0, 0.0)	(1.0, 0.0)	(2.0, 0.0)	(3.0, 0.0)	(4.0, 0.0)	(5.0, 0.0)	(6.0, 0.0)	(7.0, 0.0)	(8.0, 0.0)	(9.0, 0.0)	(10.0, 0.0)	(11.0, 0.0)	(12.0, 0.0)	(13.0, 0.0)	(14.0, 0.0)	(15.0, 0.0)	(16.0, 0.0)	(17.0, 0.0)	(18.0, 0.0)	(19.0, 0.0)	(20.0, 0.0)	(21.0, 0.0)	(22.0, 0.0)	(23.0, 0.0)	(24.0, 0.0)	(25.0, 0.0)	(26.0, 0.0)	(27.0, 0.0)	(28.0, 0.0)	(29.0, 0.0)	(30.0, 3.929659102072895e-05)	(31.0, 5.894488653109343e-05)	(32.0, 1.9648295510364475e-05)	(33.0, 3.929659102072895e-05)	(34.0, 9.824147755182238e-05)	(35.0, 0.00019648295510364477)	(36.0, 0.00043226250122801844)	(37.0, 0.0008645250024560369)	(38.0, 0.0016308085273602515)	(39.0, 0.0031437272816583163)	(40.0, 0.00469594262697711)	(41.0, 0.006562530700461735)	(42.0, 0.010393948324982808)	(43.0, 0.0167599960703409)	(44.0, 0.02467825916101778)	(45.0, 0.034207682483544555)	(46.0, 0.051694665487768944)	(47.0, 0.07933981727085176)	(48.0, 0.11948128499852638)	(49.0, 0.18380980449945966)	(50.0, 0.29692504175262796)	(51.0, 0.47800373317614697)	(52.0, 0.7392867668729738)	(53.0, 1.1127615679339817)	(54.0, 1.6073484625208763)	(55.0, 2.216976127320955)	(56.0, 2.903743000294724)	(57.0, 3.544906179388938)	(58.0, 4.0904214559386975)	(59.0, 4.528951763434522)	(60.0, 4.8499263188918365)	(61.0, 5.0418901660280975)	(62.0, 5.164613419785834)	(63.0, 5.257274781412712)	(64.0, 5.3282247765006385)	(65.0, 5.384458198251302)	(66.0, 5.405442577856371)	(67.0, 5.388800471559092)	(68.0, 5.309106984969054)	(69.0, 5.1696040868454665)	(70.0, 4.891836133215444)	(71.0, 4.465743196777679)	(72.0, 3.9733372629924353)	(73.0, 3.4084487670694568)	(74.0, 2.798251301699578)	(75.0, 2.175577168680617)	(76.0, 1.5829452794970036)	(77.0, 1.0704194911091462)	(78.0, 0.6413400137538068)	(79.0, 0.3352392179978387)	(80.0, 0.15172413793103448)	(81.0, 0.06043815698988113)	(82.0, 0.02216327733569113)	(83.0, 0.007230572747814128)	(84.0, 0.003006189213085765)	(85.0, 0.0017094017094017096)	(86.0, 0.0010610079575596818)	(87.0, 0.0008055801159249435)	(88.0, 0.0009234698889871304)	(89.0, 0.0008448767069456724)	(90.0, 0.000451910796738383)	(91.0, 0.00043226250122801844)	(92.0, 0.0004912073877591118)	(93.0, 0.0004912073877591118)	(94.0, 0.000451910796738383)	(95.0, 0.00035366931918656057)	(96.0, 0.0005108556832694763)	(97.0, 0.0009627664800078593)	(98.0, 0.0014736221632773356)	(99.0, 0.004263680125749091)	(100.0, 0.040259357500736816)
IDDLNTM2.C_R1	(0.0, 0.0)	(1.0, 0.0)	(2.0, 0.0)	(3.0, 0.0)	(4.0, 1.3571334735342686e-05)	(5.0, 1.3571334735342686e-05)	(6.0, 0.0)	(7.0, 0.0)	(8.0, 0.0)	(9.0, 0.0)	(10.0, 0.0)	(11.0, 0.0)	(12.0, 0.0)	(13.0, 0.0)	(14.0, 1.3571334735342686e-05)	(15.0, 1.3571334735342686e-05)	(16.0, 0.0)	(17.0, 0.0)	(18.0, 0.0)	(19.0, 0.0)	(20.0, 0.0)	(21.0, 0.0)	(22.0, 0.0)	(23.0, 0.0)	(24.0, 0.0)	(25.0, 0.0)	(26.0, 0.0)	(27.0, 0.0)	(28.0, 0.0)	(29.0, 0.0)	(30.0, 1.3571334735342686e-05)	(31.0, 8.142800841205612e-05)	(32.0, 6.785667367671344e-05)	(33.0, 0.0)	(34.0, 0.00016285601682411224)	(35.0, 0.00028499802944219647)	(36.0, 0.0004478540462663087)	(37.0, 0.0005699960588843929)	(38.0, 0.00090927942726796)	(39.0, 0.0019271295324186618)	(40.0, 0.002564982264979768)	(41.0, 0.0039628297427200644)	(42.0, 0.007206378744466967)	(43.0, 0.010667069101979352)	(44.0, 0.015009896217289011)	(45.0, 0.0206962854713976)	(46.0, 0.02954479571884103)	(47.0, 0.044812547296101554)	(48.0, 0.06573954545799998)	(49.0, 0.09837860549649916)	(50.0, 0.14913539740668078)	(51.0, 0.21570279428353667)	(52.0, 0.3163749553503087)	(53.0, 0.4616018083532108)	(54.0, 0.6772910313020121)	(55.0, 0.9930959905934366)	(56.0, 1.4174444850981316)	(57.0, 1.9504450854939803)	(58.0, 2.5713065069664376)	(59.0, 3.2580160445747777)	(60.0, 4.007737289359314)	(61.0, 4.765370622294554)	(62.0, 5.432700293900825)	(63.0, 5.97506511526406)	(64.0, 6.37069666546877)	(65.0, 6.606675033846909)	(66.0, 6.726062065513719)	(67.0, 6.71743069662204)	(68.0, 6.570208857413043)	(69.0, 6.254336041447941)	(70.0, 5.756810910050279)	(71.0, 5.149968677359431)	(72.0, 4.4492670936389525)	(73.0, 3.6850516633570702)	(74.0, 2.9125305762171587)	(75.0, 2.2060340325646894)	(76.0, 1.5806940706295687)	(77.0, 1.0578719712852271)	(78.0, 0.6704646499301348)	(79.0, 0.3912887230894004)	(80.0, 0.20784499147177327)	(81.0, 0.10201572320557098)	(82.0, 0.04717395954005118)	(83.0, 0.019787006044129637)	(84.0, 0.008047801498058213)	(85.0, 0.00308069298492279)	(86.0, 0.0012214201261808418)	(87.0, 0.0007057094062378198)	(88.0, 0.0004885680504723367)	(89.0, 0.00043428271153096596)	(90.0, 0.0003392833683835672)	(91.0, 0.00028499802944219647)	(92.0, 0.0003799973725895952)	(93.0, 0.0006107100630904209)	(94.0, 0.0009228507620033027)	(95.0, 0.0012078487914454993)	(96.0, 0.0011942774567101563)	(97.0, 0.0011807061219748138)	(98.0, 0.0012757054651222127)	(99.0, 0.0012757054651222127)	(100.0, 0.0007464234104438478)
IDDLNTM2.C_R2	(0.0, 0.0)	(1.0, 0.0)	(2.0, 0.0)	(3.0, 0.0)	(4.0, 1.3577931624795042e-05)	(5.0, 1.3577931624795042e-05)	(6.0, 0.0)	(7.0, 0.0)	(8.0, 0.0)	(9.0, 0.0)	(10.0, 0.0)	(11.0, 0.0)	(12.0, 0.0)	(13.0, 0.0)	(14.0, 0.0)	(15.0, 0.0)	(16.0, 0.0)	(17.0, 0.0)	(18.0, 0.0)	(19.0, 0.0)	(20.0, 0.0)	(21.0, 0.0)	(22.0, 0.0)	(23.0, 0.0)	(24.0, 0.0)	(25.0, 0.0)	(26.0, 0.0)	(27.0, 0.0)	(28.0, 0.0)	(29.0, 4.073379487438512e-05)	(30.0, 4.073379487438512e-05)	(31.0, 2.7155863249590083e-05)	(32.0, 4.073379487438512e-05)	(33.0, 2.7155863249590083e-05)	(34.0, 6.788965812397521e-05)	(35.0, 0.00033944829061987604)	(36.0, 0.0008282538291124974)	(37.0, 0.000977611076985243)	(38.0, 0.0014121048889786842)	(39.0, 0.0034487946326979403)	(40.0, 0.005050990564423755)	(41.0, 0.00681612167564711)	(42.0, 0.011405462564827835)	(43.0, 0.017352596616488063)	(44.0, 0.02335404239464747)	(45.0, 0.03302152971150154)	(46.0, 0.050849353934857434)	(47.0, 0.07675604747496637)	(48.0, 0.11447554152864699)	(49.0, 0.18159125755000888)	(50.0, 0.2935005700015696)	(51.0, 0.4636863649867507)	(52.0, 0.7111170129853908)	(53.0, 1.0517465836566238)	(54.0, 1.4799130795129107)	(55.0, 1.9600966314237873)	(56.0, 2.4396012867534242)	(57.0, 2.8624723892760406)	(58.0, 3.199327294955581)	(59.0, 3.464965949263071)	(60.0, 3.752845255571976)	(61.0, 4.099286180978622)	(62.0, 4.500120300474196)	(63.0, 4.945829483989718)	(64.0, 5.381504576034516)	(65.0, 5.782528786572837)	(66.0, 6.121420381996097)	(67.0, 6.297118817220945)	(68.0, 6.294023048810492)	(69.0, 6.10270999221713)	(70.0, 5.6747335874035905)	(71.0, 5.099640293435396)	(72.0, 4.435068430059803)	(73.0, 3.6882957686277003)	(74.0, 2.914000639792138)	(75.0, 2.2067669152514386)	(76.0, 1.5929493602893294)	(77.0, 1.0803281297268175)	(78.0, 0.6846536242486652)	(79.0, 0.39901467665785184)	(80.0, 0.21465352105638483)	(81.0, 0.10631520462214518)	(82.0, 0.04951871663562751)	(83.0, 0.022009827163792763)	(84.0, 0.009572441795480504)	(85.0, 0.004114113282312897)	(86.0, 0.0021317352650928214)	(87.0, 0.0017108193847241752)	(88.0, 0.001384949025729094)	(89.0, 0.0012355917778563486)	(90.0, 0.0013577931624795042)	(91.0, 0.0012627476411059388)	(92.0, 0.0011541241881075784)	(93.0, 0.0010998124616083983)	(94.0, 0.0010590786667340132)	(95.0, 0.0012627476411059388)	(96.0, 0.00167008558984979)	(97.0, 0.002647696666835033)	(98.0, 0.004317782256684823)	(99.0, 0.009083636256987881)	(100.0, 0.05522144791804143)
IDDLNTM20_R1	(0.0, 0.0)	(1.0, 0.0)	(2.0, 7.962821268982272e-06)	(3.0, 7.962821268982272e-06)	(4.0, 0.0)	(5.0, 0.0)	(6.0, 0.0)	(7.0, 0.0)	(8.0, 0.0)	(9.0, 0.0)	(10.0, 0.0)	(11.0, 0.0)	(12.0, 0.0)	(13.0, 0.0)	(14.0, 0.0)	(15.0, 0.0)	(16.0, 0.0)	(17.0, 0.0)	(18.0, 7.962821268982272e-06)	(19.0, 7.962821268982272e-06)	(20.0, 0.0)	(21.0, 0.0)	(22.0, 0.0)	(23.0, 0.0)	(24.0, 0.0)	(25.0, 7.962821268982272e-06)	(26.0, 7.962821268982272e-06)	(27.0, 0.0)	(28.0, 0.0)	(29.0, 0.0)	(30.0, 0.0)	(31.0, 0.0)	(32.0, 7.962821268982272e-06)	(33.0, 7.962821268982272e-06)	(34.0, 1.5925642537964544e-05)	(35.0, 2.388846380694681e-05)	(36.0, 2.388846380694681e-05)	(37.0, 7.962821268982271e-05)	(38.0, 0.00037425259964216675)	(39.0, 0.0008281334119741563)	(40.0, 0.0014492334709547733)	(41.0, 0.002197738670239107)	(42.0, 0.0037823401027665786)	(43.0, 0.0070391340017803275)	(44.0, 0.010192411224297307)	(45.0, 0.014372892390513)	(46.0, 0.022287936731881376)	(47.0, 0.034932896907025224)	(48.0, 0.05221221906071675)	(49.0, 0.07597327772735984)	(50.0, 0.10877213853429783)	(51.0, 0.15813366758071892)	(52.0, 0.23558803006410947)	(53.0, 0.3428392697360317)	(54.0, 0.4929065993712715)	(55.0, 0.7025597205623058)	(56.0, 0.9747289515361197)	(57.0, 1.3250691989075327)	(58.0, 1.7645930444915474)	(59.0, 2.3065346972372116)	(60.0, 2.933224656748654)	(61.0, 3.626850091847162)	(62.0, 4.384934565118081)	(63.0, 5.106620982368482)	(64.0, 5.722951311408979)	(65.0, 6.200035784918783)	(66.0, 6.518007163831784)	(67.0, 6.67309903368775)	(68.0, 6.651209238019318)	(69.0, 6.429516331069583)	(70.0, 6.019311593397961)	(71.0, 5.521882111545907)	(72.0, 4.996248316759119)	(73.0, 4.401903337242282)	(74.0, 3.770061432369808)	(75.0, 3.1608578283650504)	(76.0, 2.575980643337034)	(77.0, 2.029221483723635)	(78.0, 1.5280972528027739)	(79.0, 1.1034240688854113)	(80.0, 0.7667559856328409)	(81.0, 0.5090552009047675)	(82.0, 0.31875969821862926)	(83.0, 0.18604335612850179)	(84.0, 0.10337334571392785)	(85.0, 0.05602641044855926)	(86.0, 0.029358922018737632)	(87.0, 0.014818810381576005)	(88.0, 0.006744509614827984)	(89.0, 0.0030099464396752982)	(90.0, 0.0015368245049135784)	(91.0, 0.0009953526586227838)	(92.0, 0.0009873898373538017)	(93.0, 0.0009236872672019435)	(94.0, 0.001266088581768181)	(95.0, 0.001847374534403887)	(96.0, 0.001958854032169639)	(97.0, 0.0016881181090242414)	(98.0, 0.0013696052582649507)	(99.0, 0.00147312193476172)	(100.0, 0.0009953526586227838)
IDDLNTM20_R2	(0.0, 0.0)	(1.0, 0.0)	(2.0, 0.0)	(3.0, 0.0)	(4.0, 0.0)	(5.0, 0.0)	(6.0, 7.968269712543077e-06)	(7.0, 7.968269712543077e-06)	(8.0, 0.0)	(9.0, 0.0)	(10.0, 0.0)	(11.0, 0.0)	(12.0, 0.0)	(13.0, 0.0)	(14.0, 0.0)	(15.0, 0.0)	(16.0, 0.0)	(17.0, 0.0)	(18.0, 0.0)	(19.0, 0.0)	(20.0, 0.0)	(21.0, 0.0)	(22.0, 0.0)	(23.0, 7.968269712543077e-06)	(24.0, 7.968269712543077e-06)	(25.0, 7.968269712543077e-06)	(26.0, 7.968269712543077e-06)	(27.0, 0.0)	(28.0, 0.0)	(29.0, 7.968269712543077e-06)	(30.0, 1.5936539425086153e-05)	(31.0, 1.5936539425086153e-05)	(32.0, 3.984134856271538e-05)	(33.0, 7.968269712543076e-05)	(34.0, 0.00011952404568814614)	(35.0, 0.0001354605851132323)	(36.0, 0.00020717501252612)	(37.0, 0.000533874070740386)	(38.0, 0.0011872721871689182)	(39.0, 0.0019044164612977952)	(40.0, 0.0030359107604789122)	(41.0, 0.00474112047896313)	(42.0, 0.007545951417778293)	(43.0, 0.012255198817891251)	(44.0, 0.01795251166235955)	(45.0, 0.025665796744101247)	(46.0, 0.038558457138995944)	(47.0, 0.05742731981829795)	(48.0, 0.08787407838992504)	(49.0, 0.13518966394300583)	(50.0, 0.20362116423432575)	(51.0, 0.3135992228068453)	(52.0, 0.4919609720524095)	(53.0, 0.7429774045369416)	(54.0, 1.0706724964652756)	(55.0, 1.489843324693604)	(56.0, 1.9647043899428962)	(57.0, 2.4422985717035903)	(58.0, 2.892410191225724)	(59.0, 3.313055149350873)	(60.0, 3.677141329056391)	(61.0, 3.9883500709494735)	(62.0, 4.3174714831563525)	(63.0, 4.618775665796744)	(64.0, 4.890525536073313)	(65.0, 5.157845048389708)	(66.0, 5.376781227011542)	(67.0, 5.5464177209218715)	(68.0, 5.653335963924774)	(69.0, 5.620506692709097)	(70.0, 5.421945379742236)	(71.0, 5.1366175778754934)	(72.0, 4.768077135400664)	(73.0, 4.27998874242855)	(74.0, 3.7197237624002213)	(75.0, 3.1373468339195854)	(76.0, 2.571448287204489)	(77.0, 2.0288967707471435)	(78.0, 1.5316528358753176)	(79.0, 1.1088644131974945)	(80.0, 0.7620056326104945)	(81.0, 0.5039930593183496)	(82.0, 0.31865907407431016)	(83.0, 0.188863928726696)	(84.0, 0.10633655931388734)	(85.0, 0.05918830742476998)	(86.0, 0.030861108596679333)	(87.0, 0.016151682707324817)	(88.0, 0.008765096683797385)	(89.0, 0.004940327221776708)	(90.0, 0.003243085773005032)	(91.0, 0.00279686266910262)	(92.0, 0.002613592465714129)	(93.0, 0.002398449183475466)	(94.0, 0.002390480913762923)	(95.0, 0.0025896876565765)	(96.0, 0.0033626098186931783)	(97.0, 0.004924390682351621)	(98.0, 0.007816872588004758)	(99.0, 0.016486350035251625)	(100.0, 0.08021657119617115)
IDDLNTM21.A_R1	(0.0, 0.0)	(1.0, 0.0)	(2.0, 0.0)	(3.0, 0.0)	(4.0, 0.0)	(5.0, 0.0)	(6.0, 0.0)	(7.0, 0.0)	(8.0, 0.0)	(9.0, 0.0)	(10.0, 0.0)	(11.0, 0.0)	(12.0, 0.0)	(13.0, 0.0)	(14.0, 0.0)	(15.0, 0.0)	(16.0, 0.0)	(17.0, 0.0)	(18.0, 0.0)	(19.0, 0.0)	(20.0, 0.0)	(21.0, 0.0)	(22.0, 0.0)	(23.0, 0.0)	(24.0, 0.0)	(25.0, 8.65635533161372e-06)	(26.0, 8.65635533161372e-06)	(27.0, 0.0)	(28.0, 0.0)	(29.0, 0.0)	(30.0, 8.65635533161372e-06)	(31.0, 2.5969065994841158e-05)	(32.0, 0.00012118897464259206)	(33.0, 0.00023372159395357046)	(34.0, 0.00027700337061163904)	(35.0, 0.00048475589857036825)	(36.0, 0.0007357902031871661)	(37.0, 0.0015062058277007873)	(38.0, 0.0024584049141782964)	(39.0, 0.003609700173282921)	(40.0, 0.005955572468150239)	(41.0, 0.009478709088117022)	(42.0, 0.015927693810169244)	(43.0, 0.026730825264023168)	(44.0, 0.03916135152022047)	(45.0, 0.054889949157762595)	(46.0, 0.0789892424009752)	(47.0, 0.11650588640818905)	(48.0, 0.17038304199215284)	(49.0, 0.24951944243376545)	(50.0, 0.3640516798263466)	(51.0, 0.5364776216767603)	(52.0, 0.7968001955643798)	(53.0, 1.160566215664783)	(54.0, 1.634821955217904)	(55.0, 2.24691284071631)	(56.0, 2.9757866159935165)	(57.0, 3.7803775313563484)	(58.0, 4.64772702287338)	(59.0, 5.49135810078179)	(60.0, 6.239189294235231)	(61.0, 6.839490223771979)	(62.0, 7.224923101267413)	(63.0, 7.3634161302178995)	(64.0, 7.249879373688454)	(65.0, 6.91615090658875)	(66.0, 6.392649161554079)	(67.0, 5.741743178748717)	(68.0, 4.995911603376879)	(69.0, 4.19605571438044)	(70.0, 3.4188448509315017)	(71.0, 2.676501786758304)	(72.0, 2.026080559851512)	(73.0, 1.4781246110050323)	(74.0, 1.0195541873127953)	(75.0, 0.6723131495404427)	(76.0, 0.4355531748654759)	(77.0, 0.2785182327946714)	(78.0, 0.16938756112901726)	(79.0, 0.10054356717669335)	(80.0, 0.058040862498469986)	(81.0, 0.033958881965920625)	(82.0, 0.019909617262711555)	(83.0, 0.012811405890788306)	(84.0, 0.007582967270493618)	(85.0, 0.0037395455032571273)	(86.0, 0.002129463411576975)	(87.0, 0.0011080134824465562)	(88.0, 0.0005193813198968232)	(89.0, 0.0004068487005858448)	(90.0, 0.00038953598992261734)	(91.0, 0.0003981923452542311)	(92.0, 0.0005020686092335957)	(93.0, 0.0009348863758142818)	(94.0, 0.0016187384470117655)	(95.0, 0.0021121507009137478)	(96.0, 0.0019303672389498594)	(97.0, 0.001540831249027242)	(98.0, 0.001540831249027242)	(99.0, 0.0013417350764001264)	(100.0, 0.0007531029138503936)
IDDLNTM21.A_R2	(0.0, 0.0)	(1.0, 0.0)	(2.0, 0.0)	(3.0, 8.661422983449667e-06)	(4.0, 8.661422983449667e-06)	(5.0, 0.0)	(6.0, 0.0)	(7.0, 0.0)	(8.0, 0.0)	(9.0, 0.0)	(10.0, 0.0)	(11.0, 0.0)	(12.0, 0.0)	(13.0, 0.0)	(14.0, 0.0)	(15.0, 0.0)	(16.0, 0.0)	(17.0, 0.0)	(18.0, 0.0)	(19.0, 0.0)	(20.0, 0.0)	(21.0, 8.661422983449667e-06)	(22.0, 8.661422983449667e-06)	(23.0, 0.0)	(24.0, 0.0)	(25.0, 8.661422983449667e-06)	(26.0, 8.661422983449667e-06)	(27.0, 8.661422983449667e-06)	(28.0, 8.661422983449667e-06)	(29.0, 1.7322845966899333e-05)	(30.0, 3.464569193379867e-05)	(31.0, 6.929138386759733e-05)	(32.0, 0.000233858420553141)	(33.0, 0.00038110261127178533)	(34.0, 0.00051968537900698)	(35.0, 0.0007622052225435707)	(36.0, 0.0013685048313850472)	(37.0, 0.002511812665200403)	(38.0, 0.0038196875357013028)	(39.0, 0.006340161623885156)	(40.0, 0.010272447658371304)	(41.0, 0.015781112675845293)	(42.0, 0.025031512422169534)	(43.0, 0.039106324770275244)	(44.0, 0.05739058868833749)	(45.0, 0.08314099921813335)	(46.0, 0.12148511876586501)	(47.0, 0.17997570817310063)	(48.0, 0.27868994591547647)	(49.0, 0.43411918135348077)	(50.0, 0.6643831113684902)	(51.0, 1.0037376638600481)	(52.0, 1.464984421997693)	(53.0, 2.019202894439687)	(54.0, 2.627052897995201)	(55.0, 3.2510391325688817)	(56.0, 3.8274221864255233)	(57.0, 4.325661882125482)	(58.0, 4.767082643054011)	(59.0, 5.17405692477736)	(60.0, 5.555384733046715)	(61.0, 5.910026697104062)	(62.0, 6.217749732860062)	(63.0, 6.402004183986987)	(64.0, 6.415299468266582)	(65.0, 6.282641113852066)	(66.0, 5.967330671562565)	(67.0, 5.462092546091979)	(68.0, 4.81890393676399)	(69.0, 4.102742838800437)	(70.0, 3.381107721511346)	(71.0, 2.6617678813128673)	(72.0, 2.01720210573051)	(73.0, 1.4734899393674405)	(74.0, 1.0193715323451746)	(75.0, 0.675590992709074)	(76.0, 0.43907351530001393)	(77.0, 0.28148758553913067)	(78.0, 0.17065601704290878)	(79.0, 0.1015118773660301)	(80.0, 0.0598157871237034)	(81.0, 0.03581498403656437)	(82.0, 0.02233780987431669)	(83.0, 0.014274025076725051)	(84.0, 0.008670084406433116)	(85.0, 0.00544803505658984)	(86.0, 0.0035165377312805645)	(87.0, 0.0024078755893990073)	(88.0, 0.00181889882652443)	(89.0, 0.001662993212822336)	(90.0, 0.001637008943871987)	(91.0, 0.0014724419071864433)	(92.0, 0.0013944891003353963)	(93.0, 0.0016196860979050876)	(94.0, 0.0019921272861934233)	(95.0, 0.0021913400148127656)	(96.0, 0.0025291355111673026)	(97.0, 0.0037503961518337054)	(98.0, 0.005924413320679571)	(99.0, 0.012688984670753762)	(100.0, 0.06785358765234469)
IDDLNTM21.B_R1	(0.0, 0.0)	(1.0, 0.0)	(2.0, 0.0)	(3.0, 0.0)	(4.0, 0.0)	(5.0, 0.0)	(6.0, 0.0)	(7.0, 0.0)	(8.0, 0.0)	(9.0, 0.0)	(10.0, 0.0)	(11.0, 0.0)	(12.0, 0.0)	(13.0, 0.0)	(14.0, 0.0)	(15.0, 0.0)	(16.0, 0.0)	(17.0, 0.0)	(18.0, 0.0)	(19.0, 0.0)	(20.0, 0.0)	(21.0, 0.0)	(22.0, 0.0)	(23.0, 0.0)	(24.0, 0.0)	(25.0, 0.0)	(26.0, 0.0)	(27.0, 0.0)	(28.0, 0.0)	(29.0, 0.0)	(30.0, 0.0)	(31.0, 2.155243713342672e-05)	(32.0, 2.155243713342672e-05)	(33.0, 0.0)	(34.0, 1.077621856671336e-05)	(35.0, 2.155243713342672e-05)	(36.0, 2.155243713342672e-05)	(37.0, 9.698596710042025e-05)	(38.0, 0.00042027252410182104)	(39.0, 0.0010345169824044827)	(40.0, 0.001616432785007004)	(41.0, 0.0024354253960772194)	(42.0, 0.004159620366751357)	(43.0, 0.0077049962752000515)	(44.0, 0.0109701905009142)	(45.0, 0.01546387364323367)	(46.0, 0.024030967403770795)	(47.0, 0.03585247917145535)	(48.0, 0.05425826048340177)	(49.0, 0.07952849302234459)	(50.0, 0.11474517529836387)	(51.0, 0.16919740771596647)	(52.0, 0.2515600462213567)	(53.0, 0.3687406469157978)	(54.0, 0.5411601439832116)	(55.0, 0.7823211392876898)	(56.0, 1.097288455555588)	(57.0, 1.5010302603760706)	(58.0, 1.9981372228585579)	(59.0, 2.5974350660091883)	(60.0, 3.2896454656420206)	(61.0, 4.0105313828808775)	(62.0, 4.738648142778)	(63.0, 5.381492685156718)	(64.0, 5.860538705321393)	(65.0, 6.182047186259287)	(66.0, 6.344768086616659)	(67.0, 6.370490920335403)	(68.0, 6.290671469411757)	(69.0, 6.074662168241988)	(70.0, 5.701837334489406)	(71.0, 5.29423764342204)	(72.0, 4.852994597989395)	(73.0, 4.318257080271945)	(74.0, 3.72408871715907)	(75.0, 3.115016843768431)	(76.0, 2.524199884629804)	(77.0, 1.9663904829610204)	(78.0, 1.4723762952071797)	(79.0, 1.0518235894226242)	(80.0, 0.7143016476945951)	(81.0, 0.46223511920060284)	(82.0, 0.276022062367796)	(83.0, 0.15426156878250175)	(84.0, 0.08145743614578628)	(85.0, 0.04088497324211049)	(86.0, 0.018998473333115655)	(87.0, 0.008319240733502714)	(88.0, 0.0038147813726165294)	(89.0, 0.001788852282074418)	(90.0, 0.0008513212667703554)	(91.0, 0.0006250206768693749)	(92.0, 0.000689677988269655)	(93.0, 0.0009375310153040623)	(94.0, 0.00134702732083917)	(95.0, 0.0018535095934746977)	(96.0, 0.0020151528719753982)	(97.0, 0.0016703138778405707)	(98.0, 0.0015841041293068639)	(99.0, 0.0015409992550400107)	(100.0, 0.0007974401739367885)
IDDLNTM21.B_R2	(0.0, 0.0)	(1.0, 0.0)	(2.0, 0.0)	(3.0, 1.0783745358675998e-05)	(4.0, 1.0783745358675998e-05)	(5.0, 0.0)	(6.0, 0.0)	(7.0, 0.0)	(8.0, 0.0)	(9.0, 0.0)	(10.0, 0.0)	(11.0, 0.0)	(12.0, 0.0)	(13.0, 0.0)	(14.0, 0.0)	(15.0, 0.0)	(16.0, 1.0783745358675998e-05)	(17.0, 1.0783745358675998e-05)	(18.0, 0.0)	(19.0, 0.0)	(20.0, 0.0)	(21.0, 0.0)	(22.0, 0.0)	(23.0, 0.0)	(24.0, 0.0)	(25.0, 0.0)	(26.0, 0.0)	(27.0, 0.0)	(28.0, 0.0)	(29.0, 0.0)	(30.0, 3.235123607602799e-05)	(31.0, 3.235123607602799e-05)	(32.0, 3.235123607602799e-05)	(33.0, 5.3918726793379983e-05)	(34.0, 2.1567490717351995e-05)	(35.0, 0.00017253992573881596)	(36.0, 0.0003774310875536599)	(37.0, 0.0005391872679337999)	(38.0, 0.0009274021008461358)	(39.0, 0.0016067780584427234)	(40.0, 0.0025018289232128315)	(41.0, 0.004787982939252144)	(42.0, 0.00843288887048463)	(43.0, 0.012131713528510496)	(44.0, 0.017059885157425427)	(45.0, 0.02362718608085911)	(46.0, 0.03355901555619971)	(47.0, 0.04913074385412784)	(48.0, 0.07210012146810772)	(49.0, 0.10146426007978246)	(50.0, 0.14352086697861885)	(51.0, 0.21400342664292518)	(52.0, 0.3234800095242039)	(53.0, 0.48172068891741543)	(54.0, 0.7177876585641918)	(55.0, 1.0548120522588926)	(56.0, 1.479723970626803)	(57.0, 1.9910136893177084)	(58.0, 2.572969291344017)	(59.0, 3.178692268140848)	(60.0, 3.761639974740155)	(61.0, 4.2723473711816915)	(62.0, 4.728855663450522)	(63.0, 5.080308708435132)	(64.0, 5.330890599334686)	(65.0, 5.542586304470855)	(66.0, 5.695165517550762)	(67.0, 5.805494016315375)	(68.0, 5.846763409803028)	(69.0, 5.750626319930432)	(70.0, 5.5138691905807)	(71.0, 5.2034590804312115)	(72.0, 4.801063622372217)	(73.0, 4.291542437920135)	(74.0, 3.7260859662926)	(75.0, 3.135654340414372)	(76.0, 2.5492989702817233)	(77.0, 1.9883932391955499)	(78.0, 1.4838649288445347)	(79.0, 1.0598588450867532)	(80.0, 0.7193620853865584)	(81.0, 0.46661266166991044)	(82.0, 0.28576925200491393)	(83.0, 0.1615081542368904)	(84.0, 0.08735912115063425)	(85.0, 0.045259379270363165)	(86.0, 0.022085110494568443)	(87.0, 0.010762177867958645)	(88.0, 0.005844789984402391)	(89.0, 0.004087039490938203)	(90.0, 0.0030841511725813353)	(91.0, 0.0025557476500062113)	(92.0, 0.0026851525943103233)	(93.0, 0.0028469087746904632)	(94.0, 0.0029547462282772234)	(95.0, 0.0031272861540160395)	(96.0, 0.0036772571673085153)	(97.0, 0.0054350076607727026)	(98.0, 0.009284804753820033)	(99.0, 0.01875293317873756)	(100.0, 0.08281916435463166)
IDDLNTM22.A_R1	(0.0, 0.0)	(1.0, 0.0)	(2.0, 0.0)	(3.0, 0.0)	(4.0, 0.0)	(5.0, 0.0)	(6.0, 0.0)	(7.0, 0.0)	(8.0, 0.0)	(9.0, 0.0)	(10.0, 0.0)	(11.0, 0.0)	(12.0, 0.0)	(13.0, 0.0)	(14.0, 9.713682411347835e-06)	(15.0, 9.713682411347835e-06)	(16.0, 0.0)	(17.0, 0.0)	(18.0, 0.0)	(19.0, 0.0)	(20.0, 9.713682411347835e-06)	(21.0, 9.713682411347835e-06)	(22.0, 0.0)	(23.0, 0.0)	(24.0, 0.0)	(25.0, 0.0)	(26.0, 0.0)	(27.0, 0.0)	(28.0, 0.0)	(29.0, 9.713682411347835e-06)	(30.0, 9.713682411347835e-06)	(31.0, 0.0)	(32.0, 0.0)	(33.0, 9.713682411347835e-06)	(34.0, 0.0001457052361702175)	(35.0, 0.00016513260099291317)	(36.0, 6.799577687943484e-05)	(37.0, 0.00024284206028369587)	(38.0, 0.0007285261808510876)	(39.0, 0.001476479726524871)	(40.0, 0.002214719589787306)	(41.0, 0.0030306689123405246)	(42.0, 0.004866554888085265)	(43.0, 0.008305198461702398)	(44.0, 0.011462145245390444)	(45.0, 0.016299559086241668)	(46.0, 0.025265287951915717)	(47.0, 0.038514750760994164)	(48.0, 0.05614508433759048)	(49.0, 0.07835056232993164)	(50.0, 0.11374722103688313)	(51.0, 0.16884322767404808)	(52.0, 0.25045758729419254)	(53.0, 0.36198037505887704)	(54.0, 0.5084821331868251)	(55.0, 0.71758857445591)	(56.0, 1.0031319826198908)	(57.0, 1.3685898559820304)	(58.0, 1.8311359850455917)	(59.0, 2.3993669787446175)	(60.0, 3.051767030537972)	(61.0, 3.7902303084958686)	(62.0, 4.57269656777717)	(63.0, 5.318279974942585)	(64.0, 5.988572629737642)	(65.0, 6.511479581305318)	(66.0, 6.865358745233132)	(67.0, 7.048043970343351)	(68.0, 7.029685110585904)	(69.0, 6.819626728440506)	(70.0, 6.396945551993117)	(71.0, 5.814056611535367)	(72.0, 5.1360512929057)	(73.0, 4.370749110445249)	(74.0, 3.606437723590756)	(75.0, 2.8744146170715834)	(76.0, 2.1689778593122693)	(77.0, 1.5323431140725323)	(78.0, 0.9928646203110961)	(79.0, 0.581645589109097)	(80.0, 0.3105561403732016)	(81.0, 0.1489496060956077)	(82.0, 0.05954487318156223)	(83.0, 0.019301086951348148)	(84.0, 0.006265325155319353)	(85.0, 0.0026129805686525673)	(86.0, 0.001398770267234088)	(87.0, 0.0008936587818440008)	(88.0, 0.0007868082753191746)	(89.0, 0.000641103039148957)	(90.0, 0.0004176883436879569)	(91.0, 0.00033026520198582634)	(92.0, 0.00042740202609930475)	(93.0, 0.0005051114853900874)	(94.0, 0.0005731072622695223)	(95.0, 0.0007868082753191746)	(96.0, 0.0008159493225532181)	(97.0, 0.0009325135114893921)	(98.0, 0.0012627787134752186)	(99.0, 0.001291919760709262)	(100.0, 0.0008062356401418703)
IDDLNTM22.A_R2	(0.0, 0.0)	(1.0, 0.0)	(2.0, 0.0)	(3.0, 0.0)	(4.0, 0.0)	(5.0, 0.0)	(6.0, 0.0)	(7.0, 0.0)	(8.0, 0.0)	(9.0, 0.0)	(10.0, 0.0)	(11.0, 0.0)	(12.0, 0.0)	(13.0, 0.0)	(14.0, 0.0)	(15.0, 0.0)	(16.0, 0.0)	(17.0, 0.0)	(18.0, 0.0)	(19.0, 0.0)	(20.0, 0.0)	(21.0, 0.0)	(22.0, 0.0)	(23.0, 0.0)	(24.0, 0.0)	(25.0, 0.0)	(26.0, 0.0)	(27.0, 0.0)	(28.0, 0.0)	(29.0, 9.718247593931966e-06)	(30.0, 1.943649518786393e-05)	(31.0, 3.887299037572786e-05)	(32.0, 3.887299037572786e-05)	(33.0, 5.830948556359179e-05)	(34.0, 0.0001360554663150475)	(35.0, 0.00018464670428470733)	(36.0, 0.0003304204181936868)	(37.0, 0.0006705590839813056)	(38.0, 0.0014868918818715907)	(39.0, 0.00281829180224027)	(40.0, 0.004518985131178364)	(41.0, 0.00667643609703126)	(42.0, 0.010243032964004292)	(43.0, 0.015354831198412505)	(44.0, 0.021924366571910513)	(45.0, 0.03199247107922403)	(46.0, 0.0487370116835688)	(47.0, 0.0760647239177055)	(48.0, 0.11976768334761755)	(49.0, 0.18276136425148454)	(50.0, 0.28294677869732915)	(51.0, 0.4448430653646418)	(52.0, 0.6745435654948176)	(53.0, 0.9730589768376258)	(54.0, 1.3376681900667653)	(55.0, 1.7596053458525094)	(56.0, 2.2112706210280915)	(57.0, 2.636842401413966)	(58.0, 3.006407920916011)	(59.0, 3.3469061618646054)	(60.0, 3.6475790241732664)	(61.0, 3.9496707506306414)	(62.0, 4.304357633066376)	(63.0, 4.63262060029421)	(64.0, 4.963556085610375)	(65.0, 5.308583029937742)	(66.0, 5.608050829544756)	(67.0, 5.833018543096687)	(68.0, 5.956634652491501)	(69.0, 5.954593820496775)	(70.0, 5.75650677978966)	(71.0, 5.390051099517674)	(72.0, 4.890144443285814)	(73.0, 4.250236712215769)	(74.0, 3.552767800646866)	(75.0, 2.8597887194663594)	(76.0, 2.177072107745045)	(77.0, 1.5380973284440183)	(78.0, 1.004060186662269)	(79.0, 0.5979637744546338)	(80.0, 0.31425897244497797)	(81.0, 0.14679412990634233)	(82.0, 0.05886342567644591)	(83.0, 0.01954339591139718)	(84.0, 0.00691939228687956)	(85.0, 0.0031778669632157525)	(86.0, 0.0020505502423196443)	(87.0, 0.001418864148714067)	(88.0, 0.0012536539396172234)	(89.0, 0.0013216816727747473)	(90.0, 0.0012342174444293595)	(91.0, 0.0010787254829264482)	(92.0, 0.0010592889877385843)	(93.0, 0.001117598473302176)	(94.0, 0.0010495707401446523)	(95.0, 0.0010495707401446523)	(96.0, 0.00113703496849004)	(97.0, 0.0016229473481866382)	(98.0, 0.0026433633455494945)	(99.0, 0.00677361857297058)	(100.0, 0.052352199788511494)
IDDLNTM22.B_R1	(0.0, 0.0)	(1.0, 0.0)	(2.0, 0.0)	(3.0, 0.0)	(4.0, 0.0)	(5.0, 0.0)	(6.0, 0.0)	(7.0, 0.0)	(8.0, 0.0)	(9.0, 0.0)	(10.0, 0.0)	(11.0, 0.0)	(12.0, 0.0)	(13.0, 0.0)	(14.0, 0.0)	(15.0, 1.0253204946802271e-05)	(16.0, 1.0253204946802271e-05)	(17.0, 0.0)	(18.0, 0.0)	(19.0, 0.0)	(20.0, 0.0)	(21.0, 0.0)	(22.0, 0.0)	(23.0, 0.0)	(24.0, 0.0)	(25.0, 0.0)	(26.0, 0.0)	(27.0, 2.0506409893604542e-05)	(28.0, 3.075961484040681e-05)	(29.0, 1.0253204946802271e-05)	(30.0, 1.0253204946802271e-05)	(31.0, 2.0506409893604542e-05)	(32.0, 2.0506409893604542e-05)	(33.0, 1.0253204946802271e-05)	(34.0, 0.000112785254414825)	(35.0, 0.000112785254414825)	(36.0, 0.0)	(37.0, 0.00019481089398924316)	(38.0, 0.0005741794770209273)	(39.0, 0.0012508910035098771)	(40.0, 0.002153173038828477)	(41.0, 0.0029119102048918454)	(42.0, 0.00460368902111422)	(43.0, 0.007823195374410133)	(44.0, 0.01091966326834442)	(45.0, 0.014610817049193236)	(46.0, 0.02280312780168825)	(47.0, 0.03535305065657423)	(48.0, 0.052219572794063966)	(49.0, 0.07465358521766734)	(50.0, 0.10929916473291221)	(51.0, 0.16311823749867732)	(52.0, 0.24267285468091618)	(53.0, 0.3502494809827656)	(54.0, 0.4953835970047517)	(55.0, 0.7107419137073866)	(56.0, 0.9996977355181683)	(57.0, 1.3683722257903375)	(58.0, 1.8387995219545725)	(59.0, 2.4097492394172573)	(60.0, 3.057844070899682)	(61.0, 3.7554413758652676)	(62.0, 4.492369975006787)	(63.0, 5.173100757834884)	(64.0, 5.750735564922883)	(65.0, 6.195847698073464)	(66.0, 6.47122827653468)	(67.0, 6.592216094906946)	(68.0, 6.552638723812289)	(69.0, 6.387756935062762)	(70.0, 6.058249687687377)	(71.0, 5.570894350155972)	(72.0, 5.029525128964812)	(73.0, 4.4255908511882645)	(74.0, 3.798104961648912)	(75.0, 3.1836098827771586)	(76.0, 2.564316303990301)	(77.0, 1.9795760258741677)	(78.0, 1.4522434422551802)	(79.0, 1.0175690717404446)	(80.0, 0.6780649495419279)	(81.0, 0.42012507269522303)	(82.0, 0.23829473616863156)	(83.0, 0.12227972219556388)	(84.0, 0.0582382040978369)	(85.0, 0.025140858529559166)	(86.0, 0.010550547890259537)	(87.0, 0.004521663381539802)	(88.0, 0.001927602529998827)	(89.0, 0.001322663438137493)	(90.0, 0.0007894967809037749)	(91.0, 0.0005741794770209273)	(92.0, 0.0005229134522869159)	(93.0, 0.0006972179363825545)	(94.0, 0.0012406377985630748)	(95.0, 0.001620006381594759)	(96.0, 0.0014662083073927249)	(97.0, 0.0013534230529779)	(98.0, 0.0016815256112755726)	(99.0, 0.0014867147172863294)	(100.0, 0.000717724346276159)
IDDLNTM22.B_R2	(0.0, 0.0)	(1.0, 0.0)	(2.0, 0.0)	(3.0, 0.0)	(4.0, 0.0)	(5.0, 0.0)	(6.0, 0.0)	(7.0, 0.0)	(8.0, 0.0)	(9.0, 0.0)	(10.0, 0.0)	(11.0, 0.0)	(12.0, 0.0)	(13.0, 0.0)	(14.0, 0.0)	(15.0, 0.0)	(16.0, 0.0)	(17.0, 0.0)	(18.0, 0.0)	(19.0, 0.0)	(20.0, 0.0)	(21.0, 0.0)	(22.0, 0.0)	(23.0, 0.0)	(24.0, 0.0)	(25.0, 1.0260187057574322e-05)	(26.0, 2.0520374115148644e-05)	(27.0, 2.0520374115148644e-05)	(28.0, 1.0260187057574322e-05)	(29.0, 0.0)	(30.0, 0.0)	(31.0, 2.0520374115148644e-05)	(32.0, 2.0520374115148644e-05)	(33.0, 2.0520374115148644e-05)	(34.0, 7.182130940302024e-05)	(35.0, 0.0001539028058636148)	(36.0, 0.0002975454246696553)	(37.0, 0.0005437899140514391)	(38.0, 0.0010773196410453038)	(39.0, 0.002257241152666351)	(40.0, 0.004165635945375175)	(41.0, 0.006002209428680978)	(42.0, 0.008659597876592727)	(43.0, 0.013143299620752705)	(44.0, 0.01927889148118215)	(45.0, 0.02844123852359602)	(46.0, 0.044046983038166565)	(47.0, 0.06905105889747519)	(48.0, 0.10836809570209999)	(49.0, 0.16636893313856763)	(50.0, 0.26136800510464825)	(51.0, 0.4094430247195609)	(52.0, 0.6190073453705164)	(53.0, 0.8932005842971327)	(54.0, 1.2354086032284088)	(55.0, 1.640121681714428)	(56.0, 2.0520168911407493)	(57.0, 2.4401084665934976)	(58.0, 2.800589878674314)	(59.0, 3.1180400662356633)	(60.0, 3.4063102818052715)	(61.0, 3.713859388856062)	(62.0, 4.0566419782625625)	(63.0, 4.408073905358599)	(64.0, 4.765107894588069)	(65.0, 5.101683070824738)	(66.0, 5.4093347797461035)	(67.0, 5.647781526964131)	(68.0, 5.7755926771403345)	(69.0, 5.8031207590158065)	(70.0, 5.655394585760851)	(71.0, 5.337975178760674)	(72.0, 4.9125570427924705)	(73.0, 4.370901247649006)	(74.0, 3.777595670857713)	(75.0, 3.1659346194204208)	(76.0, 2.5636616391408076)	(77.0, 1.99102007908347)	(78.0, 1.462507583560759)	(79.0, 1.0278142384925077)	(80.0, 0.6810609566947259)	(81.0, 0.42429977557892845)	(82.0, 0.2418531293211419)	(83.0, 0.12530766453415518)	(84.0, 0.061725285338367124)	(85.0, 0.027743545803680963)	(86.0, 0.012917575505486072)	(87.0, 0.0064331372850991)	(88.0, 0.0035397645348631407)	(89.0, 0.0025342662032208575)	(90.0, 0.002431664332645114)	(91.0, 0.002093078159745162)	(92.0, 0.0019494355409391212)	(93.0, 0.002093078159745162)	(94.0, 0.002072557785630013)	(95.0, 0.00211359853386031)	(96.0, 0.002585567138508729)	(97.0, 0.0043503193124115125)	(98.0, 0.006525478968617269)	(99.0, 0.013810211779495036)	(100.0, 0.07833652818457995)
IDDLNTM32_R1	(0.0, 0.0)	(1.0, 0.0)	(2.0, 0.0)	(3.0, 0.0)	(4.0, 0.0)	(5.0, 0.0)	(6.0, 0.0)	(7.0, 0.0)	(8.0, 0.0)	(9.0, 0.0)	(10.0, 0.0)	(11.0, 0.0)	(12.0, 0.0)	(13.0, 0.0)	(14.0, 0.0)	(15.0, 0.0)	(16.0, 0.0)	(17.0, 0.0)	(18.0, 0.0)	(19.0, 0.0)	(20.0, 0.0)	(21.0, 0.0)	(22.0, 0.0)	(23.0, 0.0)	(24.0, 9.673846272908877e-06)	(25.0, 9.673846272908877e-06)	(26.0, 0.0)	(27.0, 0.0)	(28.0, 0.0)	(29.0, 9.673846272908877e-06)	(30.0, 9.673846272908877e-06)	(31.0, 0.00010641230900199764)	(32.0, 0.00030956308073308407)	(33.0, 0.00048369231364544385)	(34.0, 0.0006094523151932592)	(35.0, 0.000793255394378528)	(36.0, 0.0011608615527490653)	(37.0, 0.0021185723337670444)	(38.0, 0.0032794338865161097)	(39.0, 0.004943335445456437)	(40.0, 0.007855163173602008)	(41.0, 0.013485341704434975)	(42.0, 0.021466264879584796)	(43.0, 0.030520984991027504)	(44.0, 0.047179348272976596)	(45.0, 0.07010636393977064)	(46.0, 0.09974702891996344)	(47.0, 0.1418863032847545)	(48.0, 0.20397304866428367)	(49.0, 0.29906695752697793)	(50.0, 0.4459643131810993)	(51.0, 0.6615266296803277)	(52.0, 0.966601045742782)	(53.0, 1.3770526692560328)	(54.0, 1.9053510880658593)	(55.0, 2.5463594898013477)	(56.0, 3.2605215170525725)	(57.0, 4.0291086034351835)	(58.0, 4.794706471319464)	(59.0, 5.498353027672037)	(60.0, 6.092675447294467)	(61.0, 6.535408695820415)	(62.0, 6.829048625588291)	(63.0, 6.917080626671762)	(64.0, 6.819374779315382)	(65.0, 6.596305558108376)	(66.0, 6.195450390097851)	(67.0, 5.633961004725673)	(68.0, 4.966717131898057)	(69.0, 4.213143854931001)	(70.0, 3.4512897655543355)	(71.0, 2.7366343721431923)	(72.0, 2.081405416386528)	(73.0, 1.518455280227142)	(74.0, 1.0554940191445417)	(75.0, 0.7057941502251588)	(76.0, 0.4650024426461839)	(77.0, 0.29727729596648983)	(78.0, 0.1839481868793623)	(79.0, 0.10921772442114124)	(80.0, 0.0634314100114635)	(81.0, 0.03654779121904973)	(82.0, 0.021001920258485175)	(83.0, 0.011869809376859192)	(84.0, 0.006442781617757311)	(85.0, 0.0037050831225241003)	(86.0, 0.0019154215620359575)	(87.0, 0.0008029292406514369)	(88.0, 0.0003385846195518107)	(89.0, 0.0002805415419143574)	(90.0, 0.0003289107732789018)	(91.0, 0.00046434462109962605)	(92.0, 0.0006868430853765303)	(93.0, 0.0010931446288387032)	(94.0, 0.001741292329123598)	(95.0, 0.0026022646474124877)	(96.0, 0.0026893292638686677)	(97.0, 0.0020024861784921377)	(98.0, 0.0017509661753965068)	(99.0, 0.0013736861707530606)	(100.0, 0.0005707569301016237)
IDDLNTM32_R2	(0.0, 0.0)	(1.0, 0.0)	(2.0, 0.0)	(3.0, 0.0)	(4.0, 9.682130804618957e-06)	(5.0, 9.682130804618957e-06)	(6.0, 0.0)	(7.0, 0.0)	(8.0, 0.0)	(9.0, 0.0)	(10.0, 0.0)	(11.0, 0.0)	(12.0, 0.0)	(13.0, 0.0)	(14.0, 0.0)	(15.0, 0.0)	(16.0, 0.0)	(17.0, 0.0)	(18.0, 0.0)	(19.0, 0.0)	(20.0, 0.0)	(21.0, 0.0)	(22.0, 9.682130804618957e-06)	(23.0, 9.682130804618957e-06)	(24.0, 0.0)	(25.0, 0.0)	(26.0, 9.682130804618957e-06)	(27.0, 1.9364261609237914e-05)	(28.0, 2.9046392413856874e-05)	(29.0, 1.9364261609237914e-05)	(30.0, 2.9046392413856874e-05)	(31.0, 0.00014523196206928435)	(32.0, 0.00040664949379399623)	(33.0, 0.0006680670255187081)	(34.0, 0.0007842525951741356)	(35.0, 0.0010456701268988474)	(36.0, 0.0018880155069006968)	(37.0, 0.0035533420052951577)	(38.0, 0.005150893588057285)	(39.0, 0.007464922850361216)	(40.0, 0.011550782049910415)	(41.0, 0.01865746606050073)	(42.0, 0.02929812781477697)	(43.0, 0.04174934802951694)	(44.0, 0.06152025913254886)	(45.0, 0.08924019962617293)	(46.0, 0.12642926404671434)	(47.0, 0.18333114678545995)	(48.0, 0.2750306076360061)	(49.0, 0.4144145626993006)	(50.0, 0.6304713116043726)	(51.0, 0.948209798219553)	(52.0, 1.371783656660023)	(53.0, 1.8924596049400166)	(54.0, 2.4702698070980667)	(55.0, 3.0689256368784616)	(56.0, 3.6391740948781046)	(57.0, 4.151978470813942)	(58.0, 4.630023997161199)	(59.0, 5.069224814720324)	(60.0, 5.512211345424055)	(61.0, 5.948168649163634)	(62.0, 6.281398545066204)	(63.0, 6.477442329598129)	(64.0, 6.528825397778242)	(65.0, 6.394466468602545)	(66.0, 6.066067955971478)	(67.0, 5.562848889532212)	(68.0, 4.917147586172174)	(69.0, 4.195005860109669)	(70.0, 3.4471677588917062)	(71.0, 2.7353762306593388)	(72.0, 2.094719317448507)	(73.0, 1.533058909472561)	(74.0, 1.0661478335506165)	(75.0, 0.7120142172408735)	(76.0, 0.46511988172309005)	(77.0, 0.30038810821330314)	(78.0, 0.18671021043627198)	(79.0, 0.11071516575081777)	(80.0, 0.0657319860325581)	(81.0, 0.038031409800543266)	(82.0, 0.022878875091314595)	(83.0, 0.014523196206928435)	(84.0, 0.0087332819857663)	(85.0, 0.006254656499783847)	(86.0, 0.004114905591963057)	(87.0, 0.002730360886902546)	(88.0, 0.0024495790935685964)	(89.0, 0.0023527577855224067)	(90.0, 0.002439896962763977)	(91.0, 0.0022849828698900737)	(92.0, 0.0022849828698900737)	(93.0, 0.0026141753172471186)	(94.0, 0.002807817933339498)	(95.0, 0.002953049895408782)	(96.0, 0.0037663488829967743)	(97.0, 0.005402628988977378)	(98.0, 0.009004381648295631)	(99.0, 0.019373943740042532)	(100.0, 0.09927088713975817)
IDDLNTM33.A_R1	(0.0, 0.0)	(1.0, 0.0)	(2.0, 0.0)	(3.0, 0.0)	(4.0, 0.0)	(5.0, 0.0)	(6.0, 0.0)	(7.0, 0.0)	(8.0, 0.0)	(9.0, 0.0)	(10.0, 0.0)	(11.0, 0.0)	(12.0, 0.0)	(13.0, 0.0)	(14.0, 0.0)	(15.0, 0.0)	(16.0, 0.0)	(17.0, 0.0)	(18.0, 0.0)	(19.0, 0.0)	(20.0, 0.0)	(21.0, 0.0)	(22.0, 0.0)	(23.0, 0.0)	(24.0, 0.0)	(25.0, 0.0)	(26.0, 0.0)	(27.0, 0.0)	(28.0, 0.0)	(29.0, 1.0933311175156018e-05)	(30.0, 1.0933311175156018e-05)	(31.0, 6.559986705093611e-05)	(32.0, 0.0002842660905540565)	(33.0, 0.0003498659576049926)	(34.0, 0.000535732247582645)	(35.0, 0.0008418649604870134)	(36.0, 0.001257330785142942)	(37.0, 0.0021319956791554236)	(38.0, 0.0031597269296200895)	(39.0, 0.0049637232735208325)	(40.0, 0.007478384843806717)	(41.0, 0.012868507253158634)	(42.0, 0.020773291232796434)	(43.0, 0.029421540372344845)	(44.0, 0.044586042972286244)	(45.0, 0.06579666665208893)	(46.0, 0.0932939442576063)	(47.0, 0.13044533563078647)	(48.0, 0.1862926891134834)	(49.0, 0.2678770571024976)	(50.0, 0.39221067178637187)	(51.0, 0.5770710971359099)	(52.0, 0.8494198785090463)	(53.0, 1.2301724401838545)	(54.0, 1.7218215771082703)	(55.0, 2.3342400692734593)	(56.0, 3.0642791230609774)	(57.0, 3.8874043881937737)	(58.0, 4.732702408389786)	(59.0, 5.543702631429333)	(60.0, 6.25230146200237)	(61.0, 6.795359028072371)	(62.0, 7.174537192937956)	(63.0, 7.288232695848403)	(64.0, 7.1402393957814905)	(65.0, 6.8204291105970025)	(66.0, 6.329971704590679)	(67.0, 5.6774498270350175)	(68.0, 4.9107185809436755)	(69.0, 4.1199012503334655)	(70.0, 3.347790815143948)	(71.0, 2.6340205283850624)	(72.0, 2.0029716739774073)	(73.0, 1.4598047747956564)	(74.0, 1.0073843583677002)	(75.0, 0.6690093108077968)	(76.0, 0.44221963710153545)	(77.0, 0.28643088616673734)	(78.0, 0.18041056770124944)	(79.0, 0.10646858422366931)	(80.0, 0.05898521378996671)	(81.0, 0.03354339868537866)	(82.0, 0.01919889442357397)	(83.0, 0.010299179126996969)	(84.0, 0.005729055055781754)	(85.0, 0.0033346599084225852)	(86.0, 0.0015634634980473106)	(87.0, 0.0006997319152099851)	(88.0, 0.0003607992687801486)	(89.0, 0.00029519940172921245)	(90.0, 0.00027333277937890044)	(91.0, 0.0002842660905540565)	(92.0, 0.00045919906935655276)	(93.0, 0.0011261310510410699)	(94.0, 0.001825862966251055)	(95.0, 0.0024490617032349483)	(96.0, 0.002405328458534324)	(97.0, 0.001661863298623715)	(98.0, 0.0016071967427479345)	(99.0, 0.001727463165674651)	(100.0, 0.0010495978728149778)
IDDLNTM33.A_R2	(0.0, 0.0)	(1.0, 0.0)	(2.0, 0.0)	(3.0, 0.0)	(4.0, 0.0)	(5.0, 0.0)	(6.0, 0.0)	(7.0, 0.0)	(8.0, 0.0)	(9.0, 0.0)	(10.0, 0.0)	(11.0, 0.0)	(12.0, 0.0)	(13.0, 0.0)	(14.0, 0.0)	(15.0, 0.0)	(16.0, 0.0)	(17.0, 0.0)	(18.0, 0.0)	(19.0, 0.0)	(20.0, 0.0)	(21.0, 0.0)	(22.0, 0.0)	(23.0, 0.0)	(24.0, 0.0)	(25.0, 0.0)	(26.0, 1.0939907634359843e-05)	(27.0, 3.281972290307953e-05)	(28.0, 4.375963053743937e-05)	(29.0, 2.1879815268719686e-05)	(30.0, 4.375963053743937e-05)	(31.0, 0.0001859784297841173)	(32.0, 0.00041571649010567404)	(33.0, 0.0005907550122554316)	(34.0, 0.0006892141809646701)	(35.0, 0.001039291225264185)	(36.0, 0.0017503852214975748)	(37.0, 0.0032053929368674335)	(38.0, 0.005152696495783486)	(39.0, 0.007110939962333898)	(40.0, 0.010567950774791609)	(41.0, 0.017328813692825993)	(42.0, 0.025347765988811756)	(43.0, 0.03492018516887662)	(44.0, 0.053069491934279595)	(45.0, 0.07533220397020188)	(46.0, 0.10212403776674914)	(47.0, 0.13691294404401344)	(48.0, 0.1858252710772363)	(49.0, 0.26031510215959247)	(50.0, 0.3728101723637147)	(51.0, 0.5459998501232655)	(52.0, 0.8112597905335885)	(53.0, 1.2060701171500008)	(54.0, 1.7548487038123937)	(55.0, 2.4628357662776255)	(56.0, 3.304267822066778)	(57.0, 4.203867366747822)	(58.0, 5.073196187004593)	(59.0, 5.8269230032890835)	(60.0, 6.411475087915833)	(61.0, 6.792369852021339)	(62.0, 6.9760727810175105)	(63.0, 6.961599283217251)	(64.0, 6.789514536128771)	(65.0, 6.506805443041644)	(66.0, 6.079230093060324)	(67.0, 5.512794495476075)	(68.0, 4.835767371616082)	(69.0, 4.099292789670977)	(70.0, 3.357862429567507)	(71.0, 2.659918202310618)	(72.0, 2.0373389987468333)	(73.0, 1.4872038635377802)	(74.0, 1.0305721188796004)	(75.0, 0.6902097125593969)	(76.0, 0.4497505427561675)	(77.0, 0.2896668743425799)	(78.0, 0.1803224975371533)	(79.0, 0.10637966183651511)	(80.0, 0.0627950698212255)	(81.0, 0.03644083233005264)	(82.0, 0.021289060256464255)	(83.0, 0.013062249715425654)	(84.0, 0.008095531649426285)	(85.0, 0.005130816680514766)	(86.0, 0.0030084745994489567)	(87.0, 0.0019035439283786129)	(88.0, 0.0018379044825724538)	(89.0, 0.0018160246673037338)	(90.0, 0.0017613251291319345)	(91.0, 0.0015534668840790976)	(92.0, 0.0015534668840790976)	(93.0, 0.001739445313863215)	(94.0, 0.002012943004722211)	(95.0, 0.0023411402337530063)	(96.0, 0.0027021571856868814)	(97.0, 0.003927426840735183)	(98.0, 0.006071648737069713)	(99.0, 0.012876271285641535)	(100.0, 0.06981849052248452)
IDDLNTM33.B_R1	(0.0, 0.0)	(1.0, 0.0)	(2.0, 0.0)	(3.0, 0.0)	(4.0, 0.0)	(5.0, 0.0)	(6.0, 0.0)	(7.0, 0.0)	(8.0, 0.0)	(9.0, 0.0)	(10.0, 0.0)	(11.0, 0.0)	(12.0, 0.0)	(13.0, 0.0)	(14.0, 0.0)	(15.0, 0.0)	(16.0, 0.0)	(17.0, 0.0)	(18.0, 0.0)	(19.0, 0.0)	(20.0, 0.0)	(21.0, 0.0)	(22.0, 0.0)	(23.0, 0.0)	(24.0, 0.0)	(25.0, 0.0)	(26.0, 1.0246301623044917e-05)	(27.0, 2.0492603246089833e-05)	(28.0, 1.0246301623044917e-05)	(29.0, 0.0)	(30.0, 1.0246301623044917e-05)	(31.0, 4.0985206492179666e-05)	(32.0, 0.00018443342921480848)	(33.0, 0.0002971427470683026)	(34.0, 0.000491822477906156)	(35.0, 0.0008197041298435933)	(36.0, 0.00122955619476539)	(37.0, 0.0019980288164937587)	(38.0, 0.0031661072015208794)	(39.0, 0.004672313540108481)	(40.0, 0.007449061279953654)	(41.0, 0.012418517567130437)	(42.0, 0.01874048566854915)	(43.0, 0.027039989983215534)	(44.0, 0.04127210293762492)	(45.0, 0.06004332751104321)	(46.0, 0.08510578128101107)	(47.0, 0.1162033067069524)	(48.0, 0.15800821732897566)	(49.0, 0.2189327267796007)	(50.0, 0.3087825457120816)	(51.0, 0.44284515614800124)	(52.0, 0.6401991717094694)	(53.0, 0.9230073428071321)	(54.0, 1.3041082853746646)	(55.0, 1.8047528289782626)	(56.0, 2.451366185503758)	(57.0, 3.2308023499687843)	(58.0, 4.102342519723362)	(59.0, 5.0280139009524865)	(60.0, 5.955478384965643)	(61.0, 6.753265675637543)	(62.0, 7.352418163045095)	(63.0, 7.6844393208382415)	(64.0, 7.71474788103921)	(65.0, 7.487546388849811)	(66.0, 6.992691005663233)	(67.0, 6.2647220142507605)	(68.0, 5.400262038917708)	(69.0, 4.489867893408544)	(70.0, 3.6039316698735884)	(71.0, 2.8095359050389157)	(72.0, 2.113740300722805)	(73.0, 1.5143931335844156)	(74.0, 1.0348867102291595)	(75.0, 0.6888895970221788)	(76.0, 0.449863872759787)	(77.0, 0.2866812731111737)	(78.0, 0.17292683249212906)	(79.0, 0.09894853477374475)	(80.0, 0.05854736747407865)	(81.0, 0.03353614521222601)	(82.0, 0.01723427932996155)	(83.0, 0.00781792813838327)	(84.0, 0.003319801725866553)	(85.0, 0.0015062063385876026)	(86.0, 0.0007889652249744585)	(87.0, 0.0005020687795292009)	(88.0, 0.0004303446681678865)	(89.0, 0.0004303446681678865)	(90.0, 0.00040985206492179666)	(91.0, 0.0003073890486913475)	(92.0, 0.000491822477906156)	(93.0, 0.0009733986541892671)	(94.0, 0.0014959600369645579)	(95.0, 0.00185458059377113)	(96.0, 0.0017623638791637256)	(97.0, 0.001342265512618884)	(98.0, 0.0013832507191110638)	(99.0, 0.0014344822272262883)	(100.0, 0.0008094578282205484)
IDDLNTM33.B_R2	(0.0, 0.0)	(1.0, 0.0)	(2.0, 0.0)	(3.0, 0.0)	(4.0, 0.0)	(5.0, 0.0)	(6.0, 0.0)	(7.0, 0.0)	(8.0, 0.0)	(9.0, 0.0)	(10.0, 0.0)	(11.0, 0.0)	(12.0, 0.0)	(13.0, 0.0)	(14.0, 0.0)	(15.0, 0.0)	(16.0, 0.0)	(17.0, 0.0)	(18.0, 0.0)	(19.0, 1.0252389216783079e-05)	(20.0, 2.0504778433566157e-05)	(21.0, 1.0252389216783079e-05)	(22.0, 0.0)	(23.0, 1.0252389216783079e-05)	(24.0, 1.0252389216783079e-05)	(25.0, 1.0252389216783079e-05)	(26.0, 2.0504778433566157e-05)	(27.0, 1.0252389216783079e-05)	(28.0, 1.0252389216783079e-05)	(29.0, 1.0252389216783079e-05)	(30.0, 3.0757167650349234e-05)	(31.0, 0.00011277628138461386)	(32.0, 0.00031782406572027544)	(33.0, 0.0005331242392727201)	(34.0, 0.0007381720236083817)	(35.0, 0.0010662484785454401)	(36.0, 0.0015378583825174617)	(37.0, 0.0027578926993146484)	(38.0, 0.0047776133750209145)	(39.0, 0.00696137227819571)	(40.0, 0.011564695036531314)	(41.0, 0.019366763230503237)	(42.0, 0.028634923082475137)	(43.0, 0.04128637137598546)	(44.0, 0.0621704882105726)	(45.0, 0.091974183663761)	(46.0, 0.13110755330422202)	(47.0, 0.18838765185838907)	(48.0, 0.27880347236119907)	(49.0, 0.42115789663623215)	(50.0, 0.6430708612335019)	(51.0, 0.9673026702142669)	(52.0, 1.4032957740471839)	(53.0, 1.940900307407638)	(54.0, 2.539496304218735)	(55.0, 3.133724783223482)	(56.0, 3.6986724386250973)	(57.0, 4.222733565830182)	(58.0, 4.686695187446483)	(59.0, 5.122155167040128)	(60.0, 5.553934538904946)	(61.0, 5.928731131502885)	(62.0, 6.241367488279469)	(63.0, 6.437608470277914)	(64.0, 6.448393983733968)	(65.0, 6.335894516858209)	(66.0, 6.054712490198716)	(67.0, 5.546409285219828)	(68.0, 4.89401900218827)	(69.0, 4.181549718346363)	(70.0, 3.442762551384975)	(71.0, 2.7237522432227608)	(72.0, 2.07048025471856)	(73.0, 1.5076343391063853)	(74.0, 1.0440520558911048)	(75.0, 0.6934818590124242)	(76.0, 0.45289929365139253)	(77.0, 0.2879896130994367)	(78.0, 0.1755721653374102)	(79.0, 0.10188824403639025)	(80.0, 0.05634713113543981)	(81.0, 0.029977986069873723)	(82.0, 0.015296564711440353)	(83.0, 0.008437716325412474)	(84.0, 0.0047571085965873484)	(85.0, 0.0026963783640139498)	(86.0, 0.0018966920051048698)	(87.0, 0.0017531585560699066)	(88.0, 0.001701896609985991)	(89.0, 0.0016301298854685094)	(90.0, 0.0016403822746852929)	(91.0, 0.0016301298854685094)	(92.0, 0.0013738201550489327)	(93.0, 0.0013225582089650173)	(94.0, 0.0014455868795664143)	(95.0, 0.0015788679393845943)	(96.0, 0.0021119921786573142)	(97.0, 0.0032397549925034528)	(98.0, 0.0053927567280278995)	(99.0, 0.012507914844475356)	(100.0, 0.06867050297401306)
IDDLNTM33.C_R1	(0.0, 0.0)	(1.0, 0.0)	(2.0, 0.0)	(3.0, 0.0)	(4.0, 0.0)	(5.0, 0.0)	(6.0, 0.0)	(7.0, 0.0)	(8.0, 0.0)	(9.0, 0.0)	(10.0, 0.0)	(11.0, 0.0)	(12.0, 0.0)	(13.0, 0.0)	(14.0, 1.68474155685451e-05)	(15.0, 1.68474155685451e-05)	(16.0, 0.0)	(17.0, 0.0)	(18.0, 0.0)	(19.0, 0.0)	(20.0, 0.0)	(21.0, 0.0)	(22.0, 0.0)	(23.0, 0.0)	(24.0, 8.42370778427255e-06)	(25.0, 8.42370778427255e-06)	(26.0, 8.42370778427255e-06)	(27.0, 8.42370778427255e-06)	(28.0, 0.0)	(29.0, 1.68474155685451e-05)	(30.0, 4.211853892136275e-05)	(31.0, 0.0001179319089798157)	(32.0, 0.0002527112335281765)	(33.0, 0.0003285246035866295)	(34.0, 0.00042960909699790007)	(35.0, 0.0004885750514878079)	(36.0, 0.00082552336285871)	(37.0, 0.0014994199856005138)	(38.0, 0.0021396217772052277)	(39.0, 0.0037148551328641945)	(40.0, 0.0065873394873011346)	(41.0, 0.011624716742296119)	(42.0, 0.017588701853561085)	(43.0, 0.02564176649532564)	(44.0, 0.04046749219564533)	(45.0, 0.05765185607556133)	(46.0, 0.07941871699012161)	(47.0, 0.10999677624703097)	(48.0, 0.1523680264019219)	(49.0, 0.21363365311693616)	(50.0, 0.30732213109361545)	(51.0, 0.43911103937855944)	(52.0, 0.6381885254442726)	(53.0, 0.9245187767394809)	(54.0, 1.309280053493914)	(55.0, 1.8160755849191035)	(56.0, 2.461095737376421)	(57.0, 3.2387640163126785)	(58.0, 4.1028174185766515)	(59.0, 5.009132562794319)	(60.0, 5.905431918456487)	(61.0, 6.701126932051088)	(62.0, 7.315745923114966)	(63.0, 7.613684043736901)	(64.0, 7.628433956067163)	(65.0, 7.437148399701902)	(66.0, 6.96262409279826)	(67.0, 6.253482676687059)	(68.0, 5.413192554082521)	(69.0, 4.530952366712303)	(70.0, 3.658483680371843)	(71.0, 2.8542217559606367)	(72.0, 2.161110655762907)	(73.0, 1.5734896481476226)	(74.0, 1.0881240293256222)	(75.0, 0.7180284278236079)	(76.0, 0.4634892497062442)	(77.0, 0.2954952453644968)	(78.0, 0.1831398309378695)	(79.0, 0.11063697803863567)	(80.0, 0.06926814911007317)	(81.0, 0.038993343333397636)	(82.0, 0.01866693644994797)	(83.0, 0.010184262711185513)	(84.0, 0.005180580287327619)	(85.0, 0.0031167718801808435)	(86.0, 0.0015415385245218765)	(87.0, 0.0005475410059777157)	(88.0, 0.0003285246035866295)	(89.0, 0.0003537957269394471)	(90.0, 0.000336948311370902)	(91.0, 0.00031167718801808434)	(92.0, 0.0004633039281349903)	(93.0, 0.0009350315640542531)	(94.0, 0.0018279445891871433)	(95.0, 0.0023249433484592236)	(96.0, 0.0018195208814028709)	(97.0, 0.0012467087520723374)	(98.0, 0.0013056747065622453)	(99.0, 0.0012972509987779727)	(100.0, 0.0006991677460946216)
IDDLNTM33.C_R2	(0.0, 0.0)	(1.0, 0.0)	(2.0, 0.0)	(3.0, 0.0)	(4.0, 0.0)	(5.0, 0.0)	(6.0, 0.0)	(7.0, 0.0)	(8.0, 0.0)	(9.0, 0.0)	(10.0, 0.0)	(11.0, 0.0)	(12.0, 0.0)	(13.0, 0.0)	(14.0, 0.0)	(15.0, 0.0)	(16.0, 0.0)	(17.0, 0.0)	(18.0, 0.0)	(19.0, 0.0)	(20.0, 0.0)	(21.0, 0.0)	(22.0, 0.0)	(23.0, 0.0)	(24.0, 8.42971234196713e-06)	(25.0, 8.42971234196713e-06)	(26.0, 8.42971234196713e-06)	(27.0, 1.685942468393426e-05)	(28.0, 2.5289137025901386e-05)	(29.0, 4.2148561709835644e-05)	(30.0, 5.90079863937699e-05)	(31.0, 0.00010115654810360554)	(32.0, 0.00027818050728491524)	(33.0, 0.00045520446646622493)	(34.0, 0.0005057827405180277)	(35.0, 0.0006406581379895019)	(36.0, 0.001036854618061957)	(37.0, 0.0021917252089114535)	(38.0, 0.0034561820602065233)	(39.0, 0.0054624535975947)	(40.0, 0.009272683576163843)	(41.0, 0.015620256969665089)	(42.0, 0.025297566738243356)	(43.0, 0.03695585890718389)	(44.0, 0.055046021593045356)	(45.0, 0.07838789506795232)	(46.0, 0.10759684833286845)	(47.0, 0.14901202506895295)	(48.0, 0.21325486282708445)	(49.0, 0.3124304285303277)	(50.0, 0.4660197874009688)	(51.0, 0.7048335380488976)	(52.0, 1.0490186929714156)	(53.0, 1.5083537184852043)	(54.0, 2.0749146849888147)	(55.0, 2.7138363022358716)	(56.0, 3.3793199430724665)	(57.0, 4.040234679819715)	(58.0, 4.659279035364413)	(59.0, 5.202860606023822)	(60.0, 5.701039746009395)	(61.0, 6.15174274608501)	(62.0, 6.506945535038479)	(63.0, 6.699151406147672)	(64.0, 6.734143142079177)	(65.0, 6.62526497747033)	(66.0, 6.297450323915911)	(67.0, 5.766690345728636)	(68.0, 5.09353566666085)	(69.0, 4.3468823256834535)	(70.0, 3.576676368422601)	(71.0, 2.8275362623043243)	(72.0, 2.1555364538273887)	(73.0, 1.570784168089813)	(74.0, 1.0869776876472934)	(75.0, 0.7217351112945416)	(76.0, 0.46792490239025336)	(77.0, 0.30191014752755274)	(78.0, 0.1839784718634326)	(79.0, 0.1032976950384652)	(80.0, 0.05961492568239154)	(81.0, 0.034308929231806215)	(82.0, 0.019531643496337837)	(83.0, 0.011523416771469066)	(84.0, 0.007114677216620257)	(85.0, 0.0046026229387140525)	(86.0, 0.003118993566527838)	(87.0, 0.0021664360718855525)	(88.0, 0.0019135447016265382)	(89.0, 0.0016859424683934258)	(90.0, 0.0015932156326317873)	(91.0, 0.001567926495605886)	(92.0, 0.0016943721807353928)	(93.0, 0.0017196613177612942)	(94.0, 0.0016185047696576887)	(95.0, 0.0018208178658648997)	(96.0, 0.002469905716196369)	(97.0, 0.003919816239014716)	(98.0, 0.006533027065024524)	(99.0, 0.014532824077551331)	(100.0, 0.08190308511455262)
IDDLNTM35_R1	(0.0, 0.0)	(1.0, 0.0)	(2.0, 0.0)	(3.0, 0.0)	(4.0, 0.0)	(5.0, 0.0)	(6.0, 0.0)	(7.0, 0.0)	(8.0, 0.0)	(9.0, 0.0)	(10.0, 0.0)	(11.0, 0.0)	(12.0, 0.0)	(13.0, 0.0)	(14.0, 1.238845742644663e-05)	(15.0, 1.238845742644663e-05)	(16.0, 0.0)	(17.0, 0.0)	(18.0, 0.0)	(19.0, 0.0)	(20.0, 0.0)	(21.0, 0.0)	(22.0, 1.238845742644663e-05)	(23.0, 1.238845742644663e-05)	(24.0, 0.0)	(25.0, 0.0)	(26.0, 1.238845742644663e-05)	(27.0, 1.238845742644663e-05)	(28.0, 0.0)	(29.0, 1.238845742644663e-05)	(30.0, 3.71653722793399e-05)	(31.0, 7.43307445586798e-05)	(32.0, 0.00013627303169091296)	(33.0, 8.671920198512641e-05)	(34.0, 0.00011149611683801968)	(35.0, 0.0001982153188231461)	(36.0, 0.00026015760595537925)	(37.0, 0.0007556959030132445)	(38.0, 0.00110257271095375)	(39.0, 0.0017343840397025282)	(40.0, 0.0030351720694794244)	(41.0, 0.004224463982418302)	(42.0, 0.007061420733074579)	(43.0, 0.012772499606666477)	(44.0, 0.02063917007246009)	(45.0, 0.0318011702136885)	(46.0, 0.047968107155201355)	(47.0, 0.07010628057626149)	(48.0, 0.10391438089303434)	(49.0, 0.15381508740676136)	(50.0, 0.2320853614270512)	(51.0, 0.35562305888357704)	(52.0, 0.5262492830180264)	(53.0, 0.7549278186528048)	(54.0, 1.0594113252800101)	(55.0, 1.4400962335372887)	(56.0, 1.9046386101141843)	(57.0, 2.450882863418496)	(58.0, 3.0511407911021147)	(59.0, 3.6641340530201205)	(60.0, 4.2591268862975)	(61.0, 4.798631818761823)	(62.0, 5.279564124513908)	(63.0, 5.666133550048748)	(64.0, 5.881568824694656)	(65.0, 6.001997019337143)	(66.0, 6.057707912383874)	(67.0, 5.999729931628103)	(68.0, 5.837193370193123)	(69.0, 5.570061062706655)	(70.0, 5.186415313124456)	(71.0, 4.688709036016962)	(72.0, 4.117737421689464)	(73.0, 3.5246028570260517)	(74.0, 2.9392482436264484)	(75.0, 2.3750778924260687)	(76.0, 1.8466977947306937)	(77.0, 1.3690979840263229)	(78.0, 0.9649988912330604)	(79.0, 0.653800840680721)	(80.0, 0.4298918611551245)	(81.0, 0.27094795237381425)	(82.0, 0.16285866132806742)	(83.0, 0.09650608335201925)	(84.0, 0.05486847794173213)	(85.0, 0.028109409900607406)	(86.0, 0.013429087850268149)	(87.0, 0.0065411055211638215)	(88.0, 0.003072337441758764)	(89.0, 0.0014618379763207024)	(90.0, 0.000842415104998371)	(91.0, 0.0007185305307339046)	(92.0, 0.0007804728178661378)	(93.0, 0.0010282419663950704)	(94.0, 0.0015857225505851687)	(95.0, 0.0022670877090397337)	(96.0, 0.00231664153874552)	(97.0, 0.0017839378694083149)	(98.0, 0.0016228879228645087)	(99.0, 0.001412284146614916)	(100.0, 0.0007433074455867978)
IDDLNTM35_R2	(0.0, 0.0)	(1.0, 0.0)	(2.0, 0.0)	(3.0, 0.0)	(4.0, 0.0)	(5.0, 0.0)	(6.0, 0.0)	(7.0, 0.0)	(8.0, 0.0)	(9.0, 0.0)	(10.0, 0.0)	(11.0, 0.0)	(12.0, 0.0)	(13.0, 0.0)	(14.0, 0.0)	(15.0, 0.0)	(16.0, 0.0)	(17.0, 0.0)	(18.0, 0.0)	(19.0, 0.0)	(20.0, 1.2398012400244044e-05)	(21.0, 1.2398012400244044e-05)	(22.0, 0.0)	(23.0, 0.0)	(24.0, 0.0)	(25.0, 0.0)	(26.0, 0.0)	(27.0, 0.0)	(28.0, 1.2398012400244044e-05)	(29.0, 3.719403720073213e-05)	(30.0, 4.9592049600976174e-05)	(31.0, 3.719403720073213e-05)	(32.0, 0.00012398012400244044)	(33.0, 0.0001983681984039047)	(34.0, 0.0001983681984039047)	(35.0, 0.0003843383844075653)	(36.0, 0.0005951045952117141)	(37.0, 0.0012521992524246483)	(38.0, 0.0021944481948431953)	(39.0, 0.0030375130380597905)	(40.0, 0.004624458625291028)	(41.0, 0.00711645911774008)	(42.0, 0.011306987309022567)	(43.0, 0.017828341831550933)	(44.0, 0.026519348524122008)	(45.0, 0.03812388813075043)	(46.0, 0.05291471692424157)	(47.0, 0.07456164657506767)	(48.0, 0.10925128527095052)	(49.0, 0.15399571202343126)	(50.0, 0.219519207558721)	(51.0, 0.3321799462397386)	(52.0, 0.4978297899193993)	(53.0, 0.7293378754691563)	(54.0, 1.0534839096735367)	(55.0, 1.4806326308991447)	(56.0, 2.0057380480990807)	(57.0, 2.608169868639339)	(58.0, 3.2481428707275364)	(59.0, 3.885586678286084)	(60.0, 4.464883807687487)	(61.0, 4.934136179024323)	(62.0, 5.302679495633978)	(63.0, 5.5510116840108665)	(64.0, 5.692745761770456)	(65.0, 5.806621505666698)	(66.0, 5.871562294619176)	(67.0, 5.83871995977093)	(68.0, 5.708838381865973)	(69.0, 5.483864048851144)	(70.0, 5.130917431840997)	(71.0, 4.6535071683448)	(72.0, 4.111490862230931)	(73.0, 3.5219033825373254)	(74.0, 2.9285964991236466)	(75.0, 2.3732771257043157)	(76.0, 1.8438695982014948)	(77.0, 1.3587229749675451)	(78.0, 0.962966021139355)	(79.0, 0.6597478318665865)	(80.0, 0.434513140591353)	(81.0, 0.2749631190126124)	(82.0, 0.16550106753085772)	(83.0, 0.09845261647033796)	(84.0, 0.0558778418878999)	(85.0, 0.029767627772985947)	(86.0, 0.015373535376302611)	(87.0, 0.008331464332963997)	(88.0, 0.005045991046899325)	(89.0, 0.003111901112461255)	(90.0, 0.002653174653652225)	(91.0, 0.002368020368446612)	(92.0, 0.002219244219643684)	(93.0, 0.0023432243436461242)	(94.0, 0.002293632294045148)	(95.0, 0.0027895527900549098)	(96.0, 0.0036574136580719927)	(97.0, 0.006112220113320313)	(98.0, 0.009782031783792548)	(99.0, 0.019092939096375824)	(100.0, 0.09067906269538492)
IDDLNTM37_R1	(0.0, 0.0)	(1.0, 0.0)	(2.0, 0.0)	(3.0, 0.0)	(4.0, 0.0)	(5.0, 0.0)	(6.0, 0.0)	(7.0, 0.0)	(8.0, 0.0)	(9.0, 0.0)	(10.0, 0.0)	(11.0, 0.0)	(12.0, 0.0)	(13.0, 0.0)	(14.0, 0.0)	(15.0, 0.0)	(16.0, 0.0)	(17.0, 0.0)	(18.0, 0.0)	(19.0, 1.0372185118611122e-05)	(20.0, 1.0372185118611122e-05)	(21.0, 0.0)	(22.0, 0.0)	(23.0, 0.0)	(24.0, 0.0)	(25.0, 1.0372185118611122e-05)	(26.0, 3.111655535583337e-05)	(27.0, 2.0744370237222245e-05)	(28.0, 0.0)	(29.0, 2.0744370237222245e-05)	(30.0, 5.186092559305561e-05)	(31.0, 0.0001763271470163891)	(32.0, 0.00028004899820250034)	(33.0, 0.0002281880726094447)	(34.0, 0.0002281880726094447)	(35.0, 0.0002281880726094447)	(36.0, 0.00014521059166055573)	(37.0, 0.0002281880726094447)	(38.0, 0.000757169513658612)	(39.0, 0.0016076886933847241)	(40.0, 0.002707140315957503)	(41.0, 0.00415924623256306)	(42.0, 0.006129961405099174)	(43.0, 0.009532038124003621)	(44.0, 0.014521059166055573)	(45.0, 0.0194893358378703)	(46.0, 0.028710208408315587)	(47.0, 0.044693745676095326)	(48.0, 0.06439052521633784)	(49.0, 0.09090183037950787)	(50.0, 0.13183047285754737)	(51.0, 0.1944369822334841)	(52.0, 0.285338812612992)	(53.0, 0.414244329267091)	(54.0, 0.5973237687956959)	(55.0, 0.8472934301542241)	(56.0, 1.171123421742382)	(57.0, 1.5827850769149387)	(58.0, 2.087599326637742)	(59.0, 2.688895642333866)	(60.0, 3.3534311706981623)	(61.0, 4.042092401648348)	(62.0, 4.740887257459416)	(63.0, 5.364743075788519)	(64.0, 5.850067989673453)	(65.0, 6.177310430165633)	(66.0, 6.34140877092718)	(67.0, 6.358346549225873)	(68.0, 6.254417254337389)	(69.0, 6.0533317014428745)	(70.0, 5.712875097109584)	(71.0, 5.26899743495862)	(72.0, 4.764556583900087)	(73.0, 4.185135206619114)	(74.0, 3.591037187395306)	(75.0, 3.02141752505142)	(76.0, 2.448126109175546)	(77.0, 1.9101831001838987)	(78.0, 1.4374603912180783)	(79.0, 1.0263277174865706)	(80.0, 0.7064806449839595)	(81.0, 0.462734294696598)	(82.0, 0.2822686458178831)	(83.0, 0.16315447191575297)	(84.0, 0.09070475886225426)	(85.0, 0.047618701879543666)	(86.0, 0.022569874818097805)	(87.0, 0.010590001006101956)	(88.0, 0.004968276671814728)	(89.0, 0.0022818807260944467)	(90.0, 0.0011305681779286124)	(91.0, 0.0006430754773538896)	(92.0, 0.0008194026243702788)	(93.0, 0.0010683350672169457)	(94.0, 0.001452105916605557)	(95.0, 0.0020848092088408357)	(96.0, 0.0020018317278919467)	(97.0, 0.0015765721380288907)	(98.0, 0.0015558277677916684)	(99.0, 0.0013276396951822237)	(100.0, 0.000674192032709723)
IDDLNTM37_R2	(0.0, 0.0)	(1.0, 0.0)	(2.0, 0.0)	(3.0, 0.0)	(4.0, 1.0381244993644601e-05)	(5.0, 1.0381244993644601e-05)	(6.0, 0.0)	(7.0, 0.0)	(8.0, 0.0)	(9.0, 0.0)	(10.0, 0.0)	(11.0, 0.0)	(12.0, 0.0)	(13.0, 0.0)	(14.0, 0.0)	(15.0, 0.0)	(16.0, 0.0)	(17.0, 0.0)	(18.0, 0.0)	(19.0, 0.0)	(20.0, 0.0)	(21.0, 0.0)	(22.0, 0.0)	(23.0, 2.0762489987289203e-05)	(24.0, 2.0762489987289203e-05)	(25.0, 0.0)	(26.0, 0.0)	(27.0, 1.0381244993644601e-05)	(28.0, 1.0381244993644601e-05)	(29.0, 2.0762489987289203e-05)	(30.0, 0.00011419369493009063)	(31.0, 0.00024914987984747043)	(32.0, 0.0003218185948029826)	(33.0, 0.00035296232978391644)	(34.0, 0.0003737248197712057)	(35.0, 0.0003114373498093381)	(36.0, 0.00024914987984747043)	(37.0, 0.0006436371896059652)	(38.0, 0.001380705584154732)	(39.0, 0.002522642533455638)	(40.0, 0.004121354262476907)	(41.0, 0.006467515631040588)	(42.0, 0.009747989049032282)	(43.0, 0.014315736846235905)	(44.0, 0.020492577617454443)	(45.0, 0.028704142407427323)	(46.0, 0.040248086840360124)	(47.0, 0.0583737405992636)	(48.0, 0.08443066553331155)	(49.0, 0.11557440051424535)	(50.0, 0.1647399768041462)	(51.0, 0.2426512204814489)	(52.0, 0.35999043264461383)	(53.0, 0.5312602125497625)	(54.0, 0.7822787164960889)	(55.0, 1.1274654937797657)	(56.0, 1.5611835283692435)	(57.0, 2.0777646604979925)	(58.0, 2.6540171888502107)	(59.0, 3.2634066512221422)	(60.0, 3.8408945477286043)	(61.0, 4.346035547874357)	(62.0, 4.792231838946195)	(63.0, 5.15156825315621)	(64.0, 5.414234513985406)	(65.0, 5.5820577205526645)	(66.0, 5.7002585760503015)	(67.0, 5.7728546222908586)	(68.0, 5.7843362792538295)	(69.0, 5.714242113056741)	(70.0, 5.479636357445367)	(71.0, 5.120964342914946)	(72.0, 4.67642905104209)	(73.0, 4.136054105387908)	(74.0, 3.567130736001203)	(75.0, 3.006367025179502)	(76.0, 2.4377447118976128)	(77.0, 1.9048961688638226)	(78.0, 1.4295701043398172)	(79.0, 1.0244523997078303)	(80.0, 0.7052083536632715)	(81.0, 0.4599825844233987)	(82.0, 0.28246329503207596)	(83.0, 0.1643039645144131)	(84.0, 0.0927771865082018)	(85.0, 0.04976768849953222)	(86.0, 0.0257662500742259)	(87.0, 0.013059606202004909)	(88.0, 0.0069658153907355275)	(89.0, 0.004463935347267179)	(90.0, 0.0032285671930234712)	(91.0, 0.0028756048632395544)	(92.0, 0.0027302674333285304)	(93.0, 0.0024811175534810597)	(94.0, 0.0029897985581696456)	(95.0, 0.0036334357477756105)	(96.0, 0.004038304302527751)	(97.0, 0.005761590971472754)	(98.0, 0.009384645474254721)	(99.0, 0.020305715207568843)	(100.0, 0.10199573206255823)
IDDLNTM38_R1	(0.0, 0.0)	(1.0, 0.0)	(2.0, 0.0)	(3.0, 0.0)	(4.0, 0.0)	(5.0, 0.0)	(6.0, 0.0)	(7.0, 0.0)	(8.0, 0.0)	(9.0, 0.0)	(10.0, 0.0)	(11.0, 0.0)	(12.0, 0.0)	(13.0, 0.0)	(14.0, 0.0)	(15.0, 0.0)	(16.0, 0.0)	(17.0, 0.0)	(18.0, 0.0)	(19.0, 0.0)	(20.0, 0.0)	(21.0, 0.0)	(22.0, 0.0)	(23.0, 0.0)	(24.0, 0.0)	(25.0, 0.0)	(26.0, 0.0)	(27.0, 0.0)	(28.0, 0.0)	(29.0, 0.0)	(30.0, 0.0)	(31.0, 1.904945868105739e-05)	(32.0, 0.0001428709401079304)	(33.0, 0.00024764296285374607)	(34.0, 0.00025716769219427476)	(35.0, 0.0003524149855995617)	(36.0, 0.0005048106550480209)	(37.0, 0.001371561025036132)	(38.0, 0.0022954597710674153)	(39.0, 0.0036098724200603755)	(40.0, 0.005829134356403562)	(41.0, 0.008838948828010628)	(42.0, 0.015249091674186442)	(43.0, 0.02493574141350412)	(44.0, 0.036079674741922696)	(45.0, 0.05016674943656463)	(46.0, 0.07152119261802997)	(47.0, 0.10318139294594735)	(48.0, 0.14656653509205556)	(49.0, 0.21267768144466523)	(50.0, 0.3047532399795561)	(51.0, 0.43572779314116616)	(52.0, 0.6387473990345354)	(53.0, 0.9288706547470394)	(54.0, 1.3341193139985137)	(55.0, 1.8739523988316587)	(56.0, 2.546160172039471)	(57.0, 3.338674801547502)	(58.0, 4.243457415792344)	(59.0, 5.185395999194589)	(60.0, 6.091035839080079)	(61.0, 6.872187466484858)	(62.0, 7.431651018488833)	(63.0, 7.7115066159722465)	(64.0, 7.685104066240302)	(65.0, 7.3841892921849785)	(66.0, 6.826335419439554)	(67.0, 6.09304555697093)	(68.0, 5.258183980814909)	(69.0, 4.388728587694088)	(70.0, 3.546790137638054)	(71.0, 2.7468081203270485)	(72.0, 2.063913600799163)	(73.0, 1.504497672441891)	(74.0, 1.035480950255577)	(75.0, 0.6866663123467353)	(76.0, 0.4462621437917909)	(77.0, 0.2800460920702247)	(78.0, 0.16973067684822135)	(79.0, 0.10271468120826145)	(80.0, 0.061167811824875275)	(81.0, 0.03532722112402093)	(82.0, 0.020601989563563565)	(83.0, 0.012953631903119024)	(84.0, 0.00729594267484498)	(85.0, 0.003562248773357732)	(86.0, 0.0018763716800841528)	(87.0, 0.0010762944154797424)	(88.0, 0.0005238601137290783)	(89.0, 0.0005333848430696069)	(90.0, 0.00042861282032379124)	(91.0, 0.00042861282032379124)	(92.0, 0.0007619783472422956)	(93.0, 0.00131441264899296)	(94.0, 0.0022002124776621286)	(95.0, 0.002838369343477551)	(96.0, 0.0026097758393048625)	(97.0, 0.0020097178908515547)	(98.0, 0.001619203987889878)	(99.0, 0.001466808318441419)	(100.0, 0.0008191267232854676)
IDDLNTM38_R2	(0.0, 0.0)	(1.0, 0.0)	(2.0, 0.0)	(3.0, 0.0)	(4.0, 0.0)	(5.0, 0.0)	(6.0, 0.0)	(7.0, 0.0)	(8.0, 0.0)	(9.0, 0.0)	(10.0, 0.0)	(11.0, 0.0)	(12.0, 0.0)	(13.0, 0.0)	(14.0, 0.0)	(15.0, 0.0)	(16.0, 0.0)	(17.0, 0.0)	(18.0, 0.0)	(19.0, 0.0)	(20.0, 0.0)	(21.0, 0.0)	(22.0, 0.0)	(23.0, 0.0)	(24.0, 0.0)	(25.0, 0.0)	(26.0, 0.0)	(27.0, 0.0)	(28.0, 1.906508811550088e-05)	(29.0, 1.906508811550088e-05)	(30.0, 2.8597632173251322e-05)	(31.0, 5.7195264346502645e-05)	(32.0, 0.0002097159692705097)	(33.0, 0.00033363904202126537)	(34.0, 0.00033363904202126537)	(35.0, 0.0006100828196960281)	(36.0, 0.0011629703750455536)	(37.0, 0.002182952589224851)	(38.0, 0.0036318992860029176)	(39.0, 0.005681396258419262)	(40.0, 0.00931329554442218)	(41.0, 0.01496609417066819)	(42.0, 0.023583513998874588)	(43.0, 0.036957673311898455)	(44.0, 0.05335364909122921)	(45.0, 0.07386768390350816)	(46.0, 0.10415257637498132)	(47.0, 0.15128147419649948)	(48.0, 0.22375740666757607)	(49.0, 0.3403499530379217)	(50.0, 0.5173216334700587)	(51.0, 0.7845951037612655)	(52.0, 1.1807771673454315)	(53.0, 1.7064683744981948)	(54.0, 2.347293648780468)	(55.0, 3.060070565610642)	(56.0, 3.7697684707101624)	(57.0, 4.401575958313804)	(58.0, 4.942690821752007)	(59.0, 5.401454037075305)	(60.0, 5.778704468160779)	(61.0, 6.083555227127638)	(62.0, 6.332697798621004)	(63.0, 6.487811355528718)	(64.0, 6.481052781791773)	(65.0, 6.324394952746702)	(66.0, 6.000650691457382)	(67.0, 5.5149008439065925)	(68.0, 4.889546888630049)	(69.0, 4.167733120033128)	(70.0, 3.43149661227683)	(71.0, 2.7079955833816873)	(72.0, 2.056198350888943)	(73.0, 1.5036634996695544)	(74.0, 1.0430033080787644)	(75.0, 0.6950845150589888)	(76.0, 0.45074634577072953)	(77.0, 0.2841460732734251)	(78.0, 0.17227213621166595)	(79.0, 0.10396192549382628)	(80.0, 0.06318170201476991)	(81.0, 0.03772027683651849)	(82.0, 0.023736034703798595)	(83.0, 0.015395058653266961)	(84.0, 0.009589739322096943)	(85.0, 0.00605316547667153)	(86.0, 0.0043468400903342004)	(87.0, 0.003355455508328155)	(88.0, 0.0030504140984801407)	(89.0, 0.002735840144574376)	(90.0, 0.00281210049703638)	(91.0, 0.003012283922249139)	(92.0, 0.003098076818768893)	(93.0, 0.0031838697152886467)	(94.0, 0.0033077927880394028)	(95.0, 0.003765354902811424)	(96.0, 0.0046423489561244645)	(97.0, 0.006701378472598558)	(98.0, 0.011153076547568015)	(99.0, 0.023259407500911076)	(100.0, 0.09841398485221553)
IDDLNTM39_R1	(0.0, 0.0)	(1.0, 0.0)	(2.0, 0.0)	(3.0, 0.0)	(4.0, 0.0)	(5.0, 0.0)	(6.0, 0.0)	(7.0, 0.0)	(8.0, 0.0)	(9.0, 0.0)	(10.0, 0.0)	(11.0, 0.0)	(12.0, 0.0)	(13.0, 0.0)	(14.0, 0.0)	(15.0, 0.0)	(16.0, 0.0)	(17.0, 0.0)	(18.0, 0.0)	(19.0, 0.0)	(20.0, 0.0)	(21.0, 0.0)	(22.0, 0.0)	(23.0, 0.0)	(24.0, 0.0)	(25.0, 0.0)	(26.0, 0.0)	(27.0, 0.0)	(28.0, 1.4832497349061912e-05)	(29.0, 2.9664994698123825e-05)	(30.0, 5.932998939624765e-05)	(31.0, 5.932998939624765e-05)	(32.0, 1.4832497349061912e-05)	(33.0, 1.4832497349061912e-05)	(34.0, 1.4832497349061912e-05)	(35.0, 1.4832497349061912e-05)	(36.0, 0.00016315747083968103)	(37.0, 0.0007712898621512193)	(38.0, 0.0015722447190005626)	(39.0, 0.0020023871421233582)	(40.0, 0.002847839491019887)	(41.0, 0.004256926739180768)	(42.0, 0.0063186438707003734)	(43.0, 0.010427245636390524)	(44.0, 0.015944934650241556)	(45.0, 0.022723385938762847)	(46.0, 0.030762599501954403)	(47.0, 0.04292524732818517)	(48.0, 0.06291945375472063)	(49.0, 0.08927680154400365)	(50.0, 0.1275001472125362)	(51.0, 0.17787130820995045)	(52.0, 0.24857782307292856)	(53.0, 0.35301343690767345)	(54.0, 0.49786760601861213)	(55.0, 0.6992187575321276)	(56.0, 0.9924127326310342)	(57.0, 1.3847026225190238)	(58.0, 1.8714903530178868)	(59.0, 2.469343823666525)	(60.0, 3.1467143126034847)	(61.0, 3.922676411419659)	(62.0, 4.7492914886828785)	(63.0, 5.508834012933641)	(64.0, 6.137939555496753)	(65.0, 6.569520730862408)	(66.0, 6.818766016316044)	(67.0, 6.886461534217163)	(68.0, 6.7468432366704425)	(69.0, 6.448650709964903)	(70.0, 5.993055721391116)	(71.0, 5.4103907280279175)	(72.0, 4.803563596483096)	(73.0, 4.18037622036226)	(74.0, 3.541866874479843)	(75.0, 2.8967867322717913)	(76.0, 2.2719232839505112)	(77.0, 1.7206586874752758)	(78.0, 1.2358585116211875)	(79.0, 0.828973444341721)	(80.0, 0.5144503380548633)	(81.0, 0.29088010551245314)	(82.0, 0.1467823937663167)	(83.0, 0.06345342365928686)	(84.0, 0.025408067958943053)	(85.0, 0.009225813351116509)	(86.0, 0.0037377893319636016)	(87.0, 0.0015870772163496245)	(88.0, 0.0009344473329909004)	(89.0, 0.000830619851547467)	(90.0, 0.0004894724125190431)	(91.0, 0.00032631494167936206)	(92.0, 0.0004746399151699812)	(93.0, 0.0005636348992643526)	(94.0, 0.0005932998939624765)	(95.0, 0.0008602848462455908)	(96.0, 0.0007861223595002813)	(97.0, 0.0008602848462455908)	(98.0, 0.0012607622746702624)	(99.0, 0.0013645897561136958)	(100.0, 0.000845452348896529)
IDDLNTM39_R2	(0.0, 0.0)	(1.0, 0.0)	(2.0, 0.0)	(3.0, 0.0)	(4.0, 0.0)	(5.0, 0.0)	(6.0, 1.4838803114011865e-05)	(7.0, 1.4838803114011865e-05)	(8.0, 0.0)	(9.0, 0.0)	(10.0, 0.0)	(11.0, 0.0)	(12.0, 0.0)	(13.0, 1.4838803114011865e-05)	(14.0, 1.4838803114011865e-05)	(15.0, 0.0)	(16.0, 0.0)	(17.0, 0.0)	(18.0, 0.0)	(19.0, 0.0)	(20.0, 1.4838803114011865e-05)	(21.0, 1.4838803114011865e-05)	(22.0, 0.0)	(23.0, 0.0)	(24.0, 0.0)	(25.0, 1.4838803114011865e-05)	(26.0, 1.4838803114011865e-05)	(27.0, 0.0)	(28.0, 0.0)	(29.0, 2.967760622802373e-05)	(30.0, 8.90328186840712e-05)	(31.0, 7.419401557005934e-05)	(32.0, 7.419401557005934e-05)	(33.0, 8.90328186840712e-05)	(34.0, 0.00011871042491209492)	(35.0, 0.00023742084982418985)	(36.0, 0.0004006476840783204)	(37.0, 0.0008458117774986764)	(38.0, 0.002032916026619626)	(39.0, 0.0032051814726265634)	(40.0, 0.0047484169964837975)	(41.0, 0.0064252017483671375)	(42.0, 0.009007153490205203)	(43.0, 0.014497510642389595)	(44.0, 0.0222582046710178)	(45.0, 0.03102793731139881)	(46.0, 0.040673159335506526)	(47.0, 0.05574938329934258)	(48.0, 0.07962501750978768)	(49.0, 0.10968843261877571)	(50.0, 0.15211257072173565)	(51.0, 0.21146778317778311)	(52.0, 0.29633089818681696)	(53.0, 0.4206503906760084)	(54.0, 0.6067734981350592)	(55.0, 0.881484260184761)	(56.0, 1.272738981891912)	(57.0, 1.789559655549831)	(58.0, 2.4076996768702235)	(59.0, 3.09838660661502)	(60.0, 3.805455574997685)	(61.0, 4.482001125374828)	(62.0, 5.086964289529978)	(63.0, 5.577995123375745)	(64.0, 5.909182370077375)	(65.0, 6.0763266483536045)	(66.0, 6.153325197712213)	(67.0, 6.170820146583632)	(68.0, 6.114135918688107)	(69.0, 5.943519360483199)	(70.0, 5.614676644673582)	(71.0, 5.165238975956391)	(72.0, 4.665809379548093)	(73.0, 4.112529766639047)	(74.0, 3.5007704306576795)	(75.0, 2.881131690222772)	(76.0, 2.283454378396602)	(77.0, 1.7234082712675662)	(78.0, 1.2362948814438988)	(79.0, 0.831492332493655)	(80.0, 0.5160342170928767)	(81.0, 0.2986160738663748)	(82.0, 0.15249837960269993)	(83.0, 0.06649267675388718)	(84.0, 0.02696210525815956)	(85.0, 0.010238774148668188)	(86.0, 0.004436802131089548)	(87.0, 0.0025077577262680056)	(88.0, 0.0019290444048215428)	(89.0, 0.0014987191145151985)	(90.0, 0.0011722654460069374)	(91.0, 0.0009496833992967594)	(92.0, 0.0009645222024107714)	(93.0, 0.0009645222024107714)	(94.0, 0.001098071430436878)	(95.0, 0.0014245250989451392)	(96.0, 0.0013800086896031036)	(97.0, 0.001884527995479507)	(98.0, 0.002789694985434231)	(99.0, 0.006158103292314924)	(100.0, 0.04724674911501378)
IDDLNTM4.A_R1	(0.0, 0.0)	(1.0, 0.0)	(2.0, 0.0)	(3.0, 0.0)	(4.0, 0.0)	(5.0, 0.0)	(6.0, 0.0)	(7.0, 0.0)	(8.0, 0.0)	(9.0, 0.0)	(10.0, 0.0)	(11.0, 0.0)	(12.0, 0.0)	(13.0, 0.0)	(14.0, 2.319518282443102e-05)	(15.0, 2.319518282443102e-05)	(16.0, 0.0)	(17.0, 0.0)	(18.0, 0.0)	(19.0, 0.0)	(20.0, 0.0)	(21.0, 0.0)	(22.0, 0.0)	(23.0, 0.0)	(24.0, 0.0)	(25.0, 0.0)	(26.0, 1.159759141221551e-05)	(27.0, 1.159759141221551e-05)	(28.0, 0.0)	(29.0, 2.319518282443102e-05)	(30.0, 2.319518282443102e-05)	(31.0, 0.0)	(32.0, 0.0)	(33.0, 0.0)	(34.0, 0.00012757350553437062)	(35.0, 0.00017396387118323266)	(36.0, 0.0001159759141221551)	(37.0, 0.00025514701106874125)	(38.0, 0.00047550124790083595)	(39.0, 0.0008814169473283789)	(40.0, 0.0017396387118323265)	(41.0, 0.0030849593156493257)	(42.0, 0.004917378758779377)	(43.0, 0.008002338074428702)	(44.0, 0.011678774552101019)	(45.0, 0.01821981610859057)	(46.0, 0.029133149627485366)	(47.0, 0.04095109527653297)	(48.0, 0.05933327766489456)	(49.0, 0.08868678152921201)	(50.0, 0.13285040962692868)	(51.0, 0.19886389994525935)	(52.0, 0.29754780527180114)	(53.0, 0.43769309989701344)	(54.0, 0.6307350089533406)	(55.0, 0.8933392713001365)	(56.0, 1.2309103645354933)	(57.0, 1.6519377255731529)	(58.0, 2.1803703806793404)	(59.0, 2.7810444326922186)	(60.0, 3.4195962182573925)	(61.0, 4.084950037576196)	(62.0, 4.761588313339086)	(63.0, 5.367052170605208)	(64.0, 5.838215919317876)	(65.0, 6.160570972620406)	(66.0, 6.340936714263182)	(67.0, 6.436350098811479)	(68.0, 6.426700902756516)	(69.0, 6.313670776853063)	(70.0, 6.03396006717325)	(71.0, 5.578232712630241)	(72.0, 5.046610719885694)	(73.0, 4.410343659828727)	(74.0, 3.700652248541023)	(75.0, 2.9909144468876705)	(76.0, 2.294107959658938)	(77.0, 1.6589194756033068)	(78.0, 1.1081382618457798)	(79.0, 0.665469795232926)	(80.0, 0.36066189773707796)	(81.0, 0.17545996047540846)	(82.0, 0.07338955845649976)	(83.0, 0.02626854454866813)	(84.0, 0.009266475538360193)	(85.0, 0.0034560822408402224)	(86.0, 0.0015772724320613095)	(87.0, 0.0008350265816795168)	(88.0, 0.000498696430725267)	(89.0, 0.00040591569942754287)	(90.0, 0.0004291108822519739)	(91.0, 0.00048709883931305145)	(92.0, 0.00047550124790083595)	(93.0, 0.0004175132908397584)	(94.0, 0.0004523060650764049)	(95.0, 0.0007654410332062237)	(96.0, 0.0009857952700383186)	(97.0, 0.0009046121301528098)	(98.0, 0.0011017711841604736)	(99.0, 0.0012873326467559218)	(100.0, 0.0007074530761451462)
IDDLNTM4.A_R2	(0.0, 0.0)	(1.0, 0.0)	(2.0, 0.0)	(3.0, 0.0)	(4.0, 0.0)	(5.0, 0.0)	(6.0, 0.0)	(7.0, 1.1602088283074246e-05)	(8.0, 1.1602088283074246e-05)	(9.0, 0.0)	(10.0, 0.0)	(11.0, 0.0)	(12.0, 0.0)	(13.0, 0.0)	(14.0, 0.0)	(15.0, 0.0)	(16.0, 0.0)	(17.0, 0.0)	(18.0, 0.0)	(19.0, 0.0)	(20.0, 0.0)	(21.0, 0.0)	(22.0, 0.0)	(23.0, 0.0)	(24.0, 0.0)	(25.0, 0.0)	(26.0, 0.0)	(27.0, 0.0)	(28.0, 0.0)	(29.0, 1.1602088283074246e-05)	(30.0, 1.1602088283074246e-05)	(31.0, 1.1602088283074246e-05)	(32.0, 6.961252969844548e-05)	(33.0, 0.00010441879454766823)	(34.0, 0.00013922505939689095)	(35.0, 0.00020883758909533647)	(36.0, 0.00041767517819067294)	(37.0, 0.000707727385267529)	(38.0, 0.0014966693885165778)	(39.0, 0.002482846892577889)	(40.0, 0.0034458202200730514)	(41.0, 0.0052673480805157085)	(42.0, 0.008051849268453528)	(43.0, 0.012298213580058703)	(44.0, 0.018806985106863357)	(45.0, 0.027903022320793565)	(46.0, 0.039748754457812376)	(47.0, 0.057975635150522016)	(48.0, 0.08674881409254614)	(49.0, 0.12982736788760083)	(50.0, 0.19805924908036046)	(51.0, 0.30706086849984304)	(52.0, 0.47044147570209455)	(53.0, 0.7027732935706563)	(54.0, 1.0141849451766523)	(55.0, 1.4043747762247223)	(56.0, 1.852052954715425)	(57.0, 2.3345141938787846)	(58.0, 2.811928524639007)	(59.0, 3.2537824548116068)	(60.0, 3.6570942477078336)	(61.0, 4.020239610968057)	(62.0, 4.404129508078418)	(63.0, 4.802185554982413)	(64.0, 5.149900140826148)	(65.0, 5.468365862108253)	(66.0, 5.7360840492401906)	(67.0, 5.950676274123932)	(68.0, 6.086583136271863)	(69.0, 6.074238514338673)	(70.0, 5.871364398620837)	(71.0, 5.486151863446206)	(72.0, 4.9933879698874755)	(73.0, 4.3840230890838505)	(74.0, 3.705776610143613)	(75.0, 2.9936636355050816)	(76.0, 2.2949974811866336)	(77.0, 1.6663615317448217)	(78.0, 1.1055281862292958)	(79.0, 0.6694404939333841)	(80.0, 0.36808785286881357)	(81.0, 0.1789506096781372)	(82.0, 0.07638814925576085)	(83.0, 0.028425116293531907)	(84.0, 0.01002420427657615)	(85.0, 0.004582824871814327)	(86.0, 0.0026336740402578543)	(87.0, 0.0017635174190272856)	(88.0, 0.001450261035384281)	(89.0, 0.0012414234462889446)	(90.0, 0.0011486067400243505)	(91.0, 0.0010789942103259051)	(92.0, 0.0010557900337597565)	(93.0, 0.0010093816806274595)	(94.0, 0.0009281670626459397)	(95.0, 0.0008585545329474943)	(96.0, 0.000939769150929014)	(97.0, 0.001415454770535058)	(98.0, 0.00262207195197478)	(99.0, 0.006578384056503098)	(100.0, 0.043693464474057614)
IDDLNTM4.B_R1	(0.0, 0.0)	(1.0, 0.0)	(2.0, 0.0)	(3.0, 0.0)	(4.0, 0.0)	(5.0, 0.0)	(6.0, 0.0)	(7.0, 0.0)	(8.0, 0.0)	(9.0, 0.0)	(10.0, 0.0)	(11.0, 0.0)	(12.0, 0.0)	(13.0, 0.0)	(14.0, 0.0)	(15.0, 0.0)	(16.0, 0.0)	(17.0, 0.0)	(18.0, 0.0)	(19.0, 0.0)	(20.0, 0.0)	(21.0, 0.0)	(22.0, 0.0)	(23.0, 0.0)	(24.0, 2.470823893756549e-05)	(25.0, 2.470823893756549e-05)	(26.0, 0.0)	(27.0, 2.470823893756549e-05)	(28.0, 2.470823893756549e-05)	(29.0, 2.470823893756549e-05)	(30.0, 2.470823893756549e-05)	(31.0, 0.0)	(32.0, 0.00012354119468782748)	(33.0, 0.00017295767256295846)	(34.0, 0.00012354119468782748)	(35.0, 9.883295575026196e-05)	(36.0, 0.00019766591150052393)	(37.0, 0.0006918306902518338)	(38.0, 0.0009142048406899231)	(39.0, 0.0014330778583787986)	(40.0, 0.0025943650884443768)	(41.0, 0.00427452533619883)	(42.0, 0.006275892690141635)	(43.0, 0.009315006079462191)	(44.0, 0.014849651601476862)	(45.0, 0.023522243468562347)	(46.0, 0.03646936067184667)	(47.0, 0.054036918556455725)	(48.0, 0.08694829282129296)	(49.0, 0.14024396420962174)	(50.0, 0.21666654724351178)	(51.0, 0.33326472678988334)	(52.0, 0.5080261007952841)	(53.0, 0.7584935189053855)	(54.0, 1.0952915238633407)	(55.0, 1.5332203507927515)	(56.0, 2.097334153976309)	(57.0, 2.7326571017779306)	(58.0, 3.41621053198568)	(59.0, 4.159804982811713)	(60.0, 4.848201227851226)	(61.0, 5.433045243503401)	(62.0, 5.884884808954661)	(63.0, 6.17130271471892)	(64.0, 6.286270150495413)	(65.0, 6.236927797337094)	(66.0, 6.128137421294993)	(67.0, 5.985348508474803)	(68.0, 5.802606373292568)	(69.0, 5.58235713140311)	(70.0, 5.224952455171224)	(71.0, 4.69592435127901)	(72.0, 4.073523812441735)	(73.0, 3.385226400357973)	(74.0, 2.646474764363702)	(75.0, 1.8901555704848225)	(76.0, 1.209295338321268)	(77.0, 0.6927448950925237)	(78.0, 0.3436668953825984)	(79.0, 0.14765643589089136)	(80.0, 0.05791611206965351)	(81.0, 0.021347918442056586)	(82.0, 0.007486596398082344)	(83.0, 0.002890863955695163)	(84.0, 0.0010871625132528818)	(85.0, 0.0005435812566264409)	(86.0, 0.00027179062831322046)	(87.0, 0.0003706235840634824)	(88.0, 0.0003459153451259169)	(89.0, 0.00012354119468782748)	(90.0, 0.00014824943362539295)	(91.0, 0.00024708238937565496)	(92.0, 0.00024708238937565496)	(93.0, 0.00022237415043808943)	(94.0, 0.0003212071061883514)	(95.0, 0.00039533182300104786)	(96.0, 0.0003706235840634824)	(97.0, 0.0007659554070645302)	(98.0, 0.0012107037079407091)	(99.0, 0.0010377460353777508)	(100.0, 0.0005435812566264409)
IDDLNTM4.B_R2	(0.0, 0.0)	(1.0, 0.0)	(2.0, 0.0)	(3.0, 0.0)	(4.0, 0.0)	(5.0, 0.0)	(6.0, 0.0)	(7.0, 0.0)	(8.0, 0.0)	(9.0, 0.0)	(10.0, 0.0)	(11.0, 0.0)	(12.0, 0.0)	(13.0, 0.0)	(14.0, 0.0)	(15.0, 0.0)	(16.0, 0.0)	(17.0, 0.0)	(18.0, 0.0)	(19.0, 0.0)	(20.0, 2.47172959278255e-05)	(21.0, 2.47172959278255e-05)	(22.0, 0.0)	(23.0, 0.0)	(24.0, 2.47172959278255e-05)	(25.0, 7.415188778347648e-05)	(26.0, 4.9434591855651e-05)	(27.0, 0.0)	(28.0, 0.0)	(29.0, 2.47172959278255e-05)	(30.0, 2.47172959278255e-05)	(31.0, 4.9434591855651e-05)	(32.0, 0.00017302107149477845)	(33.0, 0.00022245566335042945)	(34.0, 0.00029660755113390593)	(35.0, 0.000395476734845208)	(36.0, 0.0004449113267008589)	(37.0, 0.0011864302045356237)	(38.0, 0.0019526663782982142)	(39.0, 0.002323425817215597)	(40.0, 0.0036087252054625226)	(41.0, 0.0056602607674720385)	(42.0, 0.0087252054625224)	(43.0, 0.01272940740283013)	(44.0, 0.018191929802879564)	(45.0, 0.02647222393870111)	(46.0, 0.03816350491256257)	(47.0, 0.05388370512265958)	(48.0, 0.07734041895816597)	(49.0, 0.11058518198109127)	(50.0, 0.15883334363220664)	(51.0, 0.23545696100846567)	(52.0, 0.34932954334795774)	(53.0, 0.5211394673422728)	(54.0, 0.7824012852993882)	(55.0, 1.161614039424087)	(56.0, 1.696768213557437)	(57.0, 2.383414694432429)	(58.0, 3.212086757708707)	(59.0, 4.0993635296298585)	(60.0, 4.928554656120621)	(61.0, 5.639251065933387)	(62.0, 6.18436631032565)	(63.0, 6.52299326453686)	(64.0, 6.625594759933263)	(65.0, 6.545906197861955)	(66.0, 6.357980596922697)	(67.0, 6.1397515911759255)	(68.0, 5.918630661805598)	(69.0, 5.634752518074523)	(70.0, 5.22580485694865)	(71.0, 4.71566458629426)	(72.0, 4.104133967743929)	(73.0, 3.3841438546623)	(74.0, 2.643267626521659)	(75.0, 1.9011802508805538)	(76.0, 1.221405178273497)	(77.0, 0.6989309769511215)	(78.0, 0.34876104554161774)	(79.0, 0.15136872026200332)	(80.0, 0.057665451399616874)	(81.0, 0.021899524192053387)	(82.0, 0.008626336278811098)	(83.0, 0.003880615460668603)	(84.0, 0.0017549280108756103)	(85.0, 0.0011617129086077984)	(86.0, 0.0008898226534017178)	(87.0, 0.0005684978063399864)	(88.0, 0.0004449113267008589)	(89.0, 0.0004201940307730334)	(90.0, 0.0004449113267008589)	(91.0, 0.0004201940307730334)	(92.0, 0.00024717295927825496)	(93.0, 0.00022245566335042945)	(94.0, 0.00024717295927825496)	(95.0, 0.0004449113267008589)	(96.0, 0.0006179323981956373)	(97.0, 0.0008156707656182414)	(98.0, 0.0010381264289686708)	(99.0, 0.0032132484706173144)	(100.0, 0.03947352159673732)
IDDLNTM4.C_R1	(0.0, 0.0)	(1.0, 0.0)	(2.0, 0.0)	(3.0, 0.0)	(4.0, 0.0)	(5.0, 0.0)	(6.0, 0.0)	(7.0, 0.0)	(8.0, 0.0)	(9.0, 0.0)	(10.0, 0.0)	(11.0, 0.0)	(12.0, 0.0)	(13.0, 0.0)	(14.0, 1.2182792074216596e-05)	(15.0, 1.2182792074216596e-05)	(16.0, 0.0)	(17.0, 0.0)	(18.0, 0.0)	(19.0, 0.0)	(20.0, 0.0)	(21.0, 0.0)	(22.0, 0.0)	(23.0, 0.0)	(24.0, 0.0)	(25.0, 0.0)	(26.0, 1.2182792074216596e-05)	(27.0, 2.4365584148433192e-05)	(28.0, 1.2182792074216596e-05)	(29.0, 1.2182792074216596e-05)	(30.0, 4.8731168296866384e-05)	(31.0, 6.0913960371082976e-05)	(32.0, 3.6548376222649785e-05)	(33.0, 2.4365584148433192e-05)	(34.0, 6.0913960371082976e-05)	(35.0, 6.0913960371082976e-05)	(36.0, 0.00014619350489059914)	(37.0, 0.00036548376222649785)	(38.0, 0.0006700535640819127)	(39.0, 0.0010964512866794935)	(40.0, 0.0016081285537965905)	(41.0, 0.0029604184740346325)	(42.0, 0.004860934037612421)	(43.0, 0.00733404082867839)	(44.0, 0.010818319361904336)	(45.0, 0.016300575795301805)	(46.0, 0.02636356204860471)	(47.0, 0.03776665543007145)	(48.0, 0.055273327640720696)	(49.0, 0.08006530951175146)	(50.0, 0.11755176072411594)	(51.0, 0.17539565749249633)	(52.0, 0.25575335401402893)	(53.0, 0.37331729753021914)	(54.0, 0.5339108626525422)	(55.0, 0.7504965401479649)	(56.0, 1.0453810223043776)	(57.0, 1.426093274623646)	(58.0, 1.8950454899364655)	(59.0, 2.454722957825976)	(60.0, 3.084451480142232)	(61.0, 3.7310166211050553)	(62.0, 4.412826579538587)	(63.0, 5.058575473432437)	(64.0, 5.580522834268098)	(65.0, 5.953876680174541)	(66.0, 6.171814647590201)	(67.0, 6.3347351259987)	(68.0, 6.398585139259668)	(69.0, 6.329740181248271)	(70.0, 6.093796047146919)	(71.0, 5.689899941510415)	(72.0, 5.210494890597918)	(73.0, 4.634126997566731)	(74.0, 3.9919598445427003)	(75.0, 3.3340647069508553)	(76.0, 2.6809695894362524)	(77.0, 2.0533608729409103)	(78.0, 1.4864711921434637)	(79.0, 1.0246093618178382)	(80.0, 0.6649611569948902)	(81.0, 0.39721993557983204)	(82.0, 0.21357652785309114)	(83.0, 0.10416287223455188)	(84.0, 0.046757555980843295)	(85.0, 0.017969618309469478)	(86.0, 0.007053836610971409)	(87.0, 0.003338085028335347)	(88.0, 0.0015715801775739405)	(89.0, 0.0009258921976404612)	(90.0, 0.0006091396037108297)	(91.0, 0.0004385805146717974)	(92.0, 0.0006578707720076961)	(93.0, 0.0010842684946052769)	(94.0, 0.001437569464757558)	(95.0, 0.0018152360190582726)	(96.0, 0.0019370639398004384)	(97.0, 0.0015837629696481574)	(98.0, 0.0012426447915700927)	(99.0, 0.0013035587519411756)	(100.0, 0.0007796986927498621)
IDDLNTM4.C_R2	(0.0, 0.0)	(1.0, 0.0)	(2.0, 0.0)	(3.0, 0.0)	(4.0, 1.2191119695826688e-05)	(5.0, 1.2191119695826688e-05)	(6.0, 0.0)	(7.0, 0.0)	(8.0, 0.0)	(9.0, 0.0)	(10.0, 0.0)	(11.0, 0.0)	(12.0, 0.0)	(13.0, 0.0)	(14.0, 0.0)	(15.0, 0.0)	(16.0, 0.0)	(17.0, 0.0)	(18.0, 0.0)	(19.0, 0.0)	(20.0, 0.0)	(21.0, 0.0)	(22.0, 0.0)	(23.0, 0.0)	(24.0, 1.2191119695826688e-05)	(25.0, 2.4382239391653376e-05)	(26.0, 3.6573359087480064e-05)	(27.0, 3.6573359087480064e-05)	(28.0, 1.2191119695826688e-05)	(29.0, 0.0)	(30.0, 0.0)	(31.0, 4.876447878330675e-05)	(32.0, 0.00014629343634992026)	(33.0, 0.00014629343634992026)	(34.0, 7.314671817496013e-05)	(35.0, 0.00015848455604574693)	(36.0, 0.00037792471057062726)	(37.0, 0.0007070849423579478)	(38.0, 0.0013044498074534555)	(39.0, 0.002255357143727937)	(40.0, 0.0038158204647937527)	(41.0, 0.005644488419167756)	(42.0, 0.008472828188599547)	(43.0, 0.013190791510884476)	(44.0, 0.01957893823149766)	(45.0, 0.02949031854420476)	(46.0, 0.04404651546102182)	(47.0, 0.0651005791757145)	(48.0, 0.10240540544494417)	(49.0, 0.15876495179875094)	(50.0, 0.24619966225721995)	(51.0, 0.3797289962856097)	(52.0, 0.5724584075569338)	(53.0, 0.8267773555315742)	(54.0, 1.1443316413684679)	(55.0, 1.5053350778012877)	(56.0, 1.8779810335436222)	(57.0, 2.2471037556938622)	(58.0, 2.58433450871982)	(59.0, 2.9034004933989963)	(60.0, 3.205289190426753)	(61.0, 3.507202269693901)	(62.0, 3.8869922215779895)	(63.0, 4.298479084671227)	(64.0, 4.697299374400502)	(65.0, 5.078491305049611)	(66.0, 5.404457463476624)	(67.0, 5.689400504127182)	(68.0, 5.911022869077615)	(69.0, 5.999542589189013)	(70.0, 5.878765166362458)	(71.0, 5.572975311032037)	(72.0, 5.154271305078869)	(73.0, 4.628504885956952)	(74.0, 4.010073766027055)	(75.0, 3.35094868855249)	(76.0, 2.7076842578021947)	(77.0, 2.0903137652858352)	(78.0, 1.5177578287713351)	(79.0, 1.041048475305424)	(80.0, 0.6734862164762495)	(81.0, 0.4053303476468457)	(82.0, 0.22453604255773593)	(83.0, 0.1124630791940012)	(84.0, 0.051092982645209645)	(85.0, 0.02218783784640457)	(86.0, 0.009094575293086708)	(87.0, 0.0043400386117143)	(88.0, 0.002925868726998405)	(89.0, 0.0024016505800778577)	(90.0, 0.0023163127422070706)	(91.0, 0.00217001930585715)	(92.0, 0.0020968725876821903)	(93.0, 0.001865241313461483)	(94.0, 0.0018530501937656563)	(95.0, 0.0022431660240321105)	(96.0, 0.0024747972982528173)	(97.0, 0.003669527028443833)	(98.0, 0.006583204635746411)	(99.0, 0.01427580116381305)	(100.0, 0.07854738420021135)
IDDLNTM40_R1	(0.0, 0.0)	(1.0, 0.0)	(2.0, 0.0)	(3.0, 0.0)	(4.0, 0.0)	(5.0, 0.0)	(6.0, 0.0)	(7.0, 0.0)	(8.0, 0.0)	(9.0, 0.0)	(10.0, 0.0)	(11.0, 0.0)	(12.0, 0.0)	(13.0, 0.0)	(14.0, 1.2144814279678312e-05)	(15.0, 1.2144814279678312e-05)	(16.0, 0.0)	(17.0, 0.0)	(18.0, 0.0)	(19.0, 0.0)	(20.0, 0.0)	(21.0, 0.0)	(22.0, 0.0)	(23.0, 0.0)	(24.0, 0.0)	(25.0, 1.2144814279678312e-05)	(26.0, 2.4289628559356623e-05)	(27.0, 1.2144814279678312e-05)	(28.0, 1.2144814279678312e-05)	(29.0, 1.2144814279678312e-05)	(30.0, 0.0)	(31.0, 2.4289628559356623e-05)	(32.0, 4.8579257118713246e-05)	(33.0, 6.072407139839156e-05)	(34.0, 0.00026718591415292287)	(35.0, 0.0005708062711448807)	(36.0, 0.0008622818138571603)	(37.0, 0.0014087984564426842)	(38.0, 0.0021010528703843483)	(39.0, 0.00359486502678478)	(40.0, 0.006327448239712401)	(41.0, 0.010055906223573644)	(42.0, 0.012958516836416759)	(43.0, 0.01720920183430417)	(44.0, 0.02477542113054376)	(45.0, 0.03526854066818582)	(46.0, 0.04899218080422231)	(47.0, 0.07110788760751652)	(48.0, 0.10784595080354342)	(49.0, 0.16221828433366323)	(50.0, 0.24373427777886406)	(51.0, 0.3685951133882368)	(52.0, 0.548787722855824)	(53.0, 0.8027722238867364)	(54.0, 1.1333540685795802)	(55.0, 1.5545726622416631)	(56.0, 2.07116448244206)	(57.0, 2.6621190004769266)	(58.0, 3.2948638244481665)	(59.0, 3.936607955800649)	(60.0, 4.562624552660947)	(61.0, 5.133625140834303)	(62.0, 5.612519457510578)	(63.0, 6.011330868826654)	(64.0, 6.31162354670598)	(65.0, 6.476076476867104)	(66.0, 6.491087467316786)	(67.0, 6.3808611329144265)	(68.0, 6.094122067771221)	(69.0, 5.6161750466087605)	(70.0, 5.0491822471477)	(71.0, 4.38279628762175)	(72.0, 3.672336797074849)	(73.0, 2.9936238510550264)	(74.0, 2.3526448430021643)	(75.0, 1.7689772135351038)	(76.0, 1.286451597389205)	(77.0, 0.9187794898862237)	(78.0, 0.6412097595241759)	(79.0, 0.43760194812536896)	(80.0, 0.2919734800977463)	(81.0, 0.18365388153729545)	(82.0, 0.10445754761951317)	(83.0, 0.05366793430189846)	(84.0, 0.02413174597372081)	(85.0, 0.00958225846666619)	(86.0, 0.0033884031840302493)	(87.0, 0.0013723640136036495)	(88.0, 0.0007772681138994119)	(89.0, 0.0005343718283058457)	(90.0, 0.00042506849978874095)	(91.0, 0.00037648924267002766)	(92.0, 0.0004372133140684193)	(93.0, 0.000655819971102629)	(94.0, 0.0010201643994929782)	(95.0, 0.001323784756484936)	(96.0, 0.001433088085002041)	(97.0, 0.001396653642163006)	(98.0, 0.001323784756484936)	(99.0, 0.0012752054993662228)	(100.0, 0.0007772681138994119)
IDDLNTM40_R2	(0.0, 0.0)	(1.0, 0.0)	(2.0, 0.0)	(3.0, 0.0)	(4.0, 0.0)	(5.0, 0.0)	(6.0, 0.0)	(7.0, 0.0)	(8.0, 0.0)	(9.0, 0.0)	(10.0, 0.0)	(11.0, 0.0)	(12.0, 0.0)	(13.0, 0.0)	(14.0, 0.0)	(15.0, 0.0)	(16.0, 0.0)	(17.0, 0.0)	(18.0, 1.2151527604989806e-05)	(19.0, 1.2151527604989806e-05)	(20.0, 0.0)	(21.0, 0.0)	(22.0, 0.0)	(23.0, 0.0)	(24.0, 0.0)	(25.0, 3.645458281496942e-05)	(26.0, 3.645458281496942e-05)	(27.0, 2.430305520997961e-05)	(28.0, 3.645458281496942e-05)	(29.0, 4.860611041995922e-05)	(30.0, 6.075763802494902e-05)	(31.0, 7.290916562993884e-05)	(32.0, 0.0001822729140748471)	(33.0, 0.0001822729140748471)	(34.0, 0.00023087902449480633)	(35.0, 0.0005832733250395108)	(36.0, 0.001069334429239103)	(37.0, 0.001980698999613338)	(38.0, 0.003001427318432482)	(39.0, 0.004884914097205902)	(40.0, 0.007752674611983496)	(41.0, 0.012030012328939908)	(42.0, 0.01674480503967595)	(43.0, 0.022431719958811182)	(44.0, 0.03231091190166789)	(45.0, 0.045361652549426944)	(46.0, 0.06254391258288253)	(47.0, 0.08882766679247547)	(48.0, 0.12796773720814764)	(49.0, 0.18837298093255198)	(50.0, 0.2868368091157844)	(51.0, 0.43727272086555813)	(52.0, 0.6585763416076325)	(53.0, 0.9735074825461534)	(54.0, 1.3788095342829831)	(55.0, 1.855842053472068)	(56.0, 2.38403250387816)	(57.0, 2.9246539670241565)	(58.0, 3.4522125379947886)	(59.0, 3.95200486838802)	(60.0, 4.416946617610139)	(61.0, 4.870089233527815)	(62.0, 5.297264034953626)	(63.0, 5.695080745685782)	(64.0, 6.036842459576121)	(65.0, 6.268863727665797)	(66.0, 6.3443490171479935)	(67.0, 6.268195393647521)	(68.0, 6.027121237492128)	(69.0, 5.589884971209385)	(70.0, 5.027317849208777)	(71.0, 4.369592114533495)	(72.0, 3.672872127773799)	(73.0, 2.9974780719608605)	(74.0, 2.3512112278170827)	(75.0, 1.769043691789626)	(76.0, 1.292108384821381)	(77.0, 0.9210371863478074)	(78.0, 0.6430223862732456)	(79.0, 0.44026199665638566)	(80.0, 0.2925480270901296)	(81.0, 0.18543231125214443)	(82.0, 0.10760177694218473)	(83.0, 0.05708787668824211)	(84.0, 0.025931359909048247)	(85.0, 0.010304495409031356)	(86.0, 0.004435307575821279)	(87.0, 0.002746245238727696)	(88.0, 0.0021022142756632364)	(89.0, 0.0017133653923035628)	(90.0, 0.001689062337093583)	(91.0, 0.0014703348402037664)	(92.0, 0.0014338802573887971)	(93.0, 0.0017133653923035628)	(94.0, 0.0014581833125987768)	(95.0, 0.0014703348402037664)	(96.0, 0.001968547472008349)	(97.0, 0.0029285181528025434)	(98.0, 0.0045325197966611976)	(99.0, 0.009757676666806814)	(100.0, 0.06254391258288253)
IDDLNTM41.A_R1	(0.0, 0.0)	(1.0, 0.0)	(2.0, 0.0)	(3.0, 0.0)	(4.0, 0.0)	(5.0, 0.0)	(6.0, 0.0)	(7.0, 0.0)	(8.0, 0.0)	(9.0, 0.0)	(10.0, 0.0)	(11.0, 0.0)	(12.0, 0.0)	(13.0, 0.0)	(14.0, 0.0)	(15.0, 0.0)	(16.0, 0.0)	(17.0, 0.0)	(18.0, 0.0)	(19.0, 0.0)	(20.0, 0.0)	(21.0, 1.0460945889188247e-05)	(22.0, 1.0460945889188247e-05)	(23.0, 0.0)	(24.0, 0.0)	(25.0, 0.0)	(26.0, 0.0)	(27.0, 0.0)	(28.0, 2.0921891778376494e-05)	(29.0, 2.0921891778376494e-05)	(30.0, 1.0460945889188247e-05)	(31.0, 2.0921891778376494e-05)	(32.0, 1.0460945889188247e-05)	(33.0, 0.0)	(34.0, 7.322662122431772e-05)	(35.0, 9.414851300269422e-05)	(36.0, 0.00019875797189457665)	(37.0, 0.0005858129697945418)	(38.0, 0.0010983993183647659)	(39.0, 0.0015900637751566132)	(40.0, 0.0026989240394105674)	(41.0, 0.004466823894683381)	(42.0, 0.0067159272608588545)	(43.0, 0.010241266025515294)	(44.0, 0.016360919370690417)	(45.0, 0.024185706895803225)	(46.0, 0.03285783103794029)	(47.0, 0.047273014473241684)	(48.0, 0.07116581488414764)	(49.0, 0.10456761510832571)	(50.0, 0.15653759428581293)	(51.0, 0.2291784025403361)	(52.0, 0.3337146348109942)	(53.0, 0.48481253723442924)	(54.0, 0.7011135153851746)	(55.0, 0.9902854426000054)	(56.0, 1.371586920260917)	(57.0, 1.8593076004525404)	(58.0, 2.3984752125271918)	(59.0, 2.9732205015709727)	(60.0, 3.5600586440626545)	(61.0, 4.126414254503306)	(62.0, 4.654440959205973)	(63.0, 5.104889289194419)	(64.0, 5.431908918636332)	(65.0, 5.635070948750257)	(66.0, 5.806588617549387)	(67.0, 5.926230455684033)	(68.0, 5.968503138022243)	(69.0, 5.905862994037784)	(70.0, 5.668797038297)	(71.0, 5.299180437194312)	(72.0, 4.85757160648223)	(73.0, 4.351910404090648)	(74.0, 3.777709084233105)	(75.0, 3.17106837117319)	(76.0, 2.5667918318842307)	(77.0, 1.9972456329473767)	(78.0, 1.4976727010633029)	(79.0, 1.074904033897649)	(80.0, 0.727192653486921)	(81.0, 0.46479028680252293)	(82.0, 0.2771523003881534)	(83.0, 0.15508352280721574)	(84.0, 0.08422107535385458)	(85.0, 0.04166594747663679)	(86.0, 0.018076514496517287)	(87.0, 0.007688795228553362)	(88.0, 0.003943776600223969)	(89.0, 0.002134032961394402)	(90.0, 0.0010565555348080128)	(91.0, 0.0006067348615729183)	(92.0, 0.0005125863485702241)	(93.0, 0.0007741099957999302)	(94.0, 0.0012343916149242132)	(95.0, 0.0017155951258268722)	(96.0, 0.0017155951258268722)	(97.0, 0.0014331495868187898)	(98.0, 0.0015482199915998604)	(99.0, 0.0014122276950404133)	(100.0, 0.0007113443204648007)
IDDLNTM41.A_R2	(0.0, 0.0)	(1.0, 0.0)	(2.0, 0.0)	(3.0, 0.0)	(4.0, 0.0)	(5.0, 0.0)	(6.0, 0.0)	(7.0, 0.0)	(8.0, 0.0)	(9.0, 0.0)	(10.0, 0.0)	(11.0, 0.0)	(12.0, 0.0)	(13.0, 0.0)	(14.0, 0.0)	(15.0, 0.0)	(16.0, 0.0)	(17.0, 0.0)	(18.0, 0.0)	(19.0, 0.0)	(20.0, 0.0)	(21.0, 0.0)	(22.0, 2.0936721481097177e-05)	(23.0, 2.0936721481097177e-05)	(24.0, 0.0)	(25.0, 0.0)	(26.0, 0.0)	(27.0, 0.0)	(28.0, 1.0468360740548588e-05)	(29.0, 2.0936721481097177e-05)	(30.0, 2.0936721481097177e-05)	(31.0, 3.140508222164576e-05)	(32.0, 3.140508222164576e-05)	(33.0, 6.281016444329152e-05)	(34.0, 0.00011515196814603446)	(35.0, 0.00020936721481097176)	(36.0, 0.0005024813155463322)	(37.0, 0.0010468360740548588)	(38.0, 0.0018947732940392944)	(39.0, 0.0026066218243965982)	(40.0, 0.0036953313414136517)	(41.0, 0.005872750375447758)	(42.0, 0.009097005483536723)	(43.0, 0.013975261588632364)	(44.0, 0.020528455412215783)	(45.0, 0.028955485808357394)	(46.0, 0.03875387146151087)	(47.0, 0.05394346289604687)	(48.0, 0.07585374192601507)	(49.0, 0.10540592429658373)	(50.0, 0.15192731942758167)	(51.0, 0.21774190340341062)	(52.0, 0.31093125071577415)	(53.0, 0.448129586581404)	(54.0, 0.6579364725434788)	(55.0, 0.9536886001854575)	(56.0, 1.3596306929824507)	(57.0, 1.867304315456095)	(58.0, 2.4333704541405194)	(59.0, 3.032820195226553)	(60.0, 3.608946428582645)	(61.0, 4.146329258837966)	(62.0, 4.641943329738498)	(63.0, 5.043185128562985)	(64.0, 5.343354904437475)	(65.0, 5.585414809841181)	(66.0, 5.785569867200469)	(67.0, 5.929520295743753)	(68.0, 5.983359075032394)	(69.0, 5.915251920054385)	(70.0, 5.679138043551312)	(71.0, 5.306788920370739)	(72.0, 4.852001456358346)	(73.0, 4.335147081515241)	(74.0, 3.7731531351588896)	(75.0, 3.170552417489951)	(76.0, 2.565753344065497)	(77.0, 2.0031627011469344)	(78.0, 1.5057899456419899)	(79.0, 1.0798323471090678)	(80.0, 0.7334238218435746)	(81.0, 0.46999799216841)	(82.0, 0.2837449178725695)	(83.0, 0.16132790737259428)	(84.0, 0.08832155956800844)	(85.0, 0.04474177380510466)	(86.0, 0.021083278531464855)	(87.0, 0.010478829101289137)	(88.0, 0.005946028900631598)	(89.0, 0.0038209516703002345)	(90.0, 0.002763647235504827)	(91.0, 0.0024600647740289183)	(92.0, 0.0023344444451423355)	(93.0, 0.0021355455910719123)	(94.0, 0.002104140508850266)	(95.0, 0.0022821026414395922)	(96.0, 0.0029102042858725075)	(97.0, 0.004271091182143825)	(98.0, 0.007170827107275782)	(99.0, 0.015964250129336596)	(100.0, 0.08236506230663629)
IDDLNTM41.B_R1	(0.0, 0.0)	(1.0, 0.0)	(2.0, 0.0)	(3.0, 0.0)	(4.0, 0.0)	(5.0, 0.0)	(6.0, 0.0)	(7.0, 0.0)	(8.0, 0.0)	(9.0, 0.0)	(10.0, 0.0)	(11.0, 0.0)	(12.0, 0.0)	(13.0, 0.0)	(14.0, 0.0)	(15.0, 0.0)	(16.0, 0.0)	(17.0, 0.0)	(18.0, 8.924196182032541e-06)	(19.0, 8.924196182032541e-06)	(20.0, 0.0)	(21.0, 0.0)	(22.0, 0.0)	(23.0, 8.924196182032541e-06)	(24.0, 8.924196182032541e-06)	(25.0, 0.0)	(26.0, 0.0)	(27.0, 8.924196182032541e-06)	(28.0, 1.7848392364065083e-05)	(29.0, 1.7848392364065083e-05)	(30.0, 8.924196182032541e-06)	(31.0, 8.924196182032541e-06)	(32.0, 8.924196182032541e-06)	(33.0, 8.924196182032541e-06)	(34.0, 3.5696784728130165e-05)	(35.0, 6.246937327422779e-05)	(36.0, 0.0001784839236406508)	(37.0, 0.0005354517709219524)	(38.0, 0.0011601455036642303)	(39.0, 0.0015974311165838247)	(40.0, 0.002472002342423014)	(41.0, 0.0039712673010044814)	(42.0, 0.006059529207600096)	(43.0, 0.009691677053687339)	(44.0, 0.014510742991984913)	(45.0, 0.02142699503306013)	(46.0, 0.02936952963506909)	(47.0, 0.04092636369080123)	(48.0, 0.05846240918849518)	(49.0, 0.0819151967548767)	(50.0, 0.12059266300780572)	(51.0, 0.17345960119016648)	(52.0, 0.2441838559327744)	(53.0, 0.34465245655009674)	(54.0, 0.49133946919416566)	(55.0, 0.6996926774560793)	(56.0, 0.9926829623083897)	(57.0, 1.3905593248881285)	(58.0, 1.8712879248218577)	(59.0, 2.4486120242299068)	(60.0, 3.099185925900079)	(61.0, 3.815557926020377)	(62.0, 4.558416940408947)	(63.0, 5.245267699559082)	(64.0, 5.8121772620227)	(65.0, 6.191250343246896)	(66.0, 6.423814895750664)	(67.0, 6.528129824922442)	(68.0, 6.449570125932009)	(69.0, 6.220405692173596)	(70.0, 5.873415096223806)	(71.0, 5.409374743150479)	(72.0, 4.893297402139718)	(73.0, 4.3375341607074605)	(74.0, 3.752401389640133)	(75.0, 3.151026581521506)	(76.0, 2.557915579067441)	(77.0, 2.0117636969232318)	(78.0, 1.5282418235845265)	(79.0, 1.1071803993238671)	(80.0, 0.7616533715479313)	(81.0, 0.5009508284822147)	(82.0, 0.30889320244869234)	(83.0, 0.18375812358423205)	(84.0, 0.10589451189599813)	(85.0, 0.05656155540172224)	(86.0, 0.02766500816430088)	(87.0, 0.013484460431051169)	(88.0, 0.006648526155614242)	(89.0, 0.003185938036985617)	(90.0, 0.0015885069204017925)	(91.0, 0.0009816615800235795)	(92.0, 0.0008924196182032541)	(93.0, 0.0011333729151181329)	(94.0, 0.0016063553127658573)	(95.0, 0.0019722473562291914)	(96.0, 0.0019008537867729314)	(97.0, 0.0016420520974939877)	(98.0, 0.0016420520974939877)	(99.0, 0.0015974311165838247)	(100.0, 0.0008656470296571565)
IDDLNTM41.B_R2	(0.0, 0.0)	(1.0, 0.0)	(2.0, 0.0)	(3.0, 0.0)	(4.0, 0.0)	(5.0, 0.0)	(6.0, 0.0)	(7.0, 0.0)	(8.0, 0.0)	(9.0, 0.0)	(10.0, 0.0)	(11.0, 0.0)	(12.0, 0.0)	(13.0, 0.0)	(14.0, 0.0)	(15.0, 0.0)	(16.0, 0.0)	(17.0, 0.0)	(18.0, 0.0)	(19.0, 0.0)	(20.0, 0.0)	(21.0, 0.0)	(22.0, 0.0)	(23.0, 0.0)	(24.0, 0.0)	(25.0, 8.931182204512284e-06)	(26.0, 8.931182204512284e-06)	(27.0, 3.572472881804914e-05)	(28.0, 3.572472881804914e-05)	(29.0, 0.0)	(30.0, 8.931182204512284e-06)	(31.0, 1.786236440902457e-05)	(32.0, 5.35870932270737e-05)	(33.0, 8.038063984061055e-05)	(34.0, 9.824300424963512e-05)	(35.0, 0.00023221073731731937)	(36.0, 0.0005537332966797616)	(37.0, 0.0011074665933595233)	(38.0, 0.001973791267197215)	(39.0, 0.002866909487648443)	(40.0, 0.004635283564141875)	(41.0, 0.006725180199997749)	(42.0, 0.01071741864541474)	(43.0, 0.016835278455505653)	(44.0, 0.02468578761327195)	(45.0, 0.035438930987504745)	(46.0, 0.05019324398935904)	(47.0, 0.07507551761113025)	(48.0, 0.11590888265016042)	(49.0, 0.17837357098851933)	(50.0, 0.27399973885223233)	(51.0, 0.42190904734116025)	(52.0, 0.6390975361904899)	(53.0, 0.9283874589768473)	(54.0, 1.276399904757873)	(55.0, 1.6843852390421985)	(56.0, 2.124567485173791)	(57.0, 2.5403229479760423)	(58.0, 2.897150470592922)	(59.0, 3.197925893694282)	(60.0, 3.462708652511457)	(61.0, 3.736029621516147)	(62.0, 4.043708848461595)	(63.0, 4.38459421084342)	(64.0, 4.7289538031028)	(65.0, 5.031845916386629)	(66.0, 5.312597628985473)	(67.0, 5.540914370861625)	(68.0, 5.666870833491862)	(69.0, 5.662485623029447)	(70.0, 5.485648215380103)	(71.0, 5.174369722006237)	(72.0, 4.76511615984887)	(73.0, 4.2683280809050785)	(74.0, 3.7174259689841476)	(75.0, 3.1403554932039954)	(76.0, 2.5619096153643484)	(77.0, 2.0135171656428854)	(78.0, 1.533028494222329)	(79.0, 1.1143614660214065)	(80.0, 0.7652772783758396)	(81.0, 0.5027719710208145)	(82.0, 0.31434188887001435)	(83.0, 0.18669743280312479)	(84.0, 0.10694197571683008)	(85.0, 0.059660297126142056)	(86.0, 0.03154493554633738)	(87.0, 0.01619223333678077)	(88.0, 0.008966906933330333)	(89.0, 0.005564126513411152)	(90.0, 0.0037510965258951592)	(91.0, 0.00289370303426198)	(92.0, 0.0027150793901717343)	(93.0, 0.002706148207967222)	(94.0, 0.0028043912122168568)	(95.0, 0.0029740836741025903)	(96.0, 0.0037421653436906467)	(97.0, 0.005957098530409693)	(98.0, 0.00951170904780558)	(99.0, 0.018835863269316404)	(100.0, 0.09156247996065993)
IDDLNTM41.C_R1	(0.0, 0.0)	(1.0, 0.0)	(2.0, 0.0)	(3.0, 0.0)	(4.0, 0.0)	(5.0, 0.0)	(6.0, 0.0)	(7.0, 0.0)	(8.0, 0.0)	(9.0, 0.0)	(10.0, 0.0)	(11.0, 0.0)	(12.0, 0.0)	(13.0, 0.0)	(14.0, 0.0)	(15.0, 0.0)	(16.0, 0.0)	(17.0, 0.0)	(18.0, 0.0)	(19.0, 0.0)	(20.0, 0.0)	(21.0, 0.0)	(22.0, 0.0)	(23.0, 0.0)	(24.0, 0.0)	(25.0, 0.0)	(26.0, 0.0)	(27.0, 1.9618217712386335e-05)	(28.0, 2.9427326568579502e-05)	(29.0, 9.809108856193167e-06)	(30.0, 0.0)	(31.0, 9.809108856193167e-06)	(32.0, 1.9618217712386335e-05)	(33.0, 1.9618217712386335e-05)	(34.0, 8.828197970573851e-05)	(35.0, 0.00010790019741812485)	(36.0, 0.00028446415682960183)	(37.0, 0.0006964467287897149)	(38.0, 0.00117709306274318)	(39.0, 0.0017460213764023838)	(40.0, 0.0026778867177407344)	(41.0, 0.003972689086758232)	(42.0, 0.005885465313715901)	(43.0, 0.010172045883872315)	(44.0, 0.016420448225267364)	(45.0, 0.023787088976268432)	(46.0, 0.03224254081030694)	(47.0, 0.045249419153619075)	(48.0, 0.06692754972580597)	(49.0, 0.09738483272428576)	(50.0, 0.1451748110716589)	(51.0, 0.20826699923469336)	(52.0, 0.2986579373445134)	(53.0, 0.43626992548804727)	(54.0, 0.623584668205912)	(55.0, 0.876620440260271)	(56.0, 1.2257462426698982)	(57.0, 1.6772889506470383)	(58.0, 2.1904328622410714)	(59.0, 2.7486594381381684)	(60.0, 3.3462401587663124)	(61.0, 3.9721495857711417)	(62.0, 4.570887781244317)	(63.0, 5.089034338355009)	(64.0, 5.489412734538245)	(65.0, 5.7476179069598174)	(66.0, 5.932588272661053)	(67.0, 6.046236607868907)	(68.0, 6.052838138129124)	(69.0, 5.957395508958365)	(70.0, 5.718337717024082)	(71.0, 5.360501425950154)	(72.0, 4.9395042829512)	(73.0, 4.42939138599373)	(74.0, 3.8441701425243897)	(75.0, 3.2411355573722025)	(76.0, 2.648812519090978)	(77.0, 2.092047500413454)	(78.0, 1.5873982770888841)	(79.0, 1.1468417710306802)	(80.0, 0.785415346115387)	(81.0, 0.5145956597047497)	(82.0, 0.32395562908463554)	(83.0, 0.19067926705553898)	(84.0, 0.1066740588111007)	(85.0, 0.05775603294526537)	(86.0, 0.030064918644232056)	(87.0, 0.014703854175433559)	(88.0, 0.007190076791589591)	(89.0, 0.0032762423579685176)	(90.0, 0.001245756824736532)	(91.0, 0.0006964467287897149)	(92.0, 0.0006572102933649422)	(93.0, 0.001000529103331703)	(94.0, 0.0012261386070241459)	(95.0, 0.0013340388044422709)	(96.0, 0.0015890756347032933)	(97.0, 0.001687166723265225)	(98.0, 0.0015792665258471)	(99.0, 0.0015400300904223271)	(100.0, 0.0009612926679069304)
IDDLNTM41.C_R2	(0.0, 0.0)	(1.0, 0.0)	(2.0, 0.0)	(3.0, 0.0)	(4.0, 0.0)	(5.0, 0.0)	(6.0, 0.0)	(7.0, 0.0)	(8.0, 0.0)	(9.0, 0.0)	(10.0, 0.0)	(11.0, 0.0)	(12.0, 0.0)	(13.0, 0.0)	(14.0, 0.0)	(15.0, 0.0)	(16.0, 0.0)	(17.0, 0.0)	(18.0, 0.0)	(19.0, 0.0)	(20.0, 0.0)	(21.0, 0.0)	(22.0, 0.0)	(23.0, 9.815929722654832e-06)	(24.0, 9.815929722654832e-06)	(25.0, 0.0)	(26.0, 0.0)	(27.0, 9.815929722654832e-06)	(28.0, 1.9631859445309664e-05)	(29.0, 9.815929722654832e-06)	(30.0, 2.9447789167964495e-05)	(31.0, 3.926371889061933e-05)	(32.0, 2.9447789167964495e-05)	(33.0, 7.852743778123866e-05)	(34.0, 0.00011779115667185798)	(35.0, 0.00013742301611716765)	(36.0, 0.0004220849780741577)	(37.0, 0.0009619611128201736)	(38.0, 0.0016392602636833569)	(39.0, 0.0024834302198316724)	(40.0, 0.003995083397120517)	(41.0, 0.006164403865827235)	(42.0, 0.008942311977338552)	(43.0, 0.013644142314490218)	(44.0, 0.02019136743950099)	(45.0, 0.028642882930706798)	(46.0, 0.03918519145283809)	(47.0, 0.052564303664816625)	(48.0, 0.07396303046020417)	(49.0, 0.10416664621681307)	(50.0, 0.14940826630852921)	(51.0, 0.21375168564053162)	(52.0, 0.3031944372733625)	(53.0, 0.44157941450335025)	(54.0, 0.646428051885434)	(55.0, 0.9332200705922402)	(56.0, 1.334917362632444)	(57.0, 1.8413506248133746)	(58.0, 2.402399719971157)	(59.0, 3.00042542239418)	(60.0, 3.5679530311689143)	(61.0, 4.085988722282023)	(62.0, 4.564171738721154)	(63.0, 4.96103959333781)	(64.0, 5.272813153188773)	(65.0, 5.496812669459756)	(66.0, 5.691462555860002)	(67.0, 5.84774197297439)	(68.0, 5.9145786384559464)	(69.0, 5.882274413738689)	(70.0, 5.67884908616639)	(71.0, 5.337421602623288)	(72.0, 4.914934171430501)	(73.0, 4.413134028078663)	(74.0, 3.850003955819678)	(75.0, 3.2523414427963937)	(76.0, 2.6473464302702854)	(77.0, 2.076245823076505)	(78.0, 1.581817442946381)	(79.0, 1.147452736789182)	(80.0, 0.7849013724829258)	(81.0, 0.5193313938364992)	(82.0, 0.3271551217263629)	(83.0, 0.19312841729323382)	(84.0, 0.11193104662743304)	(85.0, 0.06130048111797942)	(86.0, 0.03183306009056962)	(87.0, 0.017364379679376398)	(88.0, 0.009384028814858019)	(89.0, 0.005212258682729716)	(90.0, 0.0032883364570893687)	(91.0, 0.002444166500941053)	(92.0, 0.0024834302198316724)	(93.0, 0.0023558231334371597)	(94.0, 0.0023558231334371597)	(95.0, 0.0026503010251168048)	(96.0, 0.0030233063545776883)	(97.0, 0.004485879883253259)	(98.0, 0.007960719005073068)	(99.0, 0.017168061084923303)	(100.0, 0.08172743087082414)
IDDLNTM42_R1	(0.0, 0.0)	(1.0, 0.0)	(2.0, 0.0)	(3.0, 0.0)	(4.0, 0.0)	(5.0, 0.0)	(6.0, 0.0)	(7.0, 0.0)	(8.0, 0.0)	(9.0, 0.0)	(10.0, 0.0)	(11.0, 0.0)	(12.0, 0.0)	(13.0, 0.0)	(14.0, 0.0)	(15.0, 0.0)	(16.0, 0.0)	(17.0, 0.0)	(18.0, 0.0)	(19.0, 0.0)	(20.0, 8.532443592868652e-06)	(21.0, 8.532443592868652e-06)	(22.0, 0.0)	(23.0, 8.532443592868652e-06)	(24.0, 8.532443592868652e-06)	(25.0, 0.0)	(26.0, 0.0)	(27.0, 0.0)	(28.0, 0.0)	(29.0, 0.0)	(30.0, 8.532443592868652e-06)	(31.0, 0.00011092176670729248)	(32.0, 0.0004010248488648266)	(33.0, 0.0006143359386865429)	(34.0, 0.0006911279310223608)	(35.0, 0.001032425674737107)	(36.0, 0.0016040993954593065)	(37.0, 0.00240614909318896)	(38.0, 0.00348123698589041)	(39.0, 0.005238920366021352)	(40.0, 0.008558040923647259)	(41.0, 0.013771363958890004)	(42.0, 0.020418137517734684)	(43.0, 0.029283346410725213)	(44.0, 0.044914783072860585)	(45.0, 0.06596432141646755)	(46.0, 0.09415551504730557)	(47.0, 0.13172386418670623)	(48.0, 0.18589634855782933)	(49.0, 0.26735558753894634)	(50.0, 0.39046168369685524)	(51.0, 0.5797880745790178)	(52.0, 0.8533040863920153)	(53.0, 1.23594151931421)	(54.0, 1.740755012042691)	(55.0, 2.3805944246283186)	(56.0, 3.1310228386211163)	(57.0, 3.9490623356438057)	(58.0, 4.781658181435929)	(59.0, 5.556651500532595)	(60.0, 6.2376940832281855)	(61.0, 6.744154337570089)	(62.0, 7.056194332204889)	(63.0, 7.129052868044394)	(64.0, 6.969649756842422)	(65.0, 6.6822770566346055)	(66.0, 6.244127545697208)	(67.0, 5.647248986601674)	(68.0, 4.938842857303754)	(69.0, 4.183909313093922)	(70.0, 3.4309467633540427)	(71.0, 2.7164484693308144)	(72.0, 2.073870142351876)	(73.0, 1.5096623097734363)	(74.0, 1.0454547161034173)	(75.0, 0.6982098592044418)	(76.0, 0.46047891581993544)	(77.0, 0.30099901262562745)	(78.0, 0.18562331036285754)	(79.0, 0.1082767091935032)	(80.0, 0.06210765691249091)	(81.0, 0.0358191982028626)	(82.0, 0.02157001740277195)	(83.0, 0.012696276066188556)	(84.0, 0.007056330851302375)	(85.0, 0.004146767586134165)	(86.0, 0.0020392540186956075)	(87.0, 0.0007423225925795728)	(88.0, 0.00034983018730761476)	(89.0, 0.0003412977437147461)	(90.0, 0.00038395996167908935)	(91.0, 0.00035836263090048337)	(92.0, 0.0005716737207221997)	(93.0, 0.001032425674737107)	(94.0, 0.0017747482673166797)	(95.0, 0.002133110898217163)	(96.0, 0.001953929582766921)	(97.0, 0.0017320860493523363)	(98.0, 0.001450515410787671)	(99.0, 0.0011433474414443993)	(100.0, 0.0005716737207221997)
IDDLNTM42_R2	(0.0, 0.0)	(1.0, 0.0)	(2.0, 0.0)	(3.0, 0.0)	(4.0, 0.0)	(5.0, 8.538809100833516e-06)	(6.0, 8.538809100833516e-06)	(7.0, 0.0)	(8.0, 0.0)	(9.0, 0.0)	(10.0, 0.0)	(11.0, 0.0)	(12.0, 0.0)	(13.0, 0.0)	(14.0, 0.0)	(15.0, 0.0)	(16.0, 0.0)	(17.0, 0.0)	(18.0, 0.0)	(19.0, 0.0)	(20.0, 0.0)	(21.0, 0.0)	(22.0, 0.0)	(23.0, 0.0)	(24.0, 0.0)	(25.0, 0.0)	(26.0, 0.0)	(27.0, 8.538809100833516e-06)	(28.0, 4.269404550416758e-05)	(29.0, 4.269404550416758e-05)	(30.0, 1.7077618201667032e-05)	(31.0, 0.0001110045183108357)	(32.0, 0.00039278521863834174)	(33.0, 0.0006147942552600131)	(34.0, 0.0007428763917725159)	(35.0, 0.0012125108923183594)	(36.0, 0.001981003711393376)	(37.0, 0.002894656285182562)	(38.0, 0.0045938792962484315)	(39.0, 0.007070133935490151)	(40.0, 0.011279766822201075)	(41.0, 0.01811935291196872)	(42.0, 0.02640199773977723)	(43.0, 0.037382906243449136)	(44.0, 0.05430682588130115)	(45.0, 0.0766870445345858)	(46.0, 0.10597515975044476)	(47.0, 0.1410098934911647)	(48.0, 0.19065452960341073)	(49.0, 0.26555696303592236)	(50.0, 0.3775690608206564)	(51.0, 0.5517693052867609)	(52.0, 0.8221421566555535)	(53.0, 1.2129890656280058)	(54.0, 1.7503192447252574)	(55.0, 2.44562593099703)	(56.0, 3.2601002370800347)	(57.0, 4.140869857021911)	(58.0, 4.9989006283282675)	(59.0, 5.7444155121129405)	(60.0, 6.33058767926696)	(61.0, 6.72345828599631)	(62.0, 6.93817517964587)	(63.0, 6.9539463600551095)	(64.0, 6.797122592109201)	(65.0, 6.526843667640518)	(66.0, 6.113292065268949)	(67.0, 5.555110114347462)	(68.0, 4.885454010614594)	(69.0, 4.151586062443457)	(70.0, 3.3987704968775714)	(71.0, 2.6972219411530896)	(72.0, 2.070430659106405)	(73.0, 1.509849302827584)	(74.0, 1.0488987711372881)	(75.0, 0.7006434419597933)	(76.0, 0.4575093916226598)	(77.0, 0.29598073986219214)	(78.0, 0.18489083346034813)	(79.0, 0.11089351379252486)	(80.0, 0.06524504033946889)	(81.0, 0.038595417135767494)	(82.0, 0.023268254799771328)	(83.0, 0.013969491688963631)	(84.0, 0.008957210746774358)	(85.0, 0.0057210020975584554)	(86.0, 0.0036716879133584118)	(87.0, 0.0026726472485608904)	(88.0, 0.0021090858479058784)	(89.0, 0.0019553872840908752)	(90.0, 0.002006620138695876)	(91.0, 0.0020151589477967096)	(92.0, 0.0019553872840908752)	(93.0, 0.001981003711393376)	(94.0, 0.0021603187025108794)	(95.0, 0.0023737889300317174)	(96.0, 0.003219131031014235)	(97.0, 0.005174518315105111)	(98.0, 0.007889859609170168)	(99.0, 0.016257892527987015)	(100.0, 0.08631882120032601)
IDDLNTM43_R1	(0.0, 0.0)	(1.0, 0.0)	(2.0, 0.0)	(3.0, 0.0)	(4.0, 0.0)	(5.0, 0.0)	(6.0, 0.0)	(7.0, 0.0)	(8.0, 0.0)	(9.0, 0.0)	(10.0, 0.0)	(11.0, 0.0)	(12.0, 0.0)	(13.0, 0.0)	(14.0, 1.0019737881653069e-05)	(15.0, 1.0019737881653069e-05)	(16.0, 1.0019737881653069e-05)	(17.0, 1.0019737881653069e-05)	(18.0, 2.0039475763306138e-05)	(19.0, 2.0039475763306138e-05)	(20.0, 0.0)	(21.0, 0.0)	(22.0, 0.0)	(23.0, 0.0)	(24.0, 0.0)	(25.0, 0.0)	(26.0, 1.0019737881653069e-05)	(27.0, 2.0039475763306138e-05)	(28.0, 1.0019737881653069e-05)	(29.0, 1.0019737881653069e-05)	(30.0, 1.0019737881653069e-05)	(31.0, 0.0)	(32.0, 0.0)	(33.0, 2.0039475763306138e-05)	(34.0, 8.015790305322455e-05)	(35.0, 0.0002705329228046328)	(36.0, 0.0004108092531477758)	(37.0, 0.0008416579820588578)	(38.0, 0.001653256750472756)	(39.0, 0.002635191062874757)	(40.0, 0.004448763619453963)	(41.0, 0.006322454603323087)	(42.0, 0.009208139113239169)	(43.0, 0.01342644876141511)	(44.0, 0.019989377073897873)	(45.0, 0.030870812413373104)	(46.0, 0.04630120875111883)	(47.0, 0.06871536239237674)	(48.0, 0.10392472130850562)	(49.0, 0.1567888583721072)	(50.0, 0.23494281384900112)	(51.0, 0.35267473395842475)	(52.0, 0.5257556861260998)	(53.0, 0.7521115846105242)	(54.0, 1.0464113256704382)	(55.0, 1.421089404016973)	(56.0, 1.8839812546735815)	(57.0, 2.428503909852018)	(58.0, 3.0400586114587123)	(59.0, 3.6540080304191225)	(60.0, 4.241625578226548)	(61.0, 4.816037111505955)	(62.0, 5.3058720373263295)	(63.0, 5.64052126283566)	(64.0, 5.86751842454451)	(65.0, 6.055097937426937)	(66.0, 6.171487212660219)	(67.0, 6.181096141288725)	(68.0, 6.064686826579679)	(69.0, 5.811948958252863)	(70.0, 5.383144255869637)	(71.0, 4.838601561215438)	(72.0, 4.211305851396666)	(73.0, 3.563910547387298)	(74.0, 2.933318343805462)	(75.0, 2.299058916158941)	(76.0, 1.7156596779996918)	(77.0, 1.216416218308446)	(78.0, 0.8101960051104671)	(79.0, 0.49527564349011116)	(80.0, 0.28518177958760965)	(81.0, 0.14929409443663072)	(82.0, 0.07208199432061217)	(83.0, 0.032834681038177105)	(84.0, 0.012484593400539722)	(85.0, 0.004789434707430166)	(86.0, 0.0020039475763306137)	(87.0, 0.0010620922154552252)	(88.0, 0.0007815395547689394)	(89.0, 0.0005911645350175311)	(90.0, 0.0005210263698459595)	(91.0, 0.0004809474183193473)	(92.0, 0.0005210263698459595)	(93.0, 0.0006713224380707556)	(94.0, 0.000991954050283654)	(95.0, 0.001192348807916715)	(96.0, 0.0013426448761415112)	(97.0, 0.0012825264488515928)	(98.0, 0.001312585662496552)	(99.0, 0.0014228027791947358)	(100.0, 0.0007915592926505924)
IDDLNTM43_R2	(0.0, 0.0)	(1.0, 0.0)	(2.0, 0.0)	(3.0, 0.0)	(4.0, 0.0)	(5.0, 0.0)	(6.0, 0.0)	(7.0, 0.0)	(8.0, 0.0)	(9.0, 0.0)	(10.0, 0.0)	(11.0, 0.0)	(12.0, 0.0)	(13.0, 0.0)	(14.0, 0.0)	(15.0, 0.0)	(16.0, 0.0)	(17.0, 0.0)	(18.0, 2.0051482180498432e-05)	(19.0, 2.0051482180498432e-05)	(20.0, 0.0)	(21.0, 0.0)	(22.0, 1.0025741090249216e-05)	(23.0, 1.0025741090249216e-05)	(24.0, 1.0025741090249216e-05)	(25.0, 2.0051482180498432e-05)	(26.0, 2.0051482180498432e-05)	(27.0, 1.0025741090249216e-05)	(28.0, 0.0)	(29.0, 0.0)	(30.0, 1.0025741090249216e-05)	(31.0, 1.0025741090249216e-05)	(32.0, 0.0)	(33.0, 0.00010025741090249215)	(34.0, 0.0001904890807147351)	(35.0, 0.0004411326079709654)	(36.0, 0.0007419048406784418)	(37.0, 0.0014236552348153885)	(38.0, 0.0023961521205695625)	(39.0, 0.004080476623731431)	(40.0, 0.006907735611181709)	(41.0, 0.009544505517917252)	(42.0, 0.013895677151085412)	(43.0, 0.02070315535136463)	(44.0, 0.030037120306386646)	(45.0, 0.04388266875202081)	(46.0, 0.06499687948808566)	(47.0, 0.09879365270331576)	(48.0, 0.1518699260350951)	(49.0, 0.2353141691292393)	(50.0, 0.36034518626573725)	(51.0, 0.5471147170359899)	(52.0, 0.8114834838447715)	(53.0, 1.141671240911039)	(54.0, 1.5296573953625934)	(55.0, 1.9561323698596145)	(56.0, 2.39887912214611)	(57.0, 2.8348083704912366)	(58.0, 3.2667373481413526)	(59.0, 3.6535705423675284)	(60.0, 4.010857877600739)	(61.0, 4.398242487586879)	(62.0, 4.782849967291019)	(63.0, 5.10310221493685)	(64.0, 5.3843643554827025)	(65.0, 5.656553200341878)	(66.0, 5.86544954169831)	(67.0, 5.9700581242339705)	(68.0, 5.931539226965233)	(69.0, 5.718873206958866)	(70.0, 5.326826627365762)	(71.0, 4.8001243191895195)	(72.0, 4.185486235910701)	(73.0, 3.5512378030593545)	(74.0, 2.913660824166046)	(75.0, 2.2972281332320734)	(76.0, 1.7218709035448514)	(77.0, 1.2143077351098948)	(78.0, 0.8080747318740868)	(79.0, 0.49685567695057054)	(80.0, 0.287839026701055)	(81.0, 0.15212056956235134)	(82.0, 0.07379948016532448)	(83.0, 0.034759244359894026)	(84.0, 0.014457118652139368)	(85.0, 0.006236010958135012)	(86.0, 0.0033285460419627396)	(87.0, 0.002456306567111058)	(88.0, 0.0021555343344035814)	(89.0, 0.0016943502442521173)	(90.0, 0.0015940928333496253)	(91.0, 0.0014336809759056377)	(92.0, 0.0013735265293641425)	(93.0, 0.001453732458086136)	(94.0, 0.0013935780115446408)	(95.0, 0.001674298762071619)	(96.0, 0.0020251997002303417)	(97.0, 0.0029174906572625218)	(98.0, 0.004571737937153642)	(99.0, 0.010998237976003388)	(100.0, 0.06829534830677765)
IDDLNTM44_R1	(0.0, 0.0)	(1.0, 0.0)	(2.0, 0.0)	(3.0, 0.0)	(4.0, 0.0)	(5.0, 0.0)	(6.0, 0.0)	(7.0, 0.0)	(8.0, 0.0)	(9.0, 0.0)	(10.0, 0.0)	(11.0, 0.0)	(12.0, 0.0)	(13.0, 0.0)	(14.0, 0.0)	(15.0, 0.0)	(16.0, 0.0)	(17.0, 0.0)	(18.0, 0.0)	(19.0, 0.0)	(20.0, 0.0)	(21.0, 0.0)	(22.0, 0.0)	(23.0, 0.0)	(24.0, 0.0)	(25.0, 0.0)	(26.0, 2.1825135703237518e-05)	(27.0, 2.1825135703237518e-05)	(28.0, 1.0912567851618759e-05)	(29.0, 1.0912567851618759e-05)	(30.0, 5.45628392580938e-05)	(31.0, 0.00015277594992266262)	(32.0, 0.000272814196290469)	(33.0, 0.0003819398748066566)	(34.0, 0.0003382896034001815)	(35.0, 0.00022916392488399394)	(36.0, 0.0002619016284388502)	(37.0, 0.00039285244265827534)	(38.0, 0.0010803442173102573)	(39.0, 0.001964262213291377)	(40.0, 0.003044606430601634)	(41.0, 0.004954305804634917)	(42.0, 0.006896742882223057)	(43.0, 0.010683403926734765)	(44.0, 0.01608512501328605)	(45.0, 0.022436239502928168)	(46.0, 0.03305416802255322)	(47.0, 0.05122359349549845)	(48.0, 0.077828433917745)	(49.0, 0.1112208915436984)	(50.0, 0.16255361071771304)	(51.0, 0.24501988597239602)	(52.0, 0.3663676404823966)	(53.0, 0.5328279504909892)	(54.0, 0.7522687774191907)	(55.0, 1.0484467814799756)	(56.0, 1.4286297328625215)	(57.0, 1.9005437296057748)	(58.0, 2.437682144398153)	(59.0, 3.0317950759438337)	(60.0, 3.6590713011905827)	(61.0, 4.265122581965934)	(62.0, 4.848955874595389)	(63.0, 5.3674337983615)	(64.0, 5.768688918265521)	(65.0, 6.012890361649046)	(66.0, 6.169278371530595)	(67.0, 6.265363531464098)	(68.0, 6.256175149333035)	(69.0, 6.1572090714867045)	(70.0, 5.8671530179906775)	(71.0, 5.42965726025143)	(72.0, 4.883952479695531)	(73.0, 4.221668736780789)	(74.0, 3.544740327809173)	(75.0, 2.8594092415918118)	(76.0, 2.1909817229766078)	(77.0, 1.585476070593838)	(78.0, 1.0682640046985152)	(79.0, 0.6588681091771859)	(80.0, 0.36550554762211873)	(81.0, 0.1789879379022509)	(82.0, 0.07554770723675668)	(83.0, 0.02673579123646596)	(84.0, 0.008468152652856158)	(85.0, 0.0029791310234919214)	(86.0, 0.0013749835493039636)	(87.0, 0.0007966174531681693)	(88.0, 0.0005674535282841755)	(89.0, 0.000501978121174463)	(90.0, 0.0004146775783615129)	(91.0, 0.0003819398748066566)	(92.0, 0.0004583278497679879)	(93.0, 0.000632928935393888)	(94.0, 0.0007966174531681693)	(95.0, 0.001003956242348926)	(96.0, 0.001265857870787776)	(97.0, 0.0012549453029361572)	(98.0, 0.001222207599381301)	(99.0, 0.0012112950315296823)	(100.0, 0.0007747923174649319)
IDDLNTM44_R2	(0.0, 0.0)	(1.0, 0.0)	(2.0, 1.091992864045032e-05)	(3.0, 1.091992864045032e-05)	(4.0, 0.0)	(5.0, 0.0)	(6.0, 0.0)	(7.0, 0.0)	(8.0, 0.0)	(9.0, 0.0)	(10.0, 0.0)	(11.0, 1.091992864045032e-05)	(12.0, 1.091992864045032e-05)	(13.0, 0.0)	(14.0, 0.0)	(15.0, 0.0)	(16.0, 0.0)	(17.0, 0.0)	(18.0, 0.0)	(19.0, 0.0)	(20.0, 0.0)	(21.0, 0.0)	(22.0, 0.0)	(23.0, 1.091992864045032e-05)	(24.0, 1.091992864045032e-05)	(25.0, 0.0)	(26.0, 0.0)	(27.0, 2.183985728090064e-05)	(28.0, 3.275978592135096e-05)	(29.0, 1.091992864045032e-05)	(30.0, 6.551957184270191e-05)	(31.0, 0.00024023843008990703)	(32.0, 0.00042587721697756245)	(33.0, 0.00041495728833711214)	(34.0, 0.0003603576451348606)	(35.0, 0.00038219750241576126)	(36.0, 0.0003712775737753109)	(37.0, 0.0008626743625955753)	(38.0, 0.0018236280829552036)	(39.0, 0.0029593006615620367)	(40.0, 0.004706489244034088)	(41.0, 0.007054273901730908)	(42.0, 0.010974528283652573)	(43.0, 0.017122448108226104)	(44.0, 0.02464627894149637)	(45.0, 0.035009291221283725)	(46.0, 0.05167310232661092)	(47.0, 0.07913672285734348)	(48.0, 0.1227181580613807)	(49.0, 0.18431747552216096)	(50.0, 0.27973581198241587)	(51.0, 0.42725312798625925)	(52.0, 0.6410107311230743)	(53.0, 0.919578110740962)	(54.0, 1.255092918218798)	(55.0, 1.6405117995834921)	(56.0, 2.0509373175348173)	(57.0, 2.453151049148524)	(58.0, 2.829244311454273)	(59.0, 3.1955205579122583)	(60.0, 3.5520125483083995)	(61.0, 3.9194353872736314)	(62.0, 4.332907565315642)	(63.0, 4.737905878732664)	(64.0, 5.128500806272932)	(65.0, 5.465227725829857)	(66.0, 5.725788143119642)	(67.0, 5.93210927485231)	(68.0, 6.042149395762129)	(69.0, 6.016181805455138)	(70.0, 5.780955622611198)	(71.0, 5.375018195331097)	(72.0, 4.842453275536335)	(73.0, 4.205963394870407)	(74.0, 3.5439208811858256)	(75.0, 2.8715808747932994)	(76.0, 2.198170715394009)	(77.0, 1.5821120212143638)	(78.0, 1.0643654445846928)	(79.0, 0.6625557503306827)	(80.0, 0.3735925986470863)	(81.0, 0.18425195595031826)	(82.0, 0.07882004492677042)	(83.0, 0.028664812681182088)	(84.0, 0.00989345534824799)	(85.0, 0.0043461315988992276)	(86.0, 0.002511583587303574)	(87.0, 0.0018236280829552036)	(88.0, 0.0014086707946180913)	(89.0, 0.0011684323645281842)	(90.0, 0.0011793522931686346)	(91.0, 0.0010155533635618798)	(92.0, 0.0009609537203596281)	(93.0, 0.0009937135062809792)	(94.0, 0.000982793577640529)	(95.0, 0.0011029127926854823)	(96.0, 0.0013103914368540386)	(97.0, 0.002140306013528263)	(98.0, 0.0034070177358204996)	(99.0, 0.008987101271090613)	(100.0, 0.0746923119006802)
IDDLNTM45_R1	(0.0, 0.0)	(1.0, 0.0)	(2.0, 0.0)	(3.0, 0.0)	(4.0, 0.0)	(5.0, 0.0)	(6.0, 0.0)	(7.0, 0.0)	(8.0, 0.0)	(9.0, 0.0)	(10.0, 0.0)	(11.0, 0.0)	(12.0, 0.0)	(13.0, 0.0)	(14.0, 3.14447511006449e-05)	(15.0, 3.14447511006449e-05)	(16.0, 0.0)	(17.0, 0.0)	(18.0, 0.0)	(19.0, 0.0)	(20.0, 0.0)	(21.0, 0.0)	(22.0, 0.0)	(23.0, 1.0481583700214968e-05)	(24.0, 1.0481583700214968e-05)	(25.0, 0.0)	(26.0, 0.0)	(27.0, 1.0481583700214968e-05)	(28.0, 1.0481583700214968e-05)	(29.0, 6.28895022012898e-05)	(30.0, 0.0002201132577045143)	(31.0, 0.00017818692290365442)	(32.0, 0.00013626058810279457)	(33.0, 0.000335410678406879)	(34.0, 0.0003878185969079538)	(35.0, 0.0005974502709122532)	(36.0, 0.0007232292753148327)	(37.0, 0.0009852688678202068)	(38.0, 0.0020753535726425634)	(39.0, 0.0038886675527797527)	(40.0, 0.005859205288420166)	(41.0, 0.008762603973379713)	(42.0, 0.013898579986485046)	(43.0, 0.021476765001740467)	(44.0, 0.03317421241118037)	(45.0, 0.05122349954295054)	(46.0, 0.07531017888604453)	(47.0, 0.10227929374669764)	(48.0, 0.14346143610484224)	(49.0, 0.20440136373789208)	(50.0, 0.29285544858400614)	(51.0, 0.43097127700173876)	(52.0, 0.6333811398365901)	(53.0, 0.9190776667533493)	(54.0, 1.3138769984056462)	(55.0, 1.8499890415042415)	(56.0, 2.5149826377806797)	(57.0, 3.2969611897352173)	(58.0, 4.1853592609980375)	(59.0, 5.1323703483124605)	(60.0, 6.050871527962298)	(61.0, 6.823626286260646)	(62.0, 7.378626143187028)	(63.0, 7.701815294999456)	(64.0, 7.722516422807381)	(65.0, 7.43869609937296)	(66.0, 6.9297523212253225)	(67.0, 6.220002362548966)	(68.0, 5.350733181539038)	(69.0, 4.444956644501262)	(70.0, 3.5736016283349907)	(71.0, 2.7489525491368783)	(72.0, 2.0566753904887802)	(73.0, 1.488856556697035)	(74.0, 1.0170804743503592)	(75.0, 0.6689137085803187)	(76.0, 0.4310970560061414)	(77.0, 0.271347238831165)	(78.0, 0.16811412096774783)	(79.0, 0.10526654510125892)	(80.0, 0.06999601595003556)	(81.0, 0.0418110373801575)	(82.0, 0.020208493374014456)	(83.0, 0.011592631572437754)	(84.0, 0.00614220804832597)	(85.0, 0.002536543255452022)	(86.0, 0.0013521242973277307)	(87.0, 0.0007651556101156926)	(88.0, 0.0003773370132077388)	(89.0, 0.0004297449317088136)	(90.0, 0.00045070809910924357)	(91.0, 0.0004402265154090286)	(92.0, 0.0006813029405139729)	(93.0, 0.0010271952026210667)	(94.0, 0.0015722375550322452)	(95.0, 0.002169687825944498)	(96.0, 0.002127761491143638)	(97.0, 0.0016770533920343945)	(98.0, 0.0014883848854305253)	(99.0, 0.0014674217180300955)	(100.0, 0.0008175635286167674)
IDDLNTM45_R2	(0.0, 0.0)	(1.0, 0.0)	(2.0, 0.0)	(3.0, 1.0489762830658303e-05)	(4.0, 1.0489762830658303e-05)	(5.0, 0.0)	(6.0, 0.0)	(7.0, 0.0)	(8.0, 0.0)	(9.0, 0.0)	(10.0, 0.0)	(11.0, 1.0489762830658303e-05)	(12.0, 1.0489762830658303e-05)	(13.0, 0.0)	(14.0, 0.0)	(15.0, 0.0)	(16.0, 0.0)	(17.0, 0.0)	(18.0, 0.0)	(19.0, 0.0)	(20.0, 0.0)	(21.0, 0.0)	(22.0, 1.0489762830658303e-05)	(23.0, 1.0489762830658303e-05)	(24.0, 0.0)	(25.0, 0.0)	(26.0, 0.0)	(27.0, 0.0)	(28.0, 1.0489762830658303e-05)	(29.0, 3.146928849197491e-05)	(30.0, 0.00020979525661316608)	(31.0, 0.0002307747822744827)	(32.0, 0.0002307747822744827)	(33.0, 0.00039861098756501553)	(34.0, 0.0005664471928555484)	(35.0, 0.0010279967574045139)	(36.0, 0.0015000360847841373)	(37.0, 0.002171380905946269)	(38.0, 0.00401757916414213)	(39.0, 0.0067134482116213146)	(40.0, 0.00965058180420564)	(41.0, 0.014475872706308459)	(42.0, 0.021115892578115168)	(43.0, 0.032434346672395475)	(44.0, 0.05057114660660368)	(45.0, 0.07523257902148137)	(46.0, 0.10796063905313526)	(47.0, 0.15070642258806785)	(48.0, 0.21644576624780346)	(49.0, 0.3254763611096658)	(50.0, 0.5006029515675062)	(51.0, 0.7752669015254633)	(52.0, 1.1634825341252966)	(53.0, 1.6772081789939564)	(54.0, 2.3010973131101893)	(55.0, 3.0024533457308342)	(56.0, 3.7123900043469575)	(57.0, 4.35698593029091)	(58.0, 4.937059325063484)	(59.0, 5.425756395818193)	(60.0, 5.8258674194679925)	(61.0, 6.1545116889525175)	(62.0, 6.398388185002492)	(63.0, 6.55514720074385)	(64.0, 6.5428322191806565)	(65.0, 6.367202120106945)	(66.0, 6.04188310543974)	(67.0, 5.526542037095158)	(68.0, 4.884012594428845)	(69.0, 4.177516578021177)	(70.0, 3.4249075642099363)	(71.0, 2.6875191962659803)	(72.0, 2.0461646070367006)	(73.0, 1.4904799108454077)	(74.0, 1.0251225623889133)	(75.0, 0.6832926610262513)	(76.0, 0.44465055662877484)	(77.0, 0.27903818105834155)	(78.0, 0.17116146010785155)	(79.0, 0.10252694190685425)	(80.0, 0.06042103390459183)	(81.0, 0.03597988650915798)	(82.0, 0.022427112931947456)	(83.0, 0.013626201917025136)	(84.0, 0.008223974059236111)	(85.0, 0.0051399837870225685)	(86.0, 0.003702886279222381)	(87.0, 0.003073500509382883)	(88.0, 0.002590971419172601)	(89.0, 0.002276278534252852)	(90.0, 0.002318237585575485)	(91.0, 0.002276278534252852)	(92.0, 0.002171380905946269)	(93.0, 0.0023916659253900934)	(94.0, 0.002758807624463134)	(95.0, 0.002937133592584325)	(96.0, 0.003597988650915798)	(97.0, 0.00495116805607072)	(98.0, 0.00823446382206677)	(99.0, 0.017916514914764384)	(100.0, 0.09067350990821038)
IDDLNTM46.A_R1	(0.0, 0.0)	(1.0, 0.0)	(2.0, 0.0)	(3.0, 0.0)	(4.0, 0.0)	(5.0, 0.0)	(6.0, 0.0)	(7.0, 0.0)	(8.0, 0.0)	(9.0, 0.0)	(10.0, 0.0)	(11.0, 0.0)	(12.0, 0.0)	(13.0, 0.0)	(14.0, 0.0)	(15.0, 0.0)	(16.0, 0.0)	(17.0, 0.0)	(18.0, 0.0)	(19.0, 0.0)	(20.0, 0.0)	(21.0, 0.0)	(22.0, 1.0698243316352724e-05)	(23.0, 1.0698243316352724e-05)	(24.0, 0.0)	(25.0, 0.0)	(26.0, 1.0698243316352724e-05)	(27.0, 3.2094729949058176e-05)	(28.0, 2.139648663270545e-05)	(29.0, 0.0)	(30.0, 0.0)	(31.0, 0.0)	(32.0, 1.0698243316352724e-05)	(33.0, 2.139648663270545e-05)	(34.0, 1.0698243316352724e-05)	(35.0, 4.27929732654109e-05)	(36.0, 0.00011768067647987998)	(37.0, 0.0002674560829088181)	(38.0, 0.0006097998690321053)	(39.0, 0.0012195997380642107)	(40.0, 0.0017652101471981997)	(41.0, 0.0025033889360265376)	(42.0, 0.004696528815878846)	(43.0, 0.00761714924124314)	(44.0, 0.01119036250890495)	(45.0, 0.015458961592129688)	(46.0, 0.021449977849287212)	(47.0, 0.032469168465130524)	(48.0, 0.047831845867413035)	(49.0, 0.0669175119437863)	(50.0, 0.09504319362247761)	(51.0, 0.13687332498941676)	(52.0, 0.19838822405844492)	(53.0, 0.2911526918545394)	(54.0, 0.4210935551749596)	(55.0, 0.6042474807509183)	(56.0, 0.8593256961427163)	(57.0, 1.2098643366463295)	(58.0, 1.657029510783241)	(59.0, 2.202586428700648)	(60.0, 2.857875228313885)	(61.0, 3.5908760673771085)	(62.0, 4.3705961350028435)	(63.0, 5.130214203437153)	(64.0, 5.7941578818933195)	(65.0, 6.289593529873614)	(66.0, 6.61812588387549)	(67.0, 6.773453678585615)	(68.0, 6.720615054846149)	(69.0, 6.495609601416619)	(70.0, 6.10525209928954)	(71.0, 5.601889053011829)	(72.0, 5.036294325362892)	(73.0, 4.424279919964302)	(74.0, 3.8064670666882487)	(75.0, 3.2079752408415283)	(76.0, 2.6168865993697237)	(77.0, 2.0486387073783323)	(78.0, 1.5427722721645938)	(79.0, 1.1146820658607395)	(80.0, 0.7669035721327451)	(81.0, 0.5015336466706157)	(82.0, 0.3088689827864195)	(83.0, 0.17919557554890814)	(84.0, 0.10018904865764326)	(85.0, 0.05115899953879873)	(86.0, 0.02430640881475339)	(87.0, 0.011168966022272245)	(88.0, 0.0051886480084310715)	(89.0, 0.0024391994761284214)	(90.0, 0.0013158839279113852)	(91.0, 0.0006739893289302217)	(92.0, 0.0006418945989811634)	(93.0, 0.0009093506818899817)	(94.0, 0.0011126173049006835)	(95.0, 0.0014228663610749124)	(96.0, 0.0016582277140346725)	(97.0, 0.0016582277140346725)	(98.0, 0.0016689259573510252)	(99.0, 0.0012944874412786796)	(100.0, 0.0005456104091339889)
IDDLNTM46.A_R2	(0.0, 0.0)	(1.0, 0.0)	(2.0, 0.0)	(3.0, 0.0)	(4.0, 0.0)	(5.0, 0.0)	(6.0, 0.0)	(7.0, 0.0)	(8.0, 0.0)	(9.0, 0.0)	(10.0, 0.0)	(11.0, 0.0)	(12.0, 0.0)	(13.0, 0.0)	(14.0, 0.0)	(15.0, 0.0)	(16.0, 0.0)	(17.0, 0.0)	(18.0, 0.0)	(19.0, 0.0)	(20.0, 0.0)	(21.0, 0.0)	(22.0, 1.0706234625847077e-05)	(23.0, 1.0706234625847077e-05)	(24.0, 0.0)	(25.0, 1.0706234625847077e-05)	(26.0, 1.0706234625847077e-05)	(27.0, 1.0706234625847077e-05)	(28.0, 1.0706234625847077e-05)	(29.0, 0.0)	(30.0, 1.0706234625847077e-05)	(31.0, 3.2118703877541234e-05)	(32.0, 5.353117312923538e-05)	(33.0, 0.00010706234625847076)	(34.0, 0.00011776858088431785)	(35.0, 0.00021412469251694152)	(36.0, 0.0003854244465304948)	(37.0, 0.0006530803121766718)	(38.0, 0.001081329697210555)	(39.0, 0.001927122232652474)	(40.0, 0.0032654015608833587)	(41.0, 0.004978399101018891)	(42.0, 0.008361569242786568)	(43.0, 0.012719006735506327)	(44.0, 0.018189892629314187)	(45.0, 0.026058975079311788)	(46.0, 0.037621708475226626)	(47.0, 0.055286995607874305)	(48.0, 0.08094984000602974)	(49.0, 0.12103398244520121)	(50.0, 0.18280895623633886)	(51.0, 0.27994662299664935)	(52.0, 0.43762804656612514)	(53.0, 0.6701674626395236)	(54.0, 0.9820079585865714)	(55.0, 1.3669292120896515)	(56.0, 1.817683102307065)	(57.0, 2.3147735759851447)	(58.0, 2.781319162275683)	(59.0, 3.186154012182839)	(60.0, 3.56622534140041)	(61.0, 3.9332671830783252)	(62.0, 4.285170408995293)	(63.0, 4.622780811686755)	(64.0, 4.928186860623668)	(65.0, 5.213293888709976)	(66.0, 5.484868236229213)	(67.0, 5.6934470992099655)	(68.0, 5.786644871627964)	(69.0, 5.755189954297226)	(70.0, 5.584725286584488)	(71.0, 5.256707670117786)	(72.0, 4.831670155471657)	(73.0, 4.333209283761469)	(74.0, 3.7701255798496676)	(75.0, 3.1854045757590295)	(76.0, 2.595715878801998)	(77.0, 2.0369039625059098)	(78.0, 1.542265216557149)	(79.0, 1.1156645916556465)	(80.0, 0.767744085019494)	(81.0, 0.49806474102903187)	(82.0, 0.303007852380724)	(83.0, 0.17864423096688434)	(84.0, 0.10110967980649979)	(85.0, 0.05438767189930316)	(86.0, 0.02815739706597781)	(87.0, 0.014046579829111365)	(88.0, 0.007023289914555682)	(89.0, 0.003864950699930795)	(90.0, 0.0029442145221079464)	(91.0, 0.0022697217406795803)	(92.0, 0.002098421986666027)	(93.0, 0.002098421986666027)	(94.0, 0.0021198344559177212)	(95.0, 0.0024303152600672864)	(96.0, 0.0031048080414956525)	(97.0, 0.0044966185428557725)	(98.0, 0.007387301891834484)	(99.0, 0.015416977861219792)	(100.0, 0.08558563959902153)
IDDLNTM46.B_R1	(0.0, 0.0)	(1.0, 0.0)	(2.0, 0.0)	(3.0, 0.0)	(4.0, 0.0)	(5.0, 0.0)	(6.0, 0.0)	(7.0, 0.0)	(8.0, 0.0)	(9.0, 0.0)	(10.0, 0.0)	(11.0, 0.0)	(12.0, 0.0)	(13.0, 0.0)	(14.0, 0.0)	(15.0, 0.0)	(16.0, 0.0)	(17.0, 0.0)	(18.0, 0.0)	(19.0, 0.0)	(20.0, 0.0)	(21.0, 0.0)	(22.0, 0.0)	(23.0, 0.0)	(24.0, 0.0)	(25.0, 2.1361525990515267e-05)	(26.0, 3.20422889857729e-05)	(27.0, 1.0680762995257634e-05)	(28.0, 0.0)	(29.0, 2.1361525990515267e-05)	(30.0, 5.340381497628817e-05)	(31.0, 0.00013884991893834924)	(32.0, 0.00029906136386721375)	(33.0, 0.0004272305198103054)	(34.0, 0.0006194842537249429)	(35.0, 0.0009078648545968989)	(36.0, 0.001484626056340811)	(37.0, 0.002424533199923483)	(38.0, 0.0031081020316199716)	(39.0, 0.004347070539069857)	(40.0, 0.007027942050879523)	(41.0, 0.01205858142164587)	(42.0, 0.019641923148278787)	(43.0, 0.02758841081675047)	(44.0, 0.04046941098903118)	(45.0, 0.05781497009332958)	(46.0, 0.0804475068802805)	(47.0, 0.1112828696475893)	(48.0, 0.1523824456533407)	(49.0, 0.2094070392850212)	(50.0, 0.29651934227434246)	(51.0, 0.4270596276023813)	(52.0, 0.622603036519558)	(53.0, 0.9038382069476868)	(54.0, 1.2846394500176073)	(55.0, 1.7918902461883828)	(56.0, 2.44888533955267)	(57.0, 3.2433738949549094)	(58.0, 4.140077352221764)	(59.0, 5.091626527469266)	(60.0, 6.01914398597744)	(61.0, 6.838401230765681)	(62.0, 7.46120720178215)	(63.0, 7.783755563475935)	(64.0, 7.782997229303272)	(65.0, 7.5029049005156345)	(66.0, 6.944012615262789)	(67.0, 6.181598391135309)	(68.0, 5.304526176253738)	(69.0, 4.389280914427116)	(70.0, 3.5245449808050666)	(71.0, 2.7483418916507087)	(72.0, 2.0807194391061397)	(73.0, 1.5082519040863211)	(74.0, 1.0382449284800088)	(75.0, 0.6924445457455477)	(76.0, 0.45352655830462973)	(77.0, 0.29364621702861815)	(78.0, 0.18380525038538864)	(79.0, 0.10930692849346663)	(80.0, 0.06759854899698556)	(81.0, 0.04234922527619652)	(82.0, 0.024448266496144726)	(83.0, 0.013105296195181117)	(84.0, 0.007401768755713541)	(85.0, 0.004133455279164705)	(86.0, 0.0017302836052317367)	(87.0, 0.000672888068701231)	(88.0, 0.00039518823082453243)	(89.0, 0.0003631459418387596)	(90.0, 0.0003738267048340172)	(91.0, 0.0003417844158482443)	(92.0, 0.0004485920458008206)	(93.0, 0.0010680762995257636)	(94.0, 0.0019973026801131774)	(95.0, 0.002307044806975649)	(96.0, 0.0021788756510325575)	(97.0, 0.0017943681832032824)	(98.0, 0.0016661990272601912)	(99.0, 0.001634156738274418)	(100.0, 0.0008010572246443226)
IDDLNTM46.B_R2	(0.0, 0.0)	(1.0, 0.0)	(2.0, 1.068830892462038e-05)	(3.0, 1.068830892462038e-05)	(4.0, 0.0)	(5.0, 0.0)	(6.0, 0.0)	(7.0, 0.0)	(8.0, 0.0)	(9.0, 0.0)	(10.0, 0.0)	(11.0, 0.0)	(12.0, 0.0)	(13.0, 0.0)	(14.0, 0.0)	(15.0, 0.0)	(16.0, 0.0)	(17.0, 0.0)	(18.0, 0.0)	(19.0, 0.0)	(20.0, 0.0)	(21.0, 0.0)	(22.0, 0.0)	(23.0, 0.0)	(24.0, 1.068830892462038e-05)	(25.0, 1.068830892462038e-05)	(26.0, 0.0)	(27.0, 1.068830892462038e-05)	(28.0, 1.068830892462038e-05)	(29.0, 3.206492677386114e-05)	(30.0, 6.412985354772228e-05)	(31.0, 0.0002885843409647503)	(32.0, 0.0005985452997787414)	(33.0, 0.000587856990854121)	(34.0, 0.0006199219176279821)	(35.0, 0.001068830892462038)	(36.0, 0.001934583915356289)	(37.0, 0.00308892127921529)	(38.0, 0.004542531292963662)	(39.0, 0.007193231906269516)	(40.0, 0.011265477606549881)	(41.0, 0.018415956277120914)	(42.0, 0.027928551220033054)	(43.0, 0.03798624991810083)	(44.0, 0.05625256987027707)	(45.0, 0.08216103070355688)	(46.0, 0.11643843742481443)	(47.0, 0.16239816580068206)	(48.0, 0.23265242036221181)	(49.0, 0.34877020851928764)	(50.0, 0.5282482919815131)	(51.0, 0.8005222735272927)	(52.0, 1.1989183003835926)	(53.0, 1.733066538891496)	(54.0, 2.3734779447279757)	(55.0, 3.0719375563340683)	(56.0, 3.7924150843248787)	(57.0, 4.45769818502895)	(58.0, 5.009214925539361)	(59.0, 5.455441134833338)	(60.0, 5.826624727167554)	(61.0, 6.1284091296542105)	(62.0, 6.3719315601927615)	(63.0, 6.489214374022621)	(64.0, 6.445851904715435)	(65.0, 6.283720946637869)	(66.0, 5.945361151011162)	(67.0, 5.434449296105384)	(68.0, 4.799980590030993)	(69.0, 4.086450462841185)	(70.0, 3.3578818849944376)	(71.0, 2.6742042046310943)	(72.0, 2.0478906782661896)	(73.0, 1.493584289126452)	(74.0, 1.0399083285120154)	(75.0, 0.6960654304069777)	(76.0, 0.4582398685252496)	(77.0, 0.29737013090078823)	(78.0, 0.18531390013506815)	(79.0, 0.1098758157450975)	(80.0, 0.06550864539899831)	(81.0, 0.040017028613778705)	(82.0, 0.024230396332114403)	(83.0, 0.014696424771353024)	(84.0, 0.008988867805605741)	(85.0, 0.0058785699085412094)	(86.0, 0.0039332976842603)	(87.0, 0.0027682720114766786)	(88.0, 0.0020735319313763536)	(89.0, 0.002041467004602493)	(90.0, 0.0020949085492255946)	(91.0, 0.00196664884213015)	(92.0, 0.001795635899336224)	(93.0, 0.001934583915356289)	(94.0, 0.0022979864187933816)	(95.0, 0.0022017916384717987)	(96.0, 0.002672077231155095)	(97.0, 0.00449977805726518)	(98.0, 0.007257361759817239)	(99.0, 0.0145788533731822)	(100.0, 0.08094256348615014)
IDDLNTM48_R1	(0.0, 0.0)	(1.0, 0.0)	(2.0, 0.0)	(3.0, 0.0)	(4.0, 0.0)	(5.0, 0.0)	(6.0, 0.0)	(7.0, 0.0)	(8.0, 0.0)	(9.0, 0.0)	(10.0, 0.0)	(11.0, 0.0)	(12.0, 0.0)	(13.0, 0.0)	(14.0, 0.0)	(15.0, 0.0)	(16.0, 0.0)	(17.0, 0.0)	(18.0, 0.0)	(19.0, 0.0)	(20.0, 0.0)	(21.0, 0.0)	(22.0, 0.0)	(23.0, 0.0)	(24.0, 0.0)	(25.0, 0.0)	(26.0, 0.0)	(27.0, 0.0)	(28.0, 0.0)	(29.0, 0.0)	(30.0, 0.0)	(31.0, 0.0)	(32.0, 1.0416013495820367e-05)	(33.0, 1.0416013495820367e-05)	(34.0, 2.0832026991640734e-05)	(35.0, 4.166405398328147e-05)	(36.0, 0.00015624020243730548)	(37.0, 0.00035414445885789247)	(38.0, 0.0007082889177157849)	(39.0, 0.0012499216194984438)	(40.0, 0.0018644664157518454)	(41.0, 0.0030310599272837264)	(42.0, 0.005030934518481237)	(43.0, 0.007291209447074256)	(44.0, 0.010166029171920677)	(45.0, 0.015311539838855939)	(46.0, 0.02215486070560992)	(47.0, 0.031300120554940206)	(48.0, 0.046257515934938244)	(49.0, 0.06498550820042327)	(50.0, 0.09173383085768996)	(51.0, 0.13254377173431414)	(52.0, 0.1952169249386653)	(53.0, 0.284763392962233)	(54.0, 0.4079952486312838)	(55.0, 0.5874839931912603)	(56.0, 0.8399056642489711)	(57.0, 1.1858631364991485)	(58.0, 1.6219087094746767)	(59.0, 2.1462716608812658)	(60.0, 2.7868148268202346)	(61.0, 3.529257852788815)	(62.0, 4.303521799987125)	(63.0, 5.0637345449795745)	(64.0, 5.753816271104666)	(65.0, 6.278856263388484)	(66.0, 6.630375886845428)	(67.0, 6.806469011005769)	(68.0, 6.78877220407637)	(69.0, 6.586284901717622)	(70.0, 6.189841012053202)	(71.0, 5.65768688255174)	(72.0, 5.087389311628583)	(73.0, 4.4949577120268085)	(74.0, 3.8651742880290216)	(75.0, 3.2349013113969307)	(76.0, 2.620564835413446)	(77.0, 2.047371612738451)	(78.0, 1.54354903994562)	(79.0, 1.1125448175020691)	(80.0, 0.7578691419558898)	(81.0, 0.4880423123466633)	(82.0, 0.2969917928063261)	(83.0, 0.16905189903716453)	(84.0, 0.09572316402658916)	(85.0, 0.04993436869896283)	(86.0, 0.023602686581528948)	(87.0, 0.010957646197603026)	(88.0, 0.004645542019135884)	(89.0, 0.0022081948611139173)	(90.0, 0.0013540817544566476)	(91.0, 0.0006666248637325035)	(92.0, 0.0006353768232450423)	(93.0, 0.0010936814170611384)	(94.0, 0.0018540504022560252)	(95.0, 0.00228110695558466)	(96.0, 0.0021769468206264565)	(97.0, 0.0018332183752643844)	(98.0, 0.0016561461458354384)	(99.0, 0.0013020016869775457)	(100.0, 0.0006041287827575812)
IDDLNTM48_R2	(0.0, 0.0)	(1.0, 0.0)	(2.0, 0.0)	(3.0, 0.0)	(4.0, 0.0)	(5.0, 0.0)	(6.0, 0.0)	(7.0, 0.0)	(8.0, 0.0)	(9.0, 0.0)	(10.0, 0.0)	(11.0, 0.0)	(12.0, 0.0)	(13.0, 0.0)	(14.0, 0.0)	(15.0, 0.0)	(16.0, 0.0)	(17.0, 0.0)	(18.0, 0.0)	(19.0, 0.0)	(20.0, 0.0)	(21.0, 0.0)	(22.0, 0.0)	(23.0, 0.0)	(24.0, 0.0)	(25.0, 0.0)	(26.0, 0.0)	(27.0, 1.0425309900155765e-05)	(28.0, 1.0425309900155765e-05)	(29.0, 0.0)	(30.0, 1.0425309900155765e-05)	(31.0, 2.085061980031153e-05)	(32.0, 2.085061980031153e-05)	(33.0, 5.2126549500778825e-05)	(34.0, 0.00015637964850233647)	(35.0, 0.000177230268302648)	(36.0, 0.0002919086772043614)	(37.0, 0.000708921073210592)	(38.0, 0.0013031637375194706)	(39.0, 0.0019808088810295953)	(40.0, 0.0029399373918439255)	(41.0, 0.004910320962973365)	(42.0, 0.007673028086514643)	(43.0, 0.011280185311968538)	(44.0, 0.016148805035341277)	(45.0, 0.022956532400142993)	(46.0, 0.0320265520132785)	(47.0, 0.043734175031153434)	(48.0, 0.061686558679221654)	(49.0, 0.08471606824866575)	(50.0, 0.1181708877182656)	(51.0, 0.16981787296363723)	(52.0, 0.2463500729406807)	(53.0, 0.3622378177908122)	(54.0, 0.5344847879611857)	(55.0, 0.7917501603673296)	(56.0, 1.1512356963445005)	(57.0, 1.634553063315722)	(58.0, 2.225741111823855)	(59.0, 2.874497721600648)	(60.0, 3.534159205533004)	(61.0, 4.180413740933759)	(62.0, 4.76949587684206)	(63.0, 5.225446805325373)	(64.0, 5.547015489195678)	(65.0, 5.7582426930827335)	(66.0, 5.903873847078009)	(67.0, 5.995168285873674)	(68.0, 6.001923886688975)	(69.0, 5.910796252851713)	(70.0, 5.686599963448864)	(71.0, 5.327479313318198)	(72.0, 4.890064585837362)	(73.0, 4.37857803151592)	(74.0, 3.809992054871325)	(75.0, 3.226487459759607)	(76.0, 2.6309103557835085)	(77.0, 2.0570491723294344)	(78.0, 1.5431752220408566)	(79.0, 1.1108584711011973)	(80.0, 0.7578679031918233)	(81.0, 0.49051083080232877)	(82.0, 0.3033452421648323)	(83.0, 0.17446756117910672)	(84.0, 0.09688240490214751)	(85.0, 0.05333588544919689)	(86.0, 0.027616645925512624)	(87.0, 0.013917788716707945)	(88.0, 0.007891959594417913)	(89.0, 0.004993723442174611)	(90.0, 0.004003319001659813)	(91.0, 0.0036175825353540504)	(92.0, 0.003555030675953116)	(93.0, 0.003346524477950001)	(94.0, 0.0035133294363524927)	(95.0, 0.0038365140432573214)	(96.0, 0.004607986975868848)	(97.0, 0.0077877064954163565)	(98.0, 0.012687602148489565)	(99.0, 0.02557328518508209)	(100.0, 0.1072555882528025)
IDDLNTM49_R1	(0.0, 0.0)	(1.0, 0.0)	(2.0, 0.0)	(3.0, 0.0)	(4.0, 0.0)	(5.0, 0.0)	(6.0, 0.0)	(7.0, 1.5323721273769005e-05)	(8.0, 1.5323721273769005e-05)	(9.0, 0.0)	(10.0, 0.0)	(11.0, 0.0)	(12.0, 0.0)	(13.0, 0.0)	(14.0, 0.0)	(15.0, 0.0)	(16.0, 0.0)	(17.0, 0.0)	(18.0, 0.0)	(19.0, 0.0)	(20.0, 0.0)	(21.0, 0.0)	(22.0, 0.0)	(23.0, 0.0)	(24.0, 0.0)	(25.0, 0.0)	(26.0, 0.0)	(27.0, 0.0)	(28.0, 0.0)	(29.0, 0.0)	(30.0, 0.0)	(31.0, 3.064744254753801e-05)	(32.0, 9.194232764261404e-05)	(33.0, 0.00029115070420161114)	(34.0, 0.0005363302445819153)	(35.0, 0.0007048911785933743)	(36.0, 0.0010266893253425234)	(37.0, 0.0018541702741260498)	(38.0, 0.0030034493696587256)	(39.0, 0.00510279918416508)	(40.0, 0.008121572275097574)	(41.0, 0.01328566634435773)	(42.0, 0.020150693475006243)	(43.0, 0.028103704816092357)	(44.0, 0.04381051912170559)	(45.0, 0.06475804610294783)	(46.0, 0.09054786900670106)	(47.0, 0.12680379354043853)	(48.0, 0.17649862163127145)	(49.0, 0.2528414010171886)	(50.0, 0.3662675858856268)	(51.0, 0.538077148807125)	(52.0, 0.7942131498981739)	(53.0, 1.152159955132144)	(54.0, 1.6176792837079728)	(55.0, 2.21398657335542)	(56.0, 2.9630866878236177)	(57.0, 3.7776037684095356)	(58.0, 4.60666306048426)	(59.0, 5.440886446628245)	(60.0, 6.206153087040269)	(61.0, 6.816450934210668)	(62.0, 7.225057961975718)	(63.0, 7.3565354905046565)	(64.0, 7.2312027742064995)	(65.0, 6.926521224120149)	(66.0, 6.429802799030927)	(67.0, 5.774820980626219)	(68.0, 5.0069493075976546)	(69.0, 4.198990779716909)	(70.0, 3.422415233004844)	(71.0, 2.7044069490011236)	(72.0, 2.047586284043562)	(73.0, 1.4844854983963727)	(74.0, 1.0349334873878113)	(75.0, 0.6874374600625515)	(76.0, 0.4435604359905177)	(77.0, 0.2848373310368183)	(78.0, 0.1770043044333058)	(79.0, 0.10190274647056391)	(80.0, 0.0567130924342191)	(81.0, 0.030279673236967557)	(82.0, 0.015614871977970618)	(83.0, 0.00833610437293034)	(84.0, 0.0040454624162750185)	(85.0, 0.0017315805039358977)	(86.0, 0.0007968335062359884)	(87.0, 0.00044438791693930126)	(88.0, 0.00032179814674914917)	(89.0, 0.00032179814674914917)	(90.0, 0.0002451795403803041)	(91.0, 0.00027582698292784216)	(92.0, 0.0005363302445819153)	(93.0, 0.0009653944402474474)	(94.0, 0.0014710772422818247)	(95.0, 0.0019307888804948948)	(96.0, 0.0018848177166735879)	(97.0, 0.0014710772422818247)	(98.0, 0.0012412214231752895)	(99.0, 0.0012718688657228276)	(100.0, 0.0008274809487835264)
IDDLNTM49_R2	(0.0, 0.0)	(1.0, 0.0)	(2.0, 0.0)	(3.0, 0.0)	(4.0, 0.0)	(5.0, 0.0)	(6.0, 0.0)	(7.0, 0.0)	(8.0, 0.0)	(9.0, 1.5332818763935616e-05)	(10.0, 1.5332818763935616e-05)	(11.0, 0.0)	(12.0, 0.0)	(13.0, 0.0)	(14.0, 0.0)	(15.0, 0.0)	(16.0, 0.0)	(17.0, 0.0)	(18.0, 0.0)	(19.0, 0.0)	(20.0, 0.0)	(21.0, 0.0)	(22.0, 0.0)	(23.0, 0.0)	(24.0, 0.0)	(25.0, 1.5332818763935616e-05)	(26.0, 1.5332818763935616e-05)	(27.0, 0.0)	(28.0, 1.5332818763935616e-05)	(29.0, 1.5332818763935616e-05)	(30.0, 4.5998456291806845e-05)	(31.0, 0.0001686610064032918)	(32.0, 0.00035265483157051914)	(33.0, 0.0005059830192098753)	(34.0, 0.000597979931793489)	(35.0, 0.0008739706695443301)	(36.0, 0.0015026162388656903)	(37.0, 0.0030358981152592518)	(38.0, 0.004753173816820041)	(39.0, 0.006991765356354641)	(40.0, 0.011131626422617258)	(41.0, 0.019058693723571968)	(42.0, 0.028718369544851408)	(43.0, 0.0387460330164653)	(44.0, 0.0578200595588012)	(45.0, 0.08419250783277046)	(46.0, 0.11921266588959942)	(47.0, 0.16619242258229813)	(48.0, 0.23296684829923775)	(49.0, 0.3396219356211739)	(50.0, 0.5152593745620564)	(51.0, 0.7828630604490248)	(52.0, 1.1708907049079433)	(53.0, 1.7054847639313224)	(54.0, 2.3427933758543062)	(55.0, 3.0283850340649234)	(56.0, 3.7409931189375953)	(57.0, 4.396839108746177)	(58.0, 4.939252905339163)	(59.0, 5.416149567353853)	(60.0, 5.822116609766576)	(61.0, 6.142097204551149)	(62.0, 6.396499333482368)	(63.0, 6.518103919099142)	(64.0, 6.508689568378085)	(65.0, 6.364193084346756)	(66.0, 6.017242061356421)	(67.0, 5.489409775407937)	(68.0, 4.842042834375811)	(69.0, 4.131780670774022)	(70.0, 3.386667010121807)	(71.0, 2.686478508447923)	(72.0, 2.0584002534208286)	(73.0, 1.4906106417735288)	(74.0, 1.0320520310005064)	(75.0, 0.6941627038996572)	(76.0, 0.4525481458175597)	(77.0, 0.2877050112864879)	(78.0, 0.17549944357200706)	(79.0, 0.10157992431107346)	(80.0, 0.05838737385306682)	(81.0, 0.03261290551089105)	(82.0, 0.01764807439728989)	(83.0, 0.009981665015322086)	(84.0, 0.005581146030072564)	(85.0, 0.0034805498594133845)	(86.0, 0.0027292417399805394)	(87.0, 0.0019319351642558874)	(88.0, 0.0020085992580755655)	(89.0, 0.002131261808187051)	(90.0, 0.001824605432908338)	(91.0, 0.0017479413390886602)	(92.0, 0.0019012695267280164)	(93.0, 0.0021619274457149217)	(94.0, 0.0022385915395345996)	(95.0, 0.002192593083242793)	(96.0, 0.0027292417399805394)	(97.0, 0.004201192341318358)	(98.0, 0.007375085825453031)	(99.0, 0.014520179369447028)	(100.0, 0.06924300953793325)
IDDLNTM50_R1	(0.0, 0.0)	(1.0, 0.0)	(2.0, 0.0)	(3.0, 0.0)	(4.0, 1.7999826841665782e-05)	(5.0, 1.7999826841665782e-05)	(6.0, 0.0)	(7.0, 0.0)	(8.0, 0.0)	(9.0, 0.0)	(10.0, 0.0)	(11.0, 0.0)	(12.0, 0.0)	(13.0, 0.0)	(14.0, 1.7999826841665782e-05)	(15.0, 3.5999653683331563e-05)	(16.0, 1.7999826841665782e-05)	(17.0, 0.0)	(18.0, 0.0)	(19.0, 0.0)	(20.0, 0.0)	(21.0, 0.0)	(22.0, 0.0)	(23.0, 0.0)	(24.0, 0.0)	(25.0, 0.0)	(26.0, 0.0)	(27.0, 0.0)	(28.0, 0.0)	(29.0, 0.0)	(30.0, 0.0)	(31.0, 7.199930736666313e-05)	(32.0, 0.00034199670999164985)	(33.0, 0.0006479937662999682)	(34.0, 0.0008819915152416234)	(35.0, 0.001079989610499947)	(36.0, 0.0016199844157499205)	(37.0, 0.002429976623624881)	(38.0, 0.0033479677925498355)	(39.0, 0.00516595030355808)	(40.0, 0.008441918788741253)	(41.0, 0.01502985541279093)	(42.0, 0.022895779742598876)	(43.0, 0.031535696626598456)	(44.0, 0.0468175496151727)	(45.0, 0.06942533212830493)	(46.0, 0.09894504814863682)	(47.0, 0.13717668036033495)	(48.0, 0.19598211465205706)	(49.0, 0.28535125492092767)	(50.0, 0.41907196852766276)	(51.0, 0.6105001269887783)	(52.0, 0.8871214658914981)	(53.0, 1.2757017277493792)	(54.0, 1.7680149916957801)	(55.0, 2.3821150840528915)	(56.0, 3.1136280468981887)	(57.0, 3.901822464467892)	(58.0, 4.700672779527861)	(59.0, 5.467933398480707)	(60.0, 6.156048778810748)	(61.0, 6.67483978804124)	(62.0, 7.016620500110789)	(63.0, 7.142565288521924)	(64.0, 7.024018428942713)	(65.0, 6.74563310700951)	(66.0, 6.310235295536456)	(67.0, 5.7165830064714775)	(68.0, 4.985556038950905)	(69.0, 4.217881423980701)	(70.0, 3.4517367942920387)	(71.0, 2.7089199401901753)	(72.0, 2.059468187916032)	(73.0, 1.5011315591144012)	(74.0, 1.0428019682450655)	(75.0, 0.6914453482957493)	(76.0, 0.4461977075780531)	(77.0, 0.2862872459166943)	(78.0, 0.17045836019057495)	(79.0, 0.09390509663297039)	(80.0, 0.04958952294878923)	(81.0, 0.023057778184173868)	(82.0, 0.01126789160288278)	(83.0, 0.004931952554616425)	(84.0, 0.0017099835499582493)	(85.0, 0.000503995151566642)	(86.0, 0.0003239968831499841)	(87.0, 0.00035999653683331566)	(88.0, 0.0002879972294666525)	(89.0, 0.00023399774894165517)	(90.0, 0.0003239968831499841)	(91.0, 0.0003059970563083183)	(92.0, 0.00046799549788331034)	(93.0, 0.0007199930736666313)	(94.0, 0.001331987186283268)	(95.0, 0.002015980606266568)	(96.0, 0.0017099835499582493)	(97.0, 0.0011159892641832787)	(98.0, 0.0012599878789166048)	(99.0, 0.0014399861473332626)	(100.0, 0.000827992034716626)
IDDLNTM50_R2	(0.0, 0.0)	(1.0, 0.0)	(2.0, 0.0)	(3.0, 0.0)	(4.0, 0.0)	(5.0, 0.0)	(6.0, 0.0)	(7.0, 0.0)	(8.0, 0.0)	(9.0, 0.0)	(10.0, 0.0)	(11.0, 0.0)	(12.0, 0.0)	(13.0, 0.0)	(14.0, 0.0)	(15.0, 0.0)	(16.0, 0.0)	(17.0, 0.0)	(18.0, 0.0)	(19.0, 0.0)	(20.0, 0.0)	(21.0, 0.0)	(22.0, 0.0)	(23.0, 0.0)	(24.0, 0.0)	(25.0, 0.0)	(26.0, 0.0)	(27.0, 0.0)	(28.0, 0.0)	(29.0, 5.4033803547499314e-05)	(30.0, 0.00012607887494416506)	(31.0, 0.00019812394634083084)	(32.0, 0.0004682929640783274)	(33.0, 0.000702439446117491)	(34.0, 0.0009545971960058212)	(35.0, 0.0014589126957824815)	(36.0, 0.002251408481145805)	(37.0, 0.00344015215919079)	(38.0, 0.004664918372934108)	(39.0, 0.007294563478912407)	(40.0, 0.011599256494863186)	(41.0, 0.018425527009697268)	(42.0, 0.028187634183945477)	(43.0, 0.038886327286350345)	(44.0, 0.05648333597498595)	(45.0, 0.08009610812524315)	(46.0, 0.11064321839742944)	(47.0, 0.14929539920174062)	(48.0, 0.20891269578248153)	(49.0, 0.30022982377775537)	(50.0, 0.4312257748447429)	(51.0, 0.6442990735003818)	(52.0, 0.9739593089436751)	(53.0, 1.4240789037621937)	(54.0, 2.013443610322618)	(55.0, 2.7250688030431838)	(56.0, 3.50000360225357)	(57.0, 4.261574040719875)	(58.0, 4.963599227676835)	(59.0, 5.556025849771617)	(60.0, 6.019978098298296)	(61.0, 6.3711437875534935)	(62.0, 6.598067751185141)	(63.0, 6.6935995158571195)	(64.0, 6.628921053010764)	(65.0, 6.441423754700941)	(66.0, 6.113942882667397)	(67.0, 5.608366594141295)	(68.0, 4.953008602181525)	(69.0, 4.2137181020446395)	(70.0, 3.4701589314275014)	(71.0, 2.7604789556346447)	(72.0, 2.105355110156914)	(73.0, 1.528111986858979)	(74.0, 1.0581799974063772)	(75.0, 0.7021332545640553)	(76.0, 0.4499755046757251)	(77.0, 0.2829209953747064)	(78.0, 0.171197100906327)	(79.0, 0.09517153931499546)	(80.0, 0.050935865477442686)	(81.0, 0.02716099191654299)	(82.0, 0.0131482255298915)	(83.0, 0.006267921211509921)	(84.0, 0.00344015215919079)	(85.0, 0.002143340874050806)	(86.0, 0.0018011267849166437)	(87.0, 0.0015129464993299808)	(88.0, 0.0013868676243858158)	(89.0, 0.0016210141064249796)	(90.0, 0.0016210141064249796)	(91.0, 0.0014228901600841486)	(92.0, 0.0013688563565366493)	(93.0, 0.0012968112851399836)	(94.0, 0.0012968112851399836)	(95.0, 0.0016930591778216452)	(96.0, 0.0023234535525424706)	(97.0, 0.0037463437126266192)	(98.0, 0.005943718390224924)	(99.0, 0.013076180458494836)	(100.0, 0.07328784887825825)
IDDLNTM52_R1	(0.0, 0.0)	(1.0, 0.0)	(2.0, 0.0)	(3.0, 0.0)	(4.0, 8.916107188370686e-06)	(5.0, 8.916107188370686e-06)	(6.0, 0.0)	(7.0, 0.0)	(8.0, 0.0)	(9.0, 0.0)	(10.0, 0.0)	(11.0, 0.0)	(12.0, 0.0)	(13.0, 0.0)	(14.0, 8.916107188370686e-06)	(15.0, 8.916107188370686e-06)	(16.0, 0.0)	(17.0, 0.0)	(18.0, 0.0)	(19.0, 8.916107188370686e-06)	(20.0, 8.916107188370686e-06)	(21.0, 0.0)	(22.0, 0.0)	(23.0, 0.0)	(24.0, 0.0)	(25.0, 0.0)	(26.0, 0.0)	(27.0, 0.0)	(28.0, 0.0)	(29.0, 0.0)	(30.0, 0.0)	(31.0, 0.0)	(32.0, 1.7832214376741373e-05)	(33.0, 7.132885750696549e-05)	(34.0, 0.00013374160782556028)	(35.0, 0.0003298959659697154)	(36.0, 0.0006687080391278014)	(37.0, 0.001025352326662629)	(38.0, 0.0016227315082834649)	(39.0, 0.002327103976164749)	(40.0, 0.0033792046243924898)	(41.0, 0.005527986456789825)	(42.0, 0.008354392435503332)	(43.0, 0.012437969527777107)	(44.0, 0.020515962640440946)	(45.0, 0.031438193946195035)	(46.0, 0.04656882784486009)	(47.0, 0.06809231059758693)	(48.0, 0.09689133681602424)	(49.0, 0.13667500709053426)	(50.0, 0.1894048650025585)	(51.0, 0.2653700982474767)	(52.0, 0.3801114816546191)	(53.0, 0.5403606761512054)	(54.0, 0.7613909733509147)	(55.0, 1.0572184937538656)	(56.0, 1.4421803377189584)	(57.0, 1.9377286591414127)	(58.0, 2.546761192857449)	(59.0, 3.2418698253700162)	(60.0, 3.9834224602268065)	(61.0, 4.754202094447075)	(62.0, 5.482077420876904)	(63.0, 6.118170339909646)	(64.0, 6.6085651513772214)	(65.0, 6.88164768234264)	(66.0, 6.950239294942776)	(67.0, 6.839153515482865)	(68.0, 6.51795075402181)	(69.0, 6.01767689578952)	(70.0, 5.419949985988338)	(71.0, 4.7448669302208515)	(72.0, 4.050614243998368)	(73.0, 3.354382181980066)	(74.0, 2.6784788443512495)	(75.0, 2.0766059447074747)	(76.0, 1.5555932211550336)	(77.0, 1.1151553582638984)	(78.0, 0.7693708892845065)	(79.0, 0.5139868310880049)	(80.0, 0.32789875795952034)	(81.0, 0.20038950905863118)	(82.0, 0.11242319553816597)	(83.0, 0.05776745847345367)	(84.0, 0.02953906311507208)	(85.0, 0.013704056748525744)	(86.0, 0.006152113959975773)	(87.0, 0.003165218051871594)	(88.0, 0.0016583959370369476)	(89.0, 0.0009807717907207754)	(90.0, 0.0007222046822580255)	(91.0, 0.000597379181620836)	(92.0, 0.000597379181620836)	(93.0, 0.0011590939344881892)	(94.0, 0.002068536867701999)	(95.0, 0.0025321744414972744)	(96.0, 0.0024786777983670507)	(97.0, 0.0019704596886299217)	(98.0, 0.001417661042950939)	(99.0, 0.0013284999710672322)	(100.0, 0.0008113657541417324)
IDDLNTM52_R2	(0.0, 0.0)	(1.0, 0.0)	(2.0, 8.923915853541764e-06)	(3.0, 8.923915853541764e-06)	(4.0, 0.0)	(5.0, 0.0)	(6.0, 0.0)	(7.0, 0.0)	(8.0, 0.0)	(9.0, 0.0)	(10.0, 0.0)	(11.0, 0.0)	(12.0, 0.0)	(13.0, 0.0)	(14.0, 0.0)	(15.0, 0.0)	(16.0, 0.0)	(17.0, 0.0)	(18.0, 0.0)	(19.0, 0.0)	(20.0, 8.923915853541764e-06)	(21.0, 1.7847831707083528e-05)	(22.0, 8.923915853541764e-06)	(23.0, 0.0)	(24.0, 0.0)	(25.0, 0.0)	(26.0, 0.0)	(27.0, 8.923915853541764e-06)	(28.0, 2.677174756062529e-05)	(29.0, 3.5695663414167056e-05)	(30.0, 2.677174756062529e-05)	(31.0, 1.7847831707083528e-05)	(32.0, 9.816307438895942e-05)	(33.0, 0.00017847831707083528)	(34.0, 0.0002141739804850023)	(35.0, 0.0005622066987731311)	(36.0, 0.001169032976813971)	(37.0, 0.0018383266658296034)	(38.0, 0.0024808486072846105)	(39.0, 0.003819435985315875)	(40.0, 0.006184273686504442)	(41.0, 0.009271948571829893)	(42.0, 0.013716058666893693)	(43.0, 0.020319756398514594)	(44.0, 0.03189407526055826)	(45.0, 0.04902799369935845)	(46.0, 0.07401495808927538)	(47.0, 0.10740825121322867)	(48.0, 0.15400893980042377)	(49.0, 0.226176647308016)	(50.0, 0.3382074869333793)	(51.0, 0.5093414212567497)	(52.0, 0.7686257963814056)	(53.0, 1.1275813876742695)	(54.0, 1.5753299417098738)	(55.0, 2.0879553640007273)	(56.0, 2.6462176919665925)	(57.0, 3.197938789611812)	(58.0, 3.6900213576078125)	(59.0, 4.108472695896239)	(60.0, 4.446921128557664)	(61.0, 4.739152601013597)	(62.0, 5.0193992544782216)	(63.0, 5.273266812679777)	(64.0, 5.476044952619807)	(65.0, 5.646366810600505)	(66.0, 5.7377744806883335)	(67.0, 5.724442150403142)	(68.0, 5.59447423991216)	(69.0, 5.332075418154618)	(70.0, 4.958930800654623)	(71.0, 4.463947960006222)	(72.0, 3.8921212799429727)	(73.0, 3.286981621998452)	(74.0, 2.665725372022435)	(75.0, 2.0737931095411564)	(76.0, 1.5524044018821253)	(77.0, 1.1178632433097626)	(78.0, 0.774578048255718)	(79.0, 0.5166858040042146)	(80.0, 0.3314342348005411)	(81.0, 0.19926211709373406)	(82.0, 0.11137046985220123)	(83.0, 0.06110205184920045)	(84.0, 0.032706151603230565)	(85.0, 0.017428407661967064)	(86.0, 0.009735992196214065)	(87.0, 0.005836240968216313)	(88.0, 0.004461957926770882)	(89.0, 0.003739120742633999)	(90.0, 0.003132294464593159)	(91.0, 0.0033375445292246194)	(92.0, 0.003408935856052954)	(93.0, 0.003426783687760037)	(94.0, 0.0037748164060481663)	(95.0, 0.004185316535311087)	(96.0, 0.0053275777645644335)	(97.0, 0.007960132941359254)	(98.0, 0.012868286660807225)	(99.0, 0.02531714927649799)	(100.0, 0.10498987001691885)
IDDLNTM55.A_R1	(0.0, 0.0)	(1.0, 0.0)	(2.0, 0.0)	(3.0, 0.0)	(4.0, 0.0)	(5.0, 0.0)	(6.0, 0.0)	(7.0, 0.0)	(8.0, 0.0)	(9.0, 0.0)	(10.0, 0.0)	(11.0, 0.0)	(12.0, 0.0)	(13.0, 0.0)	(14.0, 0.0)	(15.0, 0.0)	(16.0, 0.0)	(17.0, 0.0)	(18.0, 0.0)	(19.0, 0.0)	(20.0, 0.0)	(21.0, 0.0)	(22.0, 0.0)	(23.0, 0.0)	(24.0, 0.0)	(25.0, 0.0)	(26.0, 0.0)	(27.0, 0.0)	(28.0, 0.0)	(29.0, 1.837054210091949e-05)	(30.0, 3.674108420183898e-05)	(31.0, 7.348216840367796e-05)	(32.0, 6.429689735321823e-05)	(33.0, 6.429689735321823e-05)	(34.0, 0.0002847434025642521)	(35.0, 0.0005603015340780445)	(36.0, 0.0008174891234909174)	(37.0, 0.0013318643023166631)	(38.0, 0.0024065410152204537)	(39.0, 0.003729220046486657)	(40.0, 0.0053274572092666525)	(41.0, 0.007531922261376992)	(42.0, 0.010590617521180087)	(43.0, 0.014356578651868583)	(44.0, 0.019684035861135235)	(45.0, 0.0289336038089482)	(46.0, 0.04339122044237184)	(47.0, 0.06360800202443374)	(48.0, 0.09093418339955148)	(49.0, 0.13166167523729)	(50.0, 0.19286313624650328)	(51.0, 0.2832094622988253)	(52.0, 0.4144578003388446)	(53.0, 0.6038397188572237)	(54.0, 0.8683663398394138)	(55.0, 1.2335819020767438)	(56.0, 1.7181784321568991)	(57.0, 2.2926620247368534)	(58.0, 2.9418861678543986)	(59.0, 3.672262180702756)	(60.0, 4.404567100471709)	(61.0, 5.113605728669849)	(62.0, 5.704696291309035)	(63.0, 6.125850154243665)	(64.0, 6.41166823352082)	(65.0, 6.576121326408252)	(66.0, 6.656795562044439)	(67.0, 6.543072721168697)	(68.0, 6.272410339124799)	(69.0, 5.892167673448918)	(70.0, 5.353837307723573)	(71.0, 4.711153077593955)	(72.0, 4.006045745405413)	(73.0, 3.271903771426367)	(74.0, 2.5529266799516304)	(75.0, 1.8985128586905753)	(76.0, 1.3617623595859096)	(77.0, 0.943887638416294)	(78.0, 0.6247545810391206)	(79.0, 0.391568104881099)	(80.0, 0.2313310514058287)	(81.0, 0.13066966596384033)	(82.0, 0.07349135367472842)	(83.0, 0.04304218014245437)	(84.0, 0.023652072954933843)	(85.0, 0.012225595768161922)	(86.0, 0.005979611453849294)	(87.0, 0.002847434025642521)	(88.0, 0.0012951232181148242)	(89.0, 0.0007072658708854005)	(90.0, 0.0004592635525229873)	(91.0, 0.0004041519262202288)	(92.0, 0.00045007828147252755)	(93.0, 0.0007531922261376991)	(94.0, 0.0011481588813074682)	(95.0, 0.0014329022838717202)	(96.0, 0.0015798666206790764)	(97.0, 0.0014329022838717202)	(98.0, 0.001304308489165284)	(99.0, 0.0011665294234083877)	(100.0, 0.0006062278893303433)
IDDLNTM55.A_R2	(0.0, 0.0)	(1.0, 9.191210261802434e-06)	(2.0, 9.191210261802434e-06)	(3.0, 0.0)	(4.0, 0.0)	(5.0, 0.0)	(6.0, 0.0)	(7.0, 0.0)	(8.0, 0.0)	(9.0, 0.0)	(10.0, 0.0)	(11.0, 0.0)	(12.0, 0.0)	(13.0, 0.0)	(14.0, 0.0)	(15.0, 9.191210261802434e-06)	(16.0, 9.191210261802434e-06)	(17.0, 9.191210261802434e-06)	(18.0, 9.191210261802434e-06)	(19.0, 0.0)	(20.0, 0.0)	(21.0, 0.0)	(22.0, 0.0)	(23.0, 0.0)	(24.0, 0.0)	(25.0, 9.191210261802434e-06)	(26.0, 1.838242052360487e-05)	(27.0, 1.838242052360487e-05)	(28.0, 9.191210261802434e-06)	(29.0, 1.838242052360487e-05)	(30.0, 2.75736307854073e-05)	(31.0, 5.51472615708146e-05)	(32.0, 0.00012867694366523407)	(33.0, 0.00018382420523604866)	(34.0, 0.00025735388733046815)	(35.0, 0.0005514726157081459)	(36.0, 0.0010753716006308845)	(37.0, 0.0017003738984334498)	(38.0, 0.002886040022205964)	(39.0, 0.004485310607759587)	(40.0, 0.006672818650068566)	(41.0, 0.010321729124004132)	(42.0, 0.014715127629145695)	(43.0, 0.019770293273137035)	(44.0, 0.026535024025823625)	(45.0, 0.03720601913977625)	(46.0, 0.05453145048327383)	(47.0, 0.07778521244563398)	(48.0, 0.10788642605303696)	(49.0, 0.15230754524832812)	(50.0, 0.22128757826315537)	(51.0, 0.3270600259559778)	(52.0, 0.49005694873878214)	(53.0, 0.7409310328346795)	(54.0, 1.086336714473215)	(55.0, 1.5415314026889804)	(56.0, 2.1013312548943195)	(57.0, 2.722528391648499)	(58.0, 3.3537071827469953)	(59.0, 3.9564943253467844)	(60.0, 4.48303118761466)	(61.0, 4.9569207975029315)	(62.0, 5.344753105709947)	(63.0, 5.650186213919904)	(64.0, 5.91992066147302)	(65.0, 6.1439472203941925)	(66.0, 6.322137213739756)	(67.0, 6.324821047136203)	(68.0, 6.1410703715822486)	(69.0, 5.825453402402215)	(70.0, 5.334072919385733)	(71.0, 4.710973202107361)	(72.0, 4.0259890661362725)	(73.0, 3.2895709175401384)	(74.0, 2.565735535792411)	(75.0, 1.912139382865378)	(76.0, 1.3690307684954723)	(77.0, 0.9459961249857537)	(78.0, 0.6270335552704237)	(79.0, 0.39371468277456906)	(80.0, 0.2319861470078934)	(81.0, 0.1330151949088048)	(82.0, 0.07613079459850955)	(83.0, 0.045505682006183844)	(84.0, 0.02586406567671205)	(85.0, 0.013860345074798068)	(86.0, 0.007261056106823921)	(87.0, 0.004108470987025688)	(88.0, 0.0026286861348754956)	(89.0, 0.0018198596318368817)	(90.0, 0.0016819914779098452)	(91.0, 0.0016911826881716478)	(92.0, 0.0017279475292188574)	(93.0, 0.0016360354266008329)	(94.0, 0.0018841981036694987)	(95.0, 0.0021783168320471764)	(96.0, 0.002352949827021423)	(97.0, 0.0036397192636737634)	(98.0, 0.006204066926716642)	(99.0, 0.013455931823278762)	(100.0, 0.07439365585902889)
IDDLNTM55.B_R1	(0.0, 0.0)	(1.0, 0.0)	(2.0, 0.0)	(3.0, 9.488114334054873e-06)	(4.0, 9.488114334054873e-06)	(5.0, 0.0)	(6.0, 0.0)	(7.0, 0.0)	(8.0, 0.0)	(9.0, 0.0)	(10.0, 0.0)	(11.0, 0.0)	(12.0, 0.0)	(13.0, 0.0)	(14.0, 0.0)	(15.0, 0.0)	(16.0, 0.0)	(17.0, 0.0)	(18.0, 0.0)	(19.0, 0.0)	(20.0, 0.0)	(21.0, 0.0)	(22.0, 0.0)	(23.0, 0.0)	(24.0, 0.0)	(25.0, 0.0)	(26.0, 0.0)	(27.0, 1.8976228668109746e-05)	(28.0, 1.8976228668109746e-05)	(29.0, 0.0)	(30.0, 0.0)	(31.0, 0.0)	(32.0, 0.0)	(33.0, 3.795245733621949e-05)	(34.0, 8.539302900649386e-05)	(35.0, 0.0004269651450324693)	(36.0, 0.0009298352047373776)	(37.0, 0.0012049905204249687)	(38.0, 0.0018027417234704258)	(39.0, 0.003169030187574328)	(40.0, 0.0053987370560772225)	(41.0, 0.008463397985976947)	(42.0, 0.01191707160357292)	(43.0, 0.015313816535164563)	(44.0, 0.021310304794287242)	(45.0, 0.030855347814346446)	(46.0, 0.046017354520166136)	(47.0, 0.07013614115733362)	(48.0, 0.10276576635214833)	(49.0, 0.15075664865379787)	(50.0, 0.2277432083603191)	(51.0, 0.34283403523240474)	(52.0, 0.5096255971107553)	(53.0, 0.7352719322032483)	(54.0, 1.0400017002700888)	(55.0, 1.4482088432641314)	(56.0, 1.9491053751875562)	(57.0, 2.53318420547764)	(58.0, 3.1860328884609537)	(59.0, 3.848663817322678)	(60.0, 4.454774049096438)	(61.0, 5.0189657917423425)	(62.0, 5.497214194750378)	(63.0, 5.8464337309296015)	(64.0, 6.0882478128473245)	(65.0, 6.255324018155696)	(66.0, 6.335014690447423)	(67.0, 6.287697464263492)	(68.0, 6.124900398519778)	(69.0, 5.797816633081904)	(70.0, 5.323420404493495)	(71.0, 4.744474644058134)	(72.0, 4.0541953500269745)	(73.0, 3.3158302925508245)	(74.0, 2.6189852234004984)	(75.0, 1.978120028821096)	(76.0, 1.4170878282484316)	(77.0, 0.9775034911516692)	(78.0, 0.6445845353983518)	(79.0, 0.39867158808831765)	(80.0, 0.23481185353918999)	(81.0, 0.1336400903951629)	(82.0, 0.07286871808554142)	(83.0, 0.0386450896826055)	(84.0, 0.01908059792578435)	(85.0, 0.0097348053067403)	(86.0, 0.005095117397387466)	(87.0, 0.0022486830971710048)	(88.0, 0.0010531806910800909)	(89.0, 0.0007021204607200606)	(90.0, 0.0004269651450324693)	(91.0, 0.00034157211602597545)	(92.0, 0.0004269651450324693)	(93.0, 0.0006926323463860057)	(94.0, 0.0012144786347590237)	(95.0, 0.0017647892661342064)	(96.0, 0.0019450634384812488)	(97.0, 0.0015086101791147246)	(98.0, 0.0012429429777611883)	(99.0, 0.0012619192064292982)	(100.0, 0.0007116085750541155)
IDDLNTM55.B_R2	(0.0, 0.0)	(1.0, 0.0)	(2.0, 0.0)	(3.0, 0.0)	(4.0, 0.0)	(5.0, 0.0)	(6.0, 0.0)	(7.0, 0.0)	(8.0, 0.0)	(9.0, 0.0)	(10.0, 0.0)	(11.0, 0.0)	(12.0, 0.0)	(13.0, 0.0)	(14.0, 0.0)	(15.0, 0.0)	(16.0, 0.0)	(17.0, 0.0)	(18.0, 0.0)	(19.0, 0.0)	(20.0, 0.0)	(21.0, 0.0)	(22.0, 0.0)	(23.0, 0.0)	(24.0, 0.0)	(25.0, 0.0)	(26.0, 9.494075886528324e-06)	(27.0, 2.848222765958497e-05)	(28.0, 1.898815177305665e-05)	(29.0, 0.0)	(30.0, 9.494075886528324e-06)	(31.0, 4.747037943264162e-05)	(32.0, 8.544668297875493e-05)	(33.0, 0.0001234229865248682)	(34.0, 0.00022785782127667976)	(35.0, 0.0005506564014186427)	(36.0, 0.000996877968085474)	(37.0, 0.0014715817624118901)	(38.0, 0.0024494715787243076)	(39.0, 0.004205875617732047)	(40.0, 0.00674079387943511)	(41.0, 0.01126946807730912)	(42.0, 0.016918443229793474)	(43.0, 0.022225631650362808)	(44.0, 0.031207027439018598)	(45.0, 0.04600829174611626)	(46.0, 0.06709463429009566)	(47.0, 0.10108342596386707)	(48.0, 0.15314893812558839)	(49.0, 0.23555751682065423)	(50.0, 0.36668969296538345)	(51.0, 0.5667868363498544)	(52.0, 0.8524350975478321)	(53.0, 1.228296067819602)	(54.0, 1.6876574355133882)	(55.0, 2.191384619824922)	(56.0, 2.6802440812981514)	(57.0, 3.1223926894096623)	(58.0, 3.5091338706473936)	(59.0, 3.8350749899077976)	(60.0, 4.118625060334852)	(61.0, 4.428445238739931)	(62.0, 4.762969002601756)	(63.0, 5.087144223747266)	(64.0, 5.416607645161572)	(65.0, 5.742102542855309)	(66.0, 5.966789342785889)	(67.0, 6.035441005521375)	(68.0, 5.970672419823479)	(69.0, 5.716487526113456)	(70.0, 5.2710159914416606)	(71.0, 4.708729347062021)	(72.0, 4.043023734050427)	(73.0, 3.3102329808246247)	(74.0, 2.6156179067385534)	(75.0, 1.9815275664290994)	(76.0, 1.4161363592345648)	(77.0, 0.9746333482833383)	(78.0, 0.6481035963179695)	(79.0, 0.40306149768667343)	(80.0, 0.23795951801994591)	(81.0, 0.13674317499366745)	(82.0, 0.07466141277165873)	(83.0, 0.039951071330511186)	(84.0, 0.02089646102624884)	(85.0, 0.01104161025603244)	(86.0, 0.005914809277307146)	(87.0, 0.00322798580141963)	(88.0, 0.0022500959851072125)	(89.0, 0.0019747677843978914)	(90.0, 0.0017753921907807965)	(91.0, 0.001613992900709815)	(92.0, 0.0013671469276600788)	(93.0, 0.001433605458865777)	(94.0, 0.0017943803425538533)	(95.0, 0.0019462855567383064)	(96.0, 0.002487447882270421)	(97.0, 0.0037691481269517446)	(98.0, 0.005800880366668806)	(99.0, 0.012503697942557802)	(100.0, 0.07194610706811164)
IDDLNTM56_R1	(0.0, 0.0)	(1.0, 0.0)	(2.0, 0.0)	(3.0, 1.1099568792851967e-05)	(4.0, 1.1099568792851967e-05)	(5.0, 0.0)	(6.0, 0.0)	(7.0, 0.0)	(8.0, 0.0)	(9.0, 0.0)	(10.0, 0.0)	(11.0, 0.0)	(12.0, 0.0)	(13.0, 0.0)	(14.0, 2.2199137585703934e-05)	(15.0, 2.2199137585703934e-05)	(16.0, 0.0)	(17.0, 0.0)	(18.0, 0.0)	(19.0, 0.0)	(20.0, 0.0)	(21.0, 0.0)	(22.0, 0.0)	(23.0, 0.0)	(24.0, 0.0)	(25.0, 0.0)	(26.0, 0.0)	(27.0, 1.1099568792851967e-05)	(28.0, 1.1099568792851967e-05)	(29.0, 0.0)	(30.0, 0.0)	(31.0, 1.1099568792851967e-05)	(32.0, 1.1099568792851967e-05)	(33.0, 0.0)	(34.0, 0.00011099568792851965)	(35.0, 0.0001331948255142236)	(36.0, 7.769698154996377e-05)	(37.0, 0.00024419051344274327)	(38.0, 0.0006326754211925621)	(39.0, 0.001309749117556532)	(40.0, 0.0021977146209846894)	(41.0, 0.003352069775441294)	(42.0, 0.005227896901433276)	(43.0, 0.008380174438603236)	(44.0, 0.012187326534551459)	(45.0, 0.017237630335299105)	(46.0, 0.025196021159773964)	(47.0, 0.03924807525152455)	(48.0, 0.05910520382193672)	(49.0, 0.08714271459268079)	(50.0, 0.1315520893328815)	(51.0, 0.20093549385699913)	(52.0, 0.3033068168334728)	(53.0, 0.4503539042011757)	(54.0, 0.655096550154123)	(55.0, 0.9353495626048423)	(56.0, 1.2994154190103868)	(57.0, 1.7508681805220547)	(58.0, 2.292149752274274)	(59.0, 2.895278121340264)	(60.0, 3.5431710513478265)	(61.0, 4.206281490170388)	(62.0, 4.8550845848189645)	(63.0, 5.413037708898047)	(64.0, 5.83255701099268)	(65.0, 6.12172297718406)	(66.0, 6.2477474812581)	(67.0, 6.238690233123133)	(68.0, 6.129714666714913)	(69.0, 5.9334853900260836)	(70.0, 5.601697079670152)	(71.0, 5.153618587071511)	(72.0, 4.666414114478067)	(73.0, 4.105286513724228)	(74.0, 3.5181415237199447)	(75.0, 2.9536729527594585)	(76.0, 2.393466616215427)	(77.0, 1.8558368025960559)	(78.0, 1.3803534746478634)	(79.0, 0.9922237530994159)	(80.0, 0.6754309601826279)	(81.0, 0.43245029973830545)	(82.0, 0.2626490963452561)	(83.0, 0.1474799705506241)	(84.0, 0.07836295567753487)	(85.0, 0.04000284592943849)	(86.0, 0.01812559583872726)	(87.0, 0.008213680906710454)	(88.0, 0.003918147783876744)	(89.0, 0.0017648314380634628)	(90.0, 0.0008102685218781936)	(91.0, 0.0005660780084354503)	(92.0, 0.0006215758523997101)	(93.0, 0.0008324676594638975)	(94.0, 0.0012986495487636801)	(95.0, 0.001676034887720647)	(96.0, 0.0017648314380634628)	(97.0, 0.001598337906170683)	(98.0, 0.0015539396309992752)	(99.0, 0.0016316366125492393)	(100.0, 0.0008435672282567494)
IDDLNTM56_R2	(0.0, 0.0)	(1.0, 0.0)	(2.0, 1.1107390135415746e-05)	(3.0, 1.1107390135415746e-05)	(4.0, 0.0)	(5.0, 0.0)	(6.0, 0.0)	(7.0, 0.0)	(8.0, 0.0)	(9.0, 0.0)	(10.0, 0.0)	(11.0, 0.0)	(12.0, 0.0)	(13.0, 0.0)	(14.0, 0.0)	(15.0, 0.0)	(16.0, 0.0)	(17.0, 0.0)	(18.0, 0.0)	(19.0, 0.0)	(20.0, 0.0)	(21.0, 0.0)	(22.0, 0.0)	(23.0, 0.0)	(24.0, 0.0)	(25.0, 0.0)	(26.0, 0.0)	(27.0, 1.1107390135415746e-05)	(28.0, 1.1107390135415746e-05)	(29.0, 0.0)	(30.0, 1.1107390135415746e-05)	(31.0, 2.2214780270831492e-05)	(32.0, 5.553695067707873e-05)	(33.0, 6.664434081249447e-05)	(34.0, 6.664434081249447e-05)	(35.0, 0.00014439607176040472)	(36.0, 0.00028879214352080945)	(37.0, 0.0005997990673124504)	(38.0, 0.0013884237669269683)	(39.0, 0.0026657736324997793)	(40.0, 0.004054197399426748)	(41.0, 0.006086849794207829)	(42.0, 0.00929688554334298)	(43.0, 0.013828700718592605)	(44.0, 0.019393503176435893)	(45.0, 0.026546662423643636)	(46.0, 0.038242744236236415)	(47.0, 0.056025675843037026)	(48.0, 0.0803397528494621)	(49.0, 0.12028192777641712)	(50.0, 0.1833163667949015)	(51.0, 0.282583112435112)	(52.0, 0.4391306690036616)	(53.0, 0.6603898805011432)	(54.0, 0.9680312650817532)	(55.0, 1.3729844946387404)	(56.0, 1.8594437530094086)	(57.0, 2.3961084147921556)	(58.0, 2.943458385885173)	(59.0, 3.472170156330962)	(60.0, 3.931027550215122)	(61.0, 4.314188080326424)	(62.0, 4.658283919331469)	(63.0, 4.9396563262418205)	(64.0, 5.192593814405508)	(65.0, 5.402845602278792)	(66.0, 5.538133614128156)	(67.0, 5.645786439320606)	(68.0, 5.692970632615851)	(69.0, 5.622783034350159)	(70.0, 5.393370998493283)	(71.0, 5.048708682591331)	(72.0, 4.622329297463128)	(73.0, 4.093117694461244)	(74.0, 3.524952474254458)	(75.0, 2.9598973232855883)	(76.0, 2.4040946282995197)	(77.0, 1.8695959075931787)	(78.0, 1.386813195357333)	(79.0, 0.989213058069991)	(80.0, 0.6728856944034859)	(81.0, 0.43554298198992225)	(82.0, 0.2664885041288946)	(83.0, 0.1522934261466853)	(84.0, 0.08162821010517032)	(85.0, 0.04137502825442366)	(86.0, 0.020171020485914994)	(87.0, 0.010085510242957497)	(88.0, 0.005220473363645401)	(89.0, 0.003287787480083061)	(90.0, 0.002543592341010206)	(91.0, 0.002277014977760228)	(92.0, 0.0020770819553227447)	(93.0, 0.0019993302243748344)	(94.0, 0.002154833686270655)	(95.0, 0.0022548001974893967)	(96.0, 0.002810169704260184)	(97.0, 0.003987553058614254)	(98.0, 0.006564467570030707)	(99.0, 0.0153059836066029)	(100.0, 0.08161710271503492)
IDDLNTM58_R1	(0.0, 0.0)	(1.0, 0.0)	(2.0, 0.0)	(3.0, 0.0)	(4.0, 0.0)	(5.0, 0.0)	(6.0, 0.0)	(7.0, 0.0)	(8.0, 0.0)	(9.0, 0.0)	(10.0, 0.0)	(11.0, 0.0)	(12.0, 0.0)	(13.0, 0.0)	(14.0, 0.0)	(15.0, 1.394181939348903e-05)	(16.0, 1.394181939348903e-05)	(17.0, 0.0)	(18.0, 0.0)	(19.0, 0.0)	(20.0, 0.0)	(21.0, 0.0)	(22.0, 0.0)	(23.0, 0.0)	(24.0, 0.0)	(25.0, 0.0)	(26.0, 0.0)	(27.0, 0.0)	(28.0, 0.0)	(29.0, 0.0)	(30.0, 0.0)	(31.0, 0.0)	(32.0, 1.394181939348903e-05)	(33.0, 5.576727757395612e-05)	(34.0, 0.00022306911029582448)	(35.0, 0.0005019054981656051)	(36.0, 0.0007668000666418966)	(37.0, 0.0012129382872335455)	(38.0, 0.00186820379872753)	(39.0, 0.0033320948350438785)	(40.0, 0.005507018660428168)	(41.0, 0.007807418860353858)	(42.0, 0.011599593735382874)	(43.0, 0.01739939060307431)	(44.0, 0.0231294783737983)	(45.0, 0.0313969772741373)	(46.0, 0.0460080039985138)	(47.0, 0.06499676201244586)	(48.0, 0.09097037154251593)	(49.0, 0.13267035334844163)	(50.0, 0.18934384918297453)	(51.0, 0.2700530416518825)	(52.0, 0.39689571449384575)	(53.0, 0.5723535115609052)	(54.0, 0.802072869707424)	(55.0, 1.125481254178189)	(56.0, 1.5625154667058896)	(57.0, 2.1242174282501693)	(58.0, 2.799071195992006)	(59.0, 3.569663437508931)	(60.0, 4.399062273227594)	(61.0, 5.244466317609982)	(62.0, 5.998412026771081)	(63.0, 6.5860318305678565)	(64.0, 7.00704689261244)	(65.0, 7.219896649292836)	(66.0, 7.193588436097323)	(67.0, 6.930813024168842)	(68.0, 6.528814603776977)	(69.0, 5.991245931602828)	(70.0, 5.308975115943656)	(71.0, 4.545047064096817)	(72.0, 3.75338873347633)	(73.0, 2.9876761287471254)	(74.0, 2.256915665237398)	(75.0, 1.6065855578087085)	(76.0, 1.0889815710060349)	(77.0, 0.6932430275218486)	(78.0, 0.40428487877239494)	(79.0, 0.21646068790331072)	(80.0, 0.10633425651414084)	(81.0, 0.04454411296219745)	(82.0, 0.015489361346166314)	(83.0, 0.005548844118608634)	(84.0, 0.001896087437514508)	(85.0, 0.0009898691769377212)	(86.0, 0.0006970909696744516)	(87.0, 0.00043219640119815996)	(88.0, 0.000460080039985138)	(89.0, 0.0003346036654437368)	(90.0, 0.0003485454848372258)	(91.0, 0.0003903709430176928)	(92.0, 0.0003903709430176928)	(93.0, 0.0007946837054288748)	(94.0, 0.001324472842381458)	(95.0, 0.0015475419526772825)	(96.0, 0.0015475419526772825)	(97.0, 0.00143600739752937)	(98.0, 0.0014499492169228593)	(99.0, 0.001310531022987969)	(100.0, 0.0006413236921004955)
IDDLNTM58_R2	(0.0, 0.0)	(1.0, 0.0)	(2.0, 0.0)	(3.0, 0.0)	(4.0, 0.0)	(5.0, 0.0)	(6.0, 0.0)	(7.0, 0.0)	(8.0, 0.0)	(9.0, 0.0)	(10.0, 0.0)	(11.0, 0.0)	(12.0, 0.0)	(13.0, 0.0)	(14.0, 0.0)	(15.0, 0.0)	(16.0, 0.0)	(17.0, 0.0)	(18.0, 0.0)	(19.0, 0.0)	(20.0, 0.0)	(21.0, 0.0)	(22.0, 0.0)	(23.0, 0.0)	(24.0, 0.0)	(25.0, 0.0)	(26.0, 0.0)	(27.0, 0.0)	(28.0, 0.0)	(29.0, 2.7896531763688477e-05)	(30.0, 4.1844797645532715e-05)	(31.0, 2.7896531763688477e-05)	(32.0, 2.7896531763688477e-05)	(33.0, 9.763786117290969e-05)	(34.0, 0.0002789653176368848)	(35.0, 0.0005439823693919254)	(36.0, 0.0010879647387838508)	(37.0, 0.001924860691694505)	(38.0, 0.0028733427716599136)	(39.0, 0.0044634450821901565)	(40.0, 0.007392580917377448)	(41.0, 0.012023405190149734)	(42.0, 0.018118797380515667)	(43.0, 0.027478083787233154)	(44.0, 0.037757955742152356)	(45.0, 0.05123198058401389)	(46.0, 0.07551591148430471)	(47.0, 0.11367836693703054)	(48.0, 0.17616659808769275)	(49.0, 0.26805777371728257)	(50.0, 0.40999532733092964)	(51.0, 0.6302105490734865)	(52.0, 0.9449252721655379)	(53.0, 1.3560085642352515)	(54.0, 1.831295724159094)	(55.0, 2.3321221589125933)	(56.0, 2.838974244527049)	(57.0, 3.3047347388535924)	(58.0, 3.6796083326940376)	(59.0, 4.011911819063095)	(60.0, 4.3341865022631065)	(61.0, 4.68893274843605)	(62.0, 5.052619833039258)	(63.0, 5.394003640497395)	(64.0, 5.725456282647659)	(65.0, 5.987920801746323)	(66.0, 6.14052877875958)	(67.0, 6.122354188315537)	(68.0, 5.95242246507703)	(69.0, 5.620049237378563)	(70.0, 5.098607265651698)	(71.0, 4.442118183656817)	(72.0, 3.7252191621276687)	(73.0, 2.9892947059356847)	(74.0, 2.269968686143095)	(75.0, 1.627386025232413)	(76.0, 1.0986630587152253)	(77.0, 0.6982641383110045)	(78.0, 0.4087678799333273)	(79.0, 0.21721634457796032)	(80.0, 0.10434697706207675)	(81.0, 0.04594558781479493)	(82.0, 0.01777009073346956)	(83.0, 0.006737012420930767)	(84.0, 0.0033475838116426176)	(85.0, 0.002329360402267988)	(86.0, 0.0018830158940489725)	(87.0, 0.001687740171703153)	(88.0, 0.0016040505764120876)	(89.0, 0.0012553439293659814)	(90.0, 0.0011716543340749162)	(91.0, 0.001269292195247826)	(92.0, 0.0014087748540662682)	(93.0, 0.0015343092470028663)	(94.0, 0.0016179988422939317)	(95.0, 0.0016040505764120876)	(96.0, 0.0019109124258126608)	(97.0, 0.002859394505778069)	(98.0, 0.00431001415748987)	(99.0, 0.009526665597299616)	(100.0, 0.053296323934526844)
IDDLNTM59_R1	(0.0, 0.0)	(1.0, 0.0)	(2.0, 0.0)	(3.0, 0.0)	(4.0, 0.0)	(5.0, 0.0)	(6.0, 0.0)	(7.0, 0.0)	(8.0, 0.0)	(9.0, 0.0)	(10.0, 0.0)	(11.0, 0.0)	(12.0, 0.0)	(13.0, 0.0)	(14.0, 0.0)	(15.0, 0.0)	(16.0, 0.0)	(17.0, 0.0)	(18.0, 0.0)	(19.0, 0.0)	(20.0, 0.0)	(21.0, 0.0)	(22.0, 0.0)	(23.0, 0.0)	(24.0, 0.0)	(25.0, 0.0)	(26.0, 0.0)	(27.0, 0.0)	(28.0, 0.0)	(29.0, 0.0)	(30.0, 2.694522641736943e-05)	(31.0, 0.0001751439717129013)	(32.0, 0.00032334271700843316)	(33.0, 0.00032334271700843316)	(34.0, 0.00029639749059106376)	(35.0, 0.000188616584921586)	(36.0, 0.00012125351887816244)	(37.0, 0.00029639749059106376)	(38.0, 0.0007679389528950287)	(39.0, 0.0016301861982508505)	(40.0, 0.0029100844530758987)	(41.0, 0.0048097229155004435)	(42.0, 0.00757160862328081)	(43.0, 0.011182268963208314)	(44.0, 0.01659825947309957)	(45.0, 0.024560573879432234)	(46.0, 0.03688801496537875)	(47.0, 0.05482006314613811)	(48.0, 0.08332811269571497)	(49.0, 0.12053947037810216)	(50.0, 0.17713791846778665)	(51.0, 0.27117675866440594)	(52.0, 0.4124909986102999)	(53.0, 0.5993157259751308)	(54.0, 0.8643893908560027)	(55.0, 1.2232054984429026)	(56.0, 1.6617390583855904)	(57.0, 2.2028665679124115)	(58.0, 2.8186727724549727)	(59.0, 3.4735091374630933)	(60.0, 4.140134039028813)	(61.0, 4.778089219686452)	(62.0, 5.338576874394153)	(63.0, 5.759084077863621)	(64.0, 6.042978983397025)	(65.0, 6.195798835023136)	(66.0, 6.2360819485171035)	(67.0, 6.16389568694497)	(68.0, 6.032187420216869)	(69.0, 5.850617012003425)	(70.0, 5.502875392474063)	(71.0, 5.025985302726251)	(72.0, 4.474254846604194)	(73.0, 3.8224632921812365)	(74.0, 3.1467847945392804)	(75.0, 2.5013118957111957)	(76.0, 1.8718040435354022)	(77.0, 1.3025996080816817)	(78.0, 0.835827450853591)	(79.0, 0.485431726522119)	(80.0, 0.24618506116229583)	(81.0, 0.10624502776368767)	(82.0, 0.039043633078768306)	(83.0, 0.013135797878467597)	(84.0, 0.004445962358865956)	(85.0, 0.001859220622798491)	(86.0, 0.0009700281510252995)	(87.0, 0.0006062675943908121)	(88.0, 0.0005523771415560733)	(89.0, 0.00041765100946922613)	(90.0, 0.00029639749059106376)	(91.0, 0.0002559796509650096)	(92.0, 0.000377233169843172)	(93.0, 0.0005389045283473886)	(94.0, 0.0006736306604342358)	(95.0, 0.0007679389528950287)	(96.0, 0.000996973377442669)	(97.0, 0.0009430829246079301)	(98.0, 0.0011586447359468856)	(99.0, 0.0013068434812424175)	(100.0, 0.0005793223679734428)
IDDLNTM59_R2	(0.0, 0.0)	(1.0, 0.0)	(2.0, 1.3477535778140353e-05)	(3.0, 1.3477535778140353e-05)	(4.0, 0.0)	(5.0, 0.0)	(6.0, 0.0)	(7.0, 0.0)	(8.0, 0.0)	(9.0, 0.0)	(10.0, 0.0)	(11.0, 0.0)	(12.0, 0.0)	(13.0, 0.0)	(14.0, 0.0)	(15.0, 0.0)	(16.0, 0.0)	(17.0, 0.0)	(18.0, 0.0)	(19.0, 0.0)	(20.0, 0.0)	(21.0, 0.0)	(22.0, 0.0)	(23.0, 0.0)	(24.0, 0.0)	(25.0, 0.0)	(26.0, 0.0)	(27.0, 1.3477535778140353e-05)	(28.0, 2.6955071556280705e-05)	(29.0, 1.3477535778140353e-05)	(30.0, 6.738767889070176e-05)	(31.0, 0.00026955071556280705)	(32.0, 0.0004043260733442106)	(33.0, 0.0003638934660097895)	(34.0, 0.0004043260733442106)	(35.0, 0.0003638934660097895)	(36.0, 0.00037737100178792993)	(37.0, 0.0007547420035758599)	(38.0, 0.0016577369007112633)	(39.0, 0.002924625263856457)	(40.0, 0.005040598381024493)	(41.0, 0.007736105536652564)	(42.0, 0.010916803980293686)	(43.0, 0.015755239324646075)	(44.0, 0.023464389789742354)	(45.0, 0.03221131050975544)	(46.0, 0.04571580135945208)	(47.0, 0.06533909345242443)	(48.0, 0.09213243457936746)	(49.0, 0.12953259636370695)	(50.0, 0.18541045969987685)	(51.0, 0.2771924783490126)	(52.0, 0.4153911302180639)	(53.0, 0.6195218871137776)	(54.0, 0.9111353287454004)	(55.0, 1.3001778765171998)	(56.0, 1.8013535219631271)	(57.0, 2.403988056746895)	(58.0, 3.0556673442273157)	(59.0, 3.725878243402679)	(60.0, 4.342367684966375)	(61.0, 4.868773277388981)	(62.0, 5.313505002996057)	(63.0, 5.621426262919229)	(64.0, 5.83898064544997)	(65.0, 5.943943694090128)	(66.0, 5.967879797632105)	(67.0, 5.9801443551902125)	(68.0, 5.920897107909508)	(69.0, 5.756484648951973)	(70.0, 5.43834741690897)	(71.0, 4.990488903001367)	(72.0, 4.4375460426316025)	(73.0, 3.8034145067343204)	(74.0, 3.139039380550892)	(75.0, 2.493047613168846)	(76.0, 1.8724475231928175)	(77.0, 1.3032372771388376)	(78.0, 0.8457153700783072)	(79.0, 0.49919444768654053)	(80.0, 0.2536202682730452)	(81.0, 0.10782028622512282)	(82.0, 0.04210382177091047)	(83.0, 0.015687851645755372)	(84.0, 0.0056066548837063876)	(85.0, 0.0026146419409592285)	(86.0, 0.0018733774731615092)	(87.0, 0.0013612311135921757)	(88.0, 0.0010782028622512282)	(89.0, 0.0009703825760261054)	(90.0, 0.0008895173613572634)	(91.0, 0.0009164724329135441)	(92.0, 0.0008895173613572634)	(93.0, 0.0008895173613572634)	(94.0, 0.001064725326473088)	(95.0, 0.0010377702549168072)	(96.0, 0.0011995006842544914)	(97.0, 0.0016981695080456843)	(98.0, 0.002911147728078316)	(99.0, 0.00648269470928551)	(100.0, 0.04117387180221878)
IDDLNTM5_R1	(0.0, 0.0)	(1.0, 0.0)	(2.0, 0.0)	(3.0, 0.0)	(4.0, 0.0)	(5.0, 0.0)	(6.0, 0.0)	(7.0, 0.0)	(8.0, 0.0)	(9.0, 0.0)	(10.0, 0.0)	(11.0, 0.0)	(12.0, 0.0)	(13.0, 0.0)	(14.0, 0.0)	(15.0, 0.0)	(16.0, 0.0)	(17.0, 0.0)	(18.0, 0.0)	(19.0, 0.0)	(20.0, 0.0)	(21.0, 0.0)	(22.0, 9.127948646891148e-06)	(23.0, 9.127948646891148e-06)	(24.0, 0.0)	(25.0, 0.0)	(26.0, 0.0)	(27.0, 0.0)	(28.0, 1.8255897293782296e-05)	(29.0, 5.476769188134689e-05)	(30.0, 0.00017343102429093183)	(31.0, 0.00018255897293782298)	(32.0, 0.0001916869215847141)	(33.0, 0.0004198856377569928)	(34.0, 0.0004198856377569928)	(35.0, 0.0004016297404632105)	(36.0, 0.0005841887134010335)	(37.0, 0.001122737683567611)	(38.0, 0.0022363474184883313)	(39.0, 0.0036055397155220032)	(40.0, 0.00564107226377873)	(41.0, 0.008954517622600217)	(42.0, 0.015006347575489049)	(43.0, 0.02521139416271335)	(44.0, 0.03917715559245681)	(45.0, 0.060207949274894014)	(46.0, 0.09067704185821666)	(47.0, 0.13215444050969005)	(48.0, 0.19504600668677005)	(49.0, 0.29200307721404783)	(50.0, 0.4454986616601693)	(51.0, 0.6742815665458491)	(52.0, 0.9892870743500627)	(53.0, 1.4183189166512404)	(54.0, 1.9674015395563307)	(55.0, 2.6333584169362148)	(56.0, 3.3817954382894073)	(57.0, 4.185547828442761)	(58.0, 4.988186608861193)	(59.0, 5.703863422520694)	(60.0, 6.308087983201653)	(61.0, 6.740186816248187)	(62.0, 6.965738427312868)	(63.0, 7.018744425105364)	(64.0, 6.865440527580827)	(65.0, 6.527505612775624)	(66.0, 6.069136543523337)	(67.0, 5.48478352704666)	(68.0, 4.776911109480251)	(69.0, 4.027287454802962)	(70.0, 3.2918668882202367)	(71.0, 2.5798229981221983)	(72.0, 1.9514732691675054)	(73.0, 1.4146403533465433)	(74.0, 0.9712867596183934)	(75.0, 0.6461674847134244)	(76.0, 0.42416664567238477)	(77.0, 0.26939314841569845)	(78.0, 0.1631346982172386)	(79.0, 0.09546008694918763)	(80.0, 0.05584478982168004)	(81.0, 0.0322764264154071)	(82.0, 0.0186666549828924)	(83.0, 0.011692902216667562)	(84.0, 0.006873345331109035)	(85.0, 0.003395596896643507)	(86.0, 0.0017069263969686447)	(87.0, 0.001049714094392482)	(88.0, 0.0007119799944575096)	(89.0, 0.0005568048674603601)	(90.0, 0.00041075768911010165)	(91.0, 0.00041075768911010165)	(92.0, 0.0006937240971637273)	(93.0, 0.0012870407592116518)	(94.0, 0.0020264045996098348)	(95.0, 0.002327626904957243)	(96.0, 0.0021907076752538755)	(97.0, 0.0017799499861437741)	(98.0, 0.0015243674240308217)	(99.0, 0.0014513438348556925)	(100.0, 0.0008397712755139855)
IDDLNTM5_R2	(0.0, 0.0)	(1.0, 9.13395743228746e-06)	(2.0, 9.13395743228746e-06)	(3.0, 0.0)	(4.0, 0.0)	(5.0, 0.0)	(6.0, 0.0)	(7.0, 0.0)	(8.0, 0.0)	(9.0, 0.0)	(10.0, 0.0)	(11.0, 0.0)	(12.0, 0.0)	(13.0, 0.0)	(14.0, 0.0)	(15.0, 0.0)	(16.0, 0.0)	(17.0, 0.0)	(18.0, 0.0)	(19.0, 0.0)	(20.0, 0.0)	(21.0, 0.0)	(22.0, 9.13395743228746e-06)	(23.0, 9.13395743228746e-06)	(24.0, 0.0)	(25.0, 0.0)	(26.0, 0.0)	(27.0, 9.13395743228746e-06)	(28.0, 9.13395743228746e-06)	(29.0, 5.4803744593724775e-05)	(30.0, 0.00019181310607803672)	(31.0, 0.00022834893580718656)	(32.0, 0.0003288224675623486)	(33.0, 0.0005115016162080978)	(34.0, 0.0006119751479632599)	(35.0, 0.0007672524243121469)	(36.0, 0.0011143428067390702)	(37.0, 0.0019912027202386665)	(38.0, 0.0034709038242692353)	(39.0, 0.005589981948559927)	(40.0, 0.009006082028235437)	(41.0, 0.01360046261667603)	(42.0, 0.02077061920102169)	(43.0, 0.032589960118401665)	(44.0, 0.04785280298775401)	(45.0, 0.070221864739426)	(46.0, 0.09999856596868313)	(47.0, 0.13771267620659805)	(48.0, 0.19535708156176423)	(49.0, 0.29021322949606954)	(50.0, 0.43609166364713253)	(51.0, 0.6623489232023253)	(52.0, 1.0075029066536039)	(53.0, 1.4927261273290107)	(54.0, 2.123334548454137)	(55.0, 2.8864127542197284)	(56.0, 3.71857108004571)	(57.0, 4.535000731173292)	(58.0, 5.255551231134153)	(59.0, 5.813188466332735)	(60.0, 6.231943878773386)	(61.0, 6.507506240548066)	(62.0, 6.646452001008024)	(63.0, 6.693117389529581)	(64.0, 6.581756180515132)	(65.0, 6.307244223845164)	(66.0, 5.9188318179945725)	(67.0, 5.401639746306159)	(68.0, 4.743967409309165)	(69.0, 4.00587057712088)	(70.0, 3.274204050964925)	(71.0, 2.579420444920547)	(72.0, 1.9568042365486722)	(73.0, 1.4189694210632895)	(74.0, 0.9724285101136201)	(75.0, 0.64839223624579)	(76.0, 0.4241809831554297)	(77.0, 0.27038340791057347)	(78.0, 0.16771772637166238)	(79.0, 0.0995784039267979)	(80.0, 0.05874961420447296)	(81.0, 0.03471817220012464)	(82.0, 0.021638345157088998)	(83.0, 0.014102830275451842)	(84.0, 0.009042617857964588)	(85.0, 0.005736125267476526)	(86.0, 0.004201620418852232)	(87.0, 0.0031694832290037494)	(88.0, 0.0026762495276602266)	(89.0, 0.0025392401661759145)	(90.0, 0.002466168506717615)	(91.0, 0.0024479005918530395)	(92.0, 0.0023474270600978776)	(93.0, 0.0023656949749624526)	(94.0, 0.0024844364215821893)	(95.0, 0.0026214457830665014)	(96.0, 0.0033978321648109357)	(97.0, 0.005845732756663976)	(98.0, 0.009481047814714386)	(99.0, 0.018149173417955185)	(100.0, 0.07844242642848472)
IDDLNTM6.A_R1	(0.0, 0.0)	(1.0, 0.0)	(2.0, 0.0)	(3.0, 0.0)	(4.0, 0.0)	(5.0, 0.0)	(6.0, 0.0)	(7.0, 0.0)	(8.0, 0.0)	(9.0, 0.0)	(10.0, 0.0)	(11.0, 0.0)	(12.0, 0.0)	(13.0, 0.0)	(14.0, 0.0)	(15.0, 0.0)	(16.0, 0.0)	(17.0, 0.0)	(18.0, 0.0)	(19.0, 0.0)	(20.0, 0.0)	(21.0, 0.0)	(22.0, 0.0)	(23.0, 0.0)	(24.0, 0.0)	(25.0, 0.0)	(26.0, 0.0)	(27.0, 0.0)	(28.0, 0.0)	(29.0, 0.0)	(30.0, 0.0)	(31.0, 0.0)	(32.0, 0.0)	(33.0, 0.0)	(34.0, 2.1158040938904993e-05)	(35.0, 5.289510234726248e-05)	(36.0, 0.00011636922516397747)	(37.0, 0.0002644755117363124)	(38.0, 0.0005606880848809823)	(39.0, 0.0010896391083536072)	(40.0, 0.0016926432751123994)	(41.0, 0.0029938627928550567)	(42.0, 0.00496156060017322)	(43.0, 0.007447630410494558)	(44.0, 0.010642494592269212)	(45.0, 0.016460955850468084)	(46.0, 0.02596091623203643)	(47.0, 0.0373016261752895)	(48.0, 0.05731713290349363)	(49.0, 0.08642001821495744)	(50.0, 0.128048463762253)	(51.0, 0.19274975295342447)	(52.0, 0.2911240642988633)	(53.0, 0.43098929392549473)	(54.0, 0.6262462747301795)	(55.0, 0.8928693276217907)	(56.0, 1.243309959692874)	(57.0, 1.6791444449933781)	(58.0, 2.2036417008483635)	(59.0, 2.8017266230888604)	(60.0, 3.4353147380248394)	(61.0, 4.062333281249289)	(62.0, 4.663602488651091)	(63.0, 5.201630311686507)	(64.0, 5.596968306629947)	(65.0, 5.831208977864563)	(66.0, 5.9395698845331655)	(67.0, 6.0016687346888515)	(68.0, 6.010206004207699)	(69.0, 5.91183169286226)	(70.0, 5.691735171995302)	(71.0, 5.337676514923666)	(72.0, 4.893600972677458)	(73.0, 4.375842552861514)	(74.0, 3.8006188938555043)	(75.0, 3.200238324173136)	(76.0, 2.619439521379724)	(77.0, 2.065670115885764)	(78.0, 1.546462370265505)	(79.0, 1.1076022851107374)	(80.0, 0.7627791129089334)	(81.0, 0.5018475730298876)	(82.0, 0.30893913476942125)	(83.0, 0.18000203328773423)	(84.0, 0.09947452947426183)	(85.0, 0.0521545709144008)	(86.0, 0.02575991484311683)	(87.0, 0.01296987909554876)	(88.0, 0.005564564766932013)	(89.0, 0.002232173319054477)	(90.0, 0.0011848502925786797)	(91.0, 0.0006770573100449598)	(92.0, 0.0005183720030031723)	(93.0, 0.0007616894738005797)	(94.0, 0.0010473230264757972)	(95.0, 0.001449325804314992)	(96.0, 0.0016926432751123994)	(97.0, 0.001364693640559372)	(98.0, 0.001280061476803752)	(99.0, 0.0012906404972732046)	(100.0, 0.0006347412281671498)
IDDLNTM6.A_R2	(0.0, 0.0)	(1.0, 0.0)	(2.0, 0.0)	(3.0, 0.0)	(4.0, 0.0)	(5.0, 0.0)	(6.0, 0.0)	(7.0, 0.0)	(8.0, 0.0)	(9.0, 0.0)	(10.0, 0.0)	(11.0, 0.0)	(12.0, 0.0)	(13.0, 0.0)	(14.0, 0.0)	(15.0, 0.0)	(16.0, 0.0)	(17.0, 0.0)	(18.0, 0.0)	(19.0, 0.0)	(20.0, 0.0)	(21.0, 0.0)	(22.0, 0.0)	(23.0, 0.0)	(24.0, 0.0)	(25.0, 0.0)	(26.0, 1.0585820357146525e-05)	(27.0, 1.0585820357146525e-05)	(28.0, 0.0)	(29.0, 0.0)	(30.0, 0.0)	(31.0, 2.117164071429305e-05)	(32.0, 3.1757461071439574e-05)	(33.0, 4.23432814285861e-05)	(34.0, 8.46865628571722e-05)	(35.0, 0.00014820148500005134)	(36.0, 0.00032816043107154226)	(37.0, 0.0007198357842859637)	(38.0, 0.0013973282871433412)	(39.0, 0.0021700931732150375)	(40.0, 0.0034298057957154737)	(41.0, 0.005663413891073391)	(42.0, 0.009167320429288889)	(43.0, 0.013147588883575983)	(44.0, 0.018800416954292225)	(45.0, 0.029523852976081656)	(46.0, 0.045233210386087096)	(47.0, 0.0665530525853802)	(48.0, 0.10251308433860695)	(49.0, 0.16243941338041343)	(50.0, 0.2577541398761607)	(51.0, 0.40448419584656864)	(52.0, 0.6168886813127137)	(53.0, 0.9029175473628128)	(54.0, 1.2551607197468635)	(55.0, 1.6684734897712925)	(56.0, 2.095727785206083)	(57.0, 2.4937017015330065)	(58.0, 2.8589019180342046)	(59.0, 3.16757385382824)	(60.0, 3.4414713697490495)	(61.0, 3.7253195568055766)	(62.0, 4.045519450968545)	(63.0, 4.384996124001876)	(64.0, 4.717210924270206)	(65.0, 5.03408687084103)	(66.0, 5.293174824082191)	(67.0, 5.502498835824406)	(68.0, 5.646434235220528)	(69.0, 5.66950073777875)	(70.0, 5.536839237062989)	(71.0, 5.233851886800742)	(72.0, 4.8255991389070285)	(73.0, 4.338291484586146)	(74.0, 3.7870243036673834)	(75.0, 3.1931915390925347)	(76.0, 2.6168042064662633)	(77.0, 2.0713380551032174)	(78.0, 1.5488431339151794)	(79.0, 1.1132260403982428)	(80.0, 0.7656829722527653)	(81.0, 0.5000423962105304)	(82.0, 0.3120805699490367)	(83.0, 0.18452143464542106)	(84.0, 0.1033917074282501)	(85.0, 0.05553321359359067)	(86.0, 0.02717380085679513)	(87.0, 0.013211103805718863)	(88.0, 0.007007813076430999)	(89.0, 0.004033197556072826)	(90.0, 0.002561768526429459)	(91.0, 0.002212436454643624)	(92.0, 0.002350052119286528)	(93.0, 0.002297123017500796)	(94.0, 0.002381809580357968)	(95.0, 0.002561768526429459)	(96.0, 0.002911100598215294)	(97.0, 0.0043296005260729286)	(98.0, 0.006827854130359508)	(99.0, 0.015190652212505262)	(100.0, 0.07545572750574042)
IDDLNTM6.B_R1	(0.0, 0.0)	(1.0, 0.0)	(2.0, 0.0)	(3.0, 0.0)	(4.0, 0.0)	(5.0, 0.0)	(6.0, 0.0)	(7.0, 0.0)	(8.0, 0.0)	(9.0, 0.0)	(10.0, 0.0)	(11.0, 0.0)	(12.0, 0.0)	(13.0, 0.0)	(14.0, 0.0)	(15.0, 0.0)	(16.0, 0.0)	(17.0, 0.0)	(18.0, 0.0)	(19.0, 0.0)	(20.0, 0.0)	(21.0, 0.0)	(22.0, 0.0)	(23.0, 0.0)	(24.0, 0.0)	(25.0, 0.0)	(26.0, 0.0)	(27.0, 0.0)	(28.0, 0.0)	(29.0, 0.0)	(30.0, 0.0)	(31.0, 2.0936653537640177e-05)	(32.0, 3.140498030646027e-05)	(33.0, 1.0468326768820089e-05)	(34.0, 2.0936653537640177e-05)	(35.0, 2.0936653537640177e-05)	(36.0, 0.00012561992122584107)	(37.0, 0.0003663914369087031)	(38.0, 0.0006280996061292053)	(39.0, 0.001046832676882009)	(40.0, 0.0014760340744036325)	(41.0, 0.0024181834835974407)	(42.0, 0.004176862380759216)	(43.0, 0.0072126771437170415)	(44.0, 0.010907996493110531)	(45.0, 0.017115714267020847)	(46.0, 0.02651627170542128)	(47.0, 0.03834548095418799)	(48.0, 0.05721987411837061)	(49.0, 0.0869185171615132)	(50.0, 0.13323039478677326)	(51.0, 0.20168278352808786)	(52.0, 0.30065034480051295)	(53.0, 0.4467044398790908)	(54.0, 0.646450582954947)	(55.0, 0.9126810693395795)	(56.0, 1.265840541212494)	(57.0, 1.7005587469412857)	(58.0, 2.2188246686120308)	(59.0, 2.8211303175828633)	(60.0, 3.4558773112102696)	(61.0, 4.081035317517436)	(62.0, 4.678619751115532)	(63.0, 5.207333062901558)	(64.0, 5.600261708169221)	(65.0, 5.841807880032976)	(66.0, 5.953881786419963)	(67.0, 5.998204681959147)	(68.0, 6.00243388597375)	(69.0, 5.907611782101778)	(70.0, 5.665290954057131)	(71.0, 5.293508328862486)	(72.0, 4.845034741759464)	(73.0, 4.3385980293374855)	(74.0, 3.783630154015258)	(75.0, 3.189332775022572)	(76.0, 2.6035042723858624)	(77.0, 2.045940252024967)	(78.0, 1.5327724054906373)	(79.0, 1.106303241255676)	(80.0, 0.7633399196555921)	(81.0, 0.49848078407767504)	(82.0, 0.30905641119587546)	(83.0, 0.1805053584747648)	(84.0, 0.10149042802371076)	(85.0, 0.053419871501288914)	(86.0, 0.0258986404260609)	(87.0, 0.012771358657960509)	(88.0, 0.005736643069313408)	(89.0, 0.0026484866725114825)	(90.0, 0.00119338925164549)	(91.0, 0.0006804412399733057)	(92.0, 0.0006071629525915652)	(93.0, 0.0008793394485808874)	(94.0, 0.0013085408461025112)	(95.0, 0.0017377422436241348)	(96.0, 0.0018110205310058753)	(97.0, 0.0016854006097800343)	(98.0, 0.0015597806885541932)	(99.0, 0.0012143259051831303)	(100.0, 0.0006595045864356655)
IDDLNTM6.B_R2	(0.0, 0.0)	(1.0, 0.0)	(2.0, 0.0)	(3.0, 0.0)	(4.0, 0.0)	(5.0, 0.0)	(6.0, 1.0475154034521289e-05)	(7.0, 1.0475154034521289e-05)	(8.0, 0.0)	(9.0, 0.0)	(10.0, 0.0)	(11.0, 0.0)	(12.0, 0.0)	(13.0, 0.0)	(14.0, 0.0)	(15.0, 0.0)	(16.0, 0.0)	(17.0, 0.0)	(18.0, 0.0)	(19.0, 0.0)	(20.0, 0.0)	(21.0, 0.0)	(22.0, 0.0)	(23.0, 0.0)	(24.0, 0.0)	(25.0, 0.0)	(26.0, 0.0)	(27.0, 0.0)	(28.0, 0.0)	(29.0, 0.0)	(30.0, 0.0)	(31.0, 1.0475154034521289e-05)	(32.0, 2.0950308069042577e-05)	(33.0, 2.0950308069042577e-05)	(34.0, 8.380123227617031e-05)	(35.0, 0.00015712731051781934)	(36.0, 0.00027235400489755354)	(37.0, 0.0006075589340022348)	(38.0, 0.0011103663276592567)	(39.0, 0.0018122016479721831)	(40.0, 0.0027444903570445775)	(41.0, 0.0044938410808096334)	(42.0, 0.007112629589439956)	(43.0, 0.010569430420831982)	(44.0, 0.016194588137369913)	(45.0, 0.023872876044674016)	(46.0, 0.034746085932507116)	(47.0, 0.04943225188890596)	(48.0, 0.0714929262856078)	(49.0, 0.10450013664838438)	(50.0, 0.1564673758136445)	(51.0, 0.24077141548347183)	(52.0, 0.3711032819809857)	(53.0, 0.5605150172331996)	(54.0, 0.8260287465462108)	(55.0, 1.1847713467664613)	(56.0, 1.6364914141971227)	(57.0, 2.1525708280158833)	(58.0, 2.685358112519705)	(59.0, 3.218899608114013)	(60.0, 3.7090949163134703)	(61.0, 4.106438459150932)	(62.0, 4.47432586884332)	(63.0, 4.815030253816125)	(64.0, 5.097084251349645)	(65.0, 5.320163131668811)	(66.0, 5.496271421297182)	(67.0, 5.664617621785974)	(68.0, 5.763503075871855)	(69.0, 5.738456982575315)	(70.0, 5.565208409998367)	(71.0, 5.255070524498295)	(72.0, 4.847786060482073)	(73.0, 4.340233422047413)	(74.0, 3.7785032869462087)	(75.0, 3.1939896918199207)	(76.0, 2.6167668039016596)	(77.0, 2.064631909896077)	(78.0, 1.5481230147619014)	(79.0, 1.1119061753023314)	(80.0, 0.7660899151606799)	(81.0, 0.5077830918234194)	(82.0, 0.31853895903575785)	(83.0, 0.18796616399545002)	(84.0, 0.1078626610934657)	(85.0, 0.05791712665686821)	(86.0, 0.029058077291762057)	(87.0, 0.015618454665471243)	(88.0, 0.008222995917099211)	(89.0, 0.0045357416969477185)	(90.0, 0.003079695286149259)	(91.0, 0.0026921145868719714)	(92.0, 0.002534987276354152)	(93.0, 0.0025140369682851095)	(94.0, 0.0026502139707338863)	(95.0, 0.002974943745804046)	(96.0, 0.003551077217702717)	(97.0, 0.004703344161500059)	(98.0, 0.007657337599235062)	(99.0, 0.017064025922235177)	(100.0, 0.07752661500949205)
IDDLNTM60_R1	(0.0, 0.0)	(1.0, 0.0)	(2.0, 0.0)	(3.0, 0.0)	(4.0, 0.0)	(5.0, 0.0)	(6.0, 0.0)	(7.0, 0.0)	(8.0, 0.0)	(9.0, 0.0)	(10.0, 0.0)	(11.0, 0.0)	(12.0, 0.0)	(13.0, 0.0)	(14.0, 0.0)	(15.0, 0.0)	(16.0, 0.0)	(17.0, 0.0)	(18.0, 0.0)	(19.0, 0.0)	(20.0, 0.0)	(21.0, 0.0)	(22.0, 0.0)	(23.0, 0.0)	(24.0, 2.8120682157131904e-05)	(25.0, 2.8120682157131904e-05)	(26.0, 0.0)	(27.0, 0.0)	(28.0, 0.0)	(29.0, 0.0)	(30.0, 0.0)	(31.0, 9.842238754996166e-05)	(32.0, 0.0002109051161784893)	(33.0, 0.00028120682157131905)	(34.0, 0.0003515085269641488)	(35.0, 0.00028120682157131905)	(36.0, 0.00016872409294279144)	(37.0, 0.00033744818588558287)	(38.0, 0.000871741146871089)	(39.0, 0.0016028788829565185)	(40.0, 0.0027698871924774927)	(41.0, 0.004682093579162462)	(42.0, 0.006917687810654449)	(43.0, 0.009743816367446204)	(44.0, 0.014847720178965646)	(45.0, 0.020893666842749004)	(46.0, 0.030018828202738306)	(47.0, 0.04420571235101135)	(48.0, 0.06604142204602427)	(49.0, 0.0944854920479632)	(50.0, 0.13420595559491202)	(51.0, 0.19556528406177381)	(52.0, 0.2867606562973526)	(53.0, 0.41558150125917387)	(54.0, 0.5887064809595565)	(55.0, 0.8268886588304637)	(56.0, 1.1471551079180389)	(57.0, 1.557478041613829)	(58.0, 2.0622161656521896)	(59.0, 2.6657563064496332)	(60.0, 3.3426351863128763)	(61.0, 4.083249592285259)	(62.0, 4.853264171452924)	(63.0, 5.539605660862042)	(64.0, 6.110807017178784)	(65.0, 6.5043559639678445)	(66.0, 6.71873398439274)	(67.0, 6.76569552359515)	(68.0, 6.633373653704766)	(69.0, 6.365313251041907)	(70.0, 5.921456403873736)	(71.0, 5.361517380760926)	(72.0, 4.75516517174777)	(73.0, 4.093176193086727)	(74.0, 3.4421261597848094)	(75.0, 2.816525343835096)	(76.0, 2.185665960321999)	(77.0, 1.6138178283156428)	(78.0, 1.1311403794295523)	(79.0, 0.7319813565501434)	(80.0, 0.436081478551723)	(81.0, 0.23409061861704453)	(82.0, 0.10560722184110886)	(83.0, 0.041070256290491144)	(84.0, 0.014566513357394326)	(85.0, 0.005188265857990836)	(86.0, 0.002376197642277646)	(87.0, 0.0013076117203066335)	(88.0, 0.000871741146871089)	(89.0, 0.0005764739842212041)	(90.0, 0.00044993091451411046)	(91.0, 0.0003796292091212807)	(92.0, 0.0003515085269641488)	(93.0, 0.0005764739842212041)	(94.0, 0.000871741146871089)	(95.0, 0.0009139221701067869)	(96.0, 0.0009982842165781826)	(97.0, 0.0010123445576567486)	(98.0, 0.0013216720613851995)	(99.0, 0.0016731805883493482)	(100.0, 0.0009279825111853529)
IDDLNTM60_R2	(0.0, 0.0)	(1.0, 0.0)	(2.0, 0.0)	(3.0, 0.0)	(4.0, 0.0)	(5.0, 0.0)	(6.0, 0.0)	(7.0, 0.0)	(8.0, 0.0)	(9.0, 0.0)	(10.0, 0.0)	(11.0, 0.0)	(12.0, 0.0)	(13.0, 0.0)	(14.0, 0.0)	(15.0, 0.0)	(16.0, 0.0)	(17.0, 0.0)	(18.0, 0.0)	(19.0, 0.0)	(20.0, 0.0)	(21.0, 0.0)	(22.0, 0.0)	(23.0, 0.0)	(24.0, 1.4067281556921706e-05)	(25.0, 1.4067281556921706e-05)	(26.0, 1.4067281556921706e-05)	(27.0, 1.4067281556921706e-05)	(28.0, 0.0)	(29.0, 0.0)	(30.0, 7.033640778460854e-05)	(31.0, 0.00016880737868306048)	(32.0, 0.0002532110680245907)	(33.0, 0.0003798166020368861)	(34.0, 0.00040795116515072956)	(35.0, 0.00040795116515072956)	(36.0, 0.0006189603885045551)	(37.0, 0.0011253825245537367)	(38.0, 0.0019412848548551957)	(39.0, 0.0032354747580919927)	(40.0, 0.005092355923605658)	(41.0, 0.00831376340014073)	(42.0, 0.012365140488534182)	(43.0, 0.017781043887949037)	(44.0, 0.02546177961802829)	(45.0, 0.035562087775898074)	(46.0, 0.055171878266246935)	(47.0, 0.08822998992501295)	(48.0, 0.13614315090788828)	(49.0, 0.2084067762657951)	(50.0, 0.3229425827022516)	(51.0, 0.4998949174067698)	(52.0, 0.7460442100897858)	(53.0, 1.0713641633751574)	(54.0, 1.4721691494949705)	(55.0, 1.9232224653361083)	(56.0, 2.373192600497363)	(57.0, 2.794662423224294)	(58.0, 3.1713420214739863)	(59.0, 3.4949598336909706)	(60.0, 3.781060205995644)	(61.0, 4.078822354711006)	(62.0, 4.39951417236415)	(63.0, 4.7070108799169015)	(64.0, 5.014141838149174)	(65.0, 5.255916206267987)	(66.0, 5.45486976932753)	(67.0, 5.616432498008776)	(68.0, 5.688091230259736)	(69.0, 5.656875932484926)	(70.0, 5.440788420489052)	(71.0, 5.051138788643877)	(72.0, 4.567097697551759)	(73.0, 4.008120197605917)	(74.0, 3.40836164842656)	(75.0, 2.8054660954600097)	(76.0, 2.1861821594796456)	(77.0, 1.614755115355929)	(78.0, 1.134469988439508)	(79.0, 0.7353671433880823)	(80.0, 0.43401783787570547)	(81.0, 0.23216641481543587)	(82.0, 0.10983733439644469)	(83.0, 0.04341163088466039)	(84.0, 0.01607890281956151)	(85.0, 0.006611622331753203)	(86.0, 0.0030103982531812456)	(87.0, 0.0018568811655136654)	(88.0, 0.0014207954372490925)	(89.0, 0.0011535170876675802)	(90.0, 0.001294189903236797)	(91.0, 0.001055046116769128)	(92.0, 0.0009987769905414412)	(93.0, 0.0011394498061106583)	(94.0, 0.0012660553401229535)	(95.0, 0.0013504590294644838)	(96.0, 0.0013223244663506403)	(97.0, 0.0016599392237167617)	(98.0, 0.002546177961802829)	(99.0, 0.0072024481571439135)	(100.0, 0.05512967642157617)
IDDLNTM61_R1	(0.0, 0.0)	(1.0, 0.0)	(2.0, 0.0)	(3.0, 0.0)	(4.0, 0.0)	(5.0, 0.0)	(6.0, 0.0)	(7.0, 0.0)	(8.0, 0.0)	(9.0, 0.0)	(10.0, 0.0)	(11.0, 0.0)	(12.0, 0.0)	(13.0, 0.0)	(14.0, 0.0)	(15.0, 0.0)	(16.0, 0.0)	(17.0, 0.0)	(18.0, 0.0)	(19.0, 0.0)	(20.0, 0.0)	(21.0, 0.0)	(22.0, 0.0)	(23.0, 0.0)	(24.0, 0.0)	(25.0, 0.0)	(26.0, 0.0)	(27.0, 0.0)	(28.0, 0.0)	(29.0, 1.2450149600997605e-05)	(30.0, 6.225074800498802e-05)	(31.0, 0.0001867522440149641)	(32.0, 0.0002614531416209497)	(33.0, 0.0002614531416209497)	(34.0, 0.0002365528424189545)	(35.0, 0.00019920239361596168)	(36.0, 0.00016185194481296888)	(37.0, 0.0002863534408229449)	(38.0, 0.0007221086768578612)	(39.0, 0.0016185194481296886)	(40.0, 0.002626981565810495)	(41.0, 0.004021398321122227)	(42.0, 0.006262425249301795)	(43.0, 0.009648865940773145)	(44.0, 0.014516874434763207)	(45.0, 0.02038089489683308)	(46.0, 0.030129362034414204)	(47.0, 0.045243843650025296)	(48.0, 0.06642154812132223)	(49.0, 0.09438458412516285)	(50.0, 0.13822156087027543)	(51.0, 0.20420735375556273)	(52.0, 0.301492822737758)	(53.0, 0.4388802235847666)	(54.0, 0.629305261732025)	(55.0, 0.8912190588882115)	(56.0, 1.2363994565758702)	(57.0, 1.6715446352803376)	(58.0, 2.1890724538946063)	(59.0, 2.802590925932566)	(60.0, 3.4811863299349404)	(61.0, 4.19841454814921)	(62.0, 4.931155652766324)	(63.0, 5.568267158298174)	(64.0, 6.068352317321445)	(65.0, 6.393276321608281)	(66.0, 6.552289632312222)	(67.0, 6.560046075513644)	(68.0, 6.417442061983817)	(69.0, 6.14879273389349)	(70.0, 5.721665451532065)	(71.0, 5.2036645272329585)	(72.0, 4.638365484599663)	(73.0, 4.024896813160106)	(74.0, 3.4165451532065605)	(75.0, 2.819411078043514)	(76.0, 2.235499061756726)	(77.0, 1.6935689499245024)	(78.0, 1.2121714654523288)	(79.0, 0.8204026079577372)	(80.0, 0.5239396456587823)	(81.0, 0.30284988904426674)	(82.0, 0.14906564117274432)	(83.0, 0.0645042250827686)	(84.0, 0.02614531416209497)	(85.0, 0.009225560854339227)	(86.0, 0.003436241289875339)	(87.0, 0.0017803713929426576)	(88.0, 0.0010458125664837988)	(89.0, 0.0006225074800498803)	(90.0, 0.00039840478723192336)	(91.0, 0.00033615403922693536)	(92.0, 0.0004357552360349162)	(93.0, 0.0006598579288528731)	(94.0, 0.001070712865685794)	(95.0, 0.001543818550523703)	(96.0, 0.0016932203457356743)	(97.0, 0.0015064681017207104)	(98.0, 0.0013321660073067438)	(99.0, 0.0014815678025187152)	(100.0, 0.0009337612200748204)
IDDLNTM61_R2	(0.0, 0.0)	(1.0, 0.0)	(2.0, 0.0)	(3.0, 0.0)	(4.0, 0.0)	(5.0, 0.0)	(6.0, 0.0)	(7.0, 1.2458014932425859e-05)	(8.0, 1.2458014932425859e-05)	(9.0, 0.0)	(10.0, 0.0)	(11.0, 0.0)	(12.0, 0.0)	(13.0, 1.2458014932425859e-05)	(14.0, 1.2458014932425859e-05)	(15.0, 0.0)	(16.0, 0.0)	(17.0, 0.0)	(18.0, 0.0)	(19.0, 0.0)	(20.0, 0.0)	(21.0, 0.0)	(22.0, 0.0)	(23.0, 1.2458014932425859e-05)	(24.0, 2.4916029864851718e-05)	(25.0, 1.2458014932425859e-05)	(26.0, 0.0)	(27.0, 1.2458014932425859e-05)	(28.0, 1.2458014932425859e-05)	(29.0, 0.0)	(30.0, 6.229007466212929e-05)	(31.0, 0.0002117862538512396)	(32.0, 0.00029899235837822064)	(33.0, 0.0002865343434457947)	(34.0, 0.0003239083882430723)	(35.0, 0.0002865343434457947)	(36.0, 0.00031145037331064646)	(37.0, 0.0005855267018240153)	(38.0, 0.0013454656127019928)	(39.0, 0.002790595344863392)	(40.0, 0.0043976792711463274)	(41.0, 0.005979847167564412)	(42.0, 0.008957312736414192)	(43.0, 0.014052640843776368)	(44.0, 0.020842258981948462)	(45.0, 0.028130197717417586)	(46.0, 0.03788482340950704)	(47.0, 0.0547280595981468)	(48.0, 0.07819895973083711)	(49.0, 0.10670289789622747)	(50.0, 0.15049282038370437)	(51.0, 0.21750448270522307)	(52.0, 0.3244067088403693)	(53.0, 0.4814524450785297)	(54.0, 0.703940133756723)	(55.0, 1.012799239961425)	(56.0, 1.4111940994854715)	(57.0, 1.9429146348163395)	(58.0, 2.59101794564593)	(59.0, 3.277280156213541)	(60.0, 3.955320076925751)	(61.0, 4.593768426182711)	(62.0, 5.156272716411603)	(63.0, 5.56889462898848)	(64.0, 5.840417064440702)	(65.0, 5.980868724788871)	(66.0, 6.02215458627493)	(67.0, 6.008961548461491)	(68.0, 5.930214436073627)	(69.0, 5.779584577525666)	(70.0, 5.489773776152643)	(71.0, 5.082359313817521)	(72.0, 4.591314197241023)	(73.0, 4.020512869067136)	(74.0, 3.4286325796275823)	(75.0, 2.842395770952419)	(76.0, 2.2527454661857704)	(77.0, 1.706586091548221)	(78.0, 1.234489615683943)	(79.0, 0.8288441914692248)	(80.0, 0.5188638639206046)	(81.0, 0.3029166330819347)	(82.0, 0.15611138511822842)	(83.0, 0.06810796763557217)	(84.0, 0.028341983971268823)	(85.0, 0.012296060738304321)	(86.0, 0.005419236495605249)	(87.0, 0.003376122046687408)	(88.0, 0.002553893061147301)	(89.0, 0.0020680304787826925)	(90.0, 0.0019060762846611564)	(91.0, 0.0018936182697287304)	(92.0, 0.00174412209053962)	(93.0, 0.0017814961353368978)	(94.0, 0.0018936182697287304)	(95.0, 0.0019185342995935823)	(96.0, 0.0022673587177015064)	(97.0, 0.003450870136281963)	(98.0, 0.005568732674794358)	(99.0, 0.011997068379926102)	(100.0, 0.07190766218996206)
IDDLNTM63_R1	(0.0, 0.0)	(1.0, 0.0)	(2.0, 0.0)	(3.0, 0.0)	(4.0, 0.0)	(5.0, 0.0)	(6.0, 0.0)	(7.0, 0.0)	(8.0, 0.0)	(9.0, 0.0)	(10.0, 0.0)	(11.0, 0.0)	(12.0, 0.0)	(13.0, 0.0)	(14.0, 0.0)	(15.0, 0.0)	(16.0, 0.0)	(17.0, 0.0)	(18.0, 0.0)	(19.0, 0.0)	(20.0, 0.0)	(21.0, 0.0)	(22.0, 0.0)	(23.0, 0.0)	(24.0, 0.0)	(25.0, 1.2656693023807998e-05)	(26.0, 1.2656693023807998e-05)	(27.0, 0.0)	(28.0, 0.0)	(29.0, 0.0)	(30.0, 0.0)	(31.0, 0.0)	(32.0, 1.2656693023807998e-05)	(33.0, 3.7970079071424e-05)	(34.0, 0.000177193702333312)	(35.0, 0.000278447246523776)	(36.0, 0.000265790553499968)	(37.0, 0.000531581106999936)	(38.0, 0.001063162213999872)	(39.0, 0.001923817339618816)	(40.0, 0.0032654268001424637)	(41.0, 0.004758916576951808)	(42.0, 0.0072649417956657915)	(43.0, 0.01150493395864147)	(44.0, 0.019377397019450047)	(45.0, 0.0311734349176391)	(46.0, 0.04571597520199449)	(47.0, 0.06548572970518259)	(48.0, 0.09326717089244115)	(49.0, 0.1362493004012931)	(50.0, 0.20231723798557086)	(51.0, 0.30325436485043966)	(52.0, 0.4521097315034455)	(53.0, 0.6467317001305412)	(54.0, 0.9049535512022718)	(55.0, 1.2440137006170644)	(56.0, 1.6900861895481536)	(57.0, 2.2354251218649686)	(58.0, 2.82927715854204)	(59.0, 3.463035748323178)	(60.0, 4.1225760217938126)	(61.0, 4.7396024633974765)	(62.0, 5.28443512799334)	(63.0, 5.735152623264166)	(64.0, 6.0360654999052015)	(65.0, 6.230004007109011)	(66.0, 6.321587837829286)	(67.0, 6.2694422625711965)	(68.0, 6.0919194862192665)	(69.0, 5.815839041290942)	(70.0, 5.420722398473704)	(71.0, 4.903456011283695)	(72.0, 4.2877838358335785)	(73.0, 3.6283827859862052)	(74.0, 2.9880553725257117)	(75.0, 2.382685745196975)	(76.0, 1.826917697828542)	(77.0, 1.320194335927365)	(78.0, 0.8995997700532011)	(79.0, 0.5757656223460497)	(80.0, 0.3434773352801015)	(81.0, 0.195912951315524)	(82.0, 0.10032960559972601)	(83.0, 0.04548815472756595)	(84.0, 0.018947069456640573)	(85.0, 0.007189001637522944)	(86.0, 0.0028224425443091838)	(87.0, 0.001544116548904576)	(88.0, 0.0009745653628332159)	(89.0, 0.000645491344214208)	(90.0, 0.000531581106999936)	(91.0, 0.000430327562809472)	(92.0, 0.00044298425583328)	(93.0, 0.000544237800023744)	(94.0, 0.0009112818977141759)	(95.0, 0.0010758189070236798)	(96.0, 0.0009745653628332159)	(97.0, 0.000987222055857024)	(98.0, 0.001088475600047488)	(99.0, 0.001215042530285568)	(100.0, 0.00069611811630944)
IDDLNTM63_R2	(0.0, 0.0)	(1.0, 0.0)	(2.0, 0.0)	(3.0, 0.0)	(4.0, 0.0)	(5.0, 0.0)	(6.0, 0.0)	(7.0, 0.0)	(8.0, 0.0)	(9.0, 0.0)	(10.0, 0.0)	(11.0, 0.0)	(12.0, 0.0)	(13.0, 0.0)	(14.0, 0.0)	(15.0, 0.0)	(16.0, 0.0)	(17.0, 0.0)	(18.0, 0.0)	(19.0, 0.0)	(20.0, 0.0)	(21.0, 0.0)	(22.0, 0.0)	(23.0, 0.0)	(24.0, 0.0)	(25.0, 1.2664682026561891e-05)	(26.0, 1.2664682026561891e-05)	(27.0, 0.0)	(28.0, 0.0)	(29.0, 1.2664682026561891e-05)	(30.0, 1.2664682026561891e-05)	(31.0, 1.2664682026561891e-05)	(32.0, 6.332341013280946e-05)	(33.0, 0.00011398213823905702)	(34.0, 0.00016464086634530457)	(35.0, 0.00025329364053123783)	(36.0, 0.0004052698248499805)	(37.0, 0.0010258392441515132)	(38.0, 0.001849043575878036)	(39.0, 0.0034574581932513963)	(40.0, 0.00576243032208566)	(41.0, 0.008067402450919924)	(42.0, 0.012487376478190025)	(43.0, 0.018528429804860046)	(44.0, 0.029179427389198598)	(45.0, 0.046454053673429016)	(46.0, 0.07030164992944506)	(47.0, 0.10307784701418722)	(48.0, 0.15367325171030197)	(49.0, 0.23762742886438074)	(50.0, 0.3663892510284355)	(51.0, 0.5573853206710153)	(52.0, 0.8209373536437683)	(53.0, 1.149598516915076)	(54.0, 1.5466109690837382)	(55.0, 1.9886590305388543)	(56.0, 2.4449928533199325)	(57.0, 2.8765925521031352)	(58.0, 3.262219455129918)	(59.0, 3.608281891505722)	(60.0, 3.954243010425313)	(61.0, 4.286906213217014)	(62.0, 4.607715273631854)	(63.0, 4.951574055335035)	(64.0, 5.274840064063028)	(65.0, 5.564937270563454)	(66.0, 5.773017996259866)	(67.0, 5.87087799427911)	(68.0, 5.831731462135007)	(69.0, 5.659073852066888)	(70.0, 5.334528710454213)	(71.0, 4.856183670310972)	(72.0, 4.2590312480765515)	(73.0, 3.616919204647837)	(74.0, 2.9960838270237464)	(75.0, 2.390344750375318)	(76.0, 1.8266524180550747)	(77.0, 1.31269429205314)	(78.0, 0.8974573624482552)	(79.0, 0.5819294744384923)	(80.0, 0.348595372781116)	(81.0, 0.19860754354054355)	(82.0, 0.10292587082986848)	(83.0, 0.04773318655811177)	(84.0, 0.021339989214756785)	(85.0, 0.008751295280354267)	(86.0, 0.004002039520393558)	(87.0, 0.0024949423592326926)	(88.0, 0.0021276665804623976)	(89.0, 0.001849043575878036)	(90.0, 0.0014057797049483699)	(91.0, 0.0015577558892671127)	(92.0, 0.0014944324791343032)	(93.0, 0.0013297916127889985)	(94.0, 0.0015324265252139888)	(95.0, 0.001722396755612417)	(96.0, 0.00187437293993116)	(97.0, 0.002862218138002987)	(98.0, 0.0046985970318544614)	(99.0, 0.010904291224869788)	(100.0, 0.07122617171738407)
IDDLNTM64_R1	(0.0, 0.0)	(1.0, 0.0)	(2.0, 0.0)	(3.0, 0.0)	(4.0, 0.0)	(5.0, 0.0)	(6.0, 0.0)	(7.0, 0.0)	(8.0, 0.0)	(9.0, 0.0)	(10.0, 0.0)	(11.0, 0.0)	(12.0, 0.0)	(13.0, 0.0)	(14.0, 0.0)	(15.0, 0.0)	(16.0, 0.0)	(17.0, 0.0)	(18.0, 0.0)	(19.0, 0.0)	(20.0, 0.0)	(21.0, 0.0)	(22.0, 0.0)	(23.0, 0.0)	(24.0, 0.0)	(25.0, 0.0)	(26.0, 0.0)	(27.0, 0.0)	(28.0, 0.0)	(29.0, 1.3105155109339585e-05)	(30.0, 3.931546532801876e-05)	(31.0, 6.552577554669793e-05)	(32.0, 0.00019657732664009377)	(33.0, 0.000380049498170848)	(34.0, 0.00039315465328018754)	(35.0, 0.0007469938412323564)	(36.0, 0.0013236206660432982)	(37.0, 0.0022016660583690506)	(38.0, 0.0029486598996014066)	(39.0, 0.004232965100316686)	(40.0, 0.00758788480830762)	(41.0, 0.013472099452401092)	(42.0, 0.022344289461423993)	(43.0, 0.03356230223501867)	(44.0, 0.04945885538264759)	(45.0, 0.07460764803747026)	(46.0, 0.10805200387650489)	(47.0, 0.15288473950555562)	(48.0, 0.21530459329134002)	(49.0, 0.30283392426661915)	(50.0, 0.43707002805158446)	(51.0, 0.6355476021825325)	(52.0, 0.909681236759698)	(53.0, 1.276533843735441)	(54.0, 1.7640980344233108)	(55.0, 2.3695562004747996)	(56.0, 3.0581403653848294)	(57.0, 3.7926187834877667)	(58.0, 4.566504403004488)	(59.0, 5.326433032329763)	(60.0, 5.984482185835031)	(61.0, 6.535960217991151)	(62.0, 6.913152792348162)	(63.0, 7.078592270448465)	(64.0, 7.061070678067279)	(65.0, 6.852449713881701)	(66.0, 6.438143340255039)	(67.0, 5.840168217770984)	(68.0, 5.112085115361404)	(69.0, 4.333049169886713)	(70.0, 3.5618370020122962)	(71.0, 2.790126838243726)	(72.0, 2.098371225797236)	(73.0, 1.5151131925009682)	(74.0, 1.036604663993652)	(75.0, 0.6849802472549614)	(76.0, 0.4350649393198555)	(77.0, 0.2717747066574843)	(78.0, 0.15693423243434154)	(79.0, 0.08106848950637467)	(80.0, 0.042198599452073465)	(81.0, 0.02053577805633513)	(82.0, 0.009252239507193748)	(83.0, 0.0038136001368178195)	(84.0, 0.0013367258211526376)	(85.0, 0.000537311359482923)	(86.0, 0.00022278763685877297)	(87.0, 0.0002621031021867917)	(88.0, 0.0003538391879521688)	(89.0, 0.0002883134124054709)	(90.0, 0.00031452372262415006)	(91.0, 0.0003538391879521688)	(92.0, 0.0005242062043735834)	(93.0, 0.0008125196167790543)	(94.0, 0.0011663588047312232)	(95.0, 0.001454672217136694)	(96.0, 0.0015070928375740525)	(97.0, 0.0015070928375740525)	(98.0, 0.0015988289233394295)	(99.0, 0.001389146441589996)	(100.0, 0.0007076783759043376)
IDDLNTM64_R2	(0.0, 0.0)	(1.0, 0.0)	(2.0, 0.0)	(3.0, 0.0)	(4.0, 0.0)	(5.0, 0.0)	(6.0, 0.0)	(7.0, 0.0)	(8.0, 0.0)	(9.0, 0.0)	(10.0, 0.0)	(11.0, 0.0)	(12.0, 0.0)	(13.0, 0.0)	(14.0, 0.0)	(15.0, 0.0)	(16.0, 0.0)	(17.0, 0.0)	(18.0, 0.0)	(19.0, 0.0)	(20.0, 0.0)	(21.0, 0.0)	(22.0, 0.0)	(23.0, 1.3112332830868739e-05)	(24.0, 1.3112332830868739e-05)	(25.0, 0.0)	(26.0, 0.0)	(27.0, 0.0)	(28.0, 1.3112332830868739e-05)	(29.0, 1.3112332830868739e-05)	(30.0, 2.6224665661737477e-05)	(31.0, 0.00010489866264694991)	(32.0, 0.00024913432378650605)	(33.0, 0.00043270698341866837)	(34.0, 0.0007211783056977807)	(35.0, 0.0010752112921312367)	(36.0, 0.0014161319457338239)	(37.0, 0.0027011405631589603)	(38.0, 0.004104160176061915)	(39.0, 0.005900549773890933)	(40.0, 0.009611339965026786)	(41.0, 0.016377303705755054)	(42.0, 0.028139066255044313)	(43.0, 0.04226104871388994)	(44.0, 0.058887486743431514)	(45.0, 0.08458765909193423)	(46.0, 0.11808966947480387)	(47.0, 0.1596819892143195)	(48.0, 0.21914641860230924)	(49.0, 0.3031571350496853)	(50.0, 0.4337559700451379)	(51.0, 0.6377707565606245)	(52.0, 0.9354207118213449)	(53.0, 1.3431355888643774)	(54.0, 1.8884381743017158)	(55.0, 2.567512779279577)	(56.0, 3.3150599863002346)	(57.0, 4.065046087227434)	(58.0, 4.79098416974282)	(59.0, 5.423496880838266)	(60.0, 5.93461561458553)	(61.0, 6.350420800985209)	(62.0, 6.639442841243216)	(63.0, 6.810309650362267)	(64.0, 6.824641430146407)	(65.0, 6.646851309292658)	(66.0, 6.293329703839606)	(67.0, 5.766305710368499)	(68.0, 5.084975784143728)	(69.0, 4.324880074603929)	(70.0, 3.5578086039981076)	(71.0, 2.8016990436388927)	(72.0, 2.1150455102847894)	(73.0, 1.5264722265055843)	(74.0, 1.0455643076006425)	(75.0, 0.6904167728765626)	(76.0, 0.4370602779185168)	(77.0, 0.27111059361104206)	(78.0, 0.15978688787696646)	(79.0, 0.08365668346094256)	(80.0, 0.04441147129815242)	(81.0, 0.022946582454020294)	(82.0, 0.010804562252635841)	(83.0, 0.004799113816097959)	(84.0, 0.002412669240879848)	(85.0, 0.0015472552740425113)	(86.0, 0.0012325592861016615)	(87.0, 0.0011276606234547116)	(88.0, 0.0011014359577929743)	(89.0, 0.001062098959300368)	(90.0, 0.0011276606234547116)	(91.0, 0.0011014359577929743)	(92.0, 0.0012850086174251364)	(93.0, 0.0013374579487486114)	(94.0, 0.0011932222876090551)	(95.0, 0.0012456716189325303)	(96.0, 0.0016652662695203298)	(97.0, 0.0027273652288206975)	(98.0, 0.0038550258522754097)	(99.0, 0.00925730697859333)	(100.0, 0.06202133429000913)
IDDLNTM67_R1	(0.0, 0.0)	(1.0, 0.0)	(2.0, 0.0)	(3.0, 0.0)	(4.0, 0.0)	(5.0, 0.0)	(6.0, 0.0)	(7.0, 0.0)	(8.0, 0.0)	(9.0, 0.0)	(10.0, 0.0)	(11.0, 0.0)	(12.0, 0.0)	(13.0, 1.2215393545776942e-05)	(14.0, 2.4430787091553885e-05)	(15.0, 2.4430787091553885e-05)	(16.0, 1.2215393545776942e-05)	(17.0, 0.0)	(18.0, 0.0)	(19.0, 0.0)	(20.0, 0.0)	(21.0, 0.0)	(22.0, 0.0)	(23.0, 0.0)	(24.0, 0.0)	(25.0, 0.0)	(26.0, 0.0)	(27.0, 0.0)	(28.0, 0.0)	(29.0, 0.0)	(30.0, 1.2215393545776942e-05)	(31.0, 4.886157418310777e-05)	(32.0, 0.00015880011609510026)	(33.0, 0.00018323090318665415)	(34.0, 0.000427538774102193)	(35.0, 0.0009039391223874937)	(36.0, 0.001062739238482594)	(37.0, 0.0011604623868488096)	(38.0, 0.001954462967324311)	(39.0, 0.003640187276641529)	(40.0, 0.006388650824441341)	(41.0, 0.010041053494628647)	(42.0, 0.015696780706323372)	(43.0, 0.02461401799474054)	(44.0, 0.03503374868928827)	(45.0, 0.052269668982379544)	(46.0, 0.07795864160914845)	(47.0, 0.10894909503478456)	(48.0, 0.15017604825178174)	(49.0, 0.21165612396767708)	(50.0, 0.3024653595869829)	(51.0, 0.44344321649879453)	(52.0, 0.6530471543507811)	(53.0, 0.9403532105474548)	(54.0, 1.3342385754310324)	(55.0, 1.8549197253197747)	(56.0, 2.501956906046033)	(57.0, 3.270085282991579)	(58.0, 4.138782994999506)	(59.0, 5.038971991568446)	(60.0, 5.899485389900703)	(61.0, 6.641301809148646)	(62.0, 7.20478569802179)	(63.0, 7.519527528122278)	(64.0, 7.546401393922989)	(65.0, 7.334757485348857)	(66.0, 6.893451962720573)	(67.0, 6.239329853737764)	(68.0, 5.433944526477599)	(69.0, 4.583325596917421)	(70.0, 3.7445067375224643)	(71.0, 2.9337588524957026)	(72.0, 2.2090806303924855)	(73.0, 1.6062998204825767)	(74.0, 1.1164991854775586)	(75.0, 0.73722343127473)	(76.0, 0.4708301288284265)	(77.0, 0.2944764922080447)	(78.0, 0.17916317713591043)	(79.0, 0.10398964525519912)	(80.0, 0.05648397975567259)	(81.0, 0.029622329348509086)	(82.0, 0.015440257441862056)	(83.0, 0.0068161895985435345)	(84.0, 0.0032370792896308895)	(85.0, 0.0013925548642185715)	(86.0, 0.0006718466450177319)	(87.0, 0.000427538774102193)	(88.0, 0.0002443078709155389)	(89.0, 0.0002809540515528697)	(90.0, 0.00026873865800709274)	(91.0, 0.00030538483864442356)	(92.0, 0.0005741234966515163)	(93.0, 0.0009039391223874937)	(94.0, 0.0015635703738594486)	(95.0, 0.002369786347880727)	(96.0, 0.0020766169027820803)	(97.0, 0.0014169856513101254)	(98.0, 0.0012337547481234713)	(99.0, 0.0011360315997572556)	(100.0, 0.0007207082192008397)
IDDLNTM67_R2	(0.0, 0.0)	(1.0, 0.0)	(2.0, 0.0)	(3.0, 0.0)	(4.0, 0.0)	(5.0, 0.0)	(6.0, 0.0)	(7.0, 0.0)	(8.0, 0.0)	(9.0, 0.0)	(10.0, 0.0)	(11.0, 0.0)	(12.0, 0.0)	(13.0, 0.0)	(14.0, 0.0)	(15.0, 0.0)	(16.0, 0.0)	(17.0, 0.0)	(18.0, 0.0)	(19.0, 0.0)	(20.0, 0.0)	(21.0, 0.0)	(22.0, 0.0)	(23.0, 0.0)	(24.0, 1.2222200086459844e-05)	(25.0, 1.2222200086459844e-05)	(26.0, 0.0)	(27.0, 0.0)	(28.0, 1.2222200086459844e-05)	(29.0, 1.2222200086459844e-05)	(30.0, 0.0)	(31.0, 3.6666600259379526e-05)	(32.0, 0.0001955552013833575)	(33.0, 0.00032999940233441577)	(34.0, 0.0005866656041500724)	(35.0, 0.0012711088089918238)	(36.0, 0.001857774413141896)	(37.0, 0.0023588846166867497)	(38.0, 0.003519993624900435)	(39.0, 0.005829989441241345)	(40.0, 0.009606649267957438)	(41.0, 0.01470330670401119)	(42.0, 0.023332179965051842)	(43.0, 0.036385489657390954)	(44.0, 0.05051435295733853)	(45.0, 0.07457986492757795)	(46.0, 0.11228535219430659)	(47.0, 0.15858304612181648)	(48.0, 0.22694181120538637)	(49.0, 0.34464159803799466)	(50.0, 0.5297957071477748)	(51.0, 0.7955674480278442)	(52.0, 1.1611701192141175)	(53.0, 1.6106048607934187)	(54.0, 2.129645031865109)	(55.0, 2.693284011052291)	(56.0, 3.2581574324482054)	(57.0, 3.812373095368727)	(58.0, 4.349819899770626)	(59.0, 4.880556716325058)	(60.0, 5.415962413312518)	(61.0, 5.9344281409801445)	(62.0, 6.370064018661833)	(63.0, 6.677207906834568)	(64.0, 6.795909914074266)	(65.0, 6.713911173694208)	(66.0, 6.443934995984396)	(67.0, 5.9414192394295995)	(68.0, 5.26121713801785)	(69.0, 4.50378295425976)	(70.0, 3.7142777174748)	(71.0, 2.9388402329893557)	(72.0, 2.2316392915866166)	(73.0, 1.6203948430626731)	(74.0, 1.1212524137317395)	(75.0, 0.7452853168721484)	(76.0, 0.4795869091925978)	(77.0, 0.29663279609838045)	(78.0, 0.17904300906655024)	(79.0, 0.10291092472799188)	(80.0, 0.05520767779053911)	(81.0, 0.030506611415803766)	(82.0, 0.016463303516461407)	(83.0, 0.00856776226060835)	(84.0, 0.004509991831903683)	(85.0, 0.002444440017291969)	(86.0, 0.0019555520138335746)	(87.0, 0.001857774413141896)	(88.0, 0.0014911084105481008)	(89.0, 0.0013688864096835023)	(90.0, 0.0015399972108939403)	(91.0, 0.00156444161106686)	(92.0, 0.001405553009942882)	(93.0, 0.0015399972108939403)	(94.0, 0.001869996613228356)	(95.0, 0.0022611070159950708)	(96.0, 0.0024322178172055085)	(97.0, 0.003397771624035837)	(98.0, 0.006269988644353899)	(99.0, 0.012625532689313018)	(100.0, 0.06443543885581629)
IDDLNTM68_R1	(0.0, 0.0)	(1.0, 0.0)	(2.0, 0.0)	(3.0, 0.0)	(4.0, 0.0)	(5.0, 0.0)	(6.0, 0.0)	(7.0, 0.0)	(8.0, 0.0)	(9.0, 0.0)	(10.0, 0.0)	(11.0, 0.0)	(12.0, 0.0)	(13.0, 0.0)	(14.0, 0.0)	(15.0, 0.0)	(16.0, 0.0)	(17.0, 0.0)	(18.0, 0.0)	(19.0, 0.0)	(20.0, 0.0)	(21.0, 0.0)	(22.0, 0.0)	(23.0, 0.0)	(24.0, 0.0)	(25.0, 0.0)	(26.0, 0.0)	(27.0, 0.0)	(28.0, 0.0)	(29.0, 0.0)	(30.0, 0.0)	(31.0, 6.607517637116452e-05)	(32.0, 0.0001762004703231054)	(33.0, 0.0002863257642750463)	(34.0, 0.00036341347004140487)	(35.0, 0.0007708770576635863)	(36.0, 0.0011673281158905734)	(37.0, 0.0015307415859319782)	(38.0, 0.0026980697018225515)	(39.0, 0.004382986699287247)	(40.0, 0.006574480048930871)	(41.0, 0.01031874004329686)	(42.0, 0.016717019621904625)	(43.0, 0.025736281196568584)	(44.0, 0.03671577300357709)	(45.0, 0.054864421446856944)	(46.0, 0.08295738393399707)	(47.0, 0.11731647564700261)	(48.0, 0.15981382658305662)	(49.0, 0.23256259576770874)	(50.0, 0.3444829320110663)	(51.0, 0.5075674798244955)	(52.0, 0.7424867568827759)	(53.0, 1.0685016770981015)	(54.0, 1.5088486774943324)	(55.0, 2.0615014526627524)	(56.0, 2.727638343248648)	(57.0, 3.498471350794653)	(58.0, 4.325809646667399)	(59.0, 5.139712656678009)	(60.0, 5.9131115835730945)	(61.0, 6.576175978457731)	(62.0, 7.033162910770099)	(63.0, 7.277123474461835)	(64.0, 7.2851846459791165)	(65.0, 7.069911721361863)	(66.0, 6.671236132197047)	(67.0, 6.073013510391313)	(68.0, 5.3145695984149)	(69.0, 4.502615806107241)	(70.0, 3.703392497780425)	(71.0, 2.929134593592514)	(72.0, 2.2241014491827933)	(73.0, 1.6171458915666712)	(74.0, 1.1185095730816779)	(75.0, 0.7487528861086412)	(76.0, 0.49056413443831587)	(77.0, 0.3119078700600822)	(78.0, 0.19070397153657603)	(79.0, 0.11138072230299301)	(80.0, 0.06271635490563032)	(81.0, 0.03608805882805102)	(82.0, 0.020593429969012943)	(83.0, 0.011981631981971169)	(84.0, 0.006860805813205918)	(85.0, 0.0031605959364207036)	(86.0, 0.001376566174399261)	(87.0, 0.0009030274104059152)	(88.0, 0.0005506264697597045)	(89.0, 0.0003524009406462108)	(90.0, 0.0003083508230654345)	(91.0, 0.0002973382936702404)	(92.0, 0.0005396139403645103)	(93.0, 0.0010682153513338266)	(94.0, 0.0017950422914166362)	(95.0, 0.0024778191139186697)	(96.0, 0.002169468290853235)	(97.0, 0.0015417541153271725)	(98.0, 0.0014206162919800373)	(99.0, 0.0013104909980280965)	(100.0, 0.000748851998873198)
IDDLNTM68_R2	(0.0, 0.0)	(1.0, 0.0)	(2.0, 0.0)	(3.0, 0.0)	(4.0, 0.0)	(5.0, 0.0)	(6.0, 0.0)	(7.0, 0.0)	(8.0, 0.0)	(9.0, 0.0)	(10.0, 0.0)	(11.0, 0.0)	(12.0, 0.0)	(13.0, 0.0)	(14.0, 0.0)	(15.0, 0.0)	(16.0, 0.0)	(17.0, 0.0)	(18.0, 0.0)	(19.0, 0.0)	(20.0, 1.1019703891740666e-05)	(21.0, 1.1019703891740666e-05)	(22.0, 0.0)	(23.0, 0.0)	(24.0, 0.0)	(25.0, 0.0)	(26.0, 0.0)	(27.0, 0.0)	(28.0, 2.2039407783481333e-05)	(29.0, 4.4078815566962665e-05)	(30.0, 3.3059111675222e-05)	(31.0, 2.2039407783481333e-05)	(32.0, 0.00015427585448436933)	(33.0, 0.00033059111675221996)	(34.0, 0.0006171034179374773)	(35.0, 0.001090950685282326)	(36.0, 0.0014986797292767305)	(37.0, 0.001972526996621579)	(38.0, 0.003327950575305681)	(39.0, 0.005620048984787739)	(40.0, 0.008870861632851236)	(41.0, 0.014424792394288533)	(42.0, 0.02339483136216543)	(43.0, 0.03410598354493736)	(44.0, 0.0476381799239949)	(45.0, 0.07060324283438245)	(46.0, 0.10219673389200293)	(47.0, 0.1412615841882236)	(48.0, 0.19514793621883544)	(49.0, 0.2864461829619069)	(50.0, 0.4345730426746849)	(51.0, 0.654383076203236)	(52.0, 0.9735687994275044)	(53.0, 1.4048138915268837)	(54.0, 1.9456058600140567)	(55.0, 2.5649021990259904)	(56.0, 3.217180511785904)	(57.0, 3.868511130011128)	(58.0, 4.503323212102632)	(59.0, 5.089516360623777)	(60.0, 5.628357841522112)	(61.0, 6.100463995652065)	(62.0, 6.479740164197996)	(63.0, 6.746372919562553)	(64.0, 6.830155728251457)	(65.0, 6.732311777396692)	(66.0, 6.439176634172498)	(67.0, 5.925614354001817)	(68.0, 5.245577407138608)	(69.0, 4.48532803564742)	(70.0, 3.7041412267619243)	(71.0, 2.9432967912605816)	(72.0, 2.2373194614362157)	(73.0, 1.626519314124814)	(74.0, 1.1380048209000586)	(75.0, 0.7610427901713939)	(76.0, 0.493506419087714)	(77.0, 0.3132020240110532)	(78.0, 0.19059679851154654)	(79.0, 0.11219160532181172)	(80.0, 0.06475178006786816)	(81.0, 0.039329323189622435)	(82.0, 0.023615225440000248)	(83.0, 0.013113447631171393)	(84.0, 0.007482378942491912)	(85.0, 0.004110349551619269)	(86.0, 0.002545551598992094)	(87.0, 0.0022259801861316143)	(88.0, 0.0019615072927298386)	(89.0, 0.0017521329187867658)	(90.0, 0.001454600913709768)	(91.0, 0.001586837360410656)	(92.0, 0.0018733496615959133)	(93.0, 0.0016970343993280626)	(94.0, 0.0016198964720858778)	(95.0, 0.001884369365487654)	(96.0, 0.002633709230126019)	(97.0, 0.004000152512701862)	(98.0, 0.006270211514400439)	(99.0, 0.013256703781764021)	(100.0, 0.07469155297821824)
IDDLNTM7.A_R1	(0.0, 0.0)	(1.0, 0.0)	(2.0, 9.990074860625968e-06)	(3.0, 9.990074860625968e-06)	(4.0, 0.0)	(5.0, 0.0)	(6.0, 0.0)	(7.0, 0.0)	(8.0, 0.0)	(9.0, 0.0)	(10.0, 0.0)	(11.0, 0.0)	(12.0, 0.0)	(13.0, 0.0)	(14.0, 0.0)	(15.0, 0.0)	(16.0, 0.0)	(17.0, 0.0)	(18.0, 0.0)	(19.0, 0.0)	(20.0, 0.0)	(21.0, 0.0)	(22.0, 0.0)	(23.0, 0.0)	(24.0, 0.0)	(25.0, 9.990074860625968e-06)	(26.0, 9.990074860625968e-06)	(27.0, 0.0)	(28.0, 0.0)	(29.0, 0.0)	(30.0, 0.0)	(31.0, 0.0)	(32.0, 0.0)	(33.0, 9.990074860625968e-06)	(34.0, 9.990074860625968e-06)	(35.0, 3.996029944250387e-05)	(36.0, 0.00022977172179439726)	(37.0, 0.0004595434435887945)	(38.0, 0.0007492556145469476)	(39.0, 0.0012887196570207499)	(40.0, 0.0020379752715676976)	(41.0, 0.003436585752055333)	(42.0, 0.005484551098483656)	(43.0, 0.008281772059458927)	(44.0, 0.012347732527733697)	(45.0, 0.017582531754701702)	(46.0, 0.028032150058916468)	(47.0, 0.044665624701858704)	(48.0, 0.0669035313416121)	(49.0, 0.10364702667899442)	(50.0, 0.1595714657487786)	(51.0, 0.23935220358573756)	(52.0, 0.36002231782723865)	(53.0, 0.5322711885741516)	(54.0, 0.7583565727449779)	(55.0, 1.0602866052576765)	(56.0, 1.4499095148969499)	(57.0, 1.9095928195337932)	(58.0, 2.416379327138488)	(59.0, 2.958890342444781)	(60.0, 3.5180648026185986)	(61.0, 4.0489573608619835)	(62.0, 4.555753858541539)	(63.0, 4.988424000755249)	(64.0, 5.314500044206081)	(65.0, 5.567159027506173)	(66.0, 5.723863341769952)	(67.0, 5.838169778325234)	(68.0, 5.91120721563127)	(69.0, 5.871206955889324)	(70.0, 5.684492456744224)	(71.0, 5.346288462412593)	(72.0, 4.894976840508955)	(73.0, 4.3747337020669965)	(74.0, 3.8044103183487206)	(75.0, 3.2023484667982363)	(76.0, 2.6108760946000147)	(77.0, 2.051182150533445)	(78.0, 1.5356842976502845)	(79.0, 1.0961909343067662)	(80.0, 0.7502446319581496)	(81.0, 0.4889142636790349)	(82.0, 0.3040978787574545)	(83.0, 0.17687427540738276)	(84.0, 0.09569492708993614)	(85.0, 0.04961071175786856)	(86.0, 0.024165991087854215)	(87.0, 0.011418655565695482)	(88.0, 0.005034997729755487)	(89.0, 0.002347667592247103)	(90.0, 0.0009990074860625967)	(91.0, 0.000649354865940688)	(92.0, 0.0004795235933100465)	(93.0, 0.0008991067374563371)	(94.0, 0.0013086998067420017)	(95.0, 0.0017582531754701705)	(96.0, 0.0019380745229614377)	(97.0, 0.0015984119777001547)	(98.0, 0.0013686402559057577)	(99.0, 0.0013786303307663835)	(100.0, 0.0008491563631532073)
IDDLNTM7.A_R2	(0.0, 1.9994631441457968e-05)	(1.0, 9.997315720728984e-06)	(2.0, 0.0)	(3.0, 0.0)	(4.0, 0.0)	(5.0, 0.0)	(6.0, 0.0)	(7.0, 9.997315720728984e-06)	(8.0, 9.997315720728984e-06)	(9.0, 0.0)	(10.0, 0.0)	(11.0, 0.0)	(12.0, 0.0)	(13.0, 0.0)	(14.0, 0.0)	(15.0, 0.0)	(16.0, 0.0)	(17.0, 0.0)	(18.0, 0.0)	(19.0, 0.0)	(20.0, 0.0)	(21.0, 0.0)	(22.0, 0.0)	(23.0, 0.0)	(24.0, 0.0)	(25.0, 0.0)	(26.0, 0.0)	(27.0, 0.0)	(28.0, 0.0)	(29.0, 9.997315720728984e-06)	(30.0, 1.9994631441457968e-05)	(31.0, 2.999194716218695e-05)	(32.0, 4.998657860364493e-05)	(33.0, 6.998121004510289e-05)	(34.0, 6.998121004510289e-05)	(35.0, 0.0001999463144145797)	(36.0, 0.0003699006816669724)	(37.0, 0.000659822837568113)	(38.0, 0.001319645675136226)	(39.0, 0.0021094336170738156)	(40.0, 0.003579039028020976)	(41.0, 0.0055685048564460445)	(42.0, 0.008247785469601412)	(43.0, 0.012246711757893006)	(44.0, 0.017565283721320827)	(45.0, 0.02450342083150674)	(46.0, 0.035400494967101334)	(47.0, 0.05257588337531373)	(48.0, 0.07649945989501819)	(49.0, 0.11194994144072318)	(50.0, 0.16924455783622097)	(51.0, 0.2542317387781381)	(52.0, 0.3839269156231552)	(53.0, 0.5759053694083138)	(54.0, 0.8399744668556492)	(55.0, 1.1989580797555857)	(56.0, 1.6500369650748774)	(57.0, 2.155761178123674)	(58.0, 2.67547163586577)	(59.0, 3.1847448959954257)	(60.0, 3.6614069122440625)	(61.0, 4.070707015166428)	(62.0, 4.450874940078589)	(63.0, 4.790943631634906)	(64.0, 5.073897658478699)	(65.0, 5.327329611999178)	(66.0, 5.530445075497229)	(67.0, 5.682994116079833)	(68.0, 5.768821071542291)	(69.0, 5.755004781216243)	(70.0, 5.590338993980117)	(71.0, 5.277682942130038)	(72.0, 4.861174774573027)	(73.0, 4.349932043246389)	(74.0, 3.786163415123039)	(75.0, 3.196641701703093)	(76.0, 2.6090494702172466)	(77.0, 2.056337873281024)	(78.0, 1.5469546426784408)	(79.0, 1.1044534542475346)	(80.0, 0.7520980616704415)	(81.0, 0.49110813746509063)	(82.0, 0.3046182100106121)	(83.0, 0.17902193261109392)	(84.0, 0.10000314915445203)	(85.0, 0.053325682054368405)	(86.0, 0.026312934976958684)	(87.0, 0.01368632522167798)	(88.0, 0.007318035107573616)	(89.0, 0.004258856497030548)	(90.0, 0.003169149083471088)	(91.0, 0.0028492349804077606)	(92.0, 0.002619296718830994)	(93.0, 0.0023293745629298533)	(94.0, 0.00245933966729933)	(95.0, 0.0027292671917590124)	(96.0, 0.0031991410306332754)	(97.0, 0.005148617596175427)	(98.0, 0.008827629781403694)	(99.0, 0.017655259562807387)	(100.0, 0.08475724268034032)
IDDLNTM7.B_R1	(0.0, 0.0)	(1.0, 0.0)	(2.0, 0.0)	(3.0, 0.0)	(4.0, 0.0)	(5.0, 0.0)	(6.0, 0.0)	(7.0, 0.0)	(8.0, 0.0)	(9.0, 0.0)	(10.0, 0.0)	(11.0, 0.0)	(12.0, 0.0)	(13.0, 0.0)	(14.0, 0.0)	(15.0, 0.0)	(16.0, 0.0)	(17.0, 0.0)	(18.0, 0.0)	(19.0, 0.0)	(20.0, 0.0)	(21.0, 0.0)	(22.0, 0.0)	(23.0, 0.0)	(24.0, 0.0)	(25.0, 0.0)	(26.0, 0.0)	(27.0, 0.0)	(28.0, 0.0)	(29.0, 0.0)	(30.0, 0.0)	(31.0, 0.0)	(32.0, 1.0528110001062285e-05)	(33.0, 1.0528110001062285e-05)	(34.0, 6.316866000637371e-05)	(35.0, 7.3696770007436e-05)	(36.0, 0.00010528110001062287)	(37.0, 0.00040006818004036684)	(38.0, 0.0008317206900839207)	(39.0, 0.0014739354001487202)	(40.0, 0.0023267123102347653)	(41.0, 0.0033584670903388696)	(42.0, 0.005474617200552388)	(43.0, 0.00870674697087851)	(44.0, 0.013297002931341667)	(45.0, 0.01910851965192805)	(46.0, 0.030015641613028575)	(47.0, 0.04740807933478347)	(48.0, 0.07340198292740627)	(49.0, 0.11367200368146951)	(50.0, 0.1765353484978124)	(51.0, 0.2705618989172997)	(52.0, 0.4003840233403988)	(53.0, 0.5882055057593499)	(54.0, 0.841269685854884)	(55.0, 1.1772532603187849)	(56.0, 1.6077055658222175)	(57.0, 2.0963677915215233)	(58.0, 2.6042648741927703)	(59.0, 3.1462625051574578)	(60.0, 3.7083688262241745)	(61.0, 4.212928498025084)	(62.0, 4.656414603709832)	(63.0, 5.020150276136533)	(64.0, 5.305377832285313)	(65.0, 5.50802289358576)	(66.0, 5.639719021589048)	(67.0, 5.750190479830194)	(68.0, 5.798535560955073)	(69.0, 5.764908777611679)	(70.0, 5.574697414222487)	(71.0, 5.224048182527106)	(72.0, 4.799070494224226)	(73.0, 4.297016512603569)	(74.0, 3.727740548626129)	(75.0, 3.1138885669041914)	(76.0, 2.5187239804341393)	(77.0, 1.9616711521679326)	(78.0, 1.4556901855168791)	(79.0, 1.0303440133639616)	(80.0, 0.6907071847296924)	(81.0, 0.44058034732445456)	(82.0, 0.26242366988647853)	(83.0, 0.14777255197491027)	(84.0, 0.07777114857784712)	(85.0, 0.03840654528387522)	(86.0, 0.01759247181177508)	(87.0, 0.00828562257083602)	(88.0, 0.0036637822803696754)	(89.0, 0.001695025710171028)	(90.0, 0.0009475299000956057)	(91.0, 0.0007053833700711732)	(92.0, 0.0007159114800722355)	(93.0, 0.0009159455700924188)	(94.0, 0.0015160478401529693)	(95.0, 0.0022214312102241426)	(96.0, 0.0023688247502390144)	(97.0, 0.0018424192501859003)	(98.0, 0.001579216500159343)	(99.0, 0.0014844635101497825)	(100.0, 0.0007474958100754224)
IDDLNTM7.B_R2	(0.0, 0.0)	(1.0, 0.0)	(2.0, 0.0)	(3.0, 0.0)	(4.0, 0.0)	(5.0, 0.0)	(6.0, 0.0)	(7.0, 0.0)	(8.0, 0.0)	(9.0, 0.0)	(10.0, 0.0)	(11.0, 0.0)	(12.0, 0.0)	(13.0, 0.0)	(14.0, 0.0)	(15.0, 0.0)	(16.0, 0.0)	(17.0, 0.0)	(18.0, 0.0)	(19.0, 0.0)	(20.0, 0.0)	(21.0, 0.0)	(22.0, 0.0)	(23.0, 0.0)	(24.0, 0.0)	(25.0, 0.0)	(26.0, 0.0)	(27.0, 0.0)	(28.0, 0.0)	(29.0, 0.0)	(30.0, 2.1071314071413e-05)	(31.0, 3.1606971107119505e-05)	(32.0, 4.2142628142826e-05)	(33.0, 5.26782851785325e-05)	(34.0, 5.26782851785325e-05)	(35.0, 0.000105356570357065)	(36.0, 0.00034767668217831454)	(37.0, 0.000863923876927933)	(38.0, 0.0016224911834988012)	(39.0, 0.0027498064863193967)	(40.0, 0.004098370586889829)	(41.0, 0.006005324510352706)	(42.0, 0.0093978060758502)	(43.0, 0.014307422254489428)	(44.0, 0.02083952961662746)	(45.0, 0.03020572872137054)	(46.0, 0.04659921106892985)	(47.0, 0.07154764692948284)	(48.0, 0.11159367932220327)	(49.0, 0.176503862319191)	(50.0, 0.27881562779293684)	(51.0, 0.43463799535103603)	(52.0, 0.6589105266701203)	(53.0, 0.9672365298200709)	(54.0, 1.3382918349606183)	(55.0, 1.74572676384546)	(56.0, 2.183314743166494)	(57.0, 2.5997155161887218)	(58.0, 2.945179710389538)	(59.0, 3.2458673621886014)	(60.0, 3.5276856522367144)	(61.0, 3.7845765777383464)	(62.0, 4.0788585500597)	(63.0, 4.409298897327599)	(64.0, 4.74245744411071)	(65.0, 5.064290159580436)	(66.0, 5.320264482919962)	(67.0, 5.5194200078659215)	(68.0, 5.6471121711386845)	(69.0, 5.659428354213425)	(70.0, 5.500582253086078)	(71.0, 5.183142906600242)	(72.0, 4.772821207687617)	(73.0, 4.261462557802565)	(74.0, 3.6901033410991664)	(75.0, 3.098705304713853)	(76.0, 2.5159991853829977)	(77.0, 1.9727701729649352)	(78.0, 1.4670059569658447)	(79.0, 1.0308508270016667)	(80.0, 0.6933305182057734)	(81.0, 0.44447829902238584)	(82.0, 0.26609908975083907)	(83.0, 0.14994347093217492)	(84.0, 0.07899635645372735)	(85.0, 0.04028835250454166)	(86.0, 0.02050238859148485)	(87.0, 0.009987802869849762)	(88.0, 0.005562826914853033)	(89.0, 0.0036664086484258624)	(90.0, 0.0026865925441051574)	(91.0, 0.0025180220315338536)	(92.0, 0.0025390933456052667)	(93.0, 0.0025812359737480924)	(94.0, 0.0025496290026409732)	(95.0, 0.0030869475114620047)	(96.0, 0.004298548070568253)	(97.0, 0.0066269282754593895)	(98.0, 0.010556728349777915)	(99.0, 0.021418990753591317)	(100.0, 0.08676113568904303)
IDDLNTM7.C_R1	(0.0, 0.0)	(1.0, 0.0)	(2.0, 0.0)	(3.0, 0.0)	(4.0, 0.0)	(5.0, 0.0)	(6.0, 0.0)	(7.0, 0.0)	(8.0, 0.0)	(9.0, 0.0)	(10.0, 0.0)	(11.0, 0.0)	(12.0, 0.0)	(13.0, 0.0)	(14.0, 0.0)	(15.0, 0.0)	(16.0, 0.0)	(17.0, 0.0)	(18.0, 0.0)	(19.0, 0.0)	(20.0, 0.0)	(21.0, 0.0)	(22.0, 0.0)	(23.0, 0.0)	(24.0, 0.0)	(25.0, 0.0)	(26.0, 9.143751663019833e-06)	(27.0, 9.143751663019833e-06)	(28.0, 9.143751663019833e-06)	(29.0, 9.143751663019833e-06)	(30.0, 0.0)	(31.0, 9.143751663019833e-06)	(32.0, 3.6575006652079334e-05)	(33.0, 4.571875831509917e-05)	(34.0, 9.143751663019834e-05)	(35.0, 0.00011886877161925783)	(36.0, 0.00018287503326039667)	(37.0, 0.00038403756984683297)	(38.0, 0.0006766376230634677)	(39.0, 0.0012435502261706974)	(40.0, 0.0020573441241794627)	(41.0, 0.003035725552122585)	(42.0, 0.005230225951247345)	(43.0, 0.008348245268337108)	(44.0, 0.012819539831553808)	(45.0, 0.01882698467415784)	(46.0, 0.02898569277177287)	(47.0, 0.04602050211997882)	(48.0, 0.0699405564704387)	(49.0, 0.1076036695704174)	(50.0, 0.16658086779689532)	(51.0, 0.2488106265024327)	(52.0, 0.3695081484542945)	(53.0, 0.5430382675150849)	(54.0, 0.7680202771836879)	(55.0, 1.0616444305865809)	(56.0, 1.4465140818347486)	(57.0, 1.9021015084447117)	(58.0, 2.4019995556136693)	(59.0, 2.945915623288404)	(60.0, 3.5071133816062465)	(61.0, 4.041209059994897)	(62.0, 4.546858526959895)	(63.0, 4.978708774252659)	(64.0, 5.330468900729032)	(65.0, 5.606893657253783)	(66.0, 5.7759799130063465)	(67.0, 5.881023332111118)	(68.0, 5.931853447605846)	(69.0, 5.889527021157727)	(70.0, 5.698696923950504)	(71.0, 5.366925038609492)	(72.0, 4.944154536718107)	(73.0, 4.423582467039061)	(74.0, 3.842158730042619)	(75.0, 3.22010930440738)	(76.0, 2.6003183854329066)	(77.0, 2.0363134953545172)	(78.0, 1.5092676494980537)	(79.0, 1.0541739854778935)	(80.0, 0.6982077332365315)	(81.0, 0.4358826417761555)	(82.0, 0.2545346150434831)	(83.0, 0.13670823111380953)	(84.0, 0.06732544349481503)	(85.0, 0.029314867831641587)	(86.0, 0.011301677055492515)	(87.0, 0.0049193383947046705)	(88.0, 0.0025053879556674345)	(89.0, 0.0012984127361488163)	(90.0, 0.0005669126031072297)	(91.0, 0.00045718758315099165)	(92.0, 0.0006674938714004479)	(93.0, 0.0009418064212910429)	(94.0, 0.0012526939778337172)	(95.0, 0.0017373128159737683)	(96.0, 0.0017830315742888676)	(97.0, 0.0015270065277243122)	(98.0, 0.001435569011094114)	(99.0, 0.0014630002660831734)	(100.0, 0.0010058126829321818)
IDDLNTM7.C_R2	(0.0, 0.0)	(1.0, 0.0)	(2.0, 0.0)	(3.0, 0.0)	(4.0, 9.151380581850268e-06)	(5.0, 9.151380581850268e-06)	(6.0, 0.0)	(7.0, 0.0)	(8.0, 0.0)	(9.0, 0.0)	(10.0, 0.0)	(11.0, 0.0)	(12.0, 0.0)	(13.0, 0.0)	(14.0, 9.151380581850268e-06)	(15.0, 9.151380581850268e-06)	(16.0, 0.0)	(17.0, 0.0)	(18.0, 0.0)	(19.0, 0.0)	(20.0, 9.151380581850268e-06)	(21.0, 9.151380581850268e-06)	(22.0, 0.0)	(23.0, 0.0)	(24.0, 0.0)	(25.0, 0.0)	(26.0, 9.151380581850268e-06)	(27.0, 9.151380581850268e-06)	(28.0, 9.151380581850268e-06)	(29.0, 1.8302761163700535e-05)	(30.0, 1.8302761163700535e-05)	(31.0, 9.151380581850268e-06)	(32.0, 6.405966407295188e-05)	(33.0, 8.23624252366524e-05)	(34.0, 8.23624252366524e-05)	(35.0, 0.00019217899221885562)	(36.0, 0.0003660552232740107)	(37.0, 0.0007046563048024706)	(38.0, 0.0014276153707686418)	(39.0, 0.002178028578480364)	(40.0, 0.0033585566735390487)	(41.0, 0.005161378648163552)	(42.0, 0.00789764144213678)	(43.0, 0.011869340614659798)	(44.0, 0.01740592586667921)	(45.0, 0.025605562868017052)	(46.0, 0.03894827575635474)	(47.0, 0.05737915624820118)	(48.0, 0.08465027038211499)	(49.0, 0.1311118295961688)	(50.0, 0.20272138264914716)	(51.0, 0.30753214445307825)	(52.0, 0.46704985937531024)	(53.0, 0.6934824691120315)	(54.0, 0.993235940070537)	(55.0, 1.3764683046966808)	(56.0, 1.821197946832858)	(57.0, 2.28459640535601)	(58.0, 2.727230381338944)	(59.0, 3.1411198709142862)	(60.0, 3.5329453819067873)	(61.0, 3.8956328971266765)	(62.0, 4.256435227946706)	(63.0, 4.602339111179482)	(64.0, 4.928265530602079)	(65.0, 5.24723690078247)	(66.0, 5.513212626013367)	(67.0, 5.692497322992395)	(68.0, 5.803466963927912)	(69.0, 5.821431124010084)	(70.0, 5.659936710882172)	(71.0, 5.33992208331545)	(72.0, 4.918089195395062)	(73.0, 4.3995719716274255)	(74.0, 3.8215067144136894)	(75.0, 3.2031753826398126)	(76.0, 2.5896942825743166)	(77.0, 2.0169459774786356)	(78.0, 1.495756550581099)	(79.0, 1.0561791357125032)	(80.0, 0.7030090562977376)	(81.0, 0.441947622439295)	(82.0, 0.25591835797144274)	(83.0, 0.13678568555691595)	(84.0, 0.06977927693660829)	(85.0, 0.03138923539574642)	(86.0, 0.013168836657282535)	(87.0, 0.006497480213113691)	(88.0, 0.003651400852158257)	(89.0, 0.0026172948464091767)	(90.0, 0.0020590606309163102)	(91.0, 0.0016838540270604494)	(92.0, 0.001738762310551551)	(93.0, 0.001876033019279305)	(94.0, 0.0021963313396440643)	(95.0, 0.0024617213765177224)	(96.0, 0.002836927980373583)	(97.0, 0.004365208537542578)	(98.0, 0.007028260286861006)	(99.0, 0.01606067292114722)	(100.0, 0.09543974808811645)
IDDLNTM70_R1	(0.0, 0.0)	(1.0, 0.0)	(2.0, 0.0)	(3.0, 0.0)	(4.0, 0.0)	(5.0, 0.0)	(6.0, 0.0)	(7.0, 0.0)	(8.0, 0.0)	(9.0, 0.0)	(10.0, 0.0)	(11.0, 0.0)	(12.0, 0.0)	(13.0, 0.0)	(14.0, 1.350873434236374e-05)	(15.0, 1.350873434236374e-05)	(16.0, 0.0)	(17.0, 0.0)	(18.0, 0.0)	(19.0, 0.0)	(20.0, 0.0)	(21.0, 0.0)	(22.0, 0.0)	(23.0, 0.0)	(24.0, 0.0)	(25.0, 0.0)	(26.0, 0.0)	(27.0, 0.0)	(28.0, 0.0)	(29.0, 0.0)	(30.0, 0.0)	(31.0, 2.701746868472748e-05)	(32.0, 0.0001891222807930924)	(33.0, 0.0004322794989556397)	(34.0, 0.0006078930454063684)	(35.0, 0.0009726288726501894)	(36.0, 0.0012157860908127368)	(37.0, 0.001364382168578738)	(38.0, 0.0024856071189949284)	(39.0, 0.004579460942061308)	(40.0, 0.007294716544876421)	(41.0, 0.010861022411260449)	(42.0, 0.017102057677432496)	(43.0, 0.026179927155500934)	(44.0, 0.038040595908096296)	(45.0, 0.056358439676341535)	(46.0, 0.08293012012777101)	(47.0, 0.11524301267470509)	(48.0, 0.15441834226755993)	(49.0, 0.2190441273614281)	(50.0, 0.3191708663070282)	(51.0, 0.466010808608522)	(52.0, 0.6845551127992826)	(53.0, 0.9825172661887998)	(54.0, 1.3866175453062686)	(55.0, 1.9162274751986392)	(56.0, 2.5740623114687264)	(57.0, 3.3542997896149713)	(58.0, 4.207187241054449)	(59.0, 5.074664125583679)	(60.0, 5.910814255172967)	(61.0, 6.6140654563020815)	(62.0, 7.106188648394392)	(63.0, 7.401219406431617)	(64.0, 7.427156176368954)	(65.0, 7.219783595479329)	(66.0, 6.820127689960498)	(67.0, 6.203359406091196)	(68.0, 5.4406157389183125)	(69.0, 4.612719446012208)	(70.0, 3.7795547467125825)	(71.0, 2.975987684357075)	(72.0, 2.2343311514926207)	(73.0, 1.6040811507496402)	(74.0, 1.1121740984068067)	(75.0, 0.7281342897877481)	(76.0, 0.4598778432170889)	(77.0, 0.28672288641667043)	(78.0, 0.16783251546952713)	(79.0, 0.09208904201189363)	(80.0, 0.04665916841852436)	(81.0, 0.02165450115080908)	(82.0, 0.010482777849674264)	(83.0, 0.00429577752087167)	(84.0, 0.001675083058453104)	(85.0, 0.0006484192484334597)	(86.0, 0.0003377183585590936)	(87.0, 0.00032420962421672985)	(88.0, 0.00027017468684727483)	(89.0, 0.00017561354645072863)	(90.0, 0.00022964848382018362)	(91.0, 0.00032420962421672985)	(92.0, 0.0005808755767216408)	(93.0, 0.0010401725443620082)	(94.0, 0.0012428035594974642)	(95.0, 0.0017696441988496504)	(96.0, 0.0017966616675343776)	(97.0, 0.001148242419100918)	(98.0, 0.0013508734342363743)	(99.0, 0.001580521918056558)	(100.0, 0.000891576466596007)
IDDLNTM70_R2	(0.0, 0.0)	(1.0, 0.0)	(2.0, 0.0)	(3.0, 0.0)	(4.0, 0.0)	(5.0, 0.0)	(6.0, 0.0)	(7.0, 0.0)	(8.0, 0.0)	(9.0, 0.0)	(10.0, 0.0)	(11.0, 0.0)	(12.0, 0.0)	(13.0, 0.0)	(14.0, 0.0)	(15.0, 0.0)	(16.0, 0.0)	(17.0, 0.0)	(18.0, 0.0)	(19.0, 0.0)	(20.0, 0.0)	(21.0, 0.0)	(22.0, 0.0)	(23.0, 0.0)	(24.0, 0.0)	(25.0, 0.0)	(26.0, 0.0)	(27.0, 0.0)	(28.0, 0.0)	(29.0, 0.0)	(30.0, 1.3514830296303194e-05)	(31.0, 5.4059321185212777e-05)	(32.0, 0.00014866313325933512)	(33.0, 0.00032435592711127666)	(34.0, 0.0005135635512595214)	(35.0, 0.0011082160842968618)	(36.0, 0.0017028686173342024)	(37.0, 0.0023245508109641494)	(38.0, 0.00393281561622423)	(39.0, 0.006378999899855108)	(40.0, 0.009960429928375453)	(41.0, 0.014433838756451812)	(42.0, 0.021826450928529657)	(43.0, 0.03220584059609051)	(44.0, 0.04669373867372754)	(45.0, 0.06816880401455332)	(46.0, 0.0960769285764194)	(47.0, 0.12678262300962026)	(48.0, 0.16538097833586218)	(49.0, 0.22907637352233912)	(50.0, 0.3207744970827563)	(51.0, 0.4468273192563762)	(52.0, 0.639427165808993)	(53.0, 0.9269686951931397)	(54.0, 1.322764015250675)	(55.0, 1.8573025831300591)	(56.0, 2.5483834303315227)	(57.0, 3.3645575467555693)	(58.0, 4.253346846361652)	(59.0, 5.122107167468614)	(60.0, 5.952363737061408)	(61.0, 6.626605105713679)	(62.0, 7.068648175045163)	(63.0, 7.321916094797885)	(64.0, 7.341309876273081)	(65.0, 7.156751353746764)	(66.0, 6.77122730471442)	(67.0, 6.201293396289017)	(68.0, 5.460896933336342)	(69.0, 4.633897437844958)	(70.0, 3.824751033174989)	(71.0, 3.0241054567613954)	(72.0, 2.268450750404195)	(73.0, 1.6321319955633513)	(74.0, 1.134299706768727)	(75.0, 0.743599477732898)	(76.0, 0.4701539163477955)	(77.0, 0.29510983435007654)	(78.0, 0.1739223510831258)	(79.0, 0.09460381207412236)	(80.0, 0.04788304373980222)	(81.0, 0.02490783223608679)	(82.0, 0.012176862096969178)	(83.0, 0.005743802875928857)	(84.0, 0.0032165296105201606)	(85.0, 0.0016623241264452928)	(86.0, 0.0011622754054820747)	(87.0, 0.0009730677813338299)	(88.0, 0.000986582611630133)	(89.0, 0.0010136122722227395)	(90.0, 0.0012163347266672874)	(91.0, 0.0011622754054820747)	(92.0, 0.0009325232904449204)	(93.0, 0.0009190084601486171)	(94.0, 0.0011217309145931651)	(95.0, 0.0013109385387414098)	(96.0, 0.0016488092961489897)	(97.0, 0.002446184283630878)	(98.0, 0.003662519010298166)	(99.0, 0.008581917238152529)	(100.0, 0.051667196222767116)
IDDLNTM71_R1	(0.0, 0.0)	(1.0, 0.0)	(2.0, 0.0)	(3.0, 0.0)	(4.0, 0.0)	(5.0, 0.0)	(6.0, 0.0)	(7.0, 0.0)	(8.0, 0.0)	(9.0, 0.0)	(10.0, 0.0)	(11.0, 0.0)	(12.0, 0.0)	(13.0, 0.0)	(14.0, 0.0)	(15.0, 0.0)	(16.0, 0.0)	(17.0, 0.0)	(18.0, 0.0)	(19.0, 0.0)	(20.0, 0.0)	(21.0, 0.0)	(22.0, 0.0)	(23.0, 0.0)	(24.0, 0.0)	(25.0, 0.0)	(26.0, 0.0)	(27.0, 0.0)	(28.0, 0.0)	(29.0, 0.0)	(30.0, 0.0)	(31.0, 0.0)	(32.0, 0.0002155126896026765)	(33.0, 0.00037355532864463925)	(34.0, 0.0004453928918455314)	(35.0, 0.0007183756320089217)	(36.0, 0.000962623346891955)	(37.0, 0.0013361786755365943)	(38.0, 0.0021551268960267648)	(39.0, 0.004051638564530318)	(40.0, 0.007313063933850823)	(41.0, 0.011752625339665958)	(42.0, 0.017743878110620365)	(43.0, 0.0271114963520167)	(44.0, 0.03939571965936926)	(45.0, 0.05945276730505836)	(46.0, 0.088733758065742)	(47.0, 0.126175496006047)	(48.0, 0.17831519937725454)	(49.0, 0.2627243361383028)	(50.0, 0.3871900981401686)	(51.0, 0.5711660974976533)	(52.0, 0.8374535767707205)	(53.0, 1.1883369704691582)	(54.0, 1.6564161647735314)	(55.0, 2.2343206256994286)	(56.0, 2.903659937067421)	(57.0, 3.6445781964087827)	(58.0, 4.424101962214304)	(59.0, 5.187002515895139)	(60.0, 5.899458732696307)	(61.0, 6.48111311442129)	(62.0, 6.875213986141385)	(63.0, 7.1230104766465425)	(64.0, 7.154144876537809)	(65.0, 6.952281323943302)	(66.0, 6.5727922125782685)	(67.0, 5.99961466331099)	(68.0, 5.2675611592686185)	(69.0, 4.485221360985623)	(70.0, 3.6897065536115834)	(71.0, 2.9051972609199206)	(72.0, 2.189752601489595)	(73.0, 1.576906349822784)	(74.0, 1.0883678175187967)	(75.0, 0.7264358066000618)	(76.0, 0.47185785012874004)	(77.0, 0.2976661268792168)	(78.0, 0.17590145725370454)	(79.0, 0.09521350626646248)	(80.0, 0.04981216632349863)	(81.0, 0.025631642550078323)	(82.0, 0.012327325845273095)	(83.0, 0.005474022315907983)	(84.0, 0.002629254813152653)	(85.0, 0.0011062984732937392)	(86.0, 0.0005890680182473158)	(87.0, 0.00038792284128481765)	(88.0, 0.000330452790724104)	(89.0, 0.0003448203033642824)	(90.0, 0.0002729827401633902)	(91.0, 0.000330452790724104)	(92.0, 0.0004166578665651745)	(93.0, 0.000660905581448208)	(94.0, 0.001364913700816951)	(95.0, 0.001724101516821412)	(96.0, 0.001594793903059806)	(97.0, 0.0013361786755365943)	(98.0, 0.00119250354913481)	(99.0, 0.0011781360364946315)	(100.0, 0.0006752730940883864)
IDDLNTM71_R2	(0.0, 0.0)	(1.0, 0.0)	(2.0, 0.0)	(3.0, 0.0)	(4.0, 0.0)	(5.0, 0.0)	(6.0, 0.0)	(7.0, 0.0)	(8.0, 0.0)	(9.0, 0.0)	(10.0, 0.0)	(11.0, 0.0)	(12.0, 0.0)	(13.0, 0.0)	(14.0, 0.0)	(15.0, 0.0)	(16.0, 0.0)	(17.0, 0.0)	(18.0, 0.0)	(19.0, 0.0)	(20.0, 0.0)	(21.0, 0.0)	(22.0, 0.0)	(23.0, 0.0)	(24.0, 0.0)	(25.0, 0.0)	(26.0, 1.437559667710958e-05)	(27.0, 1.437559667710958e-05)	(28.0, 0.0)	(29.0, 1.437559667710958e-05)	(30.0, 2.875119335421916e-05)	(31.0, 2.875119335421916e-05)	(32.0, 0.00015813156344820535)	(33.0, 0.0004025167069590683)	(34.0, 0.0005606482704072736)	(35.0, 0.0012075501208772047)	(36.0, 0.0018688275680242452)	(37.0, 0.0024007246450772997)	(38.0, 0.0034070164124749705)	(39.0, 0.005678360687458283)	(40.0, 0.010350429607518898)	(41.0, 0.01565502478137233)	(42.0, 0.024079124434158546)	(43.0, 0.03683027868675474)	(44.0, 0.053175332108628334)	(45.0, 0.079367669254322)	(46.0, 0.11593918720088875)	(47.0, 0.16658441429434578)	(48.0, 0.23938243586722874)	(49.0, 0.3582398691935707)	(50.0, 0.5408530737828937)	(51.0, 0.8163757596963759)	(52.0, 1.1987666313074907)	(53.0, 1.6487371828976978)	(54.0, 2.168314373598469)	(55.0, 2.7396724635301895)	(56.0, 3.3022614394888725)	(57.0, 3.851322978974396)	(58.0, 4.393973002341928)	(59.0, 4.9070236721512925)	(60.0, 5.446870454166788)	(61.0, 5.958196052374899)	(62.0, 6.356400080330834)	(63.0, 6.6491878578535255)	(64.0, 6.764336387237173)	(65.0, 6.679865381162477)	(66.0, 6.392813466713952)	(67.0, 5.896740376580255)	(68.0, 5.229856446729142)	(69.0, 4.468711729466221)	(70.0, 3.690718812897728)	(71.0, 2.9211643715786977)	(72.0, 2.2037214682141903)	(73.0, 1.594871822148568)	(74.0, 1.1054115064863412)	(75.0, 0.7311572225944702)	(76.0, 0.4679256718399168)	(77.0, 0.2908326963746039)	(78.0, 0.1704658253971654)	(79.0, 0.09607211259312332)	(80.0, 0.05265781062825239)	(81.0, 0.027443014056602186)	(82.0, 0.0139587043734734)	(83.0, 0.006943413195043926)	(84.0, 0.003795157522756929)	(85.0, 0.0019694567447640123)	(86.0, 0.0012219257175543142)	(87.0, 0.0013513060876483003)	(88.0, 0.00136568168432541)	(89.0, 0.0010925453474603282)	(90.0, 0.0012219257175543142)	(91.0, 0.0012650525075856428)	(92.0, 0.0012794281042627527)	(93.0, 0.0013225548942940814)	(94.0, 0.0012794281042627527)	(95.0, 0.0014375596677109579)	(96.0, 0.0015669400378049442)	(97.0, 0.0027888657553592584)	(98.0, 0.004715195710091942)	(99.0, 0.009832908127142952)	(100.0, 0.0634826349261159)
IDDLNTM72_R1	(0.0, 0.0)	(1.0, 0.0)	(2.0, 0.0)	(3.0, 0.0)	(4.0, 0.0)	(5.0, 0.0)	(6.0, 0.0)	(7.0, 0.0)	(8.0, 0.0)	(9.0, 0.0)	(10.0, 0.0)	(11.0, 0.0)	(12.0, 0.0)	(13.0, 0.0)	(14.0, 0.0)	(15.0, 0.0)	(16.0, 0.0)	(17.0, 0.0)	(18.0, 0.0)	(19.0, 0.0)	(20.0, 0.0)	(21.0, 0.0)	(22.0, 0.0)	(23.0, 0.0)	(24.0, 0.0)	(25.0, 0.0)	(26.0, 0.0)	(27.0, 0.0)	(28.0, 0.0)	(29.0, 0.0)	(30.0, 0.0)	(31.0, 0.0)	(32.0, 7.17547994991515e-05)	(33.0, 0.00021526439849745452)	(34.0, 0.000287019197996606)	(35.0, 0.0005501201294934948)	(36.0, 0.0014590142564827472)	(37.0, 0.002415744916471434)	(38.0, 0.0028223554469666255)	(39.0, 0.0036834130409564435)	(40.0, 0.006290504089425614)	(41.0, 0.011935214983358866)	(42.0, 0.019732569862266663)	(43.0, 0.03080672725163571)	(44.0, 0.045827398613458095)	(45.0, 0.07115684283665857)	(46.0, 0.10641236765724167)	(47.0, 0.1486759445622419)	(48.0, 0.20954793280402206)	(49.0, 0.29845212938347077)	(50.0, 0.4281848068779367)	(51.0, 0.6243863469751166)	(52.0, 0.9310902783009899)	(53.0, 1.3555438356049707)	(54.0, 1.929032111468689)	(55.0, 2.6784392374378276)	(56.0, 3.5845827637796126)	(57.0, 4.595512215656658)	(58.0, 5.608522556719179)	(59.0, 6.544874853650107)	(60.0, 7.29552572947723)	(61.0, 7.732679886292561)	(62.0, 7.813380117462606)	(63.0, 7.558650579240619)	(64.0, 7.044862296560195)	(65.0, 6.366851196092712)	(66.0, 5.602877845825246)	(67.0, 4.824099088594455)	(68.0, 4.0448898025666695)	(69.0, 3.3110295498223468)	(70.0, 2.6584196483775644)	(71.0, 2.066370797710065)	(72.0, 1.5482293905266922)	(73.0, 1.1062915804114182)	(74.0, 0.7446713092021943)	(75.0, 0.4721226624379172)	(76.0, 0.2767104251352279)	(77.0, 0.15190491053970373)	(78.0, 0.07716032772808758)	(79.0, 0.034322712427094136)	(80.0, 0.013800839770336805)	(81.0, 0.004664061967444847)	(82.0, 0.0017938699874787876)	(83.0, 0.0008371393274901008)	(84.0, 0.0005022835964940605)	(85.0, 0.00031093746449632314)	(86.0, 0.000143509598998303)	(87.0, 0.000143509598998303)	(88.0, 0.00019134613199773735)	(89.0, 0.00019134613199773735)	(90.0, 0.00016742786549802017)	(91.0, 9.567306599886867e-05)	(92.0, 0.00023918266499717167)	(93.0, 0.00031093746449632314)	(94.0, 0.00023918266499717167)	(95.0, 0.00021526439849745452)	(96.0, 0.0003587739974957575)	(97.0, 0.0008610575939898181)	(98.0, 0.0011959133249858582)	(99.0, 0.0013155046574844442)	(100.0, 0.0008610575939898181)
IDDLNTM72_R2	(0.0, 0.0)	(1.0, 0.0)	(2.0, 0.0)	(3.0, 0.0)	(4.0, 0.0)	(5.0, 0.0)	(6.0, 0.0)	(7.0, 0.0)	(8.0, 0.0)	(9.0, 0.0)	(10.0, 0.0)	(11.0, 0.0)	(12.0, 0.0)	(13.0, 0.0)	(14.0, 0.0)	(15.0, 0.0)	(16.0, 0.0)	(17.0, 0.0)	(18.0, 0.0)	(19.0, 0.0)	(20.0, 0.0)	(21.0, 0.0)	(22.0, 0.0)	(23.0, 4.786970249937291e-05)	(24.0, 4.786970249937291e-05)	(25.0, 0.0)	(26.0, 0.0)	(27.0, 0.0)	(28.0, 0.0)	(29.0, 4.786970249937291e-05)	(30.0, 7.180455374905936e-05)	(31.0, 7.180455374905936e-05)	(32.0, 0.00016754395874780516)	(33.0, 0.0004308273224943562)	(34.0, 0.0009334591987377717)	(35.0, 0.0014600259262308737)	(36.0, 0.0016993744387277382)	(37.0, 0.0029439867037114337)	(38.0, 0.004906644506185723)	(39.0, 0.007347999333653741)	(40.0, 0.011560533153598557)	(41.0, 0.019722317429741638)	(42.0, 0.03336518264206292)	(43.0, 0.05131632107932776)	(44.0, 0.07606495727150356)	(45.0, 0.11536598302348872)	(46.0, 0.17740511746267598)	(47.0, 0.26931494626147195)	(48.0, 0.4165382162982933)	(49.0, 0.6716358609174516)	(50.0, 1.0534924777549493)	(51.0, 1.5787427884293184)	(52.0, 2.2677074816515432)	(53.0, 3.053273234517502)	(54.0, 3.8411367331034314)	(55.0, 4.5750032072700675)	(56.0, 5.136395143331463)	(57.0, 5.465834435932147)	(58.0, 5.67406764180442)	(59.0, 5.802047291436494)	(60.0, 5.8557092279382905)	(61.0, 5.891755113920318)	(62.0, 5.901688077188938)	(63.0, 5.814373739830081)	(64.0, 5.615834148713932)	(65.0, 5.31071266498293)	(66.0, 4.894701015412129)	(67.0, 4.3745488280539435)	(68.0, 3.785583943352909)	(69.0, 3.186207398358261)	(70.0, 2.5970510348472287)	(71.0, 2.036472883728322)	(72.0, 1.5325485255174236)	(73.0, 1.0961683175331403)	(74.0, 0.7351589561341194)	(75.0, 0.4579933786627503)	(76.0, 0.2658443928302674)	(77.0, 0.14413567422561183)	(78.0, 0.0657011666803893)	(79.0, 0.02558635598591482)	(80.0, 0.009765419309872073)	(81.0, 0.0038535110511995186)	(82.0, 0.0016993744387277382)	(83.0, 0.0008855894962383988)	(84.0, 0.0008137849424893394)	(85.0, 0.0005026318762434155)	(86.0, 0.0003111530662459239)	(87.0, 0.0004308273224943562)	(88.0, 0.0004308273224943562)	(89.0, 0.00028721821499623745)	(90.0, 0.0002393485124968645)	(91.0, 0.00026328336374655095)	(92.0, 0.0003111530662459239)	(93.0, 0.00035902276874529677)	(94.0, 0.00033508791749561033)	(95.0, 0.00028721821499623745)	(96.0, 0.00035902276874529677)	(97.0, 0.0008616546449887124)	(98.0, 0.0013403516699824413)	(99.0, 0.004954514208685096)	(100.0, 0.07376721155153365)
IDDLNTM73_R1	(0.0, 0.0)	(1.0, 0.0)	(2.0, 0.0)	(3.0, 0.0)	(4.0, 0.0)	(5.0, 0.0)	(6.0, 0.0)	(7.0, 0.0)	(8.0, 0.0)	(9.0, 0.0)	(10.0, 0.0)	(11.0, 0.0)	(12.0, 0.0)	(13.0, 0.0)	(14.0, 0.0)	(15.0, 0.0)	(16.0, 0.0)	(17.0, 0.0)	(18.0, 0.0)	(19.0, 0.0)	(20.0, 0.0)	(21.0, 0.0)	(22.0, 0.0)	(23.0, 0.0)	(24.0, 0.0)	(25.0, 0.0)	(26.0, 0.0)	(27.0, 0.0)	(28.0, 0.0)	(29.0, 0.0)	(30.0, 0.0)	(31.0, 9.60897986073129e-06)	(32.0, 0.00014413469791096933)	(33.0, 0.0003363142951255951)	(34.0, 0.00037475021456852026)	(35.0, 0.000730282469415578)	(36.0, 0.00148939187841335)	(37.0, 0.0021139755693608837)	(38.0, 0.0026712964012832983)	(39.0, 0.0041126433803929914)	(40.0, 0.007254779794852123)	(41.0, 0.013442962825163074)	(42.0, 0.022763673290072423)	(43.0, 0.03361221155283805)	(44.0, 0.04821786094114961)	(45.0, 0.07188477833813077)	(46.0, 0.10516067559584324)	(47.0, 0.14301044726726378)	(48.0, 0.1933711107173565)	(49.0, 0.26203688080214227)	(50.0, 0.3638440224265903)	(51.0, 0.5184140724663138)	(52.0, 0.7331651633737974)	(53.0, 1.031447116210618)	(54.0, 1.4524645688085596)	(55.0, 2.00289576217083)	(56.0, 2.674890159751212)	(57.0, 3.4406585917924706)	(58.0, 4.294656676914964)	(59.0, 5.187667220272027)	(60.0, 6.000846358946133)	(61.0, 6.685313212385744)	(62.0, 7.187103749692993)	(63.0, 7.410666275132767)	(64.0, 7.3990490184811435)	(65.0, 7.181030874421011)	(66.0, 6.705386371314812)	(67.0, 6.046508231244328)	(68.0, 5.262905532581552)	(69.0, 4.432622409755344)	(70.0, 3.6182517575785065)	(71.0, 2.8260009770410726)	(72.0, 2.134221689927444)	(73.0, 1.5533780753059596)	(74.0, 1.0668369890376914)	(75.0, 0.7044150956304893)	(76.0, 0.4529096567557086)	(77.0, 0.28955699912327665)	(78.0, 0.18126379609283505)	(79.0, 0.10710168952771096)	(80.0, 0.06129568253160489)	(81.0, 0.03307410868063709)	(82.0, 0.01736342660834144)	(83.0, 0.009330319444770082)	(84.0, 0.0050735413664661205)	(85.0, 0.002296546186714778)	(86.0, 0.0009801159457945915)	(87.0, 0.0006534106305297277)	(88.0, 0.0005092759326187584)	(89.0, 0.00037475021456852026)	(90.0, 0.000432404093732908)	(91.0, 0.00035553225484705767)	(92.0, 0.0005188849124794896)	(93.0, 0.0009224620666302038)	(94.0, 0.0012683853416165301)	(95.0, 0.0014317379992489622)	(96.0, 0.0013644751402238431)	(97.0, 0.0012683853416165301)	(98.0, 0.0012683853416165301)	(99.0, 0.001229949422173605)	(100.0, 0.0007783273687192345)
IDDLNTM73_R2	(0.0, 0.0)	(1.0, 0.0)	(2.0, 9.61564349809418e-06)	(3.0, 9.61564349809418e-06)	(4.0, 0.0)	(5.0, 0.0)	(6.0, 0.0)	(7.0, 0.0)	(8.0, 0.0)	(9.0, 0.0)	(10.0, 0.0)	(11.0, 0.0)	(12.0, 0.0)	(13.0, 0.0)	(14.0, 0.0)	(15.0, 0.0)	(16.0, 0.0)	(17.0, 0.0)	(18.0, 0.0)	(19.0, 9.61564349809418e-06)	(20.0, 9.61564349809418e-06)	(21.0, 0.0)	(22.0, 0.0)	(23.0, 0.0)	(24.0, 0.0)	(25.0, 0.0)	(26.0, 0.0)	(27.0, 0.0)	(28.0, 1.923128699618836e-05)	(29.0, 3.846257399237672e-05)	(30.0, 3.846257399237672e-05)	(31.0, 0.00011538772197713015)	(32.0, 0.0002788536614447312)	(33.0, 0.0005192447488970857)	(34.0, 0.000701941975360875)	(35.0, 0.001125030289277019)	(36.0, 0.0016346593946760103)	(37.0, 0.0029808494844091957)	(38.0, 0.004384733435130946)	(39.0, 0.005875158177335544)	(40.0, 0.009904112803037005)	(41.0, 0.01739469908805237)	(42.0, 0.029741185339605295)	(43.0, 0.04290500128849623)	(44.0, 0.05916505444377349)	(45.0, 0.08587731208147911)	(46.0, 0.12168596846838184)	(47.0, 0.1652063709407561)	(48.0, 0.22383294934863632)	(49.0, 0.30490243968106834)	(50.0, 0.430655825349144)	(51.0, 0.6321324035647113)	(52.0, 0.9187843518863971)	(53.0, 1.3080063694022532)	(54.0, 1.8394726011854163)	(55.0, 2.4909805263987876)	(56.0, 3.217057766939879)	(57.0, 3.9548372456181515)	(58.0, 4.665019827456893)	(59.0, 5.315095021789048)	(60.0, 5.857888481612966)	(61.0, 6.310689133938221)	(62.0, 6.645236602523914)	(63.0, 6.831280072925041)	(64.0, 6.848559384291115)	(65.0, 6.7059978537883715)	(66.0, 6.369969576103972)	(67.0, 5.838080256006893)	(68.0, 5.146321247110499)	(69.0, 4.371444615816579)	(70.0, 3.6056836145588536)	(71.0, 2.838057178462497)	(72.0, 2.138249875958199)	(73.0, 1.553839911074529)	(74.0, 1.0806444788898162)	(75.0, 0.7200386164242883)	(76.0, 0.4595316027739208)	(77.0, 0.29163285165369834)	(78.0, 0.17988945856234592)	(79.0, 0.10303162008207913)	(80.0, 0.059722761766662955)	(81.0, 0.034202843922720993)	(82.0, 0.019558218875123563)	(83.0, 0.011452231406230168)	(84.0, 0.0063270934217459695)	(85.0, 0.003702022746766259)	(86.0, 0.002519298596500675)	(87.0, 0.0019038974126226477)	(88.0, 0.001663506325170293)	(89.0, 0.0015673498901893513)	(90.0, 0.0015192716726988803)	(91.0, 0.0015673498901893513)	(92.0, 0.0014711934552084096)	(93.0, 0.001557734246691257)	(94.0, 0.0015961968206836337)	(95.0, 0.001557734246691257)	(96.0, 0.0021250572130788138)	(97.0, 0.0032500875023558327)	(98.0, 0.0051059066974880095)	(99.0, 0.012365717538549115)	(100.0, 0.0787905828233837)
IDDLNTM74_R1	(0.0, 0.0)	(1.0, 0.0)	(2.0, 0.0)	(3.0, 0.0)	(4.0, 0.0)	(5.0, 0.0)	(6.0, 0.0)	(7.0, 0.0)	(8.0, 0.0)	(9.0, 0.0)	(10.0, 0.0)	(11.0, 0.0)	(12.0, 0.0)	(13.0, 0.0)	(14.0, 0.0)	(15.0, 0.0)	(16.0, 0.0)	(17.0, 0.0)	(18.0, 0.0)	(19.0, 0.0)	(20.0, 0.0)	(21.0, 0.0)	(22.0, 1.135584341609207e-05)	(23.0, 1.135584341609207e-05)	(24.0, 0.0)	(25.0, 0.0)	(26.0, 0.0)	(27.0, 1.135584341609207e-05)	(28.0, 1.135584341609207e-05)	(29.0, 0.0)	(30.0, 1.135584341609207e-05)	(31.0, 3.4067530248276206e-05)	(32.0, 0.0002044051814896573)	(33.0, 0.0003860986761471304)	(34.0, 0.000488301266891959)	(35.0, 0.0010788051245287466)	(36.0, 0.0018737141636551917)	(37.0, 0.0031909919999218717)	(38.0, 0.004292508811282803)	(39.0, 0.005178264597737984)	(40.0, 0.008550950092317329)	(41.0, 0.015614284697126597)	(42.0, 0.026618096967319815)	(43.0, 0.040619851899361334)	(44.0, 0.058743777991444285)	(45.0, 0.08608864893739399)	(46.0, 0.12610664113570244)	(47.0, 0.17313118872173971)	(48.0, 0.24081201548164843)	(49.0, 0.3393920921767437)	(50.0, 0.473743075632529)	(51.0, 0.6699266264889356)	(52.0, 0.9484854654856741)	(53.0, 1.3190039244659262)	(54.0, 1.8106324534788003)	(55.0, 2.4250290056630455)	(56.0, 3.1353597230264367)	(57.0, 3.8948498865380903)	(58.0, 4.663197607914296)	(59.0, 5.406448915340938)	(60.0, 6.040286671453534)	(61.0, 6.548801339626135)	(62.0, 6.902967384087215)	(63.0, 7.050161826446601)	(64.0, 6.988862983686536)	(65.0, 6.737966979251397)	(66.0, 6.320810071361256)	(67.0, 5.751484861695479)	(68.0, 5.018942114610212)	(69.0, 4.217526177206347)	(70.0, 3.4605570109330652)	(71.0, 2.7245734432927224)	(72.0, 2.0453804485762554)	(73.0, 1.4820284125473437)	(74.0, 1.0288394134979415)	(75.0, 0.6817139919548392)	(76.0, 0.43885792465829415)	(77.0, 0.280591534968219)	(78.0, 0.17049663304920634)	(79.0, 0.09611585867380329)	(80.0, 0.055632276895435054)	(81.0, 0.030649421380032498)	(82.0, 0.017181391088547302)	(83.0, 0.009845516241751825)	(84.0, 0.005314534718731089)	(85.0, 0.002600488142285084)	(86.0, 0.0010788051245287466)	(87.0, 0.0005110129537241432)	(88.0, 0.000488301266891959)	(89.0, 0.000488301266891959)	(90.0, 0.00036338698931494626)	(91.0, 0.00036338698931494626)	(92.0, 0.0005337246405563273)	(93.0, 0.000794909039126445)	(94.0, 0.0010674492811126547)	(95.0, 0.0013399895230988643)	(96.0, 0.001271854462602312)	(97.0, 0.0010788051245287466)	(98.0, 0.0013740570533471407)	(99.0, 0.0013286336796827722)	(100.0, 0.0005905038576367877)
IDDLNTM74_R2	(0.0, 0.0)	(1.0, 0.0)	(2.0, 0.0)	(3.0, 0.0)	(4.0, 0.0)	(5.0, 0.0)	(6.0, 0.0)	(7.0, 0.0)	(8.0, 0.0)	(9.0, 0.0)	(10.0, 0.0)	(11.0, 0.0)	(12.0, 0.0)	(13.0, 0.0)	(14.0, 0.0)	(15.0, 0.0)	(16.0, 0.0)	(17.0, 0.0)	(18.0, 0.0)	(19.0, 0.0)	(20.0, 0.0)	(21.0, 0.0)	(22.0, 0.0)	(23.0, 1.1362079242322018e-05)	(24.0, 1.1362079242322018e-05)	(25.0, 0.0)	(26.0, 1.1362079242322018e-05)	(27.0, 1.1362079242322018e-05)	(28.0, 0.0)	(29.0, 1.1362079242322018e-05)	(30.0, 1.1362079242322018e-05)	(31.0, 4.544831696928807e-05)	(32.0, 0.00023860366408876235)	(33.0, 0.0005340177243891349)	(34.0, 0.0006703626752969991)	(35.0, 0.0012839149543823882)	(36.0, 0.0021474329767988613)	(37.0, 0.003306365059515707)	(38.0, 0.005078849421317942)	(39.0, 0.007192196160389837)	(40.0, 0.01125982052914112)	(41.0, 0.018951948176193126)	(42.0, 0.03149568365971663)	(43.0, 0.04667542152745885)	(44.0, 0.06601368039789092)	(45.0, 0.09272592869659)	(46.0, 0.12677808018582906)	(47.0, 0.16938587734453664)	(48.0, 0.22585541117887709)	(49.0, 0.3003338406122979)	(50.0, 0.40375148587591286)	(51.0, 0.5577644700055878)	(52.0, 0.7769162544314949)	(53.0, 1.0886462605238418)	(54.0, 1.5484241591436445)	(55.0, 2.158920038912849)	(56.0, 2.9064653185029417)	(57.0, 3.758814417024212)	(58.0, 4.664815253727728)	(59.0, 5.539365855088496)	(60.0, 6.26509594253333)	(61.0, 6.798409218009441)	(62.0, 7.120569612846239)	(63.0, 7.211523057181027)	(64.0, 7.087369617300175)	(65.0, 6.804999223969988)	(66.0, 6.366604758484234)	(67.0, 5.768345838059012)	(68.0, 5.040809180014648)	(69.0, 4.261120578248026)	(70.0, 3.496009524149304)	(71.0, 2.748759658619512)	(72.0, 2.069193699136232)	(73.0, 1.5022941174198172)	(74.0, 1.0439137545468202)	(75.0, 0.690507641793636)	(76.0, 0.44271205559783516)	(77.0, 0.28316573887714935)	(78.0, 0.17391934696222314)	(79.0, 0.09782750227639257)	(80.0, 0.05586734363449736)	(81.0, 0.03338178881394209)	(82.0, 0.01974729372315567)	(83.0, 0.011305268846110408)	(84.0, 0.006169609028580856)	(85.0, 0.003306365059515707)	(86.0, 0.0016588635693790146)	(87.0, 0.001204380399686134)	(88.0, 0.0009998629733243376)	(89.0, 0.0009089663393857614)	(90.0, 0.0007385351507509312)	(91.0, 0.0007385351507509312)	(92.0, 0.0008067076262048633)	(93.0, 0.0007158109922662871)	(94.0, 0.0008748801016587954)	(95.0, 0.0009544146563550494)	(96.0, 0.0009089663393857614)	(97.0, 0.0016247773316520485)	(98.0, 0.0027268990181572843)	(99.0, 0.0074307998244786)	(100.0, 0.060855296421876724)
IDDLNTM75_R1	(0.0, 0.0)	(1.0, 0.0)	(2.0, 0.0)	(3.0, 0.0)	(4.0, 0.0)	(5.0, 0.0)	(6.0, 0.0)	(7.0, 0.0)	(8.0, 0.0)	(9.0, 0.0)	(10.0, 0.0)	(11.0, 0.0)	(12.0, 0.0)	(13.0, 0.0)	(14.0, 0.0)	(15.0, 1.1818454824488264e-05)	(16.0, 1.1818454824488264e-05)	(17.0, 0.0)	(18.0, 0.0)	(19.0, 0.0)	(20.0, 0.0)	(21.0, 0.0)	(22.0, 0.0)	(23.0, 0.0)	(24.0, 0.0)	(25.0, 0.0)	(26.0, 0.0)	(27.0, 0.0)	(28.0, 0.0)	(29.0, 0.0)	(30.0, 0.0)	(31.0, 2.3636909648976527e-05)	(32.0, 0.00010636609342039438)	(33.0, 0.0003309167350856714)	(34.0, 0.00041364591885708924)	(35.0, 0.0007563811087672489)	(36.0, 0.0013236669403426857)	(37.0, 0.002020955774987493)	(38.0, 0.002730063064456789)	(39.0, 0.0038173609083097092)	(40.0, 0.006866522253027682)	(41.0, 0.013319398587198272)	(42.0, 0.022632340988895026)	(43.0, 0.03306803659891817)	(44.0, 0.046801081104973524)	(45.0, 0.06925614527150123)	(46.0, 0.10085869347218285)	(47.0, 0.14008414503465938)	(48.0, 0.19476813550756658)	(49.0, 0.2736326845513768)	(50.0, 0.393211810465549)	(51.0, 0.5670140071144734)	(52.0, 0.8181325352252)	(53.0, 1.1623923058077186)	(54.0, 1.6285003456307112)	(55.0, 2.240377207258942)	(56.0, 2.9504654284786707)	(57.0, 3.739028189733001)	(58.0, 4.555730691924438)	(59.0, 5.352010904179159)	(60.0, 6.075855806814592)	(61.0, 6.620686574223502)	(62.0, 7.009466464129867)	(63.0, 7.188776060727004)	(64.0, 7.113811601775273)	(65.0, 6.876414299715777)	(66.0, 6.449732625187278)	(67.0, 5.857545309296644)	(68.0, 5.129150301553785)	(69.0, 4.332220074283716)	(70.0, 3.562105921010412)	(71.0, 2.8061975504361425)	(72.0, 2.1279246096039364)	(73.0, 1.5500258055961094)	(74.0, 1.072619322960906)	(75.0, 0.7165174606442499)	(76.0, 0.4614161132576708)	(77.0, 0.2937831500271293)	(78.0, 0.18142510001071935)	(79.0, 0.10508970029934964)	(80.0, 0.06006138741804936)	(81.0, 0.03372987006908951)	(82.0, 0.01925226290909138)	(83.0, 0.010861159983704715)	(84.0, 0.005873772047770667)	(85.0, 0.003049161344717972)	(86.0, 0.0013473038499916621)	(87.0, 0.0009100210214855964)	(88.0, 0.0005081935574529954)	(89.0, 0.0003190982802611831)	(90.0, 0.0003545536447346479)	(91.0, 0.00039000900920811276)	(92.0, 0.0005909227412244131)	(93.0, 0.0010163871149059909)	(94.0, 0.0017136759495507982)	(95.0, 0.0021391403232323756)	(96.0, 0.0018554974074446572)	(97.0, 0.001524580672358986)	(98.0, 0.001654583675428357)	(99.0, 0.0015836729464814272)	(100.0, 0.0008036549280652019)
IDDLNTM75_R2	(0.0, 0.0)	(1.0, 0.0)	(2.0, 0.0)	(3.0, 0.0)	(4.0, 0.0)	(5.0, 0.0)	(6.0, 0.0)	(7.0, 0.0)	(8.0, 0.0)	(9.0, 0.0)	(10.0, 0.0)	(11.0, 0.0)	(12.0, 0.0)	(13.0, 0.0)	(14.0, 0.0)	(15.0, 0.0)	(16.0, 0.0)	(17.0, 1.1826003536921137e-05)	(18.0, 1.1826003536921137e-05)	(19.0, 0.0)	(20.0, 0.0)	(21.0, 0.0)	(22.0, 0.0)	(23.0, 1.1826003536921137e-05)	(24.0, 1.1826003536921137e-05)	(25.0, 0.0)	(26.0, 1.1826003536921137e-05)	(27.0, 2.3652007073842275e-05)	(28.0, 1.1826003536921137e-05)	(29.0, 2.3652007073842275e-05)	(30.0, 2.3652007073842275e-05)	(31.0, 7.095602122152683e-05)	(32.0, 0.0002483460742753439)	(33.0, 0.0004848661450137666)	(34.0, 0.0006149521839198992)	(35.0, 0.0011116443324705868)	(36.0, 0.001714770512853565)	(37.0, 0.0026371987887334135)	(38.0, 0.003867103156573212)	(39.0, 0.005522743651742172)	(40.0, 0.0101821890452891)	(41.0, 0.017940047365509366)	(42.0, 0.0288672746336245)	(43.0, 0.04420560122101121)	(44.0, 0.06348198698619266)	(45.0, 0.09290508378605246)	(46.0, 0.13582165062153928)	(47.0, 0.19489253828846037)	(48.0, 0.2852668573176117)	(49.0, 0.4274035938278668)	(50.0, 0.6428024222493485)	(51.0, 0.9504559042623518)	(52.0, 1.3554255693806794)	(53.0, 1.844667335703107)	(54.0, 2.404261997066678)	(55.0, 2.978580032833716)	(56.0, 3.5134701728086597)	(57.0, 3.997177369475808)	(58.0, 4.4567476929240994)	(59.0, 4.925376735081674)	(60.0, 5.387726169361143)	(61.0, 5.844198079882762)	(62.0, 6.247299236442256)	(63.0, 6.504467509356143)	(64.0, 6.60799234431835)	(65.0, 6.528509774546704)	(66.0, 6.2198510822330615)	(67.0, 5.718546792302974)	(68.0, 5.059968481335373)	(69.0, 4.323362199031166)	(70.0, 3.569868383676236)	(71.0, 2.8086285360046226)	(72.0, 2.1294611528792418)	(73.0, 1.5619548951494702)	(74.0, 1.0823394957060963)	(75.0, 0.7158161680862996)	(76.0, 0.4609421398585752)	(77.0, 0.2941836639844502)	(78.0, 0.18265262462774698)	(79.0, 0.10641037982521641)	(80.0, 0.06132965434247302)	(81.0, 0.03563174865674339)	(82.0, 0.020730984200222756)	(83.0, 0.01277208381987483)	(84.0, 0.008148116436938663)	(85.0, 0.005144311538560695)	(86.0, 0.003311280990337919)	(87.0, 0.002294244686162701)	(88.0, 0.0020222466048135145)	(89.0, 0.0018330305482227762)	(90.0, 0.0014309464279674577)	(91.0, 0.0013954684173566943)	(92.0, 0.0015019024491889845)	(93.0, 0.0014427724315043788)	(94.0, 0.001466424438578221)	(95.0, 0.0017384225199274072)	(96.0, 0.0022114626614042525)	(97.0, 0.003571453068150184)	(98.0, 0.005960305782608253)	(99.0, 0.01258286776328409)	(100.0, 0.0729546158192665)
IDDLNTM76_R1	(0.0, 0.0)	(1.0, 0.0)	(2.0, 0.0)	(3.0, 0.0)	(4.0, 0.0)	(5.0, 0.0)	(6.0, 0.0)	(7.0, 0.0)	(8.0, 0.0)	(9.0, 0.0)	(10.0, 0.0)	(11.0, 0.0)	(12.0, 0.0)	(13.0, 0.0)	(14.0, 0.0)	(15.0, 0.0)	(16.0, 0.0)	(17.0, 0.0)	(18.0, 0.0)	(19.0, 0.0)	(20.0, 1.0596546352419727e-05)	(21.0, 1.0596546352419727e-05)	(22.0, 0.0)	(23.0, 0.0)	(24.0, 0.0)	(25.0, 1.0596546352419727e-05)	(26.0, 1.0596546352419727e-05)	(27.0, 0.0)	(28.0, 0.0)	(29.0, 1.0596546352419727e-05)	(30.0, 1.0596546352419727e-05)	(31.0, 1.0596546352419727e-05)	(32.0, 0.00018014128799113534)	(33.0, 0.00033908948327743125)	(34.0, 0.0003920722150395299)	(35.0, 0.000815934069136319)	(36.0, 0.0013669544794621448)	(37.0, 0.002405416021999278)	(38.0, 0.00309419153490656)	(39.0, 0.004143249623796113)	(40.0, 0.007449372085751068)	(41.0, 0.014188775565890014)	(42.0, 0.023407770892495176)	(43.0, 0.034926216777575424)	(44.0, 0.04969780239284852)	(45.0, 0.07196114627928236)	(46.0, 0.10592307733878759)	(47.0, 0.14730259084498662)	(48.0, 0.20424843094289025)	(49.0, 0.2806919163292461)	(50.0, 0.39147880844379435)	(51.0, 0.5655164857359359)	(52.0, 0.8104026719403558)	(53.0, 1.1416189212779393)	(54.0, 1.609170335985755)	(55.0, 2.208161311648985)	(56.0, 2.9083599015241752)	(57.0, 3.6752849437805533)	(58.0, 4.491981964254246)	(59.0, 5.319572234378227)	(60.0, 6.038187621813923)	(61.0, 6.615063605239653)	(62.0, 7.024514156297151)	(63.0, 7.199812822605231)	(64.0, 7.157235899361209)	(65.0, 6.9257331511998945)	(66.0, 6.492832443064492)	(67.0, 5.886370902222806)	(68.0, 5.157328513176329)	(69.0, 4.359896013971334)	(70.0, 3.5642225414608415)	(71.0, 2.809536510241509)	(72.0, 2.1325655499708227)	(73.0, 1.555117353042062)	(74.0, 1.0809642899566887)	(75.0, 0.7225149164933866)	(76.0, 0.46638579460904944)	(77.0, 0.29784772487381367)	(78.0, 0.18569387827980327)	(79.0, 0.10582770842161582)	(80.0, 0.060442700394202124)	(81.0, 0.03528649935355769)	(82.0, 0.01938108327857568)	(83.0, 0.010681318723239084)	(84.0, 0.006050627967231664)	(85.0, 0.003263736276545276)	(86.0, 0.0014623233966339223)	(87.0, 0.0008583202545459979)	(88.0, 0.000582810049383085)	(89.0, 0.0004132653077443693)	(90.0, 0.00030729984422017204)	(91.0, 0.0004026687613919496)	(92.0, 0.0004768445858588877)	(93.0, 0.000699372059259702)	(94.0, 0.0010172684498322938)	(95.0, 0.0012291993768806882)	(96.0, 0.0013669544794621448)	(97.0, 0.0011126373670040713)	(98.0, 0.001091444274299232)	(99.0, 0.0012503924695855277)	(100.0, 0.000815934069136319)
IDDLNTM76_R2	(0.0, 0.0)	(1.0, 0.0)	(2.0, 0.0)	(3.0, 0.0)	(4.0, 0.0)	(5.0, 0.0)	(6.0, 0.0)	(7.0, 0.0)	(8.0, 0.0)	(9.0, 0.0)	(10.0, 0.0)	(11.0, 0.0)	(12.0, 0.0)	(13.0, 0.0)	(14.0, 0.0)	(15.0, 0.0)	(16.0, 0.0)	(17.0, 0.0)	(18.0, 0.0)	(19.0, 0.0)	(20.0, 0.0)	(21.0, 1.0602979797824501e-05)	(22.0, 1.0602979797824501e-05)	(23.0, 0.0)	(24.0, 0.0)	(25.0, 0.0)	(26.0, 2.1205959595649003e-05)	(27.0, 2.1205959595649003e-05)	(28.0, 1.0602979797824501e-05)	(29.0, 3.18089393934735e-05)	(30.0, 4.2411919191298005e-05)	(31.0, 9.542681818042053e-05)	(32.0, 0.0003074864141369105)	(33.0, 0.0006043698484759966)	(34.0, 0.0006043698484759966)	(35.0, 0.0009754741413998541)	(36.0, 0.0017813006060345162)	(37.0, 0.003255114797932122)	(38.0, 0.0044850604544797645)	(39.0, 0.006160331262536036)	(40.0, 0.009998609949348505)	(41.0, 0.017473710706814777)	(42.0, 0.028299353080393594)	(43.0, 0.04204081489837415)	(44.0, 0.057966490554706554)	(45.0, 0.08146269378668565)	(46.0, 0.11435313711953725)	(47.0, 0.15248145247251416)	(48.0, 0.2020185740879502)	(49.0, 0.26645288231932973)	(50.0, 0.3627173359037784)	(51.0, 0.5075222310026676)	(52.0, 0.7185427349389708)	(53.0, 1.022254488267856)	(54.0, 1.4630627703826118)	(55.0, 2.0616752008283896)	(56.0, 2.7925279953126347)	(57.0, 3.636461569340678)	(58.0, 4.539305299125434)	(59.0, 5.4209748782539355)	(60.0, 6.165494913697576)	(61.0, 6.731195694850907)	(62.0, 7.095111167471839)	(63.0, 7.227712032823433)	(64.0, 7.155675388077013)	(65.0, 6.90386522085848)	(66.0, 6.479396130612171)	(67.0, 5.886975840368322)	(68.0, 5.155953398207312)	(69.0, 4.373146002713726)	(70.0, 3.6080561864623064)	(71.0, 2.8496992623825044)	(72.0, 2.155776646534082)	(73.0, 1.5698135709871088)	(74.0, 1.0912056658931086)	(75.0, 0.7272371783731869)	(76.0, 0.4711434073163317)	(77.0, 0.3047084334298805)	(78.0, 0.18848917186592618)	(79.0, 0.10699466913984704)	(80.0, 0.061719945403136425)	(81.0, 0.035477570403520786)	(82.0, 0.020103249696675256)	(83.0, 0.011843528434169968)	(84.0, 0.006987363686766347)	(85.0, 0.003986720403982013)	(86.0, 0.002640141969658301)	(87.0, 0.0020039631817888306)	(88.0, 0.0014420052525041323)	(89.0, 0.0011875337373563441)	(90.0, 0.0010284890403889767)	(91.0, 0.0009542681818042051)	(92.0, 0.0009648711616020296)	(93.0, 0.0009966801009955032)	(94.0, 0.0010284890403889767)	(95.0, 0.0011769307575585197)	(96.0, 0.0013465784343237117)	(97.0, 0.0019827572221931817)	(98.0, 0.0033823505555060163)	(99.0, 0.00862022257563132)	(100.0, 0.0674667604535573)
IDDLNTM77_R1	(0.0, 0.0)	(1.0, 0.0)	(2.0, 0.0)	(3.0, 0.0)	(4.0, 0.0)	(5.0, 0.0)	(6.0, 0.0)	(7.0, 0.0)	(8.0, 0.0)	(9.0, 0.0)	(10.0, 0.0)	(11.0, 0.0)	(12.0, 0.0)	(13.0, 0.0)	(14.0, 3.3540535581980276e-05)	(15.0, 3.3540535581980276e-05)	(16.0, 0.0)	(17.0, 0.0)	(18.0, 0.0)	(19.0, 0.0)	(20.0, 0.0)	(21.0, 0.0)	(22.0, 0.0)	(23.0, 0.0)	(24.0, 0.0)	(25.0, 0.0)	(26.0, 0.0)	(27.0, 0.0)	(28.0, 0.0)	(29.0, 0.0)	(30.0, 0.0)	(31.0, 6.708107116396055e-05)	(32.0, 0.00020124321349188168)	(33.0, 0.00031863508802881265)	(34.0, 0.0003354053558198028)	(35.0, 0.0005869593726846549)	(36.0, 0.0012242295487422802)	(37.0, 0.0021465942772467377)	(38.0, 0.002532310436439511)	(39.0, 0.0035385265038989197)	(40.0, 0.005886363994637539)	(41.0, 0.010313714691458937)	(42.0, 0.019000713407191828)	(43.0, 0.029180265956322844)	(44.0, 0.04122131823025376)	(45.0, 0.06131209904385995)	(46.0, 0.090140189376572)	(47.0, 0.12753788655048)	(48.0, 0.17846918983171708)	(49.0, 0.24866953080480178)	(50.0, 0.3541209746745478)	(51.0, 0.5156354237695738)	(52.0, 0.7589216986134678)	(53.0, 1.105848228405681)	(54.0, 1.5936785481777929)	(55.0, 2.2379754664398432)	(56.0, 3.0548719808067637)	(57.0, 4.020604621818722)	(58.0, 5.065778021356601)	(59.0, 6.096512220326437)	(60.0, 6.969823915542247)	(61.0, 7.643519113241905)	(62.0, 8.002503465575838)	(63.0, 7.953769067375221)	(64.0, 7.593610796295917)	(65.0, 6.9973439249872635)	(66.0, 6.210114014342604)	(67.0, 5.329591103976666)	(68.0, 4.430184872078074)	(69.0, 3.5698365938646983)	(70.0, 2.807996868655598)	(71.0, 2.1421501562821255)	(72.0, 1.5815704148326983)	(73.0, 1.1145016865858317)	(74.0, 0.7488259974032917)	(75.0, 0.4882998872702599)	(76.0, 0.30877417056771045)	(77.0, 0.1947698901245595)	(78.0, 0.11717386105564812)	(79.0, 0.07087115168472433)	(80.0, 0.04331760170412753)	(81.0, 0.022924956070283522)	(82.0, 0.011806268524857059)	(83.0, 0.006506863902904174)	(84.0, 0.003722999449599811)	(85.0, 0.0021465942772467377)	(86.0, 0.0009726755318774282)	(87.0, 0.00041925669477475353)	(88.0, 0.00018447294570089154)	(89.0, 0.00020124321349188168)	(90.0, 0.00020124321349188168)	(91.0, 0.00010062160674594084)	(92.0, 0.0001341621423279211)	(93.0, 0.00018447294570089154)	(94.0, 0.00021801348128287182)	(95.0, 0.00031863508802881265)	(96.0, 0.0004863377659387141)	(97.0, 0.0007882025861765366)	(98.0, 0.0013416214232792113)	(99.0, 0.0014254727622341617)	(100.0, 0.0006708107116396056)
IDDLNTM77_R2	(0.0, 0.0)	(1.0, 0.0)	(2.0, 0.0)	(3.0, 0.0)	(4.0, 0.0)	(5.0, 0.0)	(6.0, 0.0)	(7.0, 0.0)	(8.0, 0.0)	(9.0, 0.0)	(10.0, 0.0)	(11.0, 0.0)	(12.0, 0.0)	(13.0, 0.0)	(14.0, 0.0)	(15.0, 0.0)	(16.0, 0.0)	(17.0, 0.0)	(18.0, 0.0)	(19.0, 0.0)	(20.0, 0.0)	(21.0, 0.0)	(22.0, 0.0)	(23.0, 0.0)	(24.0, 0.0)	(25.0, 0.0)	(26.0, 0.0)	(27.0, 0.0)	(28.0, 1.6781099782936475e-05)	(29.0, 5.034329934880942e-05)	(30.0, 3.356219956587295e-05)	(31.0, 0.00011746769848055533)	(32.0, 0.00035240309544166596)	(33.0, 0.0004698707939222213)	(34.0, 0.0005537762928369037)	(35.0, 0.0011914580845884897)	(36.0, 0.0020305130737353133)	(37.0, 0.002735319264618645)	(38.0, 0.003708623052028961)	(39.0, 0.005974071522725385)	(40.0, 0.009733037874103156)	(41.0, 0.016294447889231317)	(42.0, 0.025960361364202725)	(43.0, 0.03854618620140508)	(44.0, 0.05487419629020227)	(45.0, 0.0775286809971665)	(46.0, 0.11030216887324144)	(47.0, 0.15277513242385365)	(48.0, 0.2089246922975591)	(49.0, 0.2901284341471887)	(50.0, 0.41714457840423486)	(51.0, 0.6288213710661955)	(52.0, 0.958418951902851)	(53.0, 1.44416466621973)	(54.0, 2.1292698459578947)	(55.0, 3.005461408924357)	(56.0, 4.0098941364320195)	(57.0, 5.03271894930178)	(58.0, 5.984224088094062)	(59.0, 6.734607745987849)	(60.0, 7.142086410917112)	(61.0, 7.264017881939928)	(62.0, 7.183854568276842)	(63.0, 6.922656750155435)	(64.0, 6.517980528889922)	(65.0, 6.039970901572976)	(66.0, 5.496716358299974)	(67.0, 4.85133204174802)	(68.0, 4.129409129086093)	(69.0, 3.4217501512396615)	(70.0, 2.7585275256184465)	(71.0, 2.124705386816936)	(72.0, 1.580292947658911)	(73.0, 1.1226052321791014)	(74.0, 0.7566262270130398)	(75.0, 0.4940859209089986)	(76.0, 0.31038322158519305)	(77.0, 0.19184153271852977)	(78.0, 0.11288645823981366)	(79.0, 0.06390242797342209)	(80.0, 0.03782459891073882)	(81.0, 0.021395902223244005)	(82.0, 0.01213273514306307)	(83.0, 0.006762783212523399)	(84.0, 0.0036582797526801512)	(85.0, 0.001980169774386504)	(86.0, 0.001275363583503172)	(87.0, 0.0007383683904492049)	(88.0, 0.0005537762928369037)	(89.0, 0.0005202140932710307)	(90.0, 0.0003859652950075389)	(91.0, 0.00043630859435634837)	(92.0, 0.0004866518937051578)	(93.0, 0.0003356219956587295)	(94.0, 0.0002684975965269836)	(95.0, 0.00040274639479047537)	(96.0, 0.0005202140932710307)	(97.0, 0.0008054927895809507)	(98.0, 0.0013592690824178544)	(99.0, 0.005823041624678957)	(100.0, 0.06967512629875224)
IDDLNTM78_R1	(0.0, 0.0)	(1.0, 0.0)	(2.0, 1.0883181023214912e-05)	(3.0, 1.0883181023214912e-05)	(4.0, 0.0)	(5.0, 0.0)	(6.0, 0.0)	(7.0, 0.0)	(8.0, 0.0)	(9.0, 0.0)	(10.0, 0.0)	(11.0, 0.0)	(12.0, 0.0)	(13.0, 0.0)	(14.0, 0.0)	(15.0, 0.0)	(16.0, 0.0)	(17.0, 0.0)	(18.0, 0.0)	(19.0, 0.0)	(20.0, 0.0)	(21.0, 0.0)	(22.0, 0.0)	(23.0, 0.0)	(24.0, 0.0)	(25.0, 0.0)	(26.0, 0.0)	(27.0, 0.0)	(28.0, 0.0)	(29.0, 0.0)	(30.0, 0.0)	(31.0, 2.1766362046429825e-05)	(32.0, 0.00020678043944108334)	(33.0, 0.00033737861171966233)	(34.0, 0.00033737861171966233)	(35.0, 0.000740056309578614)	(36.0, 0.0014692294381340133)	(37.0, 0.002394299825107281)	(38.0, 0.0031343561346858953)	(39.0, 0.004821249193284207)	(40.0, 0.008358283025829054)	(41.0, 0.014670528019293704)	(42.0, 0.024574222750419275)	(43.0, 0.037024581840977136)	(44.0, 0.053382002918869145)	(45.0, 0.07649787941217763)	(46.0, 0.11012690877391172)	(47.0, 0.15228835205784627)	(48.0, 0.20580095314899402)	(49.0, 0.2802310281667608)	(50.0, 0.3872126976249634)	(51.0, 0.5474457718297566)	(52.0, 0.7733044276045357)	(53.0, 1.0852816948160144)	(54.0, 1.5262681898766828)	(55.0, 2.1048072098897643)	(56.0, 2.801733473073378)	(57.0, 3.593125747538497)	(58.0, 4.462909574913832)	(59.0, 5.352587857199605)	(60.0, 6.150216194391026)	(61.0, 6.800671274605512)	(62.0, 7.24135304059753)	(63.0, 7.4076698129943015)	(64.0, 7.3275478343013924)	(65.0, 7.0372607468691815)	(66.0, 6.532531460555544)	(67.0, 5.865283632022236)	(68.0, 5.086907642060883)	(69.0, 4.27661128215844)	(70.0, 3.494023501141102)	(71.0, 2.735476667004045)	(72.0, 2.0628307806832242)	(73.0, 1.4962197270715862)	(74.0, 1.0323350191380738)	(75.0, 0.6893733355535022)	(76.0, 0.4446758934275381)	(77.0, 0.28227706619912524)	(78.0, 0.17797265927263348)	(79.0, 0.10433705646956137)	(80.0, 0.058497097999780166)	(81.0, 0.031550341786300035)	(82.0, 0.017750468248863522)	(83.0, 0.009729563834754132)	(84.0, 0.005191277348073514)	(85.0, 0.002862276609105522)	(86.0, 0.0014256967140411536)	(87.0, 0.0007727058526482589)	(88.0, 0.0005332758701375308)	(89.0, 0.00045709360297502635)	(90.0, 0.0003917945168357369)	(91.0, 0.0004026776978589518)	(92.0, 0.0007727058526482589)	(93.0, 0.0012950985417625746)	(94.0, 0.0020133884892947593)	(95.0, 0.0025575475404555044)	(96.0, 0.0023290007389679913)	(97.0, 0.0015345285242733028)	(98.0, 0.0013059817227857897)	(99.0, 0.0013168649038090045)	(100.0, 0.0006203413183232501)
IDDLNTM78_R2	(0.0, 0.0)	(1.0, 0.0)	(2.0, 0.0)	(3.0, 0.0)	(4.0, 0.0)	(5.0, 0.0)	(6.0, 0.0)	(7.0, 0.0)	(8.0, 0.0)	(9.0, 0.0)	(10.0, 0.0)	(11.0, 0.0)	(12.0, 0.0)	(13.0, 0.0)	(14.0, 0.0)	(15.0, 0.0)	(16.0, 0.0)	(17.0, 0.0)	(18.0, 0.0)	(19.0, 0.0)	(20.0, 0.0)	(21.0, 0.0)	(22.0, 0.0)	(23.0, 0.0)	(24.0, 1.0890418000379858e-05)	(25.0, 1.0890418000379858e-05)	(26.0, 0.0)	(27.0, 0.0)	(28.0, 1.0890418000379858e-05)	(29.0, 3.267125400113957e-05)	(30.0, 4.356167200151943e-05)	(31.0, 8.712334400303886e-05)	(32.0, 0.00032671254001139573)	(33.0, 0.000686096334023931)	(34.0, 0.0007514388420262101)	(35.0, 0.0013286309960463428)	(36.0, 0.0026354811560919257)	(37.0, 0.003702742120129152)	(38.0, 0.004868016846169796)	(39.0, 0.007242127970252605)	(40.0, 0.011914117292415564)	(41.0, 0.020452205004713373)	(42.0, 0.03365139162117376)	(43.0, 0.05017215572775001)	(44.0, 0.07273710182453708)	(45.0, 0.10685678141972715)	(46.0, 0.1570180467294768)	(47.0, 0.22522473466585585)	(48.0, 0.32451267557531904)	(49.0, 0.47908037825471034)	(50.0, 0.7115145696368177)	(51.0, 1.0430515648223817)	(52.0, 1.4750962277334514)	(53.0, 1.9829164190911641)	(54.0, 2.555131652085123)	(55.0, 3.138357097677466)	(56.0, 3.6732399777661224)	(57.0, 4.140373567474416)	(58.0, 4.577340699321657)	(59.0, 5.013436597728869)	(60.0, 5.4298099491373915)	(61.0, 5.821287804997047)	(62.0, 6.161624257926918)	(63.0, 6.39675927297312)	(64.0, 6.483555904436146)	(65.0, 6.3840174839126735)	(66.0, 6.078878861960031)	(67.0, 5.589180326154951)	(68.0, 4.92430941681376)	(69.0, 4.191591203330203)	(70.0, 3.4524803144804226)	(71.0, 2.723965802345012)	(72.0, 2.072272298784281)	(73.0, 1.5069833716385637)	(74.0, 1.0417338242443357)	(75.0, 0.6879694859199963)	(76.0, 0.44137775113739525)	(77.0, 0.2828350458878653)	(78.0, 0.172907166592031)	(79.0, 0.09901568045945366)	(80.0, 0.059265654758067186)	(81.0, 0.03417413168519199)	(82.0, 0.019276039860672348)	(83.0, 0.011783432276411005)	(84.0, 0.006806511250237411)	(85.0, 0.003975002570138648)	(86.0, 0.002363220706082429)	(87.0, 0.0016553435360577384)	(88.0, 0.0014702064300512808)	(89.0, 0.001306850160045583)	(90.0, 0.0012415076520433039)	(91.0, 0.0011652747260406447)	(92.0, 0.0010563705460368462)	(93.0, 0.0011870555620414045)	(94.0, 0.0012632884880440635)	(95.0, 0.001285069324044823)	(96.0, 0.0016444531180573587)	(97.0, 0.0028423990980991428)	(98.0, 0.0046284276501614395)	(99.0, 0.0107052808943734)	(100.0, 0.07453402079459975)
IDDLNTM79_R1	(0.0, 0.0)	(1.0, 0.0)	(2.0, 0.0)	(3.0, 0.0)	(4.0, 0.0)	(5.0, 0.0)	(6.0, 0.0)	(7.0, 0.0)	(8.0, 0.0)	(9.0, 0.0)	(10.0, 0.0)	(11.0, 0.0)	(12.0, 0.0)	(13.0, 0.0)	(14.0, 0.0)	(15.0, 0.0)	(16.0, 0.0)	(17.0, 0.0)	(18.0, 0.0)	(19.0, 0.0)	(20.0, 0.0)	(21.0, 0.0)	(22.0, 0.0)	(23.0, 0.0)	(24.0, 0.0)	(25.0, 0.0)	(26.0, 0.0)	(27.0, 0.0)	(28.0, 0.0)	(29.0, 0.0)	(30.0, 0.0)	(31.0, 0.0)	(32.0, 0.00020899625369239156)	(33.0, 0.00034832708948731925)	(34.0, 0.00028861387414663595)	(35.0, 0.0005672755457364914)	(36.0, 0.0013037385349382521)	(37.0, 0.002498002841751918)	(38.0, 0.003115039400272312)	(39.0, 0.0040007854278257815)	(40.0, 0.007175538043438776)	(41.0, 0.014032605605060575)	(42.0, 0.023954951554170784)	(43.0, 0.0343848598336768)	(44.0, 0.04765114584186528)	(45.0, 0.07176533263694454)	(46.0, 0.10447822244108221)	(47.0, 0.14226673554917796)	(48.0, 0.19331158246290542)	(49.0, 0.26361394132400323)	(50.0, 0.3692068104514448)	(51.0, 0.5258544786951708)	(52.0, 0.7463753829483141)	(53.0, 1.0495791860431904)	(54.0, 1.4776532746179922)	(55.0, 2.034110776175263)	(56.0, 2.694598651058561)	(57.0, 3.4465970284514564)	(58.0, 4.2847516233784)	(59.0, 5.1531410096728445)	(60.0, 5.947227251678364)	(61.0, 6.635859955392237)	(62.0, 7.152886830419544)	(63.0, 7.416003161615708)	(64.0, 7.431419123376161)	(65.0, 7.20839026407871)	(66.0, 6.736586197469413)	(67.0, 6.085075209292332)	(68.0, 5.288023210924891)	(69.0, 4.422231349497767)	(70.0, 3.59314321110005)	(71.0, 2.803843978524341)	(72.0, 2.113429830552804)	(73.0, 1.531176219968358)	(74.0, 1.0561177831229953)	(75.0, 0.7017795632913805)	(76.0, 0.44764011880143234)	(77.0, 0.2873300400168113)	(78.0, 0.18282196096805872)	(79.0, 0.11230065365071173)	(80.0, 0.06510730912645836)	(81.0, 0.03373796666748607)	(82.0, 0.01828219609680587)	(83.0, 0.009554114454509328)	(84.0, 0.0050656711014013)	(85.0, 0.002478098436638357)	(86.0, 0.001104694483802641)	(87.0, 0.000597132153406833)	(88.0, 0.00038813589971444147)	(89.0, 0.0003781836971576609)	(90.0, 0.0003284226843737581)	(91.0, 0.00040804030482800255)	(92.0, 0.0006170365585203942)	(93.0, 0.0010947422812458605)	(94.0, 0.0016719700295391325)	(95.0, 0.0020999147394806963)	(96.0, 0.002119819144594257)	(97.0, 0.0015326391937442046)	(98.0, 0.001353499547722155)	(99.0, 0.0012639297247111299)	(100.0, 0.0006966541789746385)
IDDLNTM79_R2	(0.0, 0.0)	(1.0, 0.0)	(2.0, 0.0)	(3.0, 0.0)	(4.0, 0.0)	(5.0, 0.0)	(6.0, 0.0)	(7.0, 0.0)	(8.0, 0.0)	(9.0, 0.0)	(10.0, 0.0)	(11.0, 0.0)	(12.0, 0.0)	(13.0, 0.0)	(14.0, 0.0)	(15.0, 0.0)	(16.0, 0.0)	(17.0, 0.0)	(18.0, 0.0)	(19.0, 0.0)	(20.0, 9.958364079782429e-06)	(21.0, 9.958364079782429e-06)	(22.0, 0.0)	(23.0, 0.0)	(24.0, 0.0)	(25.0, 0.0)	(26.0, 0.0)	(27.0, 0.0)	(28.0, 0.0)	(29.0, 1.9916728159564858e-05)	(30.0, 3.9833456319129716e-05)	(31.0, 8.962527671804187e-05)	(32.0, 0.00030870928647325533)	(33.0, 0.0005178349321486864)	(34.0, 0.0006771687574252053)	(35.0, 0.0011053784128558497)	(36.0, 0.0019418809955575739)	(37.0, 0.0031866765055303774)	(38.0, 0.004252221462067098)	(39.0, 0.006243894278023584)	(40.0, 0.010157531361378078)	(41.0, 0.0177955966105712)	(42.0, 0.029725716778150554)	(43.0, 0.043388592295612045)	(44.0, 0.059421558464061754)	(45.0, 0.0838793006440074)	(46.0, 0.12119329085095218)	(47.0, 0.16834614476872198)	(48.0, 0.22658265790728963)	(49.0, 0.31037233327457897)	(50.0, 0.44386420376406244)	(51.0, 0.6488770450745434)	(52.0, 0.9463234217735647)	(53.0, 1.3646942134933842)	(54.0, 1.9255194033744913)	(55.0, 2.59979027685248)	(56.0, 3.3446759100202055)	(57.0, 4.097329067170161)	(58.0, 4.804512333931831)	(59.0, 5.434000444143038)	(60.0, 5.950889331704145)	(61.0, 6.336248146499486)	(62.0, 6.610541326713013)	(63.0, 6.754509396214428)	(64.0, 6.738177679123584)	(65.0, 6.579351730415134)	(66.0, 6.236654547337581)	(67.0, 5.721936583145867)	(68.0, 5.054666439615966)	(69.0, 4.297263142799953)	(70.0, 3.535010122677087)	(71.0, 2.7833328852069497)	(72.0, 2.1098885559475833)	(73.0, 1.5393041692682894)	(74.0, 1.0693490516151969)	(75.0, 0.7118836146073269)	(76.0, 0.45802499748551306)	(77.0, 0.2935426979797467)	(78.0, 0.17889205232921157)	(79.0, 0.10248152474504099)	(80.0, 0.060785854342991955)	(81.0, 0.03488414937147785)	(82.0, 0.019110100669102483)	(83.0, 0.010625574473127852)	(84.0, 0.006084560452747065)	(85.0, 0.0033161352385675494)	(86.0, 0.0018422973547597495)	(87.0, 0.001324462422611063)	(88.0, 0.001135253505095197)	(89.0, 0.0010755033206165023)	(90.0, 0.0009858780438984605)	(91.0, 0.0011452118691749795)	(92.0, 0.0013742542430099753)	(93.0, 0.0014041293352493227)	(94.0, 0.0014738378838077995)	(95.0, 0.001533588068286494)	(96.0, 0.0019418809955575739)	(97.0, 0.0030273426802538586)	(98.0, 0.004780014758295567)	(99.0, 0.01110357594895741)	(100.0, 0.07024630021878527)
IDDLNTM81_R1	(0.0, 0.0)	(1.0, 0.0)	(2.0, 0.0)	(3.0, 0.0)	(4.0, 0.0)	(5.0, 0.0)	(6.0, 0.0)	(7.0, 0.0)	(8.0, 0.0)	(9.0, 0.0)	(10.0, 0.0)	(11.0, 0.0)	(12.0, 0.0)	(13.0, 0.0)	(14.0, 0.0)	(15.0, 0.0)	(16.0, 0.0)	(17.0, 0.0)	(18.0, 0.0)	(19.0, 0.0)	(20.0, 0.0)	(21.0, 0.0)	(22.0, 0.0)	(23.0, 0.0)	(24.0, 0.0)	(25.0, 0.0)	(26.0, 0.0)	(27.0, 0.0)	(28.0, 0.0)	(29.0, 2.508998208449829e-05)	(30.0, 0.00013799490146474062)	(31.0, 0.00015053989250698977)	(32.0, 0.0001881748656337372)	(33.0, 0.0003638047402252252)	(34.0, 0.0004014397133519726)	(35.0, 0.00047670965960546754)	(36.0, 0.0006774295162814539)	(37.0, 0.001041234256506679)	(38.0, 0.001982108584675365)	(39.0, 0.003474962518703014)	(40.0, 0.005858510816730352)	(41.0, 0.009170388451884125)	(42.0, 0.013837125119600809)	(43.0, 0.02369748807880864)	(44.0, 0.03722098842235322)	(45.0, 0.0544201711412768)	(46.0, 0.08046357254498603)	(47.0, 0.11493720792908667)	(48.0, 0.16447737755492856)	(49.0, 0.24135308266183134)	(50.0, 0.35677954524156574)	(51.0, 0.5318574402271948)	(52.0, 0.7885028669695279)	(53.0, 1.1387213818959974)	(54.0, 1.6018071812295822)	(55.0, 2.195185257527967)	(56.0, 2.9080543735037745)	(57.0, 3.6969586801866545)	(58.0, 4.522820530480001)	(59.0, 5.3278953306163395)	(60.0, 6.068300701929884)	(61.0, 6.673358164888603)	(62.0, 7.062905226732523)	(63.0, 7.2546805047953855)	(64.0, 7.223054582377876)	(65.0, 6.983821603202184)	(66.0, 6.547619719672139)	(67.0, 5.933793307974888)	(68.0, 5.201604905794017)	(69.0, 4.393707482673172)	(70.0, 3.5733403384563314)	(71.0, 2.803203338372656)	(72.0, 2.1240175233452874)	(73.0, 1.5243794965168205)	(74.0, 1.0399546674203697)	(75.0, 0.6832253021429731)	(76.0, 0.434031600079736)	(77.0, 0.270996896494666)	(78.0, 0.1631350635134079)	(79.0, 0.09409997780791085)	(80.0, 0.0513341033448835)	(81.0, 0.027197540579596148)	(82.0, 0.015794143722191675)	(83.0, 0.009007303568334887)	(84.0, 0.004089667079773222)	(85.0, 0.001706118781745884)	(86.0, 0.0009157843460841877)	(87.0, 0.0006648845252392048)	(88.0, 0.0004516196775209693)	(89.0, 0.0003638047402252252)	(90.0, 0.00028853479397173033)	(91.0, 0.0002508998208449829)	(92.0, 0.000426529695436471)	(93.0, 0.000853059390872942)	(94.0, 0.001530488907154396)	(95.0, 0.002120103486140106)	(96.0, 0.002145193468224604)	(97.0, 0.0016559388175768873)	(98.0, 0.0012795890863094128)	(99.0, 0.001116504202760174)	(100.0, 0.0006397945431547064)
IDDLNTM81_R2	(0.0, 0.0)	(1.0, 0.0)	(2.0, 0.0)	(3.0, 0.0)	(4.0, 0.0)	(5.0, 0.0)	(6.0, 0.0)	(7.0, 0.0)	(8.0, 0.0)	(9.0, 0.0)	(10.0, 0.0)	(11.0, 0.0)	(12.0, 0.0)	(13.0, 0.0)	(14.0, 0.0)	(15.0, 0.0)	(16.0, 0.0)	(17.0, 0.0)	(18.0, 0.0)	(19.0, 0.0)	(20.0, 0.0)	(21.0, 0.0)	(22.0, 0.0)	(23.0, 0.0)	(24.0, 0.0)	(25.0, 0.0)	(26.0, 0.0)	(27.0, 0.0)	(28.0, 0.0)	(29.0, 6.276314231956757e-05)	(30.0, 0.00012552628463913514)	(31.0, 0.0001506315415669622)	(32.0, 0.0003263683400617514)	(33.0, 0.0005146577670204542)	(34.0, 0.0005648682808761082)	(35.0, 0.0007657103362987245)	(36.0, 0.0013180259887109191)	(37.0, 0.0021213942104013842)	(38.0, 0.0036904727683905736)	(39.0, 0.005849524864183698)	(40.0, 0.008837050438595114)	(41.0, 0.014046391251119224)	(42.0, 0.021791363013353864)	(43.0, 0.03483354398736001)	(44.0, 0.05292188160385938)	(45.0, 0.07630742843213026)	(46.0, 0.1120071037835003)	(47.0, 0.16266951226385523)	(48.0, 0.24049580874011905)	(49.0, 0.365620409268409)	(50.0, 0.5540604677686787)	(51.0, 0.8338460036008469)	(52.0, 1.2181070661381677)	(53.0, 1.69327426401115)	(54.0, 2.2314556567729777)	(55.0, 2.803729988442795)	(56.0, 3.3772470303305395)	(57.0, 3.927365972761549)	(58.0, 4.4814640984156195)	(59.0, 5.02459122679223)	(60.0, 5.534478994996396)	(61.0, 6.025738662560117)	(62.0, 6.434590324258243)	(63.0, 6.708187414257702)	(64.0, 6.774954845057259)	(65.0, 6.639298589247746)	(66.0, 6.339391189987924)	(67.0, 5.817176740632194)	(68.0, 5.133912068084453)	(69.0, 4.3603312337388545)	(70.0, 3.5617079056077485)	(71.0, 2.8075710927527524)	(72.0, 2.1269048142970424)	(73.0, 1.5291611994739445)	(74.0, 1.037487295170916)	(75.0, 0.6870179084584506)	(76.0, 0.44456388967796107)	(77.0, 0.2786557992704161)	(78.0, 0.16743951108014238)	(79.0, 0.09563847626655708)	(80.0, 0.0543277759918177)	(81.0, 0.030854360764299423)	(82.0, 0.01757367984947892)	(83.0, 0.010079760656522553)	(84.0, 0.005611024923369341)	(85.0, 0.0031632623729062055)	(86.0, 0.0023347888942879137)	(87.0, 0.002221815238112692)	(88.0, 0.0020084205542261623)	(89.0, 0.0017197100995561515)	(90.0, 0.0018201311272674598)	(91.0, 0.0020335258111539895)	(92.0, 0.0021213942104013842)	(93.0, 0.0021213942104013842)	(94.0, 0.002096288953473557)	(95.0, 0.0023975520366074816)	(96.0, 0.0028745519182361953)	(97.0, 0.004443630476225384)	(98.0, 0.007594340220667677)	(99.0, 0.01592928552070625)	(100.0, 0.07230313995214185)
IDDLNTM82_R1	(0.0, 0.0)	(1.0, 0.0)	(2.0, 0.0)	(3.0, 0.0)	(4.0, 0.0)	(5.0, 0.0)	(6.0, 0.0)	(7.0, 0.0)	(8.0, 0.0)	(9.0, 0.0)	(10.0, 0.0)	(11.0, 0.0)	(12.0, 0.0)	(13.0, 0.0)	(14.0, 0.0)	(15.0, 0.0)	(16.0, 0.0)	(17.0, 0.0)	(18.0, 0.0)	(19.0, 0.0)	(20.0, 0.0)	(21.0, 0.0)	(22.0, 0.0)	(23.0, 0.0)	(24.0, 0.0)	(25.0, 0.0)	(26.0, 0.0)	(27.0, 0.0)	(28.0, 0.0)	(29.0, 4.6764465973765366e-05)	(30.0, 0.00018705786389506147)	(31.0, 0.0001636756309081788)	(32.0, 0.00023382232986882685)	(33.0, 0.00039749796077700566)	(34.0, 0.0004208801937638883)	(35.0, 0.00047933577623109503)	(36.0, 0.0007131581060999218)	(37.0, 0.0014496984451867264)	(38.0, 0.0028292501914128046)	(39.0, 0.0048751955777650395)	(40.0, 0.0076342990702171955)	(41.0, 0.011913247706816727)	(42.0, 0.018413508477170114)	(43.0, 0.02821066409867396)	(44.0, 0.04373646680196406)	(45.0, 0.06696671527443201)	(46.0, 0.09819368742841382)	(47.0, 0.1361079782166441)	(48.0, 0.18957145394115138)	(49.0, 0.2753608667700239)	(50.0, 0.4029694032959362)	(51.0, 0.5891270512210026)	(52.0, 0.8508210028101936)	(53.0, 1.2057282262015925)	(54.0, 1.6742731019092412)	(55.0, 2.2665918279329533)	(56.0, 2.939894917906734)	(57.0, 3.6780369399531394)	(58.0, 4.4695138354426245)	(59.0, 5.254759365841107)	(60.0, 5.9905280912393435)	(61.0, 6.577351992511138)	(62.0, 6.968957630575449)	(63.0, 7.159137022574259)	(64.0, 7.134141415511282)	(65.0, 6.912045275485378)	(66.0, 6.50570883063933)	(67.0, 5.927781869019045)	(68.0, 5.198338037643759)	(69.0, 4.402126239974429)	(70.0, 3.594445457025034)	(71.0, 2.8177110594337784)	(72.0, 2.1366099947588726)	(73.0, 1.5455889826659324)	(74.0, 1.053977534116724)	(75.0, 0.6980531835903956)	(76.0, 0.4528320151404635)	(77.0, 0.2856724315172392)	(78.0, 0.17494586720785624)	(79.0, 0.0999941193684038)	(80.0, 0.05621088810046597)	(81.0, 0.032594832783714466)	(82.0, 0.019196813282230683)	(83.0, 0.011270236299677452)	(84.0, 0.006301511789964883)	(85.0, 0.0027824857254390395)	(86.0, 0.0012392583483047822)	(87.0, 0.0007716136885671285)	(88.0, 0.0004325713102573297)	(89.0, 0.00038580684428356427)	(90.0, 0.00039749796077700566)	(91.0, 0.00035073349480324026)	(92.0, 0.0004676446597376537)	(93.0, 0.0009820537854490726)	(94.0, 0.0017302852410293187)	(95.0, 0.0021862387842735307)	(96.0, 0.002116092085312883)	(97.0, 0.001706903008042436)	(98.0, 0.0014496984451867264)	(99.0, 0.0012392583483047822)	(100.0, 0.0006196291741523911)
IDDLNTM82_R2	(0.0, 0.0)	(1.0, 0.0)	(2.0, 0.0)	(3.0, 0.0)	(4.0, 0.0)	(5.0, 0.0)	(6.0, 0.0)	(7.0, 0.0)	(8.0, 0.0)	(9.0, 0.0)	(10.0, 0.0)	(11.0, 0.0)	(12.0, 0.0)	(13.0, 0.0)	(14.0, 0.0)	(15.0, 0.0)	(16.0, 0.0)	(17.0, 0.0)	(18.0, 0.0)	(19.0, 0.0)	(20.0, 0.0)	(21.0, 0.0)	(22.0, 0.0)	(23.0, 1.1698788028957776e-05)	(24.0, 1.1698788028957776e-05)	(25.0, 0.0)	(26.0, 0.0)	(27.0, 1.1698788028957776e-05)	(28.0, 2.339757605791555e-05)	(29.0, 5.849394014478888e-05)	(30.0, 0.00015208424437645107)	(31.0, 0.0001988793964922822)	(32.0, 0.0003509636408687333)	(33.0, 0.00045625273312935327)	(34.0, 0.0004913490972162266)	(35.0, 0.0008306139500560021)	(36.0, 0.001462348503619722)	(37.0, 0.0023280588177625973)	(38.0, 0.003860600049556066)	(39.0, 0.006703405540592805)	(40.0, 0.010657595894380534)	(41.0, 0.015372207470050518)	(42.0, 0.022917925748728283)	(43.0, 0.03545902651577102)	(44.0, 0.054586544943116974)	(45.0, 0.07915399980392832)	(46.0, 0.11095130566663555)	(47.0, 0.15373377348853412)	(48.0, 0.21524600094479412)	(49.0, 0.31339883250774986)	(50.0, 0.4604525980317491)	(51.0, 0.6875728688259354)	(52.0, 1.0201226173370892)	(53.0, 1.4590728429716138)	(54.0, 2.0058390990810135)	(55.0, 2.650196644927979)	(56.0, 3.3081832788286802)	(57.0, 3.9458959130751974)	(58.0, 4.571348217467367)	(59.0, 5.15433392131442)	(60.0, 5.700292961049821)	(61.0, 6.1743512495592485)	(62.0, 6.536264956023086)	(63.0, 6.783390154346789)	(64.0, 6.836994001095474)	(65.0, 6.699790615091858)	(66.0, 6.38580684318266)	(67.0, 5.845697197461738)	(68.0, 5.154287126162304)	(69.0, 4.387607052684555)	(70.0, 3.5979856558820216)	(71.0, 2.8331539909128494)	(72.0, 2.1409484020274467)	(73.0, 1.5475624756226503)	(74.0, 1.0672687330937891)	(75.0, 0.712619973995934)	(76.0, 0.4607450677324731)	(77.0, 0.2877550891482744)	(78.0, 0.17625394044427786)	(79.0, 0.10564005590148873)	(80.0, 0.059850999556147984)	(81.0, 0.03469860529388876)	(82.0, 0.021806540885977294)	(83.0, 0.0132430280487802)	(84.0, 0.00794347707166233)	(85.0, 0.004585924907351448)	(86.0, 0.0032522630720502616)	(87.0, 0.002714118822718204)	(88.0, 0.0023865527579073863)	(89.0, 0.002140878209299273)	(90.0, 0.0021174806332413575)	(91.0, 0.002140878209299273)	(92.0, 0.002070685481125526)	(93.0, 0.002246167301559893)	(94.0, 0.0022110709374730197)	(95.0, 0.002339757605791555)	(96.0, 0.003287359436137135)	(97.0, 0.005065575216538718)	(98.0, 0.007639308582909428)	(99.0, 0.015606183230629673)	(100.0, 0.07679084462207884)
IDDLNTM83_R1	(0.0, 0.0)	(1.0, 0.0)	(2.0, 0.0)	(3.0, 0.0)	(4.0, 0.0)	(5.0, 0.0)	(6.0, 0.0)	(7.0, 0.0)	(8.0, 0.0)	(9.0, 0.0)	(10.0, 0.0)	(11.0, 0.0)	(12.0, 0.0)	(13.0, 0.0)	(14.0, 1.9893684173042426e-05)	(15.0, 2.984052625956364e-05)	(16.0, 9.946842086521213e-06)	(17.0, 0.0)	(18.0, 0.0)	(19.0, 0.0)	(20.0, 0.0)	(21.0, 0.0)	(22.0, 0.0)	(23.0, 0.0)	(24.0, 0.0)	(25.0, 0.0)	(26.0, 0.0)	(27.0, 0.0)	(28.0, 0.0)	(29.0, 0.0)	(30.0, 9.946842086521213e-06)	(31.0, 0.00012930894712477579)	(32.0, 0.00032824578885520003)	(33.0, 0.0005371294726721456)	(34.0, 0.0007161726302295274)	(35.0, 0.0010941526295173334)	(36.0, 0.0016113884180164366)	(37.0, 0.002526497889976388)	(38.0, 0.003978736834608485)	(39.0, 0.005520497358019273)	(40.0, 0.00826582577389913)	(41.0, 0.013358608922197989)	(42.0, 0.019973258909734594)	(43.0, 0.027473177842971593)	(44.0, 0.04092130834394827)	(45.0, 0.06021818199179942)	(46.0, 0.08526433036565984)	(47.0, 0.11585086978171256)	(48.0, 0.15565813181197047)	(49.0, 0.21518998169979991)	(50.0, 0.30137936837950624)	(51.0, 0.42666979130132743)	(52.0, 0.6150032993675201)	(53.0, 0.8824937767582485)	(54.0, 1.2426888223953547)	(55.0, 1.728532377269397)	(56.0, 2.351592618726999)	(57.0, 3.1144855662369166)	(58.0, 3.9692972814683767)	(59.0, 4.876210555549035)	(60.0, 5.803674005380445)	(61.0, 6.619046491738849)	(62.0, 7.258946736848931)	(63.0, 7.631923474567218)	(64.0, 7.68398524604807)	(65.0, 7.491682947989356)	(66.0, 7.044671864621092)	(67.0, 6.352401495925475)	(68.0, 5.516260003290415)	(69.0, 4.640738962834818)	(70.0, 3.7597073718632883)	(71.0, 2.938118109200809)	(72.0, 2.2312656700063522)	(73.0, 1.619753712211201)	(74.0, 1.117826113683254)	(75.0, 0.7424322933379434)	(76.0, 0.48250141593297097)	(77.0, 0.31180365888618045)	(78.0, 0.19544550015805534)	(79.0, 0.11580113557127997)	(80.0, 0.06904103092254374)	(81.0, 0.041368916237841724)	(82.0, 0.02375305890261266)	(83.0, 0.012801585765352801)	(84.0, 0.0068931615659592015)	(85.0, 0.004068258413387176)	(86.0, 0.0020391026277368487)	(87.0, 0.0006465447356238789)	(88.0, 0.0002984052625956364)	(89.0, 0.0002486710521630303)	(90.0, 0.0002685647363360728)	(91.0, 0.00045755473597997585)	(92.0, 0.0006664384197969213)	(93.0, 0.0009250563140464729)	(94.0, 0.0015716010496703515)	(95.0, 0.002277826837813358)	(96.0, 0.002138571048602061)	(97.0, 0.0014721326288051396)	(98.0, 0.0014721326288051396)	(99.0, 0.001641228944276)	(100.0, 0.0009250563140464729)
IDDLNTM83_R2	(0.0, 0.0)	(1.0, 0.0)	(2.0, 0.0)	(3.0, 0.0)	(4.0, 0.0)	(5.0, 0.0)	(6.0, 0.0)	(7.0, 0.0)	(8.0, 0.0)	(9.0, 0.0)	(10.0, 0.0)	(11.0, 0.0)	(12.0, 0.0)	(13.0, 0.0)	(14.0, 0.0)	(15.0, 0.0)	(16.0, 9.954560418059683e-06)	(17.0, 9.954560418059683e-06)	(18.0, 0.0)	(19.0, 0.0)	(20.0, 0.0)	(21.0, 0.0)	(22.0, 9.954560418059683e-06)	(23.0, 9.954560418059683e-06)	(24.0, 0.0)	(25.0, 0.0)	(26.0, 0.0)	(27.0, 0.0)	(28.0, 1.9909120836119365e-05)	(29.0, 3.981824167223873e-05)	(30.0, 4.977280209029841e-05)	(31.0, 0.00013936384585283557)	(32.0, 0.00037827329588626795)	(33.0, 0.0006968192292641778)	(34.0, 0.0008162739542808941)	(35.0, 0.0011646835689129828)	(36.0, 0.002180048731555071)	(37.0, 0.0033546868608861137)	(38.0, 0.004897643725685364)	(39.0, 0.007455965753126703)	(40.0, 0.01100974382237401)	(41.0, 0.017181571281571013)	(42.0, 0.026280039503677563)	(43.0, 0.03541832596745635)	(44.0, 0.05166416856972975)	(45.0, 0.07506734011258806)	(46.0, 0.10034196901404162)	(47.0, 0.134764838939692)	(48.0, 0.17949067889803416)	(49.0, 0.24183609079634194)	(50.0, 0.33664332421794235)	(51.0, 0.47501171402897197)	(52.0, 0.6859289401668205)	(53.0, 0.9929574471410354)	(54.0, 1.4180968134755283)	(55.0, 1.9877166697177393)	(56.0, 2.7028522901511467)	(57.0, 3.540120412353729)	(58.0, 4.4358815315728295)	(59.0, 5.300056830585427)	(60.0, 6.079389411154901)	(61.0, 6.679768859088917)	(62.0, 7.063975072984348)	(63.0, 7.232655099268371)	(64.0, 7.175983786808356)	(65.0, 6.943863346980041)	(66.0, 6.547413023770396)	(67.0, 5.980998535982799)	(68.0, 5.267863782193421)	(69.0, 4.4894967939844985)	(70.0, 3.6866814053888217)	(71.0, 2.915640973647591)	(72.0, 2.2290749416140145)	(73.0, 1.6267742635193132)	(74.0, 1.1312760641499746)	(75.0, 0.7524353583198773)	(76.0, 0.4890974170205264)	(77.0, 0.31578852014210734)	(78.0, 0.19651297721291622)	(79.0, 0.11651812969338858)	(80.0, 0.06763128348029748)	(81.0, 0.03953951398053306)	(82.0, 0.024040263409614133)	(83.0, 0.014264885079079526)	(84.0, 0.008570876519949387)	(85.0, 0.005494917350768945)	(86.0, 0.0035537780692473067)	(87.0, 0.0025185037857691)	(88.0, 0.0022099124128092495)	(89.0, 0.002100412248210593)	(90.0, 0.002130275929464772)	(91.0, 0.002219866973227309)	(92.0, 0.0021501850503008913)	(93.0, 0.0019610484023577577)	(94.0, 0.002478685544096861)	(95.0, 0.00314564109210686)	(96.0, 0.003344732300468053)	(97.0, 0.005246053340317453)	(98.0, 0.008809785969982819)	(99.0, 0.017699208423310117)	(100.0, 0.09012859002511237)
IDDLNTM84_R1	(0.0, 0.0)	(1.0, 0.0)	(2.0, 0.0)	(3.0, 0.0)	(4.0, 0.0)	(5.0, 0.0)	(6.0, 0.0)	(7.0, 0.0)	(8.0, 0.0)	(9.0, 0.0)	(10.0, 0.0)	(11.0, 0.0)	(12.0, 0.0)	(13.0, 0.0)	(14.0, 2.1036260939250116e-05)	(15.0, 2.1036260939250116e-05)	(16.0, 0.0)	(17.0, 0.0)	(18.0, 0.0)	(19.0, 0.0)	(20.0, 0.0)	(21.0, 0.0)	(22.0, 0.0)	(23.0, 0.0)	(24.0, 0.0)	(25.0, 0.0)	(26.0, 0.0)	(27.0, 0.0)	(28.0, 2.1036260939250116e-05)	(29.0, 4.207252187850023e-05)	(30.0, 0.00011569943516587564)	(31.0, 0.0001262175656355007)	(32.0, 0.00027347139221025154)	(33.0, 0.0003786526969065021)	(34.0, 0.0004417614797242525)	(35.0, 0.0006626422195863788)	(36.0, 0.0008624866985092548)	(37.0, 0.0014094294829297578)	(38.0, 0.0026190144869366397)	(39.0, 0.004775231233209777)	(40.0, 0.007320618806859041)	(41.0, 0.010749529339956812)	(42.0, 0.016282065966979592)	(43.0, 0.02473864286455814)	(44.0, 0.03901174591183935)	(45.0, 0.05889101249943071)	(46.0, 0.08308271257956834)	(47.0, 0.11558373573070978)	(48.0, 0.1610956862727774)	(49.0, 0.22955819749956693)	(50.0, 0.32678779556078097)	(51.0, 0.47194851417207645)	(52.0, 0.683057910827921)	(53.0, 0.9704658259104257)	(54.0, 1.3722899642415118)	(55.0, 1.9151517140398004)	(56.0, 2.568464351899622)	(57.0, 3.3393591702793817)	(58.0, 4.218327779234539)	(59.0, 5.127010106766387)	(60.0, 6.017559177368601)	(61.0, 6.766534211849663)	(62.0, 7.268396289077353)	(63.0, 7.557729022035799)	(64.0, 7.570434923643106)	(65.0, 7.287160633835164)	(66.0, 6.80194875714089)	(67.0, 6.127589340211349)	(68.0, 5.316820289221241)	(69.0, 4.452303591531348)	(70.0, 3.6023019138895385)	(71.0, 2.822498239002006)	(72.0, 2.134843905158859)	(73.0, 1.5425153877619238)	(74.0, 1.0631200372173528)	(75.0, 0.7099948429606308)	(76.0, 0.4582644264310942)	(77.0, 0.2880705573020911)	(78.0, 0.1806173364244015)	(79.0, 0.11130285662957237)	(80.0, 0.06807334039941339)	(81.0, 0.03944298926109397)	(82.0, 0.0221196283776215)	(83.0, 0.013116108695622448)	(84.0, 0.00702611115370954)	(85.0, 0.0036287550120206453)	(86.0, 0.0017880821798362601)	(87.0, 0.0010412949164928808)	(88.0, 0.0006310878281775036)	(89.0, 0.0005048702625420028)	(90.0, 0.00041020708831537736)	(91.0, 0.00034709830549762693)	(92.0, 0.000525906523481253)	(93.0, 0.0008519685680396298)	(94.0, 0.0014199476133993831)	(95.0, 0.001588237700913384)	(96.0, 0.0012937300477638824)	(97.0, 0.001251657525885382)	(98.0, 0.0015461651790348837)	(99.0, 0.0015461651790348837)	(100.0, 0.0008940410899181301)
IDDLNTM84_R2	(0.0, 0.0)	(1.0, 0.0)	(2.0, 0.0)	(3.0, 0.0)	(4.0, 0.0)	(5.0, 0.0)	(6.0, 0.0)	(7.0, 0.0)	(8.0, 0.0)	(9.0, 1.0525052783139708e-05)	(10.0, 1.0525052783139708e-05)	(11.0, 0.0)	(12.0, 0.0)	(13.0, 0.0)	(14.0, 0.0)	(15.0, 0.0)	(16.0, 0.0)	(17.0, 0.0)	(18.0, 0.0)	(19.0, 0.0)	(20.0, 0.0)	(21.0, 0.0)	(22.0, 0.0)	(23.0, 0.0)	(24.0, 0.0)	(25.0, 0.0)	(26.0, 0.0)	(27.0, 1.0525052783139708e-05)	(28.0, 1.0525052783139708e-05)	(29.0, 5.262526391569854e-05)	(30.0, 0.00021050105566279415)	(31.0, 0.0002736513723616324)	(32.0, 0.0003683768474098897)	(33.0, 0.0004736273752412868)	(34.0, 0.0003894269529761692)	(35.0, 0.0006946534836872206)	(36.0, 0.0014524572840732795)	(37.0, 0.0026523133013512065)	(38.0, 0.004852049333027405)	(39.0, 0.007409637159330354)	(40.0, 0.01081975426106762)	(41.0, 0.016755884030758415)	(42.0, 0.02554430310468007)	(43.0, 0.03857431845020703)	(44.0, 0.056951060609568956)	(45.0, 0.08287426561444206)	(46.0, 0.12168013522587816)	(47.0, 0.1778839170878442)	(48.0, 0.26603123414663926)	(49.0, 0.40566710942055373)	(50.0, 0.6078849485430169)	(51.0, 0.9035547313269776)	(52.0, 1.309042914850218)	(53.0, 1.7949109264782965)	(54.0, 2.339266656422282)	(55.0, 2.9196917422540873)	(56.0, 3.4766880605906243)	(57.0, 4.007834849291769)	(58.0, 4.525762171697291)	(59.0, 5.012061710489478)	(60.0, 5.506876016983226)	(61.0, 5.954895938803133)	(62.0, 6.313379236596872)	(63.0, 6.572306060114891)	(64.0, 6.646128780335833)	(65.0, 6.521385854750061)	(66.0, 6.215906722772215)	(67.0, 5.708357102410869)	(68.0, 5.0481942166939975)	(69.0, 4.3092723610008905)	(70.0, 3.536649286296171)	(71.0, 2.791843926097289)	(72.0, 2.1245029543823164)	(73.0, 1.548540490930562)	(74.0, 1.0672614023159326)	(75.0, 0.7100305858033877)	(76.0, 0.46152356454067617)	(77.0, 0.289817853436535)	(78.0, 0.17857857057153143)	(79.0, 0.10845014387747154)	(80.0, 0.0645922489301284)	(81.0, 0.03846906792237563)	(82.0, 0.0230077653839434)	(83.0, 0.013914119779310695)	(84.0, 0.008083240537451295)	(85.0, 0.004588923013448912)	(86.0, 0.003052265307110515)	(87.0, 0.002336561717857015)	(88.0, 0.0017050585508686326)	(89.0, 0.0016419082341697943)	(90.0, 0.00144193223129014)	(91.0, 0.0013261566506756032)	(92.0, 0.00144193223129014)	(93.0, 0.0015892829702540958)	(94.0, 0.0016103330758203752)	(95.0, 0.00144193223129014)	(96.0, 0.001978709923230265)	(97.0, 0.0034627423656529636)	(98.0, 0.005146750810955317)	(99.0, 0.011924884803297288)	(100.0, 0.07499100107987042)
IDDLNTM85_R1	(0.0, 0.0)	(1.0, 0.0)	(2.0, 0.0)	(3.0, 0.0)	(4.0, 0.0)	(5.0, 0.0)	(6.0, 0.0)	(7.0, 0.0)	(8.0, 0.0)	(9.0, 0.0)	(10.0, 0.0)	(11.0, 0.0)	(12.0, 0.0)	(13.0, 0.0)	(14.0, 0.0)	(15.0, 0.0)	(16.0, 0.0)	(17.0, 0.0)	(18.0, 0.0)	(19.0, 0.0)	(20.0, 0.0)	(21.0, 0.0)	(22.0, 0.0)	(23.0, 0.0)	(24.0, 0.0)	(25.0, 0.0)	(26.0, 0.0)	(27.0, 0.0)	(28.0, 9.919533734300727e-06)	(29.0, 9.919533734300727e-06)	(30.0, 0.0)	(31.0, 1.9839067468601453e-05)	(32.0, 0.00011903440481160871)	(33.0, 0.00025790787709181886)	(34.0, 0.0002678274108261196)	(35.0, 0.00045629855177783333)	(36.0, 0.0007340454963382537)	(37.0, 0.0010713096433044784)	(38.0, 0.001706159802299725)	(39.0, 0.0029461015190873152)	(40.0, 0.005306950547850888)	(41.0, 0.00916564917049387)	(42.0, 0.014988415472528396)	(43.0, 0.023658087956307233)	(44.0, 0.036950263160270204)	(45.0, 0.055360917771132355)	(46.0, 0.08284794574887966)	(47.0, 0.12264511509089418)	(48.0, 0.17947412385470304)	(49.0, 0.26479203350342356)	(50.0, 0.3880918378207816)	(51.0, 0.5741227734738574)	(52.0, 0.8455807336467311)	(53.0, 1.2020094197876248)	(54.0, 1.6666205408348023)	(55.0, 2.2362596850607557)	(56.0, 2.9087445550439393)	(57.0, 3.6612007059930547)	(58.0, 4.446391318265363)	(59.0, 5.226503129265709)	(60.0, 5.937326997131965)	(61.0, 6.522609246056911)	(62.0, 6.9441299125622855)	(63.0, 7.16196287336753)	(64.0, 7.157836347334061)	(65.0, 6.931274196842632)	(66.0, 6.51388997590446)	(67.0, 5.936116814016381)	(68.0, 5.2291615643065015)	(69.0, 4.44324682607159)	(70.0, 3.6361836419151485)	(71.0, 2.872498578778804)	(72.0, 2.1743419554912506)	(73.0, 1.575608818822593)	(74.0, 1.0881629311190553)	(75.0, 0.7162200942177153)	(76.0, 0.4627164901039259)	(77.0, 0.2954037146074756)	(78.0, 0.18081326090883362)	(79.0, 0.10435349488484363)	(80.0, 0.06073730505512335)	(81.0, 0.03576983864588842)	(82.0, 0.020176331615567675)	(83.0, 0.012915232922059545)	(84.0, 0.007459489368194146)	(85.0, 0.003382561003396548)	(86.0, 0.0016664816673625218)	(87.0, 0.0009423557047585689)	(88.0, 0.000615011091526645)	(89.0, 0.00047613761924643485)	(90.0, 0.00039678134937202905)	(91.0, 0.00041662041684063046)	(92.0, 0.0005951720240580436)	(93.0, 0.000972114305961471)	(94.0, 0.0017160793360340254)	(95.0, 0.0021922169552804605)	(96.0, 0.00205334348300025)	(97.0, 0.001706159802299725)	(98.0, 0.001478010526410808)	(99.0, 0.0013887347228021016)	(100.0, 0.0007737236312754565)
IDDLNTM85_R2	(0.0, 0.0)	(1.0, 0.0)	(2.0, 9.925916926427913e-06)	(3.0, 9.925916926427913e-06)	(4.0, 0.0)	(5.0, 0.0)	(6.0, 0.0)	(7.0, 0.0)	(8.0, 0.0)	(9.0, 0.0)	(10.0, 0.0)	(11.0, 0.0)	(12.0, 0.0)	(13.0, 0.0)	(14.0, 0.0)	(15.0, 0.0)	(16.0, 0.0)	(17.0, 0.0)	(18.0, 0.0)	(19.0, 0.0)	(20.0, 0.0)	(21.0, 0.0)	(22.0, 0.0)	(23.0, 0.0)	(24.0, 0.0)	(25.0, 0.0)	(26.0, 0.0)	(27.0, 0.0)	(28.0, 0.0)	(29.0, 1.9851833852855827e-05)	(30.0, 1.9851833852855827e-05)	(31.0, 5.955550155856747e-05)	(32.0, 0.0002679997570135536)	(33.0, 0.00035733300935140484)	(34.0, 0.0003672589262778328)	(35.0, 0.0008238511048935167)	(36.0, 0.0012407396158034892)	(37.0, 0.0016377762928606056)	(38.0, 0.0028090344901790993)	(39.0, 0.004863699293949677)	(40.0, 0.007672733784128777)	(41.0, 0.012863988336650575)	(42.0, 0.020596277622337917)	(43.0, 0.03136589748751221)	(44.0, 0.04701906848048902)	(45.0, 0.06698008741953555)	(46.0, 0.09616228318323361)	(47.0, 0.14027305800427928)	(48.0, 0.20286589014233367)	(49.0, 0.29970313567656437)	(50.0, 0.44582255875050975)	(51.0, 0.6749325732463187)	(52.0, 1.004463089286799)	(53.0, 1.4382653626394044)	(54.0, 1.9778183549261732)	(55.0, 2.5924807605952216)	(56.0, 3.2489213506076053)	(57.0, 3.9143647472722587)	(58.0, 4.540610697994449)	(59.0, 5.119936839405414)	(60.0, 5.675123150851307)	(61.0, 6.16872907368564)	(62.0, 6.5514625044517745)	(63.0, 6.774458154120904)	(64.0, 6.845120756720144)	(65.0, 6.740958184494208)	(66.0, 6.410693150601173)	(67.0, 5.875984005774501)	(68.0, 5.206351872166895)	(69.0, 4.4409842698038915)	(70.0, 3.6370644060986423)	(71.0, 2.879041982261195)	(72.0, 2.187642312833933)	(73.0, 1.5879084862222317)	(74.0, 1.0955929325883338)	(75.0, 0.7200458656769336)	(76.0, 0.4616742480820151)	(77.0, 0.2916929207169371)	(78.0, 0.17967894820219807)	(79.0, 0.10720982872234788)	(80.0, 0.062443943384158006)	(81.0, 0.03703359605250254)	(82.0, 0.021767535819656413)	(83.0, 0.013846654112366939)	(84.0, 0.00836754796897873)	(85.0, 0.004764440124685398)	(86.0, 0.0033748117549854905)	(87.0, 0.0023921459792691268)	(88.0, 0.0017072577113456011)	(89.0, 0.0015385171235963264)	(90.0, 0.001607998542081322)	(91.0, 0.0016675540436398891)	(92.0, 0.0016576281267134615)	(93.0, 0.0017469613790513127)	(94.0, 0.0021042943884027176)	(95.0, 0.0019454797175798707)	(96.0, 0.002292886810004848)	(97.0, 0.003920737185939026)	(98.0, 0.005995253823562459)	(99.0, 0.012953321588988426)	(100.0, 0.07384882193262367)
IDDLNTM86_R1	(0.0, 0.0)	(1.0, 0.0)	(2.0, 0.0)	(3.0, 0.0)	(4.0, 0.0)	(5.0, 0.0)	(6.0, 0.0)	(7.0, 0.0)	(8.0, 0.0)	(9.0, 0.0)	(10.0, 0.0)	(11.0, 0.0)	(12.0, 0.0)	(13.0, 0.0)	(14.0, 1.024704288274729e-05)	(15.0, 1.024704288274729e-05)	(16.0, 0.0)	(17.0, 0.0)	(18.0, 0.0)	(19.0, 0.0)	(20.0, 0.0)	(21.0, 0.0)	(22.0, 0.0)	(23.0, 0.0)	(24.0, 0.0)	(25.0, 0.0)	(26.0, 0.0)	(27.0, 0.0)	(28.0, 0.0)	(29.0, 4.098817153098916e-05)	(30.0, 0.00015370564324120934)	(31.0, 0.00022543494342044034)	(32.0, 0.0002151879005376931)	(33.0, 0.0002869172007169241)	(34.0, 0.0003381524151306605)	(35.0, 0.0004303758010753862)	(36.0, 0.000778775259088794)	(37.0, 0.0012091510601641802)	(38.0, 0.0016907620756533028)	(39.0, 0.003391771194189353)	(40.0, 0.0056256265426282625)	(41.0, 0.008556280807093987)	(42.0, 0.014069189878012029)	(43.0, 0.02328128142960184)	(44.0, 0.035649462189077816)	(45.0, 0.05345882271929261)	(46.0, 0.07818493719536182)	(47.0, 0.11121115640645633)	(48.0, 0.15884965876834847)	(49.0, 0.23528235163076053)	(50.0, 0.3502849139038334)	(51.0, 0.5144117997567966)	(52.0, 0.750554902989708)	(53.0, 1.0864119805146333)	(54.0, 1.521993279374455)	(55.0, 2.09197479268439)	(56.0, 2.7771535620821703)	(57.0, 3.541531725920705)	(58.0, 4.367750793556619)	(59.0, 5.183384665894654)	(60.0, 5.956821215641537)	(61.0, 6.602220964568492)	(62.0, 7.0652540913111945)	(63.0, 7.314380197876547)	(64.0, 7.30279079237616)	(65.0, 7.071883928056331)	(66.0, 6.654614094827979)	(67.0, 6.042455753012656)	(68.0, 5.287474127497601)	(69.0, 4.4800686305944115)	(70.0, 3.6616373155493855)	(71.0, 2.8772671710466113)	(72.0, 2.1818106176374354)	(73.0, 1.5783520152295651)	(74.0, 1.079771896726613)	(75.0, 0.7157456983170154)	(76.0, 0.4643857364032244)	(77.0, 0.29352654337629613)	(78.0, 0.1837089848018934)	(79.0, 0.10896705401513469)	(80.0, 0.060201376936140326)	(81.0, 0.03374351221288682)	(82.0, 0.019623087120461062)	(83.0, 0.012460404145420705)	(84.0, 0.00657860153072376)	(85.0, 0.0028384308785209993)	(86.0, 0.0017829854615980284)	(87.0, 0.0010759395026884652)	(88.0, 0.0005738344014338482)	(89.0, 0.0005430932727856064)	(90.0, 0.0005021051012546172)	(91.0, 0.000707045958909563)	(92.0, 0.0009222338594472562)	(93.0, 0.0012706333174606638)	(94.0, 0.002479784377624844)	(95.0, 0.003330288936892869)	(96.0, 0.0032073244222999018)	(97.0, 0.0023773139487973712)	(98.0, 0.0017419972900670393)	(99.0, 0.0016087857325913244)	(100.0, 0.0008914927307990142)
IDDLNTM86_R2	(0.0, 0.0)	(1.0, 0.0)	(2.0, 0.0)	(3.0, 0.0)	(4.0, 0.0)	(5.0, 0.0)	(6.0, 0.0)	(7.0, 0.0)	(8.0, 0.0)	(9.0, 1.0255499357698074e-05)	(10.0, 1.0255499357698074e-05)	(11.0, 0.0)	(12.0, 0.0)	(13.0, 0.0)	(14.0, 0.0)	(15.0, 0.0)	(16.0, 0.0)	(17.0, 0.0)	(18.0, 0.0)	(19.0, 0.0)	(20.0, 0.0)	(21.0, 0.0)	(22.0, 0.0)	(23.0, 0.0)	(24.0, 0.0)	(25.0, 0.0)	(26.0, 1.0255499357698074e-05)	(27.0, 1.0255499357698074e-05)	(28.0, 0.0)	(29.0, 3.0766498073094226e-05)	(30.0, 0.00020510998715396152)	(31.0, 0.0002461319845847538)	(32.0, 0.00043073097302331913)	(33.0, 0.000553796965315696)	(34.0, 0.00031792048008864036)	(35.0, 0.0005025194685272056)	(36.0, 0.0011383604287044863)	(37.0, 0.0016613908959470882)	(38.0, 0.002892050818870857)	(39.0, 0.0049944281871989625)	(40.0, 0.008183888487443064)	(41.0, 0.013168061175284327)	(42.0, 0.01960851477191872)	(43.0, 0.02965890414246283)	(44.0, 0.04386277075287467)	(45.0, 0.06324566453892402)	(46.0, 0.08985868537215053)	(47.0, 0.12298394829751531)	(48.0, 0.1699951573532033)	(49.0, 0.24102474590462017)	(50.0, 0.34373357197196636)	(51.0, 0.5033091419777485)	(52.0, 0.7426519859877061)	(53.0, 1.0929080555511683)	(54.0, 1.586371918145527)	(55.0, 2.2236691592316005)	(56.0, 2.9793353739042256)	(57.0, 3.8028622278267386)	(58.0, 4.636993268085112)	(59.0, 5.415375413835037)	(60.0, 6.071737628227073)	(61.0, 6.5685140171139675)	(62.0, 6.892905717297316)	(63.0, 7.062664998165291)	(64.0, 7.0322984645671465)	(65.0, 6.814656257198079)	(66.0, 6.4473863142001955)	(67.0, 5.900450277954799)	(68.0, 5.2041018715671)	(69.0, 4.43353441632774)	(70.0, 3.6364770062474454)	(71.0, 2.867263276923301)	(72.0, 2.179560256494141)	(73.0, 1.5747319263745392)	(74.0, 1.0818116052461393)	(75.0, 0.7210231378423209)	(76.0, 0.46621500080095446)	(77.0, 0.2924970971809068)	(78.0, 0.18076343167878628)	(79.0, 0.10734431177702576)	(80.0, 0.062486757586454375)	(81.0, 0.035637860268000816)	(82.0, 0.02179293613510841)	(83.0, 0.014193611111054136)	(84.0, 0.008891517943124231)	(85.0, 0.005148260677564433)	(86.0, 0.003548402777763534)	(87.0, 0.003189460300244101)	(88.0, 0.0028817953195131593)	(89.0, 0.0027382183285053863)	(90.0, 0.002492086343920632)	(91.0, 0.002625407835570707)	(92.0, 0.0029228173169439514)	(93.0, 0.00276898482657848)	(94.0, 0.003015116811163234)	(95.0, 0.0035689137764789297)	(96.0, 0.00447139771995636)	(97.0, 0.0070250170600231815)	(98.0, 0.011496414779979543)	(99.0, 0.022869763567666707)	(100.0, 0.09848356033197463)
IDDLNTM88_R1	(0.0, 0.0)	(1.0, 0.0)	(2.0, 0.0)	(3.0, 0.0)	(4.0, 8.858677255975111e-06)	(5.0, 8.858677255975111e-06)	(6.0, 0.0)	(7.0, 0.0)	(8.0, 0.0)	(9.0, 0.0)	(10.0, 0.0)	(11.0, 0.0)	(12.0, 0.0)	(13.0, 0.0)	(14.0, 8.858677255975111e-06)	(15.0, 8.858677255975111e-06)	(16.0, 0.0)	(17.0, 0.0)	(18.0, 0.0)	(19.0, 0.0)	(20.0, 0.0)	(21.0, 0.0)	(22.0, 0.0)	(23.0, 0.0)	(24.0, 0.0)	(25.0, 0.0)	(26.0, 0.0)	(27.0, 0.0)	(28.0, 0.0)	(29.0, 0.0)	(30.0, 0.0)	(31.0, 0.0)	(32.0, 0.0)	(33.0, 0.0)	(34.0, 0.00017717354511950222)	(35.0, 0.00022146693139937776)	(36.0, 0.00013288015883962666)	(37.0, 0.000318912381215104)	(38.0, 0.0007441288895019093)	(39.0, 0.0014262470382119929)	(40.0, 0.0023032560865535287)	(41.0, 0.003366297357270542)	(42.0, 0.0052797716445611665)	(43.0, 0.008043678948425401)	(44.0, 0.010993618474665113)	(45.0, 0.015298935621069017)	(46.0, 0.023059136897303215)	(47.0, 0.035354980928596666)	(48.0, 0.05316092221310664)	(49.0, 0.07692875329088787)	(50.0, 0.11515394565042048)	(51.0, 0.16904127939851707)	(52.0, 0.24355161379852375)	(53.0, 0.3540370365350453)	(54.0, 0.5022781417365328)	(55.0, 0.705779675660793)	(56.0, 0.9908696271125842)	(57.0, 1.3483792651319717)	(58.0, 1.7616897111867467)	(59.0, 2.2509101626479717)	(60.0, 2.815641979039129)	(61.0, 3.41069704767749)	(62.0, 4.021848332889957)	(63.0, 4.606157826016819)	(64.0, 5.142683614024952)	(65.0, 5.602440104932803)	(66.0, 5.960020612370239)	(67.0, 6.22411549872537)	(68.0, 6.374278936891403)	(69.0, 6.414612494437858)	(70.0, 6.280669294327515)	(71.0, 5.955343230779085)	(72.0, 5.506553782314129)	(73.0, 4.954073516567985)	(74.0, 4.31723206731319)	(75.0, 3.6426615116251977)	(76.0, 2.9642285726536)	(77.0, 2.309049661478937)	(78.0, 1.7094678087627733)	(79.0, 1.2001381599304841)	(80.0, 0.8008067065856381)	(81.0, 0.5049977556541172)	(82.0, 0.2956140600318895)	(83.0, 0.15862347494549034)	(84.0, 0.07876249948287471)	(85.0, 0.03494748177482181)	(86.0, 0.013854971228345074)	(87.0, 0.005740422861871873)	(88.0, 0.0025778750814887575)	(89.0, 0.0014705404244918685)	(90.0, 0.0008415743393176355)	(91.0, 0.0006998355032220338)	(92.0, 0.0007618462440138596)	(93.0, 0.0008415743393176355)	(94.0, 0.0011516280432767644)	(95.0, 0.0013908123291880923)	(96.0, 0.0014173883609560178)	(97.0, 0.0012933668793723662)	(98.0, 0.001364236297420167)	(99.0, 0.001505975133515769)	(100.0, 0.000885867725597511)
IDDLNTM88_R2	(0.0, 0.0)	(1.0, 0.0)	(2.0, 0.0)	(3.0, 0.0)	(4.0, 0.0)	(5.0, 0.0)	(6.0, 0.0)	(7.0, 0.0)	(8.0, 0.0)	(9.0, 0.0)	(10.0, 8.8646486057725e-06)	(11.0, 1.7729297211545e-05)	(12.0, 8.8646486057725e-06)	(13.0, 0.0)	(14.0, 8.8646486057725e-06)	(15.0, 8.8646486057725e-06)	(16.0, 0.0)	(17.0, 0.0)	(18.0, 0.0)	(19.0, 0.0)	(20.0, 0.0)	(21.0, 0.0)	(22.0, 0.0)	(23.0, 0.0)	(24.0, 0.0)	(25.0, 0.0)	(26.0, 0.0)	(27.0, 0.0)	(28.0, 0.0)	(29.0, 1.7729297211545e-05)	(30.0, 1.7729297211545e-05)	(31.0, 8.8646486057725e-06)	(32.0, 1.7729297211545e-05)	(33.0, 3.545859442309e-05)	(34.0, 6.20525402404075e-05)	(35.0, 0.00014183437769236)	(36.0, 0.00031912734980781)	(37.0, 0.00063825469961562)	(38.0, 0.0014449377227409173)	(39.0, 0.0023314025833181674)	(40.0, 0.003563588739520545)	(41.0, 0.005974773160290665)	(42.0, 0.008926701146012907)	(43.0, 0.012277538318994911)	(44.0, 0.01705558391750629)	(45.0, 0.024679181718470642)	(46.0, 0.037754538411985075)	(47.0, 0.05611322567453993)	(48.0, 0.08298197559863636)	(49.0, 0.12741159441076813)	(50.0, 0.19618353829435117)	(51.0, 0.29731144958900385)	(52.0, 0.4425232584001632)	(53.0, 0.6377228206992736)	(54.0, 0.8754106437658516)	(55.0, 1.1578915362373983)	(56.0, 1.4866724883768943)	(57.0, 1.8247701862010575)	(58.0, 2.14863125836435)	(59.0, 2.4865162046219744)	(60.0, 2.8392760312400855)	(61.0, 3.2100754177709434)	(62.0, 3.6570575944198103)	(63.0, 4.135039447243064)	(64.0, 4.622400098291224)	(65.0, 5.114210802939482)	(66.0, 5.534368552907281)	(67.0, 5.893112017334288)	(68.0, 6.14926490344669)	(69.0, 6.251412249331007)	(70.0, 6.170052504427227)	(71.0, 5.885515013479141)	(72.0, 5.472209636883604)	(73.0, 4.944204571977977)	(74.0, 4.312855433626254)	(75.0, 3.636908248138889)	(76.0, 2.9556156795422437)	(77.0, 2.310437689365515)	(78.0, 1.7153006405683728)	(79.0, 1.2055035638990024)	(80.0, 0.8106100624576547)	(81.0, 0.5123323661706216)	(82.0, 0.29957193498347584)	(83.0, 0.1618152956497712)	(84.0, 0.08170546619940512)	(85.0, 0.03887148413631241)	(86.0, 0.016302088786015627)	(87.0, 0.007224688613704587)	(88.0, 0.003944768629568762)	(89.0, 0.0026062066900971147)	(90.0, 0.00187930550442377)	(91.0, 0.0017374711267314099)	(92.0, 0.001897034801635315)	(93.0, 0.001897034801635315)	(94.0, 0.0018881701530295424)	(95.0, 0.0022427560972604426)	(96.0, 0.002499830906827845)	(97.0, 0.0034306190104339573)	(98.0, 0.005762021593752125)	(99.0, 0.013775663933370466)	(100.0, 0.07772523897541328)
IDDLNTM89_R1	(0.0, 0.0)	(1.0, 0.0)	(2.0, 0.0)	(3.0, 0.0)	(4.0, 1.0633937957777737e-05)	(5.0, 1.0633937957777737e-05)	(6.0, 0.0)	(7.0, 0.0)	(8.0, 0.0)	(9.0, 0.0)	(10.0, 0.0)	(11.0, 0.0)	(12.0, 0.0)	(13.0, 0.0)	(14.0, 0.0)	(15.0, 0.0)	(16.0, 0.0)	(17.0, 0.0)	(18.0, 0.0)	(19.0, 0.0)	(20.0, 0.0)	(21.0, 0.0)	(22.0, 0.0)	(23.0, 0.0)	(24.0, 0.0)	(25.0, 0.0)	(26.0, 0.0)	(27.0, 0.0)	(28.0, 0.0)	(29.0, 0.0)	(30.0, 0.0)	(31.0, 2.1267875915555475e-05)	(32.0, 0.00010633937957777737)	(33.0, 0.00022331269711333245)	(34.0, 0.0003402860146488876)	(35.0, 0.0005742326497199978)	(36.0, 0.0008188132227488858)	(37.0, 0.0009570544161999964)	(38.0, 0.0015844567557088826)	(39.0, 0.0028392614347266558)	(40.0, 0.004753370267126648)	(41.0, 0.008081792847911079)	(42.0, 0.014238842925464389)	(43.0, 0.022884234485137687)	(44.0, 0.03478361105989098)	(45.0, 0.052478483821633136)	(46.0, 0.07743633620853747)	(47.0, 0.1111990892244818)	(48.0, 0.15798841623870385)	(49.0, 0.23005461377856354)	(50.0, 0.3359048322102831)	(51.0, 0.4915112463464448)	(52.0, 0.7189711792633106)	(53.0, 1.036489932744596)	(54.0, 1.4631979611763433)	(55.0, 2.017704655984663)	(56.0, 2.694129449478905)	(57.0, 3.470821643977033)	(58.0, 4.311891698871547)	(59.0, 5.1759842294446505)	(60.0, 5.994946327324946)	(61.0, 6.670488503968692)	(62.0, 7.147654568010095)	(63.0, 7.401805685200983)	(64.0, 7.401752515511194)	(65.0, 7.15782061269773)	(66.0, 6.715438159716218)	(67.0, 6.088067722021205)	(68.0, 5.327496577467068)	(69.0, 4.500622829746187)	(70.0, 3.6554480747999705)	(71.0, 2.8578920940286823)	(72.0, 2.154361392680065)	(73.0, 1.5613279406507161)	(74.0, 1.0724432769798424)	(75.0, 0.6980010536105729)	(76.0, 0.4451685447264494)	(77.0, 0.2825011957863234)	(78.0, 0.1755769496208682)	(79.0, 0.10171361656614405)	(80.0, 0.05724248802671755)	(81.0, 0.0334331009392532)	(82.0, 0.01862002536406882)	(83.0, 0.011707965691513288)	(84.0, 0.007316149314951083)	(85.0, 0.003402860146488876)	(86.0, 0.0015419210038777717)	(87.0, 0.0007975453468333302)	(88.0, 0.0004253575183111095)	(89.0, 0.0003828217664799985)	(90.0, 0.00032965207669110984)	(91.0, 0.00032965207669110984)	(92.0, 0.0006167684015511087)	(93.0, 0.0011484652994399956)	(94.0, 0.0021693233433866584)	(95.0, 0.0030519401938822106)	(96.0, 0.002828627496768878)	(97.0, 0.002094885777682214)	(98.0, 0.0017971355148644374)	(99.0, 0.001531287065919994)	(100.0, 0.0007124738431711083)
IDDLNTM89_R2	(0.0, 0.0)	(1.0, 0.0)	(2.0, 0.0)	(3.0, 0.0)	(4.0, 0.0)	(5.0, 0.0)	(6.0, 0.0)	(7.0, 0.0)	(8.0, 0.0)	(9.0, 0.0)	(10.0, 0.0)	(11.0, 0.0)	(12.0, 0.0)	(13.0, 0.0)	(14.0, 0.0)	(15.0, 0.0)	(16.0, 0.0)	(17.0, 0.0)	(18.0, 0.0)	(19.0, 0.0)	(20.0, 0.0)	(21.0, 0.0)	(22.0, 0.0)	(23.0, 0.0)	(24.0, 0.0)	(25.0, 0.0)	(26.0, 0.0)	(27.0, 0.0)	(28.0, 1.064169755508063e-05)	(29.0, 3.1925092665241884e-05)	(30.0, 3.1925092665241884e-05)	(31.0, 7.44918828855644e-05)	(32.0, 0.00020219225354653193)	(33.0, 0.00040438450709306387)	(34.0, 0.00046823469242354763)	(35.0, 0.0008726191995166116)	(36.0, 0.0014472708674909654)	(37.0, 0.0019580723501348356)	(38.0, 0.0030967339885284626)	(39.0, 0.004724913714455799)	(40.0, 0.00811961523452652)	(41.0, 0.013578806080282883)	(42.0, 0.02102799436883932)	(43.0, 0.03205279303590285)	(44.0, 0.049451968538459685)	(45.0, 0.07286370315963707)	(46.0, 0.10769397925741596)	(47.0, 0.16121107626191644)	(48.0, 0.2420454108903089)	(49.0, 0.3698734819219374)	(50.0, 0.5632012014050872)	(51.0, 0.845759554887588)	(52.0, 1.2236888018587215)	(53.0, 1.6818458066976079)	(54.0, 2.206534704650858)	(55.0, 2.7732157411564566)	(56.0, 3.3293189302923047)	(57.0, 3.8576047220191727)	(58.0, 4.37332266893349)	(59.0, 4.887635911770537)	(60.0, 5.426797518398697)	(61.0, 5.949304868353156)	(62.0, 6.373674483454661)	(63.0, 6.6773885316766615)	(64.0, 6.784880318680532)	(65.0, 6.675739068555625)	(66.0, 6.388977244538867)	(67.0, 5.90241754892547)	(68.0, 5.225903551953885)	(69.0, 4.447665568053283)	(70.0, 3.6364915302197076)	(71.0, 2.8529326975415654)	(72.0, 2.1589769582772025)	(73.0, 1.5660322122056654)	(74.0, 1.0824734753028016)	(75.0, 0.7079495715492939)	(76.0, 0.4540067427924049)	(77.0, 0.2887518214595578)	(78.0, 0.17641806206812666)	(79.0, 0.10416093566912919)	(80.0, 0.060189441371536034)	(81.0, 0.035224018907316884)	(82.0, 0.020527834583750532)	(83.0, 0.013312763641405866)	(84.0, 0.008683625204945793)	(85.0, 0.004863255782671847)	(86.0, 0.003064808895863221)	(87.0, 0.002585932505884593)	(88.0, 0.002522082320554109)	(89.0, 0.0023943819498931413)	(90.0, 0.0020857727207958033)	(91.0, 0.00169202991125782)	(92.0, 0.0020219225354653194)	(93.0, 0.002458232135223625)	(94.0, 0.002490157227888867)	(95.0, 0.0028519749447616085)	(96.0, 0.0032882845445199142)	(97.0, 0.004692988621790557)	(98.0, 0.007896139585869825)	(99.0, 0.017345967014781423)	(100.0, 0.08549539815751776)
IDDLNTM90_R1	(0.0, 0.0)	(1.0, 0.0)	(2.0, 0.0)	(3.0, 0.0)	(4.0, 0.0)	(5.0, 0.0)	(6.0, 0.0)	(7.0, 0.0)	(8.0, 0.0)	(9.0, 0.0)	(10.0, 0.0)	(11.0, 0.0)	(12.0, 0.0)	(13.0, 0.0)	(14.0, 0.0)	(15.0, 0.0)	(16.0, 0.0)	(17.0, 0.0)	(18.0, 0.0)	(19.0, 0.0)	(20.0, 0.0)	(21.0, 0.0)	(22.0, 0.0)	(23.0, 0.0)	(24.0, 0.0)	(25.0, 0.0)	(26.0, 0.0)	(27.0, 0.0)	(28.0, 1.0251432791504104e-05)	(29.0, 1.0251432791504104e-05)	(30.0, 1.0251432791504104e-05)	(31.0, 6.150859674902462e-05)	(32.0, 0.00013326862628955334)	(33.0, 0.0001845257902470739)	(34.0, 0.0003382972821196355)	(35.0, 0.0005125716395752052)	(36.0, 0.0008098631905288241)	(37.0, 0.0013224348301040295)	(38.0, 0.0018657607680537468)	(39.0, 0.0033419670900303386)	(40.0, 0.005515270841829208)	(41.0, 0.008149889069245762)	(42.0, 0.01264001663192456)	(43.0, 0.018821630605201537)	(44.0, 0.024634192997984364)	(45.0, 0.03304036788701773)	(46.0, 0.04937090032388376)	(47.0, 0.07475344791564792)	(48.0, 0.10931102785580826)	(49.0, 0.15768753919891612)	(50.0, 0.2249984469079321)	(51.0, 0.3238222590180317)	(52.0, 0.4717811884978104)	(53.0, 0.6746467920088851)	(54.0, 0.9372679972616373)	(55.0, 1.2762931311094694)	(56.0, 1.7179043529018834)	(57.0, 2.237067663762026)	(58.0, 2.79488912767893)	(59.0, 3.384736067636493)	(60.0, 3.970666960267702)	(61.0, 4.549852410122101)	(62.0, 5.087724585826738)	(63.0, 5.567081583157471)	(64.0, 5.98842572232108)	(65.0, 6.340593193007621)	(66.0, 6.569476932943533)	(67.0, 6.628443174360264)	(68.0, 6.531782414569172)	(69.0, 6.246587554309528)	(70.0, 5.751187064660092)	(71.0, 5.108329965737661)	(72.0, 4.379289071337055)	(73.0, 3.5813790514431254)	(74.0, 2.804351200145488)	(75.0, 2.1077458390972015)	(76.0, 1.5160228869387928)	(77.0, 1.0467430480421096)	(78.0, 0.6811769546970732)	(79.0, 0.41685401160093144)	(80.0, 0.25016571441107466)	(81.0, 0.14777440368953168)	(82.0, 0.0824317710764845)	(83.0, 0.04315853205223228)	(84.0, 0.023239998138339803)	(85.0, 0.012516999438426513)	(86.0, 0.005853568123948844)	(87.0, 0.0028498983160381414)	(88.0, 0.0015069606203511033)	(89.0, 0.0007381031609882955)	(90.0, 0.0005433259379497176)	(91.0, 0.00039980587886866007)	(92.0, 0.0003588001477026437)	(93.0, 0.0005740802363242299)	(94.0, 0.0010764004431079311)	(95.0, 0.0013326862628955335)	(96.0, 0.001291680531729517)	(97.0, 0.0011891662038144761)	(98.0, 0.0011481604726484597)	(99.0, 0.001353189128478542)	(100.0, 0.0008508689216948406)
IDDLNTM90_R2	(0.0, 2.051608625290918e-05)	(1.0, 1.025804312645459e-05)	(2.0, 0.0)	(3.0, 0.0)	(4.0, 0.0)	(5.0, 0.0)	(6.0, 0.0)	(7.0, 0.0)	(8.0, 0.0)	(9.0, 0.0)	(10.0, 0.0)	(11.0, 0.0)	(12.0, 0.0)	(13.0, 0.0)	(14.0, 0.0)	(15.0, 0.0)	(16.0, 0.0)	(17.0, 0.0)	(18.0, 0.0)	(19.0, 0.0)	(20.0, 0.0)	(21.0, 0.0)	(22.0, 0.0)	(23.0, 0.0)	(24.0, 0.0)	(25.0, 1.025804312645459e-05)	(26.0, 1.025804312645459e-05)	(27.0, 2.051608625290918e-05)	(28.0, 2.051608625290918e-05)	(29.0, 2.051608625290918e-05)	(30.0, 3.077412937936377e-05)	(31.0, 0.00011283847439100049)	(32.0, 0.00022567694878200098)	(33.0, 0.00028722520754072853)	(34.0, 0.0005539343288285479)	(35.0, 0.0009232238813809132)	(36.0, 0.0014258679945771881)	(37.0, 0.002000318409658645)	(38.0, 0.0031594772829480135)	(39.0, 0.004913602657571749)	(40.0, 0.007631984086082216)	(41.0, 0.011437718085996869)	(42.0, 0.01697706137428235)	(43.0, 0.024485948942847106)	(44.0, 0.03293857647904569)	(45.0, 0.044304488263157374)	(46.0, 0.06699527965887493)	(47.0, 0.09974921136164444)	(48.0, 0.14541801936062027)	(49.0, 0.2163934197525596)	(50.0, 0.31918926992276103)	(51.0, 0.4709775340649096)	(52.0, 0.6904483667554056)	(53.0, 0.9833667882313164)	(54.0, 1.32323627309701)	(55.0, 1.7102619822150154)	(56.0, 2.1375197364749754)	(57.0, 2.5550118336785506)	(58.0, 2.9479872078099)	(59.0, 3.332981824388867)	(60.0, 3.7380206572369263)	(61.0, 4.1822246987417895)	(62.0, 4.647714179734046)	(63.0, 5.137392126418482)	(64.0, 5.614863001782438)	(65.0, 6.055897307961226)	(66.0, 6.353595977534066)	(67.0, 6.467398707978952)	(68.0, 6.442584501656058)	(69.0, 6.18310730077239)	(70.0, 5.699553405834447)	(71.0, 5.081372952904914)	(72.0, 4.369628888618989)	(73.0, 3.582252272361713)	(74.0, 2.807893112831909)	(75.0, 2.109248569618466)	(76.0, 1.5161182580037356)	(77.0, 1.0523110960842177)	(78.0, 0.6874940503349867)	(79.0, 0.42316479505250476)	(80.0, 0.25678959358453773)	(81.0, 0.15143949067584914)	(82.0, 0.08460833970699747)	(83.0, 0.04507384149764147)	(84.0, 0.02425001395093865)	(85.0, 0.013776551918828515)	(86.0, 0.0074678553960589415)	(87.0, 0.003682637482397198)	(88.0, 0.0022978016603258282)	(89.0, 0.0017951575471295534)	(90.0, 0.0015797386414740067)	(91.0, 0.0015797386414740067)	(92.0, 0.0015797386414740067)	(93.0, 0.0015592225552210977)	(94.0, 0.0014463840808300974)	(95.0, 0.0017336092883708258)	(96.0, 0.0021849631859348277)	(97.0, 0.0029645744635453768)	(98.0, 0.0052213439513653865)	(99.0, 0.012453264355515874)	(100.0, 0.0736219755185646)
IDDLNTM91_R1	(0.0, 0.0)	(1.0, 0.0)	(2.0, 0.0)	(3.0, 0.0)	(4.0, 0.0)	(5.0, 0.0)	(6.0, 0.0)	(7.0, 0.0)	(8.0, 0.0)	(9.0, 0.0)	(10.0, 0.0)	(11.0, 0.0)	(12.0, 0.0)	(13.0, 0.0)	(14.0, 1.0162461169235873e-05)	(15.0, 1.0162461169235873e-05)	(16.0, 0.0)	(17.0, 0.0)	(18.0, 0.0)	(19.0, 0.0)	(20.0, 0.0)	(21.0, 0.0)	(22.0, 0.0)	(23.0, 0.0)	(24.0, 0.0)	(25.0, 0.0)	(26.0, 0.0)	(27.0, 0.0)	(28.0, 0.0)	(29.0, 7.113722818465111e-05)	(30.0, 0.00021341168455395334)	(31.0, 0.00014227445636930223)	(32.0, 0.00015243691753853808)	(33.0, 0.00032519875741554794)	(34.0, 0.0004064984467694349)	(35.0, 0.0004674732137848501)	(36.0, 0.0006503975148310959)	(37.0, 0.0012093328791390689)	(38.0, 0.0022459039184011278)	(39.0, 0.003587348792740263)	(40.0, 0.0054674041090489)	(41.0, 0.00844500523163501)	(42.0, 0.01337379889871441)	(43.0, 0.021351330916564566)	(44.0, 0.03260117543090868)	(45.0, 0.04828185301503963)	(46.0, 0.07138112725271277)	(47.0, 0.10411441467882152)	(48.0, 0.14815852138628977)	(49.0, 0.21229381382533735)	(50.0, 0.3086949204767089)	(51.0, 0.456782304634814)	(52.0, 0.6744520604186771)	(53.0, 0.96208019889156)	(54.0, 1.3684871835104717)	(55.0, 1.9131138024921606)	(56.0, 2.574324176007323)	(57.0, 3.3333482382763817)	(58.0, 4.192269293839028)	(59.0, 5.060072340463587)	(60.0, 5.8760874849697196)	(61.0, 6.592917008464111)	(62.0, 7.133204256526536)	(63.0, 7.442305675450014)	(64.0, 7.437051683025519)	(65.0, 7.198365957543676)	(66.0, 6.7712682019842)	(67.0, 6.155067368987583)	(68.0, 5.399092045069296)	(69.0, 4.57194900558285)	(70.0, 3.7423060006487714)	(71.0, 2.9608025742733637)	(72.0, 2.2683324702016314)	(73.0, 1.6652818619580054)	(74.0, 1.158296999147166)	(75.0, 0.7722149368667263)	(76.0, 0.5044239225961917)	(77.0, 0.32084922403511495)	(78.0, 0.19965171213080796)	(79.0, 0.12392105149766222)	(80.0, 0.07222461152975934)	(81.0, 0.04130024219177458)	(82.0, 0.02488786740345865)	(83.0, 0.0146745939283766)	(84.0, 0.008648254455019726)	(85.0, 0.0048373315165562755)	(86.0, 0.0026727272875090346)	(87.0, 0.0012398202626467765)	(88.0, 0.00064023505366186)	(89.0, 0.0004979605972925577)	(90.0, 0.00039633598560019905)	(91.0, 0.00039633598560019905)	(92.0, 0.0005487729031387371)	(93.0, 0.0012398202626467765)	(94.0, 0.0022560663795703636)	(95.0, 0.002723539593355214)	(96.0, 0.0028556515885552803)	(97.0, 0.0022967162242473072)	(98.0, 0.0017377808599393341)	(99.0, 0.001361769796677607)	(100.0, 0.0005894227478156806)
IDDLNTM91_R2	(0.0, 0.0)	(1.0, 0.0)	(2.0, 0.0)	(3.0, 0.0)	(4.0, 0.0)	(5.0, 0.0)	(6.0, 0.0)	(7.0, 0.0)	(8.0, 0.0)	(9.0, 0.0)	(10.0, 0.0)	(11.0, 0.0)	(12.0, 0.0)	(13.0, 0.0)	(14.0, 0.0)	(15.0, 0.0)	(16.0, 0.0)	(17.0, 0.0)	(18.0, 0.0)	(19.0, 0.0)	(20.0, 0.0)	(21.0, 0.0)	(22.0, 0.0)	(23.0, 0.0)	(24.0, 0.0)	(25.0, 0.0)	(26.0, 0.0)	(27.0, 2.0341420573617887e-05)	(28.0, 3.0512130860426833e-05)	(29.0, 9.15363925812805e-05)	(30.0, 0.00023392633659660573)	(31.0, 0.00021358491602298783)	(32.0, 0.0002542677571702236)	(33.0, 0.0005187062246272562)	(34.0, 0.0006102426172085368)	(35.0, 0.0007729739817974797)	(36.0, 0.001078095290401748)	(37.0, 0.0021663612910903054)	(38.0, 0.0038445284884137815)	(39.0, 0.005543037106310875)	(40.0, 0.008919712921531445)	(41.0, 0.014300018663253377)	(42.0, 0.02159241793889539)	(43.0, 0.03261746788979628)	(44.0, 0.048524458778365476)	(45.0, 0.07055421725959365)	(46.0, 0.10493121802900789)	(47.0, 0.15546947744416154)	(48.0, 0.23067170930482686)	(49.0, 0.3503809693805681)	(50.0, 0.5393629372197651)	(51.0, 0.8131076045892279)	(52.0, 1.176171449697447)	(53.0, 1.62983598204056)	(54.0, 2.159933402189042)	(55.0, 2.723360239947397)	(56.0, 3.2866853706028842)	(57.0, 3.8190203470144644)	(58.0, 4.341438880896406)	(59.0, 4.8718414223534925)	(60.0, 5.394005688478264)	(61.0, 5.891272055820926)	(62.0, 6.329110962957765)	(63.0, 6.629604598381535)	(64.0, 6.720510406925033)	(65.0, 6.628272235333962)	(66.0, 6.339495258160596)	(67.0, 5.867269179544057)	(68.0, 5.2275315025037745)	(69.0, 4.484784871678691)	(70.0, 3.714323055322053)	(71.0, 2.954357411981402)	(72.0, 2.2767745219639033)	(73.0, 1.6795707553430554)	(74.0, 1.1725710182559164)	(75.0, 0.7882605593585535)	(76.0, 0.5129597733152091)	(77.0, 0.3206519832122256)	(78.0, 0.19703717038634969)	(79.0, 0.11955669942143915)	(80.0, 0.07211033593347542)	(81.0, 0.044527369635649565)	(82.0, 0.027471088484670957)	(83.0, 0.016557916346924963)	(84.0, 0.010628392249715346)	(85.0, 0.006895741574456464)	(86.0, 0.004403917554188273)	(87.0, 0.0030817252169031105)	(88.0, 0.0024511411791209555)	(89.0, 0.002268068393958395)	(90.0, 0.002074824898509025)	(91.0, 0.002034142057361789)	(92.0, 0.0021155077396562607)	(93.0, 0.0022172148425243497)	(94.0, 0.0028579695905933135)	(95.0, 0.003447870787228232)	(96.0, 0.003752992095832501)	(97.0, 0.005604061368031728)	(98.0, 0.009092614996407197)	(99.0, 0.019304008124363375)	(100.0, 0.09508597047137682)
IDDLNTM94_R1	(0.0, 0.0)	(1.0, 0.0)	(2.0, 0.0)	(3.0, 0.0)	(4.0, 0.0)	(5.0, 0.0)	(6.0, 0.0)	(7.0, 0.0)	(8.0, 0.0)	(9.0, 0.0)	(10.0, 0.0)	(11.0, 0.0)	(12.0, 0.0)	(13.0, 0.0)	(14.0, 0.0)	(15.0, 0.0)	(16.0, 0.0)	(17.0, 0.0)	(18.0, 0.0)	(19.0, 0.0)	(20.0, 0.0)	(21.0, 0.0)	(22.0, 0.0)	(23.0, 0.0)	(24.0, 0.0)	(25.0, 0.0)	(26.0, 0.0)	(27.0, 0.0)	(28.0, 0.0)	(29.0, 0.0)	(30.0, 0.0)	(31.0, 0.0)	(32.0, 0.0)	(33.0, 0.0)	(34.0, 4.281770469271339e-05)	(35.0, 7.493098321224844e-05)	(36.0, 0.00010704426173178348)	(37.0, 0.0003104283590221721)	(38.0, 0.000556630161005274)	(39.0, 0.00123100900991551)	(40.0, 0.0020766586775965994)	(41.0, 0.0031363968687412556)	(42.0, 0.005362917512762352)	(43.0, 0.008156772743961902)	(44.0, 0.011346691743569049)	(45.0, 0.01561775778666721)	(46.0, 0.023988619054092677)	(47.0, 0.038054235045649025)	(48.0, 0.054057352174550655)	(49.0, 0.07846344384939728)	(50.0, 0.11763093921705685)	(51.0, 0.17163476926074164)	(52.0, 0.25097597605633953)	(53.0, 0.35880166089876503)	(54.0, 0.503868044397678)	(55.0, 0.7141886098482861)	(56.0, 0.9998897444104162)	(57.0, 1.3600294585808286)	(58.0, 1.8010089992110838)	(59.0, 2.3317986754343054)	(60.0, 2.9307541375283264)	(61.0, 3.600358812365325)	(62.0, 4.3041962421041475)	(63.0, 4.9364638784491)	(64.0, 5.490674839139236)	(65.0, 5.940453418083844)	(66.0, 6.238625209137727)	(67.0, 6.427686784208403)	(68.0, 6.491110509284484)	(69.0, 6.407230625791459)	(70.0, 6.152775711228836)	(71.0, 5.750439149083754)	(72.0, 5.238360809811249)	(73.0, 4.617878746682965)	(74.0, 3.9827423241236017)	(75.0, 3.3520375339999338)	(76.0, 2.716687022917106)	(77.0, 2.105806830066164)	(78.0, 1.5604056121165542)	(79.0, 1.1082934682661933)	(80.0, 0.7436257818245267)	(81.0, 0.47049164358970785)	(82.0, 0.2782722627979443)	(83.0, 0.15268793493421595)	(84.0, 0.07710398172540364)	(85.0, 0.03556010374729847)	(86.0, 0.014932674511583796)	(87.0, 0.005973069804633518)	(88.0, 0.002472722446004198)	(89.0, 0.001263122288435045)	(90.0, 0.0008777629462006245)	(91.0, 0.0007600142582956627)	(92.0, 0.0006422655703907009)	(93.0, 0.0007279009797761276)	(94.0, 0.001081147043491013)	(95.0, 0.0015307329427645038)	(96.0, 0.001605663925976752)	(97.0, 0.0013380532716472935)	(98.0, 0.00135946212399365)	(99.0, 0.0014558019595522552)	(100.0, 0.0008456496676810894)
IDDLNTM94_R2	(0.0, 0.0)	(1.0, 1.0711989522817287e-05)	(2.0, 1.0711989522817287e-05)	(3.0, 0.0)	(4.0, 0.0)	(5.0, 0.0)	(6.0, 0.0)	(7.0, 0.0)	(8.0, 0.0)	(9.0, 0.0)	(10.0, 0.0)	(11.0, 0.0)	(12.0, 0.0)	(13.0, 0.0)	(14.0, 0.0)	(15.0, 0.0)	(16.0, 0.0)	(17.0, 0.0)	(18.0, 0.0)	(19.0, 0.0)	(20.0, 0.0)	(21.0, 0.0)	(22.0, 0.0)	(23.0, 0.0)	(24.0, 0.0)	(25.0, 0.0)	(26.0, 0.0)	(27.0, 0.0)	(28.0, 0.0)	(29.0, 0.0)	(30.0, 2.1423979045634574e-05)	(31.0, 5.3559947614086436e-05)	(32.0, 4.284795809126915e-05)	(33.0, 0.00010711989522817287)	(34.0, 0.00013925586379662474)	(35.0, 0.0001821038218878939)	(36.0, 0.0004284795809126915)	(37.0, 0.0008033992142112966)	(38.0, 0.001488966543671603)	(39.0, 0.0025066055483392454)	(40.0, 0.0035456685320525223)	(41.0, 0.005334570782363009)	(42.0, 0.008762407429664542)	(43.0, 0.012865099416903562)	(44.0, 0.01825323014688066)	(45.0, 0.02710133349272774)	(46.0, 0.04151967139043981)	(47.0, 0.06502177640350093)	(48.0, 0.10011425408025038)	(49.0, 0.15159607572691025)	(50.0, 0.23269654840415993)	(51.0, 0.3540633896976798)	(52.0, 0.5256051899160759)	(53.0, 0.7584195702049868)	(54.0, 1.050257012764621)	(55.0, 1.3922372782805628)	(56.0, 1.7573018812181758)	(57.0, 2.122570011956723)	(58.0, 2.4774368008686136)	(59.0, 2.8120365056033347)	(60.0, 3.151692269392825)	(61.0, 3.5170460960475545)	(62.0, 3.9196347982835964)	(63.0, 4.326122664705944)	(64.0, 4.744554399446233)	(65.0, 5.137384479226989)	(66.0, 5.479900344219072)	(67.0, 5.781999872741564)	(68.0, 5.973176749755284)	(69.0, 6.031514244696547)	(70.0, 5.914710710939748)	(71.0, 5.616478210634992)	(72.0, 5.160800888323867)	(73.0, 4.589251975344428)	(74.0, 3.9796219396113734)	(75.0, 3.3459113514310252)	(76.0, 2.7093299500585624)	(77.0, 2.108558729660878)	(78.0, 1.5617652244686693)	(79.0, 1.1035277366615912)	(80.0, 0.7443761519405733)	(81.0, 0.47459469580841995)	(82.0, 0.2818110203662772)	(83.0, 0.15618080724267605)	(84.0, 0.08078982498108798)	(85.0, 0.037941866889818834)	(86.0, 0.01690351946700568)	(87.0, 0.008280367901137764)	(88.0, 0.004670427431948338)	(89.0, 0.002860101202592216)	(90.0, 0.0021102619359950055)	(91.0, 0.001971006072198381)	(92.0, 0.002003142040766833)	(93.0, 0.001863886176970208)	(94.0, 0.001681782355082314)	(95.0, 0.001863886176970208)	(96.0, 0.002335213715974169)	(97.0, 0.0033421407311189934)	(98.0, 0.005623794499479076)	(99.0, 0.013004355280700187)	(100.0, 0.08027564948399275)
IDDLNTM96_R1	(0.0, 0.0)	(1.0, 0.0)	(2.0, 0.0)	(3.0, 0.0)	(4.0, 0.0)	(5.0, 0.0)	(6.0, 0.0)	(7.0, 0.0)	(8.0, 0.0)	(9.0, 0.0)	(10.0, 0.0)	(11.0, 0.0)	(12.0, 0.0)	(13.0, 0.0)	(14.0, 0.0)	(15.0, 0.0)	(16.0, 0.0)	(17.0, 0.0)	(18.0, 0.0)	(19.0, 0.0)	(20.0, 0.0)	(21.0, 0.0)	(22.0, 0.0)	(23.0, 0.0)	(24.0, 0.0)	(25.0, 0.0)	(26.0, 0.0)	(27.0, 0.0)	(28.0, 0.0)	(29.0, 0.0)	(30.0, 0.0)	(31.0, 1.181757493199281e-05)	(32.0, 0.00011817574931992811)	(33.0, 0.0002127163487758706)	(34.0, 0.0002718042234358346)	(35.0, 0.00033089209809579874)	(36.0, 0.0004490678474157268)	(37.0, 0.0013590211171791732)	(38.0, 0.0025525961853104474)	(39.0, 0.004147968801129476)	(40.0, 0.006357855313412132)	(41.0, 0.009465877520526241)	(42.0, 0.016166442506966167)	(43.0, 0.02700315871960357)	(44.0, 0.03917526089955616)	(45.0, 0.05327362779342359)	(46.0, 0.07664879100890537)	(47.0, 0.11091975831168453)	(48.0, 0.15709102357098043)	(49.0, 0.2262002017732744)	(50.0, 0.32153257874966035)	(51.0, 0.46181901076734705)	(52.0, 0.6747835286167895)	(53.0, 0.9725273290283485)	(54.0, 1.387418749740752)	(55.0, 1.9353051587378027)	(56.0, 2.610596843076668)	(57.0, 3.385841576190328)	(58.0, 4.255591456035135)	(59.0, 5.152344494599546)	(60.0, 6.000184590520438)	(61.0, 6.72521644774806)	(62.0, 7.249018639033709)	(63.0, 7.521650092714784)	(64.0, 7.5010756947581845)	(65.0, 7.249420436581398)	(66.0, 6.764628060146256)	(67.0, 6.0961787516930155)	(68.0, 5.320177693783707)	(69.0, 4.4924747455469305)	(70.0, 3.6614037884545363)	(71.0, 2.8524435140599005)	(72.0, 2.1511177121458553)	(73.0, 1.5648478197696922)	(74.0, 1.076498353280021)	(75.0, 0.7057573925135426)	(76.0, 0.45624111539944645)	(77.0, 0.2906768906022272)	(78.0, 0.17498283201801754)	(79.0, 0.10257655040969761)	(80.0, 0.0596787534065637)	(81.0, 0.034247332152915165)	(82.0, 0.019711714986564006)	(83.0, 0.011853027656788789)	(84.0, 0.006948734060011772)	(85.0, 0.00332073855588998)	(86.0, 0.0013708386921111662)	(87.0, 0.0006499666212596046)	(88.0, 0.0004845205722117052)	(89.0, 0.0003663448228917771)	(90.0, 0.00030725694823181306)	(91.0, 0.00037816239782376994)	(92.0, 0.0007326896457835543)	(93.0, 0.0012408453678592452)	(94.0, 0.002056258038166749)	(95.0, 0.0026707719346303754)	(96.0, 0.0024698731607864974)	(97.0, 0.001926264713914828)	(98.0, 0.0015244671662270725)	(99.0, 0.0012881156675872165)	(100.0, 0.0006854193460555831)
IDDLNTM96_R2	(0.0, 2.3652997284162854e-05)	(1.0, 1.1826498642081427e-05)	(2.0, 0.0)	(3.0, 0.0)	(4.0, 1.1826498642081427e-05)	(5.0, 1.1826498642081427e-05)	(6.0, 0.0)	(7.0, 0.0)	(8.0, 0.0)	(9.0, 0.0)	(10.0, 0.0)	(11.0, 0.0)	(12.0, 0.0)	(13.0, 0.0)	(14.0, 1.1826498642081427e-05)	(15.0, 1.1826498642081427e-05)	(16.0, 0.0)	(17.0, 0.0)	(18.0, 0.0)	(19.0, 0.0)	(20.0, 0.0)	(21.0, 0.0)	(22.0, 0.0)	(23.0, 0.0)	(24.0, 0.0)	(25.0, 0.0)	(26.0, 0.0)	(27.0, 0.0)	(28.0, 1.1826498642081427e-05)	(29.0, 3.547949592624428e-05)	(30.0, 7.095899185248856e-05)	(31.0, 0.00010643848777873284)	(32.0, 0.00023652997284162851)	(33.0, 0.0004375804497570128)	(34.0, 0.00047305994568325703)	(35.0, 0.0005676719348199085)	(36.0, 0.0010762113764294097)	(37.0, 0.002199728747427145)	(38.0, 0.0035479495926244273)	(39.0, 0.005570280860420352)	(40.0, 0.009212842442181431)	(41.0, 0.014392848847413094)	(42.0, 0.02295523386428005)	(43.0, 0.035432189931675954)	(44.0, 0.049872344773657366)	(45.0, 0.06716268578838042)	(46.0, 0.09167901747341521)	(47.0, 0.12782079732361604)	(48.0, 0.17843821151172456)	(49.0, 0.25326446842017375)	(50.0, 0.35557550817282013)	(51.0, 0.509071634048395)	(52.0, 0.74916138298129)	(53.0, 1.08348467309429)	(54.0, 1.5585551235467006)	(55.0, 2.1780152959202836)	(56.0, 2.916036117180733)	(57.0, 3.7460670978765758)	(58.0, 4.598355549016816)	(59.0, 5.400629737399694)	(60.0, 6.088163235957097)	(61.0, 6.6138747535949)	(62.0, 6.958061343575396)	(63.0, 7.107832122378715)	(64.0, 7.070259336192823)	(65.0, 6.846478328887358)	(66.0, 6.430351147667081)	(67.0, 5.886367689627262)	(68.0, 5.205043102856951)	(69.0, 4.417883179738653)	(70.0, 3.632532710912594)	(71.0, 2.867925920704746)	(72.0, 2.1775067564786745)	(73.0, 1.5842304520986596)	(74.0, 1.088416323028038)	(75.0, 0.7181049975471842)	(76.0, 0.46361057326823396)	(77.0, 0.29410136823128086)	(78.0, 0.17907684243839694)	(79.0, 0.10484191046205185)	(80.0, 0.061698843415738794)	(81.0, 0.03741904170354563)	(82.0, 0.021997287474271453)	(83.0, 0.014463807839265583)	(84.0, 0.008999965466623966)	(85.0, 0.0055584543617782705)	(86.0, 0.0041392745247284994)	(87.0, 0.0032168076306461476)	(88.0, 0.002826533175457461)	(89.0, 0.0024244322216266925)	(90.0, 0.002270687739279634)	(91.0, 0.002530870709405425)	(92.0, 0.002448085218910855)	(93.0, 0.0024007792243425294)	(94.0, 0.0027792271808891353)	(95.0, 0.0030039306550886822)	(96.0, 0.003465164102129858)	(97.0, 0.005771331337335736)	(98.0, 0.00969772888650677)	(99.0, 0.019454590266223946)	(100.0, 0.08917179976129395)
IDDLNTM97_R1	(0.0, 0.0)	(1.0, 0.0)	(2.0, 0.0)	(3.0, 0.0)	(4.0, 0.0)	(5.0, 0.0)	(6.0, 0.0)	(7.0, 0.0)	(8.0, 0.0)	(9.0, 0.0)	(10.0, 0.0)	(11.0, 0.0)	(12.0, 0.0)	(13.0, 0.0)	(14.0, 1.3779943127418723e-05)	(15.0, 2.7559886254837447e-05)	(16.0, 1.3779943127418723e-05)	(17.0, 0.0)	(18.0, 0.0)	(19.0, 0.0)	(20.0, 0.0)	(21.0, 0.0)	(22.0, 0.0)	(23.0, 0.0)	(24.0, 0.0)	(25.0, 0.0)	(26.0, 1.3779943127418723e-05)	(27.0, 2.7559886254837447e-05)	(28.0, 9.645960189193106e-05)	(29.0, 0.00033071863505804936)	(30.0, 0.0026319691373369765)	(31.0, 0.012264149383402664)	(32.0, 0.029985156245263146)	(33.0, 0.040747291827777164)	(34.0, 0.040457913022101374)	(35.0, 0.056470206936161935)	(36.0, 0.08126032462238822)	(37.0, 0.10306019464996463)	(38.0, 0.12527346297136363)	(39.0, 0.15422512348207035)	(40.0, 0.20270296340432944)	(41.0, 0.25299975581940776)	(42.0, 0.2976743314384993)	(43.0, 0.37558612988092477)	(44.0, 0.4978693451936385)	(45.0, 0.594108467995531)	(46.0, 0.6507440342492219)	(47.0, 0.7037279155741469)	(48.0, 0.7597158245008492)	(49.0, 0.822042507266164)	(50.0, 0.9173583738785194)	(51.0, 1.0668018570953754)	(52.0, 1.3099489535786788)	(53.0, 1.6214859078033612)	(54.0, 2.0033970315797713)	(55.0, 2.5357437944782113)	(56.0, 3.166520691135803)	(57.0, 3.822721582863483)	(58.0, 4.5470229535268665)	(59.0, 5.351840531883757)	(60.0, 6.093890469295255)	(61.0, 6.684305912532638)	(62.0, 7.109141559150957)	(63.0, 7.24583859497495)	(64.0, 7.109389598127251)	(65.0, 6.744648283487605)	(66.0, 6.128174967796273)	(67.0, 5.303431591677135)	(68.0, 4.33223497999979)	(69.0, 3.384905229819136)	(70.0, 2.5291294217770504)	(71.0, 1.7903866707161327)	(72.0, 1.2242377073261344)	(73.0, 0.811872909238129)	(74.0, 0.5223425241879341)	(75.0, 0.3211002347551111)	(76.0, 0.1920097275374525)	(77.0, 0.11401524943626253)	(78.0, 0.06821071848072269)	(79.0, 0.04890501815920905)	(80.0, 0.03953465683256432)	(81.0, 0.023288103885337644)	(82.0, 0.009163662179733452)	(83.0, 0.005029679241507835)	(84.0, 0.003100487203669213)	(85.0, 0.002108331298495065)	(86.0, 0.0012677547677225228)	(87.0, 0.0006476573269886801)	(88.0, 0.0003582785213128868)	(89.0, 0.00028937880567579324)	(90.0, 0.00022047909003869957)	(91.0, 0.00027559886254837447)	(92.0, 0.00045473812320481787)	(93.0, 0.000799236701390286)	(94.0, 0.001253974824595104)	(95.0, 0.0014331140852515472)	(96.0, 0.0012815347108499414)	(97.0, 0.0011023954501934979)	(98.0, 0.0011299553364483353)	(99.0, 0.0013504344264870349)	(100.0, 0.0008267965876451235)
IDDLNTM97_R2	(0.0, 0.0)	(1.0, 0.0)	(2.0, 0.0)	(3.0, 0.0)	(4.0, 0.0)	(5.0, 0.0)	(6.0, 0.0)	(7.0, 0.0)	(8.0, 0.0)	(9.0, 0.0)	(10.0, 0.0)	(11.0, 0.0)	(12.0, 0.0)	(13.0, 0.0)	(14.0, 0.0)	(15.0, 1.3791206919544996e-05)	(16.0, 1.3791206919544996e-05)	(17.0, 0.0)	(18.0, 0.0)	(19.0, 0.0)	(20.0, 0.0)	(21.0, 0.0)	(22.0, 1.3791206919544996e-05)	(23.0, 2.758241383908999e-05)	(24.0, 6.895603459772498e-05)	(25.0, 0.00011032965535635997)	(26.0, 0.00017928568995408494)	(27.0, 0.00033098896606907987)	(28.0, 0.00042752741450589486)	(29.0, 0.0005378570698622547)	(30.0, 0.002965109487702174)	(31.0, 0.012798240021337755)	(32.0, 0.032395545054011196)	(33.0, 0.04344230179656673)	(34.0, 0.04137362075863499)	(35.0, 0.057316255957629)	(36.0, 0.08123020875612003)	(37.0, 0.10383399689725427)	(38.0, 0.13216113590999967)	(39.0, 0.16601854889748266)	(40.0, 0.2175011243281441)	(41.0, 0.2705696885545532)	(42.0, 0.32623099968183683)	(43.0, 0.4187148332843056)	(44.0, 0.5541169028203984)	(45.0, 0.6742658975034743)	(46.0, 0.7606402264405846)	(47.0, 0.8611643336771481)	(48.0, 0.9888433273382957)	(49.0, 1.1561030848585374)	(50.0, 1.420535686333893)	(51.0, 1.7949117893718618)	(52.0, 2.2767213943130855)	(53.0, 2.82096379297909)	(54.0, 3.3854378921960664)	(55.0, 3.9679095164430493)	(56.0, 4.489686039037114)	(57.0, 4.916123948196365)	(58.0, 5.265317307399245)	(59.0, 5.561193860651162)	(60.0, 5.82952937368475)	(61.0, 6.014069513475182)	(62.0, 6.079550163929181)	(63.0, 5.990417593608162)	(64.0, 5.735114771113545)	(65.0, 5.372364655508753)	(66.0, 4.8554012641296085)	(67.0, 4.19547822182246)	(68.0, 3.467495573367359)	(69.0, 2.7441053968164653)	(70.0, 2.11017877955266)	(71.0, 1.5690118200297147)	(72.0, 1.1107575965070735)	(73.0, 0.7557305567772266)	(74.0, 0.498083229106287)	(75.0, 0.3096539689645438)	(76.0, 0.18397470030673024)	(77.0, 0.11017795208024496)	(78.0, 0.06466696924574648)	(79.0, 0.03719488506201285)	(80.0, 0.021941810208996087)	(81.0, 0.01275686640057912)	(82.0, 0.007378295701956572)	(83.0, 0.004068406041265774)	(84.0, 0.0023169227624835593)	(85.0, 0.0014480767265522246)	(86.0, 0.0011584613812417796)	(87.0, 0.0011446701743222346)	(88.0, 0.0010205493120463297)	(89.0, 0.0009515932774486046)	(90.0, 0.0008274724151726997)	(91.0, 0.0007723075874945198)	(92.0, 0.0007998900013336097)	(93.0, 0.0007585163805749747)	(94.0, 0.0010757141397245095)	(95.0, 0.0012412086227590496)	(96.0, 0.0011860437950808695)	(97.0, 0.002110054658690384)	(98.0, 0.0034891753506448835)	(99.0, 0.009267691049934237)	(100.0, 0.08911877911409975)
IDDLNTM99_R1	(0.0, 0.0)	(1.0, 0.0)	(2.0, 0.0)	(3.0, 0.0)	(4.0, 0.0)	(5.0, 0.0)	(6.0, 0.0)	(7.0, 0.0)	(8.0, 0.0)	(9.0, 0.0)	(10.0, 0.0)	(11.0, 0.0)	(12.0, 0.0)	(13.0, 0.0)	(14.0, 1.069810368623489e-05)	(15.0, 1.069810368623489e-05)	(16.0, 0.0)	(17.0, 0.0)	(18.0, 0.0)	(19.0, 0.0)	(20.0, 0.0)	(21.0, 0.0)	(22.0, 0.0)	(23.0, 0.0)	(24.0, 0.0)	(25.0, 0.0)	(26.0, 0.0)	(27.0, 0.0)	(28.0, 0.0)	(29.0, 0.0)	(30.0, 0.0)	(31.0, 3.209431105870467e-05)	(32.0, 0.0002032639700384629)	(33.0, 0.0003744336290182211)	(34.0, 0.00047071656219433507)	(35.0, 0.0009093388133299655)	(36.0, 0.001155395198113368)	(37.0, 0.0011446970944271333)	(38.0, 0.00192565866352228)	(39.0, 0.003241525416929171)	(40.0, 0.005498825294724733)	(41.0, 0.008911520370633662)	(42.0, 0.014421043769044632)	(43.0, 0.02264788550375926)	(44.0, 0.03510047819453667)	(45.0, 0.05255978341047201)	(46.0, 0.07669470532661792)	(47.0, 0.11206263611331045)	(48.0, 0.159455235443331)	(49.0, 0.22858638146378085)	(50.0, 0.33442272123170264)	(51.0, 0.48897822518673806)	(52.0, 0.7109317823650534)	(53.0, 1.0179994524710534)	(54.0, 1.432401196861048)	(55.0, 1.9553031088368371)	(56.0, 2.600602025086839)	(57.0, 3.354187146848911)	(58.0, 4.1696073079174205)	(59.0, 5.003535188363116)	(60.0, 5.7931729195478)	(61.0, 6.481820551934425)	(62.0, 6.998068243417377)	(63.0, 7.299883144613435)	(64.0, 7.346163141160088)	(65.0, 7.173367370420021)	(66.0, 6.781196285490022)	(67.0, 6.194876014862234)	(68.0, 5.480371065865977)	(69.0, 4.66656631845409)	(70.0, 3.824539973517914)	(71.0, 3.0127785639100972)	(72.0, 2.283959552181659)	(73.0, 1.6645500468523449)	(74.0, 1.1549672739659187)	(75.0, 0.7598435124185192)	(76.0, 0.49306490079487986)	(77.0, 0.3171131894673746)	(78.0, 0.19669533437511466)	(79.0, 0.11552882170765057)	(80.0, 0.06616777129936278)	(81.0, 0.03842758844095572)	(82.0, 0.021631565653566946)	(83.0, 0.013265648570931262)	(84.0, 0.008173351216283455)	(85.0, 0.0037550343938684465)	(86.0, 0.001861470041404871)	(87.0, 0.0009949236428198447)	(88.0, 0.0005456032879979794)	(89.0, 0.00042792414744939557)	(90.0, 0.00038513173270445606)	(91.0, 0.00035303742164575136)	(92.0, 0.0006097919101153887)	(93.0, 0.001059112264937254)	(94.0, 0.0015191307234453542)	(95.0, 0.0018079795229736964)	(96.0, 0.0017865833156012266)	(97.0, 0.0015619231381902936)	(98.0, 0.0014977345160728844)	(99.0, 0.00146564020501418)	(100.0, 0.0007916596727813817)
IDDLNTM99_R2	(0.0, 0.0)	(1.0, 1.0705928589957476e-05)	(2.0, 1.0705928589957476e-05)	(3.0, 0.0)	(4.0, 0.0)	(5.0, 0.0)	(6.0, 0.0)	(7.0, 0.0)	(8.0, 1.0705928589957476e-05)	(9.0, 1.0705928589957476e-05)	(10.0, 0.0)	(11.0, 0.0)	(12.0, 0.0)	(13.0, 0.0)	(14.0, 0.0)	(15.0, 0.0)	(16.0, 0.0)	(17.0, 0.0)	(18.0, 0.0)	(19.0, 1.0705928589957476e-05)	(20.0, 1.0705928589957476e-05)	(21.0, 0.0)	(22.0, 0.0)	(23.0, 0.0)	(24.0, 1.0705928589957476e-05)	(25.0, 1.0705928589957476e-05)	(26.0, 0.0)	(27.0, 0.0)	(28.0, 0.0)	(29.0, 1.0705928589957476e-05)	(30.0, 1.0705928589957476e-05)	(31.0, 6.423557153974485e-05)	(32.0, 0.0002569422861589794)	(33.0, 0.000428237143598299)	(34.0, 0.0005888260724476611)	(35.0, 0.0011455343591254498)	(36.0, 0.0012740055022049395)	(37.0, 0.0016165952170835787)	(38.0, 0.0029655422194182204)	(39.0, 0.005181669437539418)	(40.0, 0.008307800585807)	(41.0, 0.01259017202178999)	(42.0, 0.019752438248471543)	(43.0, 0.030062247480600587)	(44.0, 0.044954194149231436)	(45.0, 0.06361462768152731)	(46.0, 0.08847379386740857)	(47.0, 0.12407100642901718)	(48.0, 0.16714095714641608)	(49.0, 0.22774721889416535)	(50.0, 0.318972436409193)	(51.0, 0.4559119690033391)	(52.0, 0.6580506067103261)	(53.0, 0.9377001674086054)	(54.0, 1.3284558550134633)	(55.0, 1.8538707124228064)	(56.0, 2.5288259803766753)	(57.0, 3.3401212489236527)	(58.0, 4.218671160872743)	(59.0, 5.089052449307696)	(60.0, 5.894555810487506)	(61.0, 6.576116636381379)	(62.0, 7.046909846124759)	(63.0, 7.29869187470338)	(64.0, 7.324996341248904)	(65.0, 7.130662325483997)	(66.0, 6.755216115762777)	(67.0, 6.185136124276132)	(68.0, 5.471960691256115)	(69.0, 4.666896273148493)	(70.0, 3.8225625089729065)	(71.0, 3.0144361952885563)	(72.0, 2.2852339871693728)	(73.0, 1.6720519271795586)	(74.0, 1.1662075072326579)	(75.0, 0.7620801148189429)	(76.0, 0.48738739905781403)	(77.0, 0.31224911325469973)	(78.0, 0.1929208331910337)	(79.0, 0.11621285484398838)	(80.0, 0.068978297905096)	(81.0, 0.040960882785177295)	(82.0, 0.02388492668419513)	(83.0, 0.014806299239911188)	(84.0, 0.009207098587363427)	(85.0, 0.00525661093766912)	(86.0, 0.0033295437914767747)	(87.0, 0.0021304797894015374)	(88.0, 0.0016165952170835787)	(89.0, 0.0017450663601630684)	(90.0, 0.0018628315746526006)	(91.0, 0.0016808307886233235)	(92.0, 0.0015202418597739613)	(93.0, 0.0016380070742634937)	(94.0, 0.0017664782173429834)	(95.0, 0.0018842434318325158)	(96.0, 0.0023767161469705595)	(97.0, 0.003447309005966307)	(98.0, 0.005235199080489205)	(99.0, 0.01204416966370216)	(100.0, 0.08216800192792362)
